solid OpenSCAD_Model
  facet normal 1 -0 0
    outer loop
      vertex 75.9 74.3 5
      vertex 75.9 111.7 3
      vertex 75.9 111.7 5
    endloop
  endfacet
  facet normal 1 0 0
    outer loop
      vertex 75.9 111.7 3
      vertex 75.9 74.3 5
      vertex 75.9 74.3 3
    endloop
  endfacet
  facet normal 0 0 1
    outer loop
      vertex 75.9 111.7 5
      vertex 74.7 110.5 5
      vertex 75.9 74.3 5
    endloop
  endfacet
  facet normal 0 0 1
    outer loop
      vertex 75.9 111.7 5
      vertex 23.7 110.5 5
      vertex 74.7 110.5 5
    endloop
  endfacet
  facet normal 0 0 1
    outer loop
      vertex 23.7 110.5 5
      vertex 22.5 111.7 5
      vertex 23.7 75.5 5
    endloop
  endfacet
  facet normal -0 0 1
    outer loop
      vertex 22.5 111.7 5
      vertex 23.7 110.5 5
      vertex 75.9 111.7 5
    endloop
  endfacet
  facet normal -0 0 1
    outer loop
      vertex 74.7 75.5 5
      vertex 75.9 74.3 5
      vertex 74.7 110.5 5
    endloop
  endfacet
  facet normal -0 0 1
    outer loop
      vertex 23.7 75.5 5
      vertex 75.9 74.3 5
      vertex 74.7 75.5 5
    endloop
  endfacet
  facet normal 0 0 1
    outer loop
      vertex 23.7 75.5 5
      vertex 22.5 74.3 5
      vertex 75.9 74.3 5
    endloop
  endfacet
  facet normal 0 0 1
    outer loop
      vertex 22.5 74.3 5
      vertex 23.7 75.5 5
      vertex 22.5 111.7 5
    endloop
  endfacet
  facet normal -0 0 1
    outer loop
      vertex 23.7 110.5 3
      vertex 74.7 75.5 3
      vertex 74.7 110.5 3
    endloop
  endfacet
  facet normal 0 0 1
    outer loop
      vertex 74.7 75.5 3
      vertex 23.7 110.5 3
      vertex 23.7 75.5 3
    endloop
  endfacet
  facet normal -0 0 1
    outer loop
      vertex 32.9 36.3 3
      vertex 65.5 15.7 3
      vertex 65.5 36.3 3
    endloop
  endfacet
  facet normal 0 0 1
    outer loop
      vertex 65.5 15.7 3
      vertex 32.9 36.3 3
      vertex 32.9 15.7 3
    endloop
  endfacet
  facet normal 0 0 1
    outer loop
      vertex 7.07059 139.249 3
      vertex 13.5 142.1 3
      vertex 7.14207 139.46 3
    endloop
  endfacet
  facet normal 0 0 1
    outer loop
      vertex 13.5 115.9 3
      vertex 7.18546 5.72189 3
      vertex 7.2 5.5 3
    endloop
  endfacet
  facet normal 0 0 1
    outer loop
      vertex 6.97224 139.05 3
      vertex 13.5 142.1 3
      vertex 7.07059 139.249 3
    endloop
  endfacet
  facet normal 0 0 1
    outer loop
      vertex 13.5 115.9 3
      vertex 7.14207 5.93999 3
      vertex 7.18546 5.72189 3
    endloop
  endfacet
  facet normal 0 0 1
    outer loop
      vertex 6.8487 138.865 3
      vertex 13.5 142.1 3
      vertex 6.97224 139.05 3
    endloop
  endfacet
  facet normal 0 0 1
    outer loop
      vertex 13.5 115.9 3
      vertex 7.07059 6.15056 3
      vertex 7.14207 5.93999 3
    endloop
  endfacet
  facet normal 0 0 1
    outer loop
      vertex 6.70208 138.698 3
      vertex 13.5 142.1 3
      vertex 6.8487 138.865 3
    endloop
  endfacet
  facet normal 0 0 1
    outer loop
      vertex 13.5 115.9 3
      vertex 6.97224 6.35 3
      vertex 7.07059 6.15056 3
    endloop
  endfacet
  facet normal 0 0 1
    outer loop
      vertex 13.5 142.1 3
      vertex 6.70208 138.698 3
      vertex 13.5 115.9 3
    endloop
  endfacet
  facet normal 0 0 1
    outer loop
      vertex 13.5 115.9 3
      vertex 6.8487 6.53489 3
      vertex 6.97224 6.35 3
    endloop
  endfacet
  facet normal -0 0 1
    outer loop
      vertex 6.53489 138.551 3
      vertex 13.5 115.9 3
      vertex 6.70208 138.698 3
    endloop
  endfacet
  facet normal 0 0 1
    outer loop
      vertex 13.5 115.9 3
      vertex 6.70208 6.70208 3
      vertex 6.8487 6.53489 3
    endloop
  endfacet
  facet normal -0 0 1
    outer loop
      vertex 6.35 138.428 3
      vertex 13.5 115.9 3
      vertex 6.53489 138.551 3
    endloop
  endfacet
  facet normal 0 0 1
    outer loop
      vertex 13.5 115.9 3
      vertex 6.53489 6.8487 3
      vertex 6.70208 6.70208 3
    endloop
  endfacet
  facet normal -0 0 1
    outer loop
      vertex 6.15056 138.329 3
      vertex 13.5 115.9 3
      vertex 6.35 138.428 3
    endloop
  endfacet
  facet normal 0 0 1
    outer loop
      vertex 13.5 115.9 3
      vertex 6.35 6.97224 3
      vertex 6.53489 6.8487 3
    endloop
  endfacet
  facet normal -0 0 1
    outer loop
      vertex 5.93999 138.258 3
      vertex 13.5 115.9 3
      vertex 6.15056 138.329 3
    endloop
  endfacet
  facet normal 0 0 1
    outer loop
      vertex 13.5 115.9 3
      vertex 6.15056 7.07059 3
      vertex 6.35 6.97224 3
    endloop
  endfacet
  facet normal -0 0 1
    outer loop
      vertex 5.72189 138.215 3
      vertex 13.5 115.9 3
      vertex 5.93999 138.258 3
    endloop
  endfacet
  facet normal 0 0 1
    outer loop
      vertex 13.5 115.9 3
      vertex 5.93999 7.14207 3
      vertex 6.15056 7.07059 3
    endloop
  endfacet
  facet normal -0 0 1
    outer loop
      vertex 5.5 138.2 3
      vertex 13.5 115.9 3
      vertex 5.72189 138.215 3
    endloop
  endfacet
  facet normal 0 0 1
    outer loop
      vertex 13.5 115.9 3
      vertex 5.72189 7.18546 3
      vertex 5.93999 7.14207 3
    endloop
  endfacet
  facet normal 0 0 1
    outer loop
      vertex 5.27811 138.215 3
      vertex 13.5 115.9 3
      vertex 5.5 138.2 3
    endloop
  endfacet
  facet normal 0 0 1
    outer loop
      vertex 13.5 115.9 3
      vertex 5.5 7.2 3
      vertex 5.72189 7.18546 3
    endloop
  endfacet
  facet normal 0 0 1
    outer loop
      vertex 5.06001 138.258 3
      vertex 13.5 115.9 3
      vertex 5.27811 138.215 3
    endloop
  endfacet
  facet normal 0 0 1
    outer loop
      vertex 13.5 115.9 3
      vertex 5.27811 7.18546 3
      vertex 5.5 7.2 3
    endloop
  endfacet
  facet normal 0 0 1
    outer loop
      vertex 4.84944 138.329 3
      vertex 13.5 115.9 3
      vertex 5.06001 138.258 3
    endloop
  endfacet
  facet normal 0 0 1
    outer loop
      vertex 13.5 115.9 3
      vertex 5.06001 7.14207 3
      vertex 5.27811 7.18546 3
    endloop
  endfacet
  facet normal 0 0 1
    outer loop
      vertex 4.65 138.428 3
      vertex 13.5 115.9 3
      vertex 4.84944 138.329 3
    endloop
  endfacet
  facet normal 0 0 1
    outer loop
      vertex 13.5 115.9 3
      vertex 4.84944 7.07059 3
      vertex 5.06001 7.14207 3
    endloop
  endfacet
  facet normal 0 0 1
    outer loop
      vertex 4.46511 138.551 3
      vertex 13.5 115.9 3
      vertex 4.65 138.428 3
    endloop
  endfacet
  facet normal 0 0 1
    outer loop
      vertex 13.5 115.9 3
      vertex 4.65 6.97224 3
      vertex 4.84944 7.07059 3
    endloop
  endfacet
  facet normal 0 0 1
    outer loop
      vertex 4.29792 138.698 3
      vertex 13.5 115.9 3
      vertex 4.46511 138.551 3
    endloop
  endfacet
  facet normal 0 0 1
    outer loop
      vertex 13.5 115.9 3
      vertex 4.46511 6.8487 3
      vertex 4.65 6.97224 3
    endloop
  endfacet
  facet normal 0 0 1
    outer loop
      vertex 0 142.4 3
      vertex 13.5 115.9 3
      vertex 4.29792 138.698 3
    endloop
  endfacet
  facet normal 0 0 1
    outer loop
      vertex 13.5 115.9 3
      vertex 4.29792 6.70208 3
      vertex 4.46511 6.8487 3
    endloop
  endfacet
  facet normal 0 0 1
    outer loop
      vertex 0 142.4 3
      vertex 4.29792 138.698 3
      vertex 4.1513 138.865 3
    endloop
  endfacet
  facet normal 0 0 1
    outer loop
      vertex 0 3 3
      vertex 13.5 115.9 3
      vertex 0 142.4 3
    endloop
  endfacet
  facet normal 0 0 1
    outer loop
      vertex 0 142.4 3
      vertex 4.1513 138.865 3
      vertex 4.02776 139.05 3
    endloop
  endfacet
  facet normal 0 0 1
    outer loop
      vertex 13.5 115.9 3
      vertex 0 3 3
      vertex 4.29792 6.70208 3
    endloop
  endfacet
  facet normal 0 0 1
    outer loop
      vertex 0 142.4 3
      vertex 4.02776 139.05 3
      vertex 3.92941 139.249 3
    endloop
  endfacet
  facet normal 0 0 1
    outer loop
      vertex 4.29792 6.70208 3
      vertex 0 3 3
      vertex 4.1513 6.53489 3
    endloop
  endfacet
  facet normal 0 0 1
    outer loop
      vertex 0 142.4 3
      vertex 3.92941 139.249 3
      vertex 3.85793 139.46 3
    endloop
  endfacet
  facet normal 0 0 1
    outer loop
      vertex 4.1513 6.53489 3
      vertex 0 3 3
      vertex 4.02776 6.35 3
    endloop
  endfacet
  facet normal 0 0 1
    outer loop
      vertex 0 142.4 3
      vertex 3.85793 139.46 3
      vertex 3.81454 139.678 3
    endloop
  endfacet
  facet normal 0 0 1
    outer loop
      vertex 4.02776 6.35 3
      vertex 0 3 3
      vertex 3.92941 6.15056 3
    endloop
  endfacet
  facet normal 0 0 1
    outer loop
      vertex 0 142.4 3
      vertex 3.81454 139.678 3
      vertex 3.8 139.9 3
    endloop
  endfacet
  facet normal 0 0 1
    outer loop
      vertex 3.92941 6.15056 3
      vertex 0 3 3
      vertex 3.85793 5.93999 3
    endloop
  endfacet
  facet normal 0 0 1
    outer loop
      vertex 33.5 117.1 3
      vertex 16.5 143.1 3
      vertex 16.5 117.1 3
    endloop
  endfacet
  facet normal 0 0 1
    outer loop
      vertex 15 117.1 3
      vertex 14.7 142.1 3
      vertex 14.7 117.1 3
    endloop
  endfacet
  facet normal 0 0 1
    outer loop
      vertex 75.9 74.3 3
      vertex 31.7 37.5 3
      vertex 66.7 37.5 3
    endloop
  endfacet
  facet normal 0 0 1
    outer loop
      vertex 7.2 5.5 3
      vertex 31.7 37.5 3
      vertex 22.5 74.3 3
    endloop
  endfacet
  facet normal -0 0 1
    outer loop
      vertex 22.5 74.3 3
      vertex 31.7 37.5 3
      vertex 75.9 74.3 3
    endloop
  endfacet
  facet normal 0 0 1
    outer loop
      vertex 94.4706 139.249 3
      vertex 98.4 142.4 3
      vertex 94.5421 139.46 3
    endloop
  endfacet
  facet normal 0 0 1
    outer loop
      vertex 98.4 3 3
      vertex 94.5855 5.72189 3
      vertex 94.6 5.5 3
    endloop
  endfacet
  facet normal 0 0 1
    outer loop
      vertex 94.3722 139.05 3
      vertex 98.4 142.4 3
      vertex 94.4706 139.249 3
    endloop
  endfacet
  facet normal 0 0 1
    outer loop
      vertex 98.4 3 3
      vertex 94.5421 5.93999 3
      vertex 94.5855 5.72189 3
    endloop
  endfacet
  facet normal 0 0 1
    outer loop
      vertex 94.2487 138.865 3
      vertex 98.4 142.4 3
      vertex 94.3722 139.05 3
    endloop
  endfacet
  facet normal 0 0 1
    outer loop
      vertex 98.4 3 3
      vertex 94.4706 6.15056 3
      vertex 94.5421 5.93999 3
    endloop
  endfacet
  facet normal 0 0 1
    outer loop
      vertex 98.4 142.4 3
      vertex 75.9 74.3 3
      vertex 98.4 3 3
    endloop
  endfacet
  facet normal 0 0 1
    outer loop
      vertex 98.4 3 3
      vertex 94.3722 6.35 3
      vertex 94.4706 6.15056 3
    endloop
  endfacet
  facet normal 0 0 1
    outer loop
      vertex 94.1021 138.698 3
      vertex 98.4 142.4 3
      vertex 94.2487 138.865 3
    endloop
  endfacet
  facet normal -0 -0 1
    outer loop
      vertex 94.1021 6.70208 3
      vertex 98.4 3 3
      vertex 75.9 74.3 3
    endloop
  endfacet
  facet normal 0 0 1
    outer loop
      vertex 98.4 142.4 3
      vertex 94.1021 138.698 3
      vertex 75.9 74.3 3
    endloop
  endfacet
  facet normal 0 0 1
    outer loop
      vertex 98.4 3 3
      vertex 94.2487 6.53489 3
      vertex 94.3722 6.35 3
    endloop
  endfacet
  facet normal 0 0 1
    outer loop
      vertex 75.9 74.3 3
      vertex 94.1021 138.698 3
      vertex 93.9349 138.551 3
    endloop
  endfacet
  facet normal 0 0 1
    outer loop
      vertex 98.4 3 3
      vertex 94.1021 6.70208 3
      vertex 94.2487 6.53489 3
    endloop
  endfacet
  facet normal 0 0 1
    outer loop
      vertex 75.9 111.7 3
      vertex 93.9349 138.551 3
      vertex 93.75 138.428 3
    endloop
  endfacet
  facet normal 0 0 1
    outer loop
      vertex 94.1021 6.70208 3
      vertex 75.9 74.3 3
      vertex 93.9349 6.8487 3
    endloop
  endfacet
  facet normal 0 0 1
    outer loop
      vertex 75.9 111.7 3
      vertex 93.75 138.428 3
      vertex 93.5506 138.329 3
    endloop
  endfacet
  facet normal 0 0 1
    outer loop
      vertex 93.9349 6.8487 3
      vertex 75.9 74.3 3
      vertex 93.75 6.97224 3
    endloop
  endfacet
  facet normal 0 0 1
    outer loop
      vertex 75.9 111.7 3
      vertex 93.5506 138.329 3
      vertex 93.34 138.258 3
    endloop
  endfacet
  facet normal 0 0 1
    outer loop
      vertex 93.75 6.97224 3
      vertex 75.9 74.3 3
      vertex 93.5506 7.07059 3
    endloop
  endfacet
  facet normal 0 0 1
    outer loop
      vertex 75.9 111.7 3
      vertex 93.34 138.258 3
      vertex 93.1219 138.215 3
    endloop
  endfacet
  facet normal -0 0 1
    outer loop
      vertex 66.7 37.5 3
      vertex 93.5506 7.07059 3
      vertex 75.9 74.3 3
    endloop
  endfacet
  facet normal 0 0 1
    outer loop
      vertex 75.9 111.7 3
      vertex 93.1219 138.215 3
      vertex 92.9 138.2 3
    endloop
  endfacet
  facet normal 0 0 1
    outer loop
      vertex 93.5506 7.07059 3
      vertex 66.7 37.5 3
      vertex 93.34 7.14207 3
    endloop
  endfacet
  facet normal 0 0 1
    outer loop
      vertex 75.9 111.7 3
      vertex 92.9 138.2 3
      vertex 92.6781 138.215 3
    endloop
  endfacet
  facet normal 0 0 1
    outer loop
      vertex 93.34 7.14207 3
      vertex 66.7 37.5 3
      vertex 93.1219 7.18546 3
    endloop
  endfacet
  facet normal 0 0 1
    outer loop
      vertex 75.9 111.7 3
      vertex 92.6781 138.215 3
      vertex 92.46 138.258 3
    endloop
  endfacet
  facet normal 0 0 1
    outer loop
      vertex 93.1219 7.18546 3
      vertex 66.7 37.5 3
      vertex 92.9 7.2 3
    endloop
  endfacet
  facet normal 0 0 1
    outer loop
      vertex 75.9 111.7 3
      vertex 92.46 138.258 3
      vertex 92.2494 138.329 3
    endloop
  endfacet
  facet normal 0 0 1
    outer loop
      vertex 92.9 7.2 3
      vertex 66.7 37.5 3
      vertex 92.6781 7.18546 3
    endloop
  endfacet
  facet normal 0 0 1
    outer loop
      vertex 75.9 111.7 3
      vertex 92.2494 138.329 3
      vertex 92.05 138.428 3
    endloop
  endfacet
  facet normal 0 0 1
    outer loop
      vertex 92.6781 7.18546 3
      vertex 66.7 37.5 3
      vertex 92.46 7.14207 3
    endloop
  endfacet
  facet normal 0 0 1
    outer loop
      vertex 75.9 111.7 3
      vertex 92.05 138.428 3
      vertex 91.8651 138.551 3
    endloop
  endfacet
  facet normal 0 0 1
    outer loop
      vertex 92.46 7.14207 3
      vertex 66.7 37.5 3
      vertex 92.2494 7.07059 3
    endloop
  endfacet
  facet normal 0 0 1
    outer loop
      vertex 75.9 111.7 3
      vertex 91.8651 138.551 3
      vertex 91.6979 138.698 3
    endloop
  endfacet
  facet normal -0 0 1
    outer loop
      vertex 66.7 14.5 3
      vertex 92.2494 7.07059 3
      vertex 66.7 37.5 3
    endloop
  endfacet
  facet normal 0 0 1
    outer loop
      vertex 75.9 111.7 3
      vertex 91.6979 138.698 3
      vertex 91.5513 138.865 3
    endloop
  endfacet
  facet normal 0 0 1
    outer loop
      vertex 92.2494 7.07059 3
      vertex 66.7 14.5 3
      vertex 92.05 6.97224 3
    endloop
  endfacet
  facet normal 0 0 1
    outer loop
      vertex 75.9 111.7 3
      vertex 91.5513 138.865 3
      vertex 91.4278 139.05 3
    endloop
  endfacet
  facet normal 0 0 1
    outer loop
      vertex 92.05 6.97224 3
      vertex 66.7 14.5 3
      vertex 91.8651 6.8487 3
    endloop
  endfacet
  facet normal 0 0 1
    outer loop
      vertex 75.9 111.7 3
      vertex 91.4278 139.05 3
      vertex 91.3294 139.249 3
    endloop
  endfacet
  facet normal 0 0 1
    outer loop
      vertex 91.8651 6.8487 3
      vertex 66.7 14.5 3
      vertex 91.6979 6.70208 3
    endloop
  endfacet
  facet normal 0 0 1
    outer loop
      vertex 75.9 111.7 3
      vertex 91.3294 139.249 3
      vertex 91.2579 139.46 3
    endloop
  endfacet
  facet normal 0 0 1
    outer loop
      vertex 91.6979 6.70208 3
      vertex 66.7 14.5 3
      vertex 91.5513 6.53489 3
    endloop
  endfacet
  facet normal 0 0 1
    outer loop
      vertex 75.9 111.7 3
      vertex 91.2579 139.46 3
      vertex 91.2145 139.678 3
    endloop
  endfacet
  facet normal 0 0 1
    outer loop
      vertex 91.5513 6.53489 3
      vertex 66.7 14.5 3
      vertex 91.4278 6.35 3
    endloop
  endfacet
  facet normal 0 0 1
    outer loop
      vertex 36.5 142.1 3
      vertex 91.2145 139.678 3
      vertex 91.2 139.9 3
    endloop
  endfacet
  facet normal 0 0 1
    outer loop
      vertex 91.4278 6.35 3
      vertex 66.7 14.5 3
      vertex 91.3294 6.15056 3
    endloop
  endfacet
  facet normal 0 0 1
    outer loop
      vertex 94.2487 140.935 3
      vertex 98.4 142.4 3
      vertex 98.3743 142.792 3
    endloop
  endfacet
  facet normal 0 0 1
    outer loop
      vertex 94.5855 139.678 3
      vertex 98.4 142.4 3
      vertex 94.6 139.9 3
    endloop
  endfacet
  facet normal 0 0 1
    outer loop
      vertex 94.2487 140.935 3
      vertex 98.3743 142.792 3
      vertex 98.2978 143.176 3
    endloop
  endfacet
  facet normal 0 0 1
    outer loop
      vertex 94.5421 139.46 3
      vertex 98.4 142.4 3
      vertex 94.5855 139.678 3
    endloop
  endfacet
  facet normal 0 0 1
    outer loop
      vertex 94.2487 140.935 3
      vertex 98.2978 143.176 3
      vertex 98.1716 143.548 3
    endloop
  endfacet
  facet normal -0 0 1
    outer loop
      vertex 94.5855 5.27811 3
      vertex 98.4 3 3
      vertex 94.6 5.5 3
    endloop
  endfacet
  facet normal 0 0 1
    outer loop
      vertex 94.1021 141.102 3
      vertex 98.1716 143.548 3
      vertex 97.9981 143.9 3
    endloop
  endfacet
  facet normal -0 0 1
    outer loop
      vertex 94.5421 5.06001 3
      vertex 98.4 3 3
      vertex 94.5855 5.27811 3
    endloop
  endfacet
  facet normal 0 0 1
    outer loop
      vertex 94.1021 141.102 3
      vertex 97.9981 143.9 3
      vertex 97.7801 144.226 3
    endloop
  endfacet
  facet normal -0 0 1
    outer loop
      vertex 94.4706 4.84944 3
      vertex 98.4 3 3
      vertex 94.5421 5.06001 3
    endloop
  endfacet
  facet normal 0 0 1
    outer loop
      vertex 94.1021 141.102 3
      vertex 97.7801 144.226 3
      vertex 97.5213 144.521 3
    endloop
  endfacet
  facet normal -0 0 1
    outer loop
      vertex 94.3722 4.65 3
      vertex 98.4 3 3
      vertex 94.4706 4.84944 3
    endloop
  endfacet
  facet normal 0 0 1
    outer loop
      vertex 94.1021 141.102 3
      vertex 97.5213 144.521 3
      vertex 97.2263 144.78 3
    endloop
  endfacet
  facet normal -0 0 1
    outer loop
      vertex 94.2487 4.46511 3
      vertex 98.4 3 3
      vertex 94.3722 4.65 3
    endloop
  endfacet
  facet normal 0 0 1
    outer loop
      vertex 94.1021 141.102 3
      vertex 97.2263 144.78 3
      vertex 96.9 144.998 3
    endloop
  endfacet
  facet normal 0 0 1
    outer loop
      vertex 98.4 3 3
      vertex 94.2487 4.46511 3
      vertex 98.3743 2.60843 3
    endloop
  endfacet
  facet normal 0 0 1
    outer loop
      vertex 94.1021 141.102 3
      vertex 96.9 144.998 3
      vertex 96.548 145.172 3
    endloop
  endfacet
  facet normal 0 0 1
    outer loop
      vertex 98.3743 2.60843 3
      vertex 94.2487 4.46511 3
      vertex 98.2978 2.22354 3
    endloop
  endfacet
  facet normal 0 0 1
    outer loop
      vertex 94.1021 141.102 3
      vertex 96.548 145.172 3
      vertex 96.1765 145.298 3
    endloop
  endfacet
  facet normal 0 0 1
    outer loop
      vertex 98.2978 2.22354 3
      vertex 94.2487 4.46511 3
      vertex 98.1716 1.85194 3
    endloop
  endfacet
  facet normal 0 0 1
    outer loop
      vertex 93.9349 141.249 3
      vertex 96.1765 145.298 3
      vertex 95.7916 145.374 3
    endloop
  endfacet
  facet normal -0 0 1
    outer loop
      vertex 94.1021 4.29792 3
      vertex 98.1716 1.85194 3
      vertex 94.2487 4.46511 3
    endloop
  endfacet
  facet normal 0 0 1
    outer loop
      vertex 93.9349 141.249 3
      vertex 95.7916 145.374 3
      vertex 95.4 145.4 3
    endloop
  endfacet
  facet normal 0 0 1
    outer loop
      vertex 98.1716 1.85194 3
      vertex 94.1021 4.29792 3
      vertex 97.9981 1.5 3
    endloop
  endfacet
  facet normal 0 0 1
    outer loop
      vertex 97.9981 1.5 3
      vertex 94.1021 4.29792 3
      vertex 97.7801 1.17372 3
    endloop
  endfacet
  facet normal 0 0 1
    outer loop
      vertex 98.4 142.4 3
      vertex 94.5855 140.122 3
      vertex 94.6 139.9 3
    endloop
  endfacet
  facet normal 0 0 1
    outer loop
      vertex 98.4 142.4 3
      vertex 94.5421 140.34 3
      vertex 94.5855 140.122 3
    endloop
  endfacet
  facet normal 0 0 1
    outer loop
      vertex 98.4 142.4 3
      vertex 94.4706 140.551 3
      vertex 94.5421 140.34 3
    endloop
  endfacet
  facet normal 0 0 1
    outer loop
      vertex 98.4 142.4 3
      vertex 94.3722 140.75 3
      vertex 94.4706 140.551 3
    endloop
  endfacet
  facet normal 0 0 1
    outer loop
      vertex 98.4 142.4 3
      vertex 94.2487 140.935 3
      vertex 94.3722 140.75 3
    endloop
  endfacet
  facet normal 0 0 1
    outer loop
      vertex 98.1716 143.548 3
      vertex 94.1021 141.102 3
      vertex 94.2487 140.935 3
    endloop
  endfacet
  facet normal 0 0 1
    outer loop
      vertex 96.1765 145.298 3
      vertex 93.9349 141.249 3
      vertex 94.1021 141.102 3
    endloop
  endfacet
  facet normal 0 0 1
    outer loop
      vertex 95.4 145.4 3
      vertex 93.75 141.372 3
      vertex 93.9349 141.249 3
    endloop
  endfacet
  facet normal 0 0 1
    outer loop
      vertex 95.4 145.4 3
      vertex 93.5506 141.471 3
      vertex 93.75 141.372 3
    endloop
  endfacet
  facet normal 0 0 1
    outer loop
      vertex 95.4 145.4 3
      vertex 93.34 141.542 3
      vertex 93.5506 141.471 3
    endloop
  endfacet
  facet normal 0 0 1
    outer loop
      vertex 95.4 145.4 3
      vertex 93.1219 141.585 3
      vertex 93.34 141.542 3
    endloop
  endfacet
  facet normal 0 0 1
    outer loop
      vertex 95.4 145.4 3
      vertex 92.9 141.6 3
      vertex 93.1219 141.585 3
    endloop
  endfacet
  facet normal 0 0 1
    outer loop
      vertex 95.4 145.4 3
      vertex 92.6781 141.585 3
      vertex 92.9 141.6 3
    endloop
  endfacet
  facet normal 0 0 1
    outer loop
      vertex 95.4 145.4 3
      vertex 92.46 141.542 3
      vertex 92.6781 141.585 3
    endloop
  endfacet
  facet normal 0 0 1
    outer loop
      vertex 95.4 145.4 3
      vertex 92.2494 141.471 3
      vertex 92.46 141.542 3
    endloop
  endfacet
  facet normal 0 0 1
    outer loop
      vertex 95.4 145.4 3
      vertex 92.05 141.372 3
      vertex 92.2494 141.471 3
    endloop
  endfacet
  facet normal 0 0 1
    outer loop
      vertex 95.4 145.4 3
      vertex 91.8651 141.249 3
      vertex 92.05 141.372 3
    endloop
  endfacet
  facet normal 0 0 1
    outer loop
      vertex 95.4 145.4 3
      vertex 91.6979 141.102 3
      vertex 91.8651 141.249 3
    endloop
  endfacet
  facet normal -0 0 1
    outer loop
      vertex 36.5 142.1 3
      vertex 91.6979 141.102 3
      vertex 95.4 145.4 3
    endloop
  endfacet
  facet normal 0 0 1
    outer loop
      vertex 93.9349 138.551 3
      vertex 75.9 111.7 3
      vertex 75.9 74.3 3
    endloop
  endfacet
  facet normal 0 0 1
    outer loop
      vertex 36.5 142.1 3
      vertex 91.2 139.9 3
      vertex 91.2145 140.122 3
    endloop
  endfacet
  facet normal 0 0 1
    outer loop
      vertex 36.5 142.1 3
      vertex 91.2145 140.122 3
      vertex 91.2579 140.34 3
    endloop
  endfacet
  facet normal 0 0 1
    outer loop
      vertex 36.5 142.1 3
      vertex 91.2579 140.34 3
      vertex 91.3294 140.551 3
    endloop
  endfacet
  facet normal 0 0 1
    outer loop
      vertex 36.5 142.1 3
      vertex 91.3294 140.551 3
      vertex 91.4278 140.75 3
    endloop
  endfacet
  facet normal 0 0 1
    outer loop
      vertex 91.2145 139.678 3
      vertex 36.5 142.1 3
      vertex 75.9 111.7 3
    endloop
  endfacet
  facet normal 0 0 1
    outer loop
      vertex 91.5513 140.935 3
      vertex 36.5 142.1 3
      vertex 91.4278 140.75 3
    endloop
  endfacet
  facet normal 0 0 1
    outer loop
      vertex 91.6979 141.102 3
      vertex 36.5 142.1 3
      vertex 91.5513 140.935 3
    endloop
  endfacet
  facet normal -0 0 1
    outer loop
      vertex 35 143.1 3
      vertex 36.5 142.1 3
      vertex 95.4 145.4 3
    endloop
  endfacet
  facet normal 0 0 1
    outer loop
      vertex 35 117.1 3
      vertex 35.3 142.1 3
      vertex 35 143.1 3
    endloop
  endfacet
  facet normal 0 0 1
    outer loop
      vertex 36.5 142.1 3
      vertex 35 143.1 3
      vertex 35.3 142.1 3
    endloop
  endfacet
  facet normal -0 0 1
    outer loop
      vertex 3 145.4 3
      vertex 35 143.1 3
      vertex 95.4 145.4 3
    endloop
  endfacet
  facet normal 0 0 1
    outer loop
      vertex 33.5 143.1 3
      vertex 16.5 143.1 3
      vertex 33.5 117.1 3
    endloop
  endfacet
  facet normal 0 0 1
    outer loop
      vertex 35 143.1 3
      vertex 3 145.4 3
      vertex 33.5 143.1 3
    endloop
  endfacet
  facet normal 0 0 1
    outer loop
      vertex 33.5 143.1 3
      vertex 3 145.4 3
      vertex 16.5 143.1 3
    endloop
  endfacet
  facet normal 0 0 1
    outer loop
      vertex 15 143.1 3
      vertex 14.7 142.1 3
      vertex 15 117.1 3
    endloop
  endfacet
  facet normal 0 0 1
    outer loop
      vertex 15 143.1 3
      vertex 13.5 142.1 3
      vertex 14.7 142.1 3
    endloop
  endfacet
  facet normal 0 0 1
    outer loop
      vertex 7.18546 139.678 3
      vertex 13.5 142.1 3
      vertex 7.2 139.9 3
    endloop
  endfacet
  facet normal 0 0 1
    outer loop
      vertex 3 145.4 3
      vertex 13.5 142.1 3
      vertex 15 143.1 3
    endloop
  endfacet
  facet normal 0 0 1
    outer loop
      vertex 13.5 142.1 3
      vertex 7.18546 140.122 3
      vertex 7.2 139.9 3
    endloop
  endfacet
  facet normal 0 0 1
    outer loop
      vertex 13.5 142.1 3
      vertex 7.14207 140.34 3
      vertex 7.18546 140.122 3
    endloop
  endfacet
  facet normal 0 0 1
    outer loop
      vertex 13.5 142.1 3
      vertex 7.07059 140.551 3
      vertex 7.14207 140.34 3
    endloop
  endfacet
  facet normal 0 0 1
    outer loop
      vertex 13.5 142.1 3
      vertex 6.97224 140.75 3
      vertex 7.07059 140.551 3
    endloop
  endfacet
  facet normal 0 0 1
    outer loop
      vertex 13.5 142.1 3
      vertex 6.8487 140.935 3
      vertex 6.97224 140.75 3
    endloop
  endfacet
  facet normal 0 0 1
    outer loop
      vertex 13.5 142.1 3
      vertex 6.70208 141.102 3
      vertex 6.8487 140.935 3
    endloop
  endfacet
  facet normal 0 0 1
    outer loop
      vertex 13.5 142.1 3
      vertex 6.53489 141.249 3
      vertex 6.70208 141.102 3
    endloop
  endfacet
  facet normal 0 0 1
    outer loop
      vertex 13.5 142.1 3
      vertex 6.35 141.372 3
      vertex 6.53489 141.249 3
    endloop
  endfacet
  facet normal 0 0 1
    outer loop
      vertex 13.5 142.1 3
      vertex 3 145.4 3
      vertex 6.35 141.372 3
    endloop
  endfacet
  facet normal 0 0 1
    outer loop
      vertex 6.35 141.372 3
      vertex 3 145.4 3
      vertex 6.15056 141.471 3
    endloop
  endfacet
  facet normal 0 0 1
    outer loop
      vertex 6.15056 141.471 3
      vertex 3 145.4 3
      vertex 5.93999 141.542 3
    endloop
  endfacet
  facet normal 0 0 1
    outer loop
      vertex 5.93999 141.542 3
      vertex 3 145.4 3
      vertex 5.72189 141.585 3
    endloop
  endfacet
  facet normal 0 0 1
    outer loop
      vertex 5.72189 141.585 3
      vertex 3 145.4 3
      vertex 5.5 141.6 3
    endloop
  endfacet
  facet normal -0 0 1
    outer loop
      vertex 0.619934 144.226 3
      vertex 4.29792 141.102 3
      vertex 0.878677 144.521 3
    endloop
  endfacet
  facet normal -0 0 1
    outer loop
      vertex 0.878677 144.521 3
      vertex 4.29792 141.102 3
      vertex 1.17372 144.78 3
    endloop
  endfacet
  facet normal -0 0 1
    outer loop
      vertex 1.17372 144.78 3
      vertex 4.29792 141.102 3
      vertex 1.5 144.998 3
    endloop
  endfacet
  facet normal -0 0 1
    outer loop
      vertex 1.5 144.998 3
      vertex 4.29792 141.102 3
      vertex 1.85194 145.172 3
    endloop
  endfacet
  facet normal -0 0 1
    outer loop
      vertex 1.85194 145.172 3
      vertex 4.29792 141.102 3
      vertex 2.22354 145.298 3
    endloop
  endfacet
  facet normal 0 0 1
    outer loop
      vertex 4.46511 141.249 3
      vertex 2.22354 145.298 3
      vertex 4.29792 141.102 3
    endloop
  endfacet
  facet normal -0 0 1
    outer loop
      vertex 2.22354 145.298 3
      vertex 4.46511 141.249 3
      vertex 2.60843 145.374 3
    endloop
  endfacet
  facet normal -0 0 1
    outer loop
      vertex 2.60843 145.374 3
      vertex 4.46511 141.249 3
      vertex 3 145.4 3
    endloop
  endfacet
  facet normal 0 0 1
    outer loop
      vertex 4.65 141.372 3
      vertex 3 145.4 3
      vertex 4.46511 141.249 3
    endloop
  endfacet
  facet normal 0 0 1
    outer loop
      vertex 4.84944 141.471 3
      vertex 3 145.4 3
      vertex 4.65 141.372 3
    endloop
  endfacet
  facet normal 0 0 1
    outer loop
      vertex 5.06001 141.542 3
      vertex 3 145.4 3
      vertex 4.84944 141.471 3
    endloop
  endfacet
  facet normal 0 0 1
    outer loop
      vertex 5.27811 141.585 3
      vertex 3 145.4 3
      vertex 5.06001 141.542 3
    endloop
  endfacet
  facet normal 0 0 1
    outer loop
      vertex 5.5 141.6 3
      vertex 3 145.4 3
      vertex 5.27811 141.585 3
    endloop
  endfacet
  facet normal 0 0 1
    outer loop
      vertex 16.5 143.1 3
      vertex 3 145.4 3
      vertex 15 143.1 3
    endloop
  endfacet
  facet normal 0 0 1
    outer loop
      vertex 97.7801 1.17372 3
      vertex 94.1021 4.29792 3
      vertex 97.5213 0.878677 3
    endloop
  endfacet
  facet normal 0 0 1
    outer loop
      vertex 97.5213 0.878677 3
      vertex 94.1021 4.29792 3
      vertex 97.2263 0.619934 3
    endloop
  endfacet
  facet normal 0 0 1
    outer loop
      vertex 97.2263 0.619934 3
      vertex 94.1021 4.29792 3
      vertex 96.9 0.401917 3
    endloop
  endfacet
  facet normal 0 0 1
    outer loop
      vertex 96.9 0.401917 3
      vertex 94.1021 4.29792 3
      vertex 96.548 0.228363 3
    endloop
  endfacet
  facet normal 0 0 1
    outer loop
      vertex 96.548 0.228363 3
      vertex 94.1021 4.29792 3
      vertex 96.1765 0.102219 3
    endloop
  endfacet
  facet normal -0 0 1
    outer loop
      vertex 93.9349 4.1513 3
      vertex 96.1765 0.102219 3
      vertex 94.1021 4.29792 3
    endloop
  endfacet
  facet normal 0 0 1
    outer loop
      vertex 96.1765 0.102219 3
      vertex 93.9349 4.1513 3
      vertex 95.7916 0.0256653 3
    endloop
  endfacet
  facet normal 0 0 1
    outer loop
      vertex 95.7916 0.0256653 3
      vertex 93.9349 4.1513 3
      vertex 95.4 0 3
    endloop
  endfacet
  facet normal -0 0 1
    outer loop
      vertex 93.75 4.02776 3
      vertex 95.4 0 3
      vertex 93.9349 4.1513 3
    endloop
  endfacet
  facet normal -0 0 1
    outer loop
      vertex 93.5506 3.92941 3
      vertex 95.4 0 3
      vertex 93.75 4.02776 3
    endloop
  endfacet
  facet normal -0 0 1
    outer loop
      vertex 93.34 3.85793 3
      vertex 95.4 0 3
      vertex 93.5506 3.92941 3
    endloop
  endfacet
  facet normal -0 0 1
    outer loop
      vertex 93.1219 3.81454 3
      vertex 95.4 0 3
      vertex 93.34 3.85793 3
    endloop
  endfacet
  facet normal -0 0 1
    outer loop
      vertex 92.9 3.8 3
      vertex 95.4 0 3
      vertex 93.1219 3.81454 3
    endloop
  endfacet
  facet normal 0 0 1
    outer loop
      vertex 92.6781 3.81454 3
      vertex 95.4 0 3
      vertex 92.9 3.8 3
    endloop
  endfacet
  facet normal 0 0 1
    outer loop
      vertex 92.46 3.85793 3
      vertex 95.4 0 3
      vertex 92.6781 3.81454 3
    endloop
  endfacet
  facet normal 0 0 1
    outer loop
      vertex 92.2494 3.92941 3
      vertex 95.4 0 3
      vertex 92.46 3.85793 3
    endloop
  endfacet
  facet normal 0 0 1
    outer loop
      vertex 92.05 4.02776 3
      vertex 95.4 0 3
      vertex 92.2494 3.92941 3
    endloop
  endfacet
  facet normal 0 0 1
    outer loop
      vertex 91.8651 4.1513 3
      vertex 95.4 0 3
      vertex 92.05 4.02776 3
    endloop
  endfacet
  facet normal 0 0 1
    outer loop
      vertex 91.6979 4.29792 3
      vertex 95.4 0 3
      vertex 91.8651 4.1513 3
    endloop
  endfacet
  facet normal 0 0 1
    outer loop
      vertex 66.7 14.5 3
      vertex 91.6979 4.29792 3
      vertex 91.5513 4.46511 3
    endloop
  endfacet
  facet normal 0 0 1
    outer loop
      vertex 91.3294 6.15056 3
      vertex 66.7 14.5 3
      vertex 91.2579 5.93999 3
    endloop
  endfacet
  facet normal 0 0 1
    outer loop
      vertex 91.2579 5.93999 3
      vertex 66.7 14.5 3
      vertex 91.2145 5.72189 3
    endloop
  endfacet
  facet normal 0 0 1
    outer loop
      vertex 91.2145 5.72189 3
      vertex 66.7 14.5 3
      vertex 91.2 5.5 3
    endloop
  endfacet
  facet normal 0 0 1
    outer loop
      vertex 91.2 5.5 3
      vertex 66.7 14.5 3
      vertex 91.2145 5.27811 3
    endloop
  endfacet
  facet normal 0 0 1
    outer loop
      vertex 91.2145 5.27811 3
      vertex 66.7 14.5 3
      vertex 91.2579 5.06001 3
    endloop
  endfacet
  facet normal 0 0 1
    outer loop
      vertex 91.2579 5.06001 3
      vertex 66.7 14.5 3
      vertex 91.3294 4.84944 3
    endloop
  endfacet
  facet normal 0 0 1
    outer loop
      vertex 91.3294 4.84944 3
      vertex 66.7 14.5 3
      vertex 91.4278 4.65 3
    endloop
  endfacet
  facet normal 0 0 1
    outer loop
      vertex 91.4278 4.65 3
      vertex 66.7 14.5 3
      vertex 91.5513 4.46511 3
    endloop
  endfacet
  facet normal 0 0 1
    outer loop
      vertex 91.6979 4.29792 3
      vertex 66.7 14.5 3
      vertex 95.4 0 3
    endloop
  endfacet
  facet normal -0 0 1
    outer loop
      vertex 31.7 14.5 3
      vertex 95.4 0 3
      vertex 66.7 14.5 3
    endloop
  endfacet
  facet normal 0 0 1
    outer loop
      vertex 7.2 5.5 3
      vertex 22.5 74.3 3
      vertex 13.5 115.9 3
    endloop
  endfacet
  facet normal 0 0 1
    outer loop
      vertex 7.14207 139.46 3
      vertex 13.5 142.1 3
      vertex 7.18546 139.678 3
    endloop
  endfacet
  facet normal 0 0 1
    outer loop
      vertex 31.7 37.5 3
      vertex 7.2 5.5 3
      vertex 31.7 14.5 3
    endloop
  endfacet
  facet normal 0 0 1
    outer loop
      vertex 7.18546 5.27811 3
      vertex 31.7 14.5 3
      vertex 7.2 5.5 3
    endloop
  endfacet
  facet normal 0 0 1
    outer loop
      vertex 7.14207 5.06001 3
      vertex 31.7 14.5 3
      vertex 7.18546 5.27811 3
    endloop
  endfacet
  facet normal 0 0 1
    outer loop
      vertex 7.07059 4.84944 3
      vertex 31.7 14.5 3
      vertex 7.14207 5.06001 3
    endloop
  endfacet
  facet normal 0 0 1
    outer loop
      vertex 6.97224 4.65 3
      vertex 31.7 14.5 3
      vertex 7.07059 4.84944 3
    endloop
  endfacet
  facet normal 0 0 1
    outer loop
      vertex 6.8487 4.46511 3
      vertex 31.7 14.5 3
      vertex 6.97224 4.65 3
    endloop
  endfacet
  facet normal 0 0 1
    outer loop
      vertex 6.70208 4.29792 3
      vertex 31.7 14.5 3
      vertex 6.8487 4.46511 3
    endloop
  endfacet
  facet normal 0 0 1
    outer loop
      vertex 3 0 3
      vertex 31.7 14.5 3
      vertex 6.70208 4.29792 3
    endloop
  endfacet
  facet normal 0 0 1
    outer loop
      vertex 3 0 3
      vertex 6.70208 4.29792 3
      vertex 6.53489 4.1513 3
    endloop
  endfacet
  facet normal 0 0 1
    outer loop
      vertex 3 0 3
      vertex 6.53489 4.1513 3
      vertex 6.35 4.02776 3
    endloop
  endfacet
  facet normal 0 0 1
    outer loop
      vertex 3 0 3
      vertex 6.35 4.02776 3
      vertex 6.15056 3.92941 3
    endloop
  endfacet
  facet normal 0 0 1
    outer loop
      vertex 3 0 3
      vertex 6.15056 3.92941 3
      vertex 5.93999 3.85793 3
    endloop
  endfacet
  facet normal 0 0 1
    outer loop
      vertex 3 0 3
      vertex 5.93999 3.85793 3
      vertex 5.72189 3.81454 3
    endloop
  endfacet
  facet normal 0 0 1
    outer loop
      vertex 3 0 3
      vertex 5.72189 3.81454 3
      vertex 5.5 3.8 3
    endloop
  endfacet
  facet normal 0 0 1
    outer loop
      vertex 31.7 14.5 3
      vertex 3 0 3
      vertex 95.4 0 3
    endloop
  endfacet
  facet normal 0 0 1
    outer loop
      vertex 5.27811 3.81454 3
      vertex 3 0 3
      vertex 5.5 3.8 3
    endloop
  endfacet
  facet normal 0 0 1
    outer loop
      vertex 5.06001 3.85793 3
      vertex 3 0 3
      vertex 5.27811 3.81454 3
    endloop
  endfacet
  facet normal 0 0 1
    outer loop
      vertex 4.84944 3.92941 3
      vertex 3 0 3
      vertex 5.06001 3.85793 3
    endloop
  endfacet
  facet normal 0 0 1
    outer loop
      vertex 4.65 4.02776 3
      vertex 3 0 3
      vertex 4.84944 3.92941 3
    endloop
  endfacet
  facet normal 0 0 1
    outer loop
      vertex 4.46511 4.1513 3
      vertex 3 0 3
      vertex 4.65 4.02776 3
    endloop
  endfacet
  facet normal 0 0 1
    outer loop
      vertex 2.22354 0.102219 3
      vertex 4.46511 4.1513 3
      vertex 4.29792 4.29792 3
    endloop
  endfacet
  facet normal 0 0 1
    outer loop
      vertex 0.228363 1.85194 3
      vertex 4.29792 4.29792 3
      vertex 4.1513 4.46511 3
    endloop
  endfacet
  facet normal 0 0 1
    outer loop
      vertex 0 3 3
      vertex 4.1513 4.46511 3
      vertex 4.02776 4.65 3
    endloop
  endfacet
  facet normal 0 0 1
    outer loop
      vertex 0 3 3
      vertex 4.02776 4.65 3
      vertex 3.92941 4.84944 3
    endloop
  endfacet
  facet normal 0 0 1
    outer loop
      vertex 0 3 3
      vertex 3.92941 4.84944 3
      vertex 3.85793 5.06001 3
    endloop
  endfacet
  facet normal 0 0 1
    outer loop
      vertex 0 3 3
      vertex 3.85793 5.06001 3
      vertex 3.81454 5.27811 3
    endloop
  endfacet
  facet normal 0 0 1
    outer loop
      vertex 0 3 3
      vertex 3.81454 5.27811 3
      vertex 3.8 5.5 3
    endloop
  endfacet
  facet normal 0 0 1
    outer loop
      vertex 3.85793 5.93999 3
      vertex 0 3 3
      vertex 3.81454 5.72189 3
    endloop
  endfacet
  facet normal -0 0 1
    outer loop
      vertex 0.401917 143.9 3
      vertex 4.29792 141.102 3
      vertex 0.619934 144.226 3
    endloop
  endfacet
  facet normal 0 0 1
    outer loop
      vertex 3.81454 5.72189 3
      vertex 0 3 3
      vertex 3.8 5.5 3
    endloop
  endfacet
  facet normal -0 0 1
    outer loop
      vertex 0.228363 143.548 3
      vertex 4.29792 141.102 3
      vertex 0.401917 143.9 3
    endloop
  endfacet
  facet normal 0 0 1
    outer loop
      vertex 4.1513 4.46511 3
      vertex 0 3 3
      vertex 0.0256653 2.60843 3
    endloop
  endfacet
  facet normal 0 0 1
    outer loop
      vertex 4.29792 141.102 3
      vertex 0.228363 143.548 3
      vertex 4.1513 140.935 3
    endloop
  endfacet
  facet normal 0 0 1
    outer loop
      vertex 4.46511 4.1513 3
      vertex 2.60843 0.0256653 3
      vertex 3 0 3
    endloop
  endfacet
  facet normal -0 0 1
    outer loop
      vertex 0.102219 143.176 3
      vertex 4.1513 140.935 3
      vertex 0.228363 143.548 3
    endloop
  endfacet
  facet normal 0 0 1
    outer loop
      vertex 4.46511 4.1513 3
      vertex 2.22354 0.102219 3
      vertex 2.60843 0.0256653 3
    endloop
  endfacet
  facet normal -0 0 1
    outer loop
      vertex 0.0256653 142.792 3
      vertex 4.1513 140.935 3
      vertex 0.102219 143.176 3
    endloop
  endfacet
  facet normal 0 0 1
    outer loop
      vertex 4.29792 4.29792 3
      vertex 1.85194 0.228363 3
      vertex 2.22354 0.102219 3
    endloop
  endfacet
  facet normal -0 0 1
    outer loop
      vertex 0 142.4 3
      vertex 4.1513 140.935 3
      vertex 0.0256653 142.792 3
    endloop
  endfacet
  facet normal 0 0 1
    outer loop
      vertex 4.29792 4.29792 3
      vertex 1.5 0.401917 3
      vertex 1.85194 0.228363 3
    endloop
  endfacet
  facet normal 0 0 1
    outer loop
      vertex 4.1513 140.935 3
      vertex 0 142.4 3
      vertex 4.02776 140.75 3
    endloop
  endfacet
  facet normal 0 0 1
    outer loop
      vertex 4.29792 4.29792 3
      vertex 1.17372 0.619934 3
      vertex 1.5 0.401917 3
    endloop
  endfacet
  facet normal 0 0 1
    outer loop
      vertex 4.02776 140.75 3
      vertex 0 142.4 3
      vertex 3.92941 140.551 3
    endloop
  endfacet
  facet normal 0 0 1
    outer loop
      vertex 4.29792 4.29792 3
      vertex 0.878677 0.878677 3
      vertex 1.17372 0.619934 3
    endloop
  endfacet
  facet normal 0 0 1
    outer loop
      vertex 3.92941 140.551 3
      vertex 0 142.4 3
      vertex 3.85793 140.34 3
    endloop
  endfacet
  facet normal 0 0 1
    outer loop
      vertex 4.29792 4.29792 3
      vertex 0.619934 1.17372 3
      vertex 0.878677 0.878677 3
    endloop
  endfacet
  facet normal 0 0 1
    outer loop
      vertex 3.85793 140.34 3
      vertex 0 142.4 3
      vertex 3.81454 140.122 3
    endloop
  endfacet
  facet normal 0 0 1
    outer loop
      vertex 4.29792 4.29792 3
      vertex 0.401917 1.5 3
      vertex 0.619934 1.17372 3
    endloop
  endfacet
  facet normal 0 0 1
    outer loop
      vertex 3.81454 140.122 3
      vertex 0 142.4 3
      vertex 3.8 139.9 3
    endloop
  endfacet
  facet normal 0 0 1
    outer loop
      vertex 4.29792 4.29792 3
      vertex 0.228363 1.85194 3
      vertex 0.401917 1.5 3
    endloop
  endfacet
  facet normal 0 0 1
    outer loop
      vertex 4.1513 4.46511 3
      vertex 0.102219 2.22354 3
      vertex 0.228363 1.85194 3
    endloop
  endfacet
  facet normal 0 0 1
    outer loop
      vertex 4.1513 4.46511 3
      vertex 0.0256653 2.60843 3
      vertex 0.102219 2.22354 3
    endloop
  endfacet
  facet normal -0 0 1
    outer loop
      vertex 36.5 115.9 3
      vertex 75.9 111.7 3
      vertex 36.5 142.1 3
    endloop
  endfacet
  facet normal 0 0 1
    outer loop
      vertex 36.5 115.9 3
      vertex 22.5 111.7 3
      vertex 75.9 111.7 3
    endloop
  endfacet
  facet normal 0 0 1
    outer loop
      vertex 22.5 111.7 3
      vertex 13.5 115.9 3
      vertex 22.5 74.3 3
    endloop
  endfacet
  facet normal -0 0 1
    outer loop
      vertex 13.5 115.9 3
      vertex 22.5 111.7 3
      vertex 36.5 115.9 3
    endloop
  endfacet
  facet normal 0 0 1
    outer loop
      vertex 35.3 142.1 3
      vertex 35 117.1 3
      vertex 35.3 117.1 3
    endloop
  endfacet
  facet normal -1 0 0
    outer loop
      vertex 22.5 74.3 3
      vertex 22.5 111.7 5
      vertex 22.5 111.7 3
    endloop
  endfacet
  facet normal -1 -0 0
    outer loop
      vertex 22.5 111.7 5
      vertex 22.5 74.3 3
      vertex 22.5 74.3 5
    endloop
  endfacet
  facet normal 0 1 -0
    outer loop
      vertex 75.9 111.7 3
      vertex 22.5 111.7 5
      vertex 75.9 111.7 5
    endloop
  endfacet
  facet normal 0 1 0
    outer loop
      vertex 22.5 111.7 5
      vertex 75.9 111.7 3
      vertex 22.5 111.7 3
    endloop
  endfacet
  facet normal 0 -1 0
    outer loop
      vertex 22.5 74.3 3
      vertex 75.9 74.3 5
      vertex 22.5 74.3 5
    endloop
  endfacet
  facet normal 0 -1 -0
    outer loop
      vertex 75.9 74.3 5
      vertex 22.5 74.3 3
      vertex 75.9 74.3 3
    endloop
  endfacet
  facet normal -1 0 0
    outer loop
      vertex 74.7 75.5 3
      vertex 74.7 110.5 5
      vertex 74.7 110.5 3
    endloop
  endfacet
  facet normal -1 -0 0
    outer loop
      vertex 74.7 110.5 5
      vertex 74.7 75.5 3
      vertex 74.7 75.5 5
    endloop
  endfacet
  facet normal 1 -0 0
    outer loop
      vertex 23.7 75.5 5
      vertex 23.7 110.5 3
      vertex 23.7 110.5 5
    endloop
  endfacet
  facet normal 1 0 0
    outer loop
      vertex 23.7 110.5 3
      vertex 23.7 75.5 5
      vertex 23.7 75.5 3
    endloop
  endfacet
  facet normal 0 -1 0
    outer loop
      vertex 23.7 110.5 3
      vertex 74.7 110.5 5
      vertex 23.7 110.5 5
    endloop
  endfacet
  facet normal 0 -1 -0
    outer loop
      vertex 74.7 110.5 5
      vertex 23.7 110.5 3
      vertex 74.7 110.5 3
    endloop
  endfacet
  facet normal 0 1 -0
    outer loop
      vertex 74.7 75.5 3
      vertex 23.7 75.5 5
      vertex 74.7 75.5 5
    endloop
  endfacet
  facet normal 0 1 0
    outer loop
      vertex 23.7 75.5 5
      vertex 74.7 75.5 3
      vertex 23.7 75.5 3
    endloop
  endfacet
  facet normal 1 -0 0
    outer loop
      vertex 16.5 117.1 4.5
      vertex 16.5 143.1 3
      vertex 16.5 143.1 4.5
    endloop
  endfacet
  facet normal 1 0 0
    outer loop
      vertex 16.5 143.1 3
      vertex 16.5 117.1 4.5
      vertex 16.5 117.1 3
    endloop
  endfacet
  facet normal -0 0 1
    outer loop
      vertex 15 143.1 4.5
      vertex 16.5 117.1 4.5
      vertex 16.5 143.1 4.5
    endloop
  endfacet
  facet normal 0 0 1
    outer loop
      vertex 16.5 117.1 4.5
      vertex 15 143.1 4.5
      vertex 15 117.1 4.5
    endloop
  endfacet
  facet normal -1 0 0
    outer loop
      vertex 15 117.1 3
      vertex 15 143.1 4.5
      vertex 15 143.1 3
    endloop
  endfacet
  facet normal -1 -0 0
    outer loop
      vertex 15 143.1 4.5
      vertex 15 117.1 3
      vertex 15 117.1 4.5
    endloop
  endfacet
  facet normal 0 1 -0
    outer loop
      vertex 16.5 143.1 3
      vertex 15 143.1 4.5
      vertex 16.5 143.1 4.5
    endloop
  endfacet
  facet normal 0 1 0
    outer loop
      vertex 15 143.1 4.5
      vertex 16.5 143.1 3
      vertex 15 143.1 3
    endloop
  endfacet
  facet normal 0 1 -0
    outer loop
      vertex 33.5 117.1 3
      vertex 16.5 117.1 4.5
      vertex 33.5 117.1 4.5
    endloop
  endfacet
  facet normal 0 1 0
    outer loop
      vertex 16.5 117.1 4.5
      vertex 33.5 117.1 3
      vertex 16.5 117.1 3
    endloop
  endfacet
  facet normal 0 1 0
    outer loop
      vertex 33.5 117.1 4.5
      vertex 35.3 117.1 6.3
      vertex 35 117.1 4.5
    endloop
  endfacet
  facet normal 0 1 -0
    outer loop
      vertex 35.3 117.1 3
      vertex 35 117.1 4.5
      vertex 35.3 117.1 6.3
    endloop
  endfacet
  facet normal 0 1 0
    outer loop
      vertex 35 117.1 4.5
      vertex 35.3 117.1 3
      vertex 35 117.1 3
    endloop
  endfacet
  facet normal 0 1 0
    outer loop
      vertex 35.3 117.1 6.3
      vertex 33.5 117.1 4.5
      vertex 14.7 117.1 6.3
    endloop
  endfacet
  facet normal 0 1 -0
    outer loop
      vertex 16.5 117.1 4.5
      vertex 14.7 117.1 6.3
      vertex 33.5 117.1 4.5
    endloop
  endfacet
  facet normal 0 1 -0
    outer loop
      vertex 15 117.1 4.5
      vertex 14.7 117.1 6.3
      vertex 16.5 117.1 4.5
    endloop
  endfacet
  facet normal 0 1 0
    outer loop
      vertex 14.7 117.1 3
      vertex 15 117.1 4.5
      vertex 15 117.1 3
    endloop
  endfacet
  facet normal 0 1 0
    outer loop
      vertex 15 117.1 4.5
      vertex 14.7 117.1 3
      vertex 14.7 117.1 6.3
    endloop
  endfacet
  facet normal 1 -0 0
    outer loop
      vertex 35 117.1 4.5
      vertex 35 143.1 3
      vertex 35 143.1 4.5
    endloop
  endfacet
  facet normal 1 0 0
    outer loop
      vertex 35 143.1 3
      vertex 35 117.1 4.5
      vertex 35 117.1 3
    endloop
  endfacet
  facet normal -0 0 1
    outer loop
      vertex 33.5 143.1 4.5
      vertex 35 117.1 4.5
      vertex 35 143.1 4.5
    endloop
  endfacet
  facet normal 0 0 1
    outer loop
      vertex 35 117.1 4.5
      vertex 33.5 143.1 4.5
      vertex 33.5 117.1 4.5
    endloop
  endfacet
  facet normal -1 0 0
    outer loop
      vertex 33.5 117.1 3
      vertex 33.5 143.1 4.5
      vertex 33.5 143.1 3
    endloop
  endfacet
  facet normal -1 -0 0
    outer loop
      vertex 33.5 143.1 4.5
      vertex 33.5 117.1 3
      vertex 33.5 117.1 4.5
    endloop
  endfacet
  facet normal 0 1 -0
    outer loop
      vertex 35 143.1 3
      vertex 33.5 143.1 4.5
      vertex 35 143.1 4.5
    endloop
  endfacet
  facet normal 0 1 0
    outer loop
      vertex 33.5 143.1 4.5
      vertex 35 143.1 3
      vertex 33.5 143.1 3
    endloop
  endfacet
  facet normal 1 -0 0
    outer loop
      vertex 36.5 115.9 6.3
      vertex 36.5 142.1 3
      vertex 36.5 142.1 6.3
    endloop
  endfacet
  facet normal 1 0 0
    outer loop
      vertex 36.5 142.1 3
      vertex 36.5 115.9 6.3
      vertex 36.5 115.9 3
    endloop
  endfacet
  facet normal 0 0 1
    outer loop
      vertex 14.7 142.1 6.3
      vertex 13.5 142.1 6.3
      vertex 14.7 117.1 6.3
    endloop
  endfacet
  facet normal 0 0 1
    outer loop
      vertex 35.3 117.1 6.3
      vertex 36.5 142.1 6.3
      vertex 35.3 142.1 6.3
    endloop
  endfacet
  facet normal 0 0 1
    outer loop
      vertex 36.5 142.1 6.3
      vertex 35.3 117.1 6.3
      vertex 36.5 115.9 6.3
    endloop
  endfacet
  facet normal -0 0 1
    outer loop
      vertex 14.7 117.1 6.3
      vertex 36.5 115.9 6.3
      vertex 35.3 117.1 6.3
    endloop
  endfacet
  facet normal 0 0 1
    outer loop
      vertex 14.7 117.1 6.3
      vertex 13.5 115.9 6.3
      vertex 36.5 115.9 6.3
    endloop
  endfacet
  facet normal 0 0 1
    outer loop
      vertex 13.5 115.9 6.3
      vertex 14.7 117.1 6.3
      vertex 13.5 142.1 6.3
    endloop
  endfacet
  facet normal -1 0 0
    outer loop
      vertex 13.5 115.9 3
      vertex 13.5 142.1 6.3
      vertex 13.5 142.1 3
    endloop
  endfacet
  facet normal -1 -0 0
    outer loop
      vertex 13.5 142.1 6.3
      vertex 13.5 115.9 3
      vertex 13.5 115.9 6.3
    endloop
  endfacet
  facet normal 0 -1 0
    outer loop
      vertex 13.5 115.9 3
      vertex 36.5 115.9 6.3
      vertex 13.5 115.9 6.3
    endloop
  endfacet
  facet normal 0 -1 -0
    outer loop
      vertex 36.5 115.9 6.3
      vertex 13.5 115.9 3
      vertex 36.5 115.9 3
    endloop
  endfacet
  facet normal -1 0 0
    outer loop
      vertex 35.3 117.1 3
      vertex 35.3 142.1 6.3
      vertex 35.3 142.1 3
    endloop
  endfacet
  facet normal -1 -0 0
    outer loop
      vertex 35.3 142.1 6.3
      vertex 35.3 117.1 3
      vertex 35.3 117.1 6.3
    endloop
  endfacet
  facet normal 1 -0 0
    outer loop
      vertex 14.7 117.1 6.3
      vertex 14.7 142.1 3
      vertex 14.7 142.1 6.3
    endloop
  endfacet
  facet normal 1 0 0
    outer loop
      vertex 14.7 142.1 3
      vertex 14.7 117.1 6.3
      vertex 14.7 117.1 3
    endloop
  endfacet
  facet normal 0 1 -0
    outer loop
      vertex 14.7 142.1 3
      vertex 13.5 142.1 6.3
      vertex 14.7 142.1 6.3
    endloop
  endfacet
  facet normal 0 1 0
    outer loop
      vertex 13.5 142.1 6.3
      vertex 14.7 142.1 3
      vertex 13.5 142.1 3
    endloop
  endfacet
  facet normal 0 1 -0
    outer loop
      vertex 36.5 142.1 3
      vertex 35.3 142.1 6.3
      vertex 36.5 142.1 6.3
    endloop
  endfacet
  facet normal 0 1 0
    outer loop
      vertex 35.3 142.1 6.3
      vertex 36.5 142.1 3
      vertex 35.3 142.1 3
    endloop
  endfacet
  facet normal 1 -0 0
    outer loop
      vertex 66.7 14.5 4.5
      vertex 66.7 37.5 3
      vertex 66.7 37.5 4.5
    endloop
  endfacet
  facet normal 1 0 0
    outer loop
      vertex 66.7 37.5 3
      vertex 66.7 14.5 4.5
      vertex 66.7 14.5 3
    endloop
  endfacet
  facet normal 0 0 1
    outer loop
      vertex 66.7 37.5 4.5
      vertex 65.5 36.3 4.5
      vertex 66.7 14.5 4.5
    endloop
  endfacet
  facet normal 0 0 1
    outer loop
      vertex 66.7 37.5 4.5
      vertex 32.9 36.3 4.5
      vertex 65.5 36.3 4.5
    endloop
  endfacet
  facet normal 0 0 1
    outer loop
      vertex 32.9 36.3 4.5
      vertex 31.7 37.5 4.5
      vertex 32.9 15.7 4.5
    endloop
  endfacet
  facet normal -0 0 1
    outer loop
      vertex 31.7 37.5 4.5
      vertex 32.9 36.3 4.5
      vertex 66.7 37.5 4.5
    endloop
  endfacet
  facet normal -0 0 1
    outer loop
      vertex 65.5 15.7 4.5
      vertex 66.7 14.5 4.5
      vertex 65.5 36.3 4.5
    endloop
  endfacet
  facet normal -0 0 1
    outer loop
      vertex 32.9 15.7 4.5
      vertex 66.7 14.5 4.5
      vertex 65.5 15.7 4.5
    endloop
  endfacet
  facet normal 0 0 1
    outer loop
      vertex 32.9 15.7 4.5
      vertex 31.7 14.5 4.5
      vertex 66.7 14.5 4.5
    endloop
  endfacet
  facet normal 0 0 1
    outer loop
      vertex 31.7 14.5 4.5
      vertex 32.9 15.7 4.5
      vertex 31.7 37.5 4.5
    endloop
  endfacet
  facet normal -1 0 0
    outer loop
      vertex 31.7 14.5 3
      vertex 31.7 37.5 4.5
      vertex 31.7 37.5 3
    endloop
  endfacet
  facet normal -1 -0 0
    outer loop
      vertex 31.7 37.5 4.5
      vertex 31.7 14.5 3
      vertex 31.7 14.5 4.5
    endloop
  endfacet
  facet normal 0 1 -0
    outer loop
      vertex 66.7 37.5 3
      vertex 31.7 37.5 4.5
      vertex 66.7 37.5 4.5
    endloop
  endfacet
  facet normal 0 1 0
    outer loop
      vertex 31.7 37.5 4.5
      vertex 66.7 37.5 3
      vertex 31.7 37.5 3
    endloop
  endfacet
  facet normal 0 -1 0
    outer loop
      vertex 31.7 14.5 3
      vertex 66.7 14.5 4.5
      vertex 31.7 14.5 4.5
    endloop
  endfacet
  facet normal 0 -1 -0
    outer loop
      vertex 66.7 14.5 4.5
      vertex 31.7 14.5 3
      vertex 66.7 14.5 3
    endloop
  endfacet
  facet normal -1 0 0
    outer loop
      vertex 65.5 15.7 3
      vertex 65.5 36.3 4.5
      vertex 65.5 36.3 3
    endloop
  endfacet
  facet normal -1 -0 0
    outer loop
      vertex 65.5 36.3 4.5
      vertex 65.5 15.7 3
      vertex 65.5 15.7 4.5
    endloop
  endfacet
  facet normal 1 -0 0
    outer loop
      vertex 32.9 15.7 4.5
      vertex 32.9 36.3 3
      vertex 32.9 36.3 4.5
    endloop
  endfacet
  facet normal 1 0 0
    outer loop
      vertex 32.9 36.3 3
      vertex 32.9 15.7 4.5
      vertex 32.9 15.7 3
    endloop
  endfacet
  facet normal 0 -1 0
    outer loop
      vertex 32.9 36.3 3
      vertex 65.5 36.3 4.5
      vertex 32.9 36.3 4.5
    endloop
  endfacet
  facet normal 0 -1 -0
    outer loop
      vertex 65.5 36.3 4.5
      vertex 32.9 36.3 3
      vertex 65.5 36.3 3
    endloop
  endfacet
  facet normal 0 1 -0
    outer loop
      vertex 65.5 15.7 3
      vertex 32.9 15.7 4.5
      vertex 65.5 15.7 4.5
    endloop
  endfacet
  facet normal 0 1 0
    outer loop
      vertex 32.9 15.7 4.5
      vertex 65.5 15.7 3
      vertex 32.9 15.7 3
    endloop
  endfacet
  facet normal 0.980814 -0.194945 0
    outer loop
      vertex 98.2978 2.22354 3
      vertex 98.3743 2.60843 0
      vertex 98.3743 2.60843 3
    endloop
  endfacet
  facet normal 0.980814 -0.194945 0
    outer loop
      vertex 98.3743 2.60843 0
      vertex 98.2978 2.22354 3
      vertex 98.2978 2.22354 0
    endloop
  endfacet
  facet normal 0.321523 -0.946902 0
    outer loop
      vertex 96.1765 0.102219 0
      vertex 96.548 0.228363 3
      vertex 96.1765 0.102219 3
    endloop
  endfacet
  facet normal 0.321523 -0.946902 0
    outer loop
      vertex 96.548 0.228363 3
      vertex 96.1765 0.102219 0
      vertex 96.548 0.228363 0
    endloop
  endfacet
  facet normal 0.896931 -0.442171 0
    outer loop
      vertex 97.9981 1.5 3
      vertex 98.1716 1.85194 0
      vertex 98.1716 1.85194 3
    endloop
  endfacet
  facet normal 0.896931 -0.442171 0
    outer loop
      vertex 98.1716 1.85194 0
      vertex 97.9981 1.5 3
      vertex 97.9981 1.5 0
    endloop
  endfacet
  facet normal 0 -1 0
    outer loop
      vertex 3 0 0
      vertex 95.4 0 3
      vertex 3 0 3
    endloop
  endfacet
  facet normal 0 -1 -0
    outer loop
      vertex 95.4 0 3
      vertex 3 0 0
      vertex 95.4 0 0
    endloop
  endfacet
  facet normal 0.195072 -0.980789 0
    outer loop
      vertex 95.7916 0.0256653 0
      vertex 96.1765 0.102219 3
      vertex 95.7916 0.0256653 3
    endloop
  endfacet
  facet normal 0.195072 -0.980789 0
    outer loop
      vertex 96.1765 0.102219 3
      vertex 95.7916 0.0256653 0
      vertex 96.1765 0.102219 0
    endloop
  endfacet
  facet normal -0.947033 0.321136 0
    outer loop
      vertex 0.102219 143.176 0
      vertex 0.228363 143.548 3
      vertex 0.228363 143.548 0
    endloop
  endfacet
  facet normal -0.947033 0.321136 0
    outer loop
      vertex 0.228363 143.548 3
      vertex 0.102219 143.176 0
      vertex 0.102219 143.176 3
    endloop
  endfacet
  facet normal 0.0653993 -0.997859 0
    outer loop
      vertex 95.4 0 0
      vertex 95.7916 0.0256653 3
      vertex 95.4 0 3
    endloop
  endfacet
  facet normal 0.0653993 -0.997859 0
    outer loop
      vertex 95.7916 0.0256653 3
      vertex 95.4 0 0
      vertex 95.7916 0.0256653 0
    endloop
  endfacet
  facet normal -0.831465 -0.555577 0
    outer loop
      vertex 0.619934 1.17372 0
      vertex 0.401917 1.5 3
      vertex 0.401917 1.5 0
    endloop
  endfacet
  facet normal -0.831465 -0.555577 0
    outer loop
      vertex 0.401917 1.5 3
      vertex 0.619934 1.17372 0
      vertex 0.619934 1.17372 3
    endloop
  endfacet
  facet normal -0.751843 -0.659342 0
    outer loop
      vertex 0.878677 0.878677 0
      vertex 0.619934 1.17372 3
      vertex 0.619934 1.17372 0
    endloop
  endfacet
  facet normal -0.751843 -0.659342 0
    outer loop
      vertex 0.619934 1.17372 3
      vertex 0.878677 0.878677 0
      vertex 0.878677 0.878677 3
    endloop
  endfacet
  facet normal -0.442281 -0.896876 0
    outer loop
      vertex 1.5 0.401917 0
      vertex 1.85194 0.228363 3
      vertex 1.5 0.401917 3
    endloop
  endfacet
  facet normal -0.442281 -0.896876 -0
    outer loop
      vertex 1.85194 0.228363 3
      vertex 1.5 0.401917 0
      vertex 1.85194 0.228363 0
    endloop
  endfacet
  facet normal -0.0662535 0.997803 0
    outer loop
      vertex 3 145.4 0
      vertex 2.60843 145.374 3
      vertex 3 145.4 3
    endloop
  endfacet
  facet normal -0.0662535 0.997803 0
    outer loop
      vertex 2.60843 145.374 3
      vertex 3 145.4 0
      vertex 2.60843 145.374 0
    endloop
  endfacet
  facet normal 1 -0 0
    outer loop
      vertex 98.4 3 3
      vertex 98.4 142.4 0
      vertex 98.4 142.4 3
    endloop
  endfacet
  facet normal 1 0 0
    outer loop
      vertex 98.4 142.4 0
      vertex 98.4 3 3
      vertex 98.4 3 0
    endloop
  endfacet
  facet normal -1 0 0
    outer loop
      vertex 0 3 0
      vertex 0 142.4 3
      vertex 0 142.4 0
    endloop
  endfacet
  facet normal -1 -0 0
    outer loop
      vertex 0 142.4 3
      vertex 0 3 0
      vertex 0 3 3
    endloop
  endfacet
  facet normal -0.443195 0.896425 0
    outer loop
      vertex 1.85194 145.172 0
      vertex 1.5 144.998 3
      vertex 1.85194 145.172 3
    endloop
  endfacet
  facet normal -0.443195 0.896425 0
    outer loop
      vertex 1.5 144.998 3
      vertex 1.85194 145.172 0
      vertex 1.5 144.998 0
    endloop
  endfacet
  facet normal 0.831485 -0.555547 0
    outer loop
      vertex 97.7801 1.17372 3
      vertex 97.9981 1.5 0
      vertex 97.9981 1.5 3
    endloop
  endfacet
  facet normal 0.831485 -0.555547 0
    outer loop
      vertex 97.9981 1.5 0
      vertex 97.7801 1.17372 3
      vertex 97.7801 1.17372 0
    endloop
  endfacet
  facet normal -0.659712 0.751519 0
    outer loop
      vertex 1.17372 144.78 0
      vertex 0.878677 144.521 3
      vertex 1.17372 144.78 3
    endloop
  endfacet
  facet normal -0.659712 0.751519 0
    outer loop
      vertex 0.878677 144.521 3
      vertex 1.17372 144.78 0
      vertex 0.878677 144.521 0
    endloop
  endfacet
  facet normal 0.321194 0.947013 -0
    outer loop
      vertex 96.548 145.172 0
      vertex 96.1765 145.298 3
      vertex 96.548 145.172 3
    endloop
  endfacet
  facet normal 0.321194 0.947013 0
    outer loop
      vertex 96.1765 145.298 3
      vertex 96.548 145.172 0
      vertex 96.1765 145.298 0
    endloop
  endfacet
  facet normal -0.980701 0.195511 0
    outer loop
      vertex 0.0256653 142.792 0
      vertex 0.102219 143.176 3
      vertex 0.102219 143.176 0
    endloop
  endfacet
  facet normal -0.980701 0.195511 0
    outer loop
      vertex 0.102219 143.176 3
      vertex 0.0256653 142.792 0
      vertex 0.0256653 142.792 3
    endloop
  endfacet
  facet normal 0.997858 0.0654208 0
    outer loop
      vertex 98.4 142.4 3
      vertex 98.3743 142.792 0
      vertex 98.3743 142.792 3
    endloop
  endfacet
  facet normal 0.997858 0.0654208 0
    outer loop
      vertex 98.3743 142.792 0
      vertex 98.4 142.4 3
      vertex 98.4 142.4 0
    endloop
  endfacet
  facet normal 0 1 -0
    outer loop
      vertex 95.4 145.4 0
      vertex 3 145.4 3
      vertex 95.4 145.4 3
    endloop
  endfacet
  facet normal 0 1 0
    outer loop
      vertex 3 145.4 3
      vertex 95.4 145.4 0
      vertex 3 145.4 0
    endloop
  endfacet
  facet normal 0.659396 -0.751796 0
    outer loop
      vertex 97.2263 0.619934 0
      vertex 97.5213 0.878677 3
      vertex 97.2263 0.619934 3
    endloop
  endfacet
  facet normal 0.659396 -0.751796 0
    outer loop
      vertex 97.5213 0.878677 3
      vertex 97.2263 0.619934 0
      vertex 97.5213 0.878677 0
    endloop
  endfacet
  facet normal -0.321117 0.94704 0
    outer loop
      vertex 2.22354 145.298 0
      vertex 1.85194 145.172 3
      vertex 2.22354 145.298 3
    endloop
  endfacet
  facet normal -0.321117 0.94704 0
    outer loop
      vertex 1.85194 145.172 3
      vertex 2.22354 145.298 0
      vertex 1.85194 145.172 0
    endloop
  endfacet
  facet normal -0.896906 0.442221 0
    outer loop
      vertex 0.228363 143.548 0
      vertex 0.401917 143.9 3
      vertex 0.401917 143.9 0
    endloop
  endfacet
  facet normal -0.896906 0.442221 0
    outer loop
      vertex 0.401917 143.9 3
      vertex 0.228363 143.548 0
      vertex 0.228363 143.548 3
    endloop
  endfacet
  facet normal -0.831245 0.555906 0
    outer loop
      vertex 0.401917 143.9 0
      vertex 0.619934 144.226 3
      vertex 0.619934 144.226 0
    endloop
  endfacet
  facet normal -0.831245 0.555906 0
    outer loop
      vertex 0.619934 144.226 3
      vertex 0.401917 143.9 0
      vertex 0.401917 143.9 3
    endloop
  endfacet
  facet normal -0.555547 0.831485 0
    outer loop
      vertex 1.5 144.998 0
      vertex 1.17372 144.78 3
      vertex 1.5 144.998 3
    endloop
  endfacet
  facet normal -0.555547 0.831485 0
    outer loop
      vertex 1.17372 144.78 3
      vertex 1.5 144.998 0
      vertex 1.17372 144.78 0
    endloop
  endfacet
  facet normal 0 0 -1
    outer loop
      vertex 8.0308 7.44195 0
      vertex 90.3692 7.44195 0
      vertex 8.26262 7.095 0
    endloop
  endfacet
  facet normal 0 0 -1
    outer loop
      vertex 90.9581 137.369 0
      vertex 8.66271 139.484 0
      vertex 8.69 139.9 0
    endloop
  endfacet
  facet normal 0 0 -1
    outer loop
      vertex 90.3692 7.44195 0
      vertex 8.0308 7.44195 0
      vertex 90.6443 7.75567 0
    endloop
  endfacet
  facet normal 0 0 -1
    outer loop
      vertex 90.9581 137.369 0
      vertex 8.5813 139.074 0
      vertex 8.66271 139.484 0
    endloop
  endfacet
  facet normal 0 0 -1
    outer loop
      vertex 7.75567 7.75567 0
      vertex 90.6443 7.75567 0
      vertex 8.0308 7.44195 0
    endloop
  endfacet
  facet normal 0 0 -1
    outer loop
      vertex 90.9581 137.369 0
      vertex 8.44718 138.679 0
      vertex 8.5813 139.074 0
    endloop
  endfacet
  facet normal 0 0 -1
    outer loop
      vertex 90.6443 7.75567 0
      vertex 7.75567 7.75567 0
      vertex 90.9581 8.0308 0
    endloop
  endfacet
  facet normal 0 0 -1
    outer loop
      vertex 90.9581 137.369 0
      vertex 8.26262 138.305 0
      vertex 8.44718 138.679 0
    endloop
  endfacet
  facet normal 0 0 -1
    outer loop
      vertex 7.44195 8.0308 0
      vertex 90.9581 8.0308 0
      vertex 7.75567 7.75567 0
    endloop
  endfacet
  facet normal 0 0 -1
    outer loop
      vertex 90.9581 137.369 0
      vertex 8.0308 137.958 0
      vertex 8.26262 138.305 0
    endloop
  endfacet
  facet normal 0 0 -1
    outer loop
      vertex 7.095 8.26262 0
      vertex 90.9581 8.0308 0
      vertex 7.44195 8.0308 0
    endloop
  endfacet
  facet normal 0 0 -1
    outer loop
      vertex 90.9581 137.369 0
      vertex 7.75567 137.644 0
      vertex 8.0308 137.958 0
    endloop
  endfacet
  facet normal 0 0 -1
    outer loop
      vertex 90.9581 8.0308 0
      vertex 7.095 8.26262 0
      vertex 90.9581 137.369 0
    endloop
  endfacet
  facet normal 0 0 -1
    outer loop
      vertex 90.9581 137.369 0
      vertex 7.44195 137.369 0
      vertex 7.75567 137.644 0
    endloop
  endfacet
  facet normal 0 0 -1
    outer loop
      vertex 7.095 137.137 0
      vertex 90.9581 137.369 0
      vertex 7.095 8.26262 0
    endloop
  endfacet
  facet normal -0 0 -1
    outer loop
      vertex 90.9581 137.369 0
      vertex 7.095 137.137 0
      vertex 7.44195 137.369 0
    endloop
  endfacet
  facet normal 0 0 -1
    outer loop
      vertex 6.72076 8.44718 0
      vertex 7.095 137.137 0
      vertex 7.095 8.26262 0
    endloop
  endfacet
  facet normal 0 0 -1
    outer loop
      vertex 6.72076 8.44718 0
      vertex 6.72076 136.953 0
      vertex 7.095 137.137 0
    endloop
  endfacet
  facet normal 0 0 -1
    outer loop
      vertex 6.32563 8.5813 0
      vertex 6.72076 136.953 0
      vertex 6.72076 8.44718 0
    endloop
  endfacet
  facet normal 0 0 -1
    outer loop
      vertex 6.32563 8.5813 0
      vertex 6.32563 136.819 0
      vertex 6.72076 136.953 0
    endloop
  endfacet
  facet normal 0 0 -1
    outer loop
      vertex 5.91638 8.66271 0
      vertex 6.32563 136.819 0
      vertex 6.32563 8.5813 0
    endloop
  endfacet
  facet normal 0 0 -1
    outer loop
      vertex 5.91638 8.66271 0
      vertex 5.91638 136.737 0
      vertex 6.32563 136.819 0
    endloop
  endfacet
  facet normal 0 0 -1
    outer loop
      vertex 5.5 8.69 0
      vertex 5.91638 136.737 0
      vertex 5.91638 8.66271 0
    endloop
  endfacet
  facet normal 0 0 -1
    outer loop
      vertex 5.5 8.69 0
      vertex 5.5 136.71 0
      vertex 5.91638 136.737 0
    endloop
  endfacet
  facet normal 0 0 -1
    outer loop
      vertex 5.08362 8.66271 0
      vertex 5.5 136.71 0
      vertex 5.5 8.69 0
    endloop
  endfacet
  facet normal 0 0 -1
    outer loop
      vertex 5.08362 8.66271 0
      vertex 5.08362 136.737 0
      vertex 5.5 136.71 0
    endloop
  endfacet
  facet normal 0 0 -1
    outer loop
      vertex 4.67437 8.5813 0
      vertex 5.08362 136.737 0
      vertex 5.08362 8.66271 0
    endloop
  endfacet
  facet normal 0 0 -1
    outer loop
      vertex 4.67437 8.5813 0
      vertex 4.67437 136.819 0
      vertex 5.08362 136.737 0
    endloop
  endfacet
  facet normal 0 0 -1
    outer loop
      vertex 4.27924 8.44718 0
      vertex 4.67437 136.819 0
      vertex 4.67437 8.5813 0
    endloop
  endfacet
  facet normal 0 0 -1
    outer loop
      vertex 4.27924 8.44718 0
      vertex 4.27924 136.953 0
      vertex 4.67437 136.819 0
    endloop
  endfacet
  facet normal 0 0 -1
    outer loop
      vertex 3.905 8.26262 0
      vertex 4.27924 136.953 0
      vertex 4.27924 8.44718 0
    endloop
  endfacet
  facet normal 0 0 -1
    outer loop
      vertex 3.905 8.26262 0
      vertex 3.905 137.137 0
      vertex 4.27924 136.953 0
    endloop
  endfacet
  facet normal 0 0 -1
    outer loop
      vertex 3.55805 8.0308 0
      vertex 3.905 137.137 0
      vertex 3.905 8.26262 0
    endloop
  endfacet
  facet normal 0 0 -1
    outer loop
      vertex 3.55805 8.0308 0
      vertex 3.55805 137.369 0
      vertex 3.905 137.137 0
    endloop
  endfacet
  facet normal 0 0 -1
    outer loop
      vertex 3.24433 7.75567 0
      vertex 3.55805 137.369 0
      vertex 3.55805 8.0308 0
    endloop
  endfacet
  facet normal 0 0 -1
    outer loop
      vertex 3.24433 7.75567 0
      vertex 3.24433 137.644 0
      vertex 3.55805 137.369 0
    endloop
  endfacet
  facet normal 0 0 -1
    outer loop
      vertex 2.9692 7.44195 0
      vertex 3.24433 137.644 0
      vertex 3.24433 7.75567 0
    endloop
  endfacet
  facet normal 0 0 -1
    outer loop
      vertex 2.9692 7.44195 0
      vertex 2.9692 137.958 0
      vertex 3.24433 137.644 0
    endloop
  endfacet
  facet normal 0 0 -1
    outer loop
      vertex 2.73738 7.095 0
      vertex 2.9692 137.958 0
      vertex 2.9692 7.44195 0
    endloop
  endfacet
  facet normal 0 0 -1
    outer loop
      vertex 2.73738 7.095 0
      vertex 2.73738 138.305 0
      vertex 2.9692 137.958 0
    endloop
  endfacet
  facet normal 0 0 -1
    outer loop
      vertex 0 3 0
      vertex 2.73738 7.095 0
      vertex 2.55282 6.72076 0
    endloop
  endfacet
  facet normal -0 0 -1
    outer loop
      vertex 2.73738 7.095 0
      vertex 0 3 0
      vertex 2.73738 138.305 0
    endloop
  endfacet
  facet normal 0 0 -1
    outer loop
      vertex 0 3 0
      vertex 2.55282 6.72076 0
      vertex 2.4187 6.32563 0
    endloop
  endfacet
  facet normal 0 0 -1
    outer loop
      vertex 0 142.4 0
      vertex 2.73738 138.305 0
      vertex 0 3 0
    endloop
  endfacet
  facet normal 0 0 -1
    outer loop
      vertex 0 3 0
      vertex 2.4187 6.32563 0
      vertex 2.33729 5.91638 0
    endloop
  endfacet
  facet normal 0 0 -1
    outer loop
      vertex 2.73738 138.305 0
      vertex 0 142.4 0
      vertex 2.55282 138.679 0
    endloop
  endfacet
  facet normal 0 0 -1
    outer loop
      vertex 0 3 0
      vertex 2.33729 5.91638 0
      vertex 2.31 5.5 0
    endloop
  endfacet
  facet normal 0 0 -1
    outer loop
      vertex 2.55282 138.679 0
      vertex 0 142.4 0
      vertex 2.4187 139.074 0
    endloop
  endfacet
  facet normal 0 0 -1
    outer loop
      vertex 95.8472 6.72076 0
      vertex 98.4 3 0
      vertex 95.9813 6.32563 0
    endloop
  endfacet
  facet normal 0 0 -1
    outer loop
      vertex 98.4 142.4 0
      vertex 96.0627 139.484 0
      vertex 96.09 139.9 0
    endloop
  endfacet
  facet normal 0 0 -1
    outer loop
      vertex 95.6626 7.095 0
      vertex 98.4 3 0
      vertex 95.8472 6.72076 0
    endloop
  endfacet
  facet normal 0 0 -1
    outer loop
      vertex 98.4 142.4 0
      vertex 95.9813 139.074 0
      vertex 96.0627 139.484 0
    endloop
  endfacet
  facet normal 0 0 -1
    outer loop
      vertex 98.4 3 0
      vertex 95.6626 7.095 0
      vertex 98.4 142.4 0
    endloop
  endfacet
  facet normal 0 0 -1
    outer loop
      vertex 98.4 142.4 0
      vertex 95.8472 138.679 0
      vertex 95.9813 139.074 0
    endloop
  endfacet
  facet normal 0 0 -1
    outer loop
      vertex 95.6626 138.305 0
      vertex 98.4 142.4 0
      vertex 95.6626 7.095 0
    endloop
  endfacet
  facet normal 0 0 -1
    outer loop
      vertex 98.4 142.4 0
      vertex 95.6626 138.305 0
      vertex 95.8472 138.679 0
    endloop
  endfacet
  facet normal 0 0 -1
    outer loop
      vertex 95.4308 7.44195 0
      vertex 95.6626 138.305 0
      vertex 95.6626 7.095 0
    endloop
  endfacet
  facet normal 0 0 -1
    outer loop
      vertex 95.4308 7.44195 0
      vertex 95.4308 137.958 0
      vertex 95.6626 138.305 0
    endloop
  endfacet
  facet normal 0 0 -1
    outer loop
      vertex 95.1557 7.75567 0
      vertex 95.4308 137.958 0
      vertex 95.4308 7.44195 0
    endloop
  endfacet
  facet normal 0 0 -1
    outer loop
      vertex 95.1557 7.75567 0
      vertex 95.1557 137.644 0
      vertex 95.4308 137.958 0
    endloop
  endfacet
  facet normal 0 0 -1
    outer loop
      vertex 94.8419 8.0308 0
      vertex 95.1557 137.644 0
      vertex 95.1557 7.75567 0
    endloop
  endfacet
  facet normal 0 0 -1
    outer loop
      vertex 94.8419 8.0308 0
      vertex 94.8419 137.369 0
      vertex 95.1557 137.644 0
    endloop
  endfacet
  facet normal 0 0 -1
    outer loop
      vertex 94.495 8.26262 0
      vertex 94.8419 137.369 0
      vertex 94.8419 8.0308 0
    endloop
  endfacet
  facet normal 0 0 -1
    outer loop
      vertex 94.495 8.26262 0
      vertex 94.495 137.137 0
      vertex 94.8419 137.369 0
    endloop
  endfacet
  facet normal 0 0 -1
    outer loop
      vertex 94.1208 8.44718 0
      vertex 94.495 137.137 0
      vertex 94.495 8.26262 0
    endloop
  endfacet
  facet normal 0 0 -1
    outer loop
      vertex 94.1208 8.44718 0
      vertex 94.1208 136.953 0
      vertex 94.495 137.137 0
    endloop
  endfacet
  facet normal 0 0 -1
    outer loop
      vertex 93.7256 8.5813 0
      vertex 94.1208 136.953 0
      vertex 94.1208 8.44718 0
    endloop
  endfacet
  facet normal 0 0 -1
    outer loop
      vertex 93.7256 8.5813 0
      vertex 93.7256 136.819 0
      vertex 94.1208 136.953 0
    endloop
  endfacet
  facet normal 0 0 -1
    outer loop
      vertex 93.3164 8.66271 0
      vertex 93.7256 136.819 0
      vertex 93.7256 8.5813 0
    endloop
  endfacet
  facet normal 0 0 -1
    outer loop
      vertex 93.3164 8.66271 0
      vertex 93.3164 136.737 0
      vertex 93.7256 136.819 0
    endloop
  endfacet
  facet normal 0 0 -1
    outer loop
      vertex 92.9 8.69 0
      vertex 93.3164 136.737 0
      vertex 93.3164 8.66271 0
    endloop
  endfacet
  facet normal 0 0 -1
    outer loop
      vertex 92.9 8.69 0
      vertex 92.9 136.71 0
      vertex 93.3164 136.737 0
    endloop
  endfacet
  facet normal 0 0 -1
    outer loop
      vertex 92.4836 8.66271 0
      vertex 92.9 136.71 0
      vertex 92.9 8.69 0
    endloop
  endfacet
  facet normal 0 0 -1
    outer loop
      vertex 92.4836 8.66271 0
      vertex 92.4836 136.737 0
      vertex 92.9 136.71 0
    endloop
  endfacet
  facet normal 0 0 -1
    outer loop
      vertex 92.0744 8.5813 0
      vertex 92.4836 136.737 0
      vertex 92.4836 8.66271 0
    endloop
  endfacet
  facet normal 0 0 -1
    outer loop
      vertex 92.0744 8.5813 0
      vertex 92.0744 136.819 0
      vertex 92.4836 136.737 0
    endloop
  endfacet
  facet normal 0 0 -1
    outer loop
      vertex 91.6792 8.44718 0
      vertex 92.0744 136.819 0
      vertex 92.0744 8.5813 0
    endloop
  endfacet
  facet normal 0 0 -1
    outer loop
      vertex 91.6792 8.44718 0
      vertex 91.6792 136.953 0
      vertex 92.0744 136.819 0
    endloop
  endfacet
  facet normal 0 0 -1
    outer loop
      vertex 91.305 8.26262 0
      vertex 91.6792 136.953 0
      vertex 91.6792 8.44718 0
    endloop
  endfacet
  facet normal 0 0 -1
    outer loop
      vertex 91.305 8.26262 0
      vertex 91.305 137.137 0
      vertex 91.6792 136.953 0
    endloop
  endfacet
  facet normal 0 0 -1
    outer loop
      vertex 90.9581 8.0308 0
      vertex 91.305 137.137 0
      vertex 91.305 8.26262 0
    endloop
  endfacet
  facet normal 0 0 -1
    outer loop
      vertex 90.9581 8.0308 0
      vertex 90.9581 137.369 0
      vertex 91.305 137.137 0
    endloop
  endfacet
  facet normal 0 0 -1
    outer loop
      vertex 89.9528 6.72076 0
      vertex 8.44718 6.72076 0
      vertex 90.1374 7.095 0
    endloop
  endfacet
  facet normal 0 0 -1
    outer loop
      vertex 8.26262 7.095 0
      vertex 90.1374 7.095 0
      vertex 8.44718 6.72076 0
    endloop
  endfacet
  facet normal 0 0 -1
    outer loop
      vertex 8.44718 6.72076 0
      vertex 89.9528 6.72076 0
      vertex 8.5813 6.32563 0
    endloop
  endfacet
  facet normal 0 0 -1
    outer loop
      vertex 90.1374 7.095 0
      vertex 8.26262 7.095 0
      vertex 90.3692 7.44195 0
    endloop
  endfacet
  facet normal 0 0 -1
    outer loop
      vertex 89.8187 6.32563 0
      vertex 8.5813 6.32563 0
      vertex 89.9528 6.72076 0
    endloop
  endfacet
  facet normal 0 0 -1
    outer loop
      vertex 90.9581 137.369 0
      vertex 8.69 139.9 0
      vertex 90.6443 137.644 0
    endloop
  endfacet
  facet normal 0 0 -1
    outer loop
      vertex 8.5813 6.32563 0
      vertex 89.8187 6.32563 0
      vertex 8.66271 5.91638 0
    endloop
  endfacet
  facet normal 0 0 -1
    outer loop
      vertex 90.6443 137.644 0
      vertex 8.69 139.9 0
      vertex 90.3692 137.958 0
    endloop
  endfacet
  facet normal 0 0 -1
    outer loop
      vertex 89.7373 5.91638 0
      vertex 8.66271 5.91638 0
      vertex 89.8187 6.32563 0
    endloop
  endfacet
  facet normal 0 0 -1
    outer loop
      vertex 90.3692 137.958 0
      vertex 8.69 139.9 0
      vertex 90.1374 138.305 0
    endloop
  endfacet
  facet normal 0 0 -1
    outer loop
      vertex 8.66271 5.91638 0
      vertex 89.7373 5.91638 0
      vertex 8.69 5.5 0
    endloop
  endfacet
  facet normal 0 0 -1
    outer loop
      vertex 90.1374 138.305 0
      vertex 8.69 139.9 0
      vertex 89.9528 138.679 0
    endloop
  endfacet
  facet normal 0 0 -1
    outer loop
      vertex 8.69 5.5 0
      vertex 89.7373 5.91638 0
      vertex 89.71 5.5 0
    endloop
  endfacet
  facet normal 0 0 -1
    outer loop
      vertex 89.9528 138.679 0
      vertex 8.69 139.9 0
      vertex 89.8187 139.074 0
    endloop
  endfacet
  facet normal 0 0 -1
    outer loop
      vertex 95.6626 3.905 0
      vertex 98.4 3 0
      vertex 98.3743 2.60843 0
    endloop
  endfacet
  facet normal 0 0 -1
    outer loop
      vertex 96.0627 5.91638 0
      vertex 98.4 3 0
      vertex 96.09 5.5 0
    endloop
  endfacet
  facet normal 0 0 -1
    outer loop
      vertex 95.4308 3.55805 0
      vertex 98.3743 2.60843 0
      vertex 98.2978 2.22354 0
    endloop
  endfacet
  facet normal 0 0 -1
    outer loop
      vertex 95.9813 6.32563 0
      vertex 98.4 3 0
      vertex 96.0627 5.91638 0
    endloop
  endfacet
  facet normal 0 0 -1
    outer loop
      vertex 95.4308 3.55805 0
      vertex 98.2978 2.22354 0
      vertex 98.1716 1.85194 0
    endloop
  endfacet
  facet normal 0 0 -1
    outer loop
      vertex 96.0627 140.316 0
      vertex 98.4 142.4 0
      vertex 96.09 139.9 0
    endloop
  endfacet
  facet normal 0 0 -1
    outer loop
      vertex 95.4308 3.55805 0
      vertex 98.1716 1.85194 0
      vertex 97.9981 1.5 0
    endloop
  endfacet
  facet normal 0 0 -1
    outer loop
      vertex 95.9813 140.726 0
      vertex 98.4 142.4 0
      vertex 96.0627 140.316 0
    endloop
  endfacet
  facet normal 0 0 -1
    outer loop
      vertex 95.1557 3.24433 0
      vertex 97.9981 1.5 0
      vertex 97.7801 1.17372 0
    endloop
  endfacet
  facet normal 0 0 -1
    outer loop
      vertex 95.8472 141.121 0
      vertex 98.4 142.4 0
      vertex 95.9813 140.726 0
    endloop
  endfacet
  facet normal 0 0 -1
    outer loop
      vertex 95.1557 3.24433 0
      vertex 97.7801 1.17372 0
      vertex 97.5213 0.878677 0
    endloop
  endfacet
  facet normal 0 0 -1
    outer loop
      vertex 95.6626 141.495 0
      vertex 98.4 142.4 0
      vertex 95.8472 141.121 0
    endloop
  endfacet
  facet normal 0 0 -1
    outer loop
      vertex 95.1557 3.24433 0
      vertex 97.5213 0.878677 0
      vertex 97.2263 0.619934 0
    endloop
  endfacet
  facet normal -0 0 -1
    outer loop
      vertex 98.4 142.4 0
      vertex 95.6626 141.495 0
      vertex 98.3743 142.792 0
    endloop
  endfacet
  facet normal 0 0 -1
    outer loop
      vertex 95.1557 3.24433 0
      vertex 97.2263 0.619934 0
      vertex 96.9 0.401917 0
    endloop
  endfacet
  facet normal 0 0 -1
    outer loop
      vertex 95.4308 141.842 0
      vertex 98.3743 142.792 0
      vertex 95.6626 141.495 0
    endloop
  endfacet
  facet normal 0 0 -1
    outer loop
      vertex 94.8419 2.9692 0
      vertex 96.9 0.401917 0
      vertex 96.548 0.228363 0
    endloop
  endfacet
  facet normal -0 0 -1
    outer loop
      vertex 98.3743 142.792 0
      vertex 95.4308 141.842 0
      vertex 98.2978 143.176 0
    endloop
  endfacet
  facet normal 0 0 -1
    outer loop
      vertex 94.8419 2.9692 0
      vertex 96.548 0.228363 0
      vertex 96.1765 0.102219 0
    endloop
  endfacet
  facet normal -0 0 -1
    outer loop
      vertex 98.2978 143.176 0
      vertex 95.4308 141.842 0
      vertex 98.1716 143.548 0
    endloop
  endfacet
  facet normal -0 0 -1
    outer loop
      vertex 98.1716 143.548 0
      vertex 95.4308 141.842 0
      vertex 97.9981 143.9 0
    endloop
  endfacet
  facet normal 0 0 -1
    outer loop
      vertex 98.4 3 0
      vertex 96.0627 5.08362 0
      vertex 96.09 5.5 0
    endloop
  endfacet
  facet normal 0 0 -1
    outer loop
      vertex 98.4 3 0
      vertex 95.9813 4.67437 0
      vertex 96.0627 5.08362 0
    endloop
  endfacet
  facet normal 0 0 -1
    outer loop
      vertex 98.4 3 0
      vertex 95.8472 4.27924 0
      vertex 95.9813 4.67437 0
    endloop
  endfacet
  facet normal 0 0 -1
    outer loop
      vertex 94.8419 2.9692 0
      vertex 96.1765 0.102219 0
      vertex 95.7916 0.0256653 0
    endloop
  endfacet
  facet normal 0 0 -1
    outer loop
      vertex 98.4 3 0
      vertex 95.6626 3.905 0
      vertex 95.8472 4.27924 0
    endloop
  endfacet
  facet normal 0 0 -1
    outer loop
      vertex 98.3743 2.60843 0
      vertex 95.4308 3.55805 0
      vertex 95.6626 3.905 0
    endloop
  endfacet
  facet normal 0 0 -1
    outer loop
      vertex 94.495 2.73738 0
      vertex 95.7916 0.0256653 0
      vertex 95.4 0 0
    endloop
  endfacet
  facet normal 0 0 -1
    outer loop
      vertex 97.9981 1.5 0
      vertex 95.1557 3.24433 0
      vertex 95.4308 3.55805 0
    endloop
  endfacet
  facet normal 0 0 -1
    outer loop
      vertex 96.9 0.401917 0
      vertex 94.8419 2.9692 0
      vertex 95.1557 3.24433 0
    endloop
  endfacet
  facet normal 0 0 -1
    outer loop
      vertex 95.7916 0.0256653 0
      vertex 94.495 2.73738 0
      vertex 94.8419 2.9692 0
    endloop
  endfacet
  facet normal 0 0 -1
    outer loop
      vertex 95.4 0 0
      vertex 94.1208 2.55282 0
      vertex 94.495 2.73738 0
    endloop
  endfacet
  facet normal 0 0 -1
    outer loop
      vertex 95.4 0 0
      vertex 93.7256 2.4187 0
      vertex 94.1208 2.55282 0
    endloop
  endfacet
  facet normal 0 0 -1
    outer loop
      vertex 95.4 0 0
      vertex 93.3164 2.33729 0
      vertex 93.7256 2.4187 0
    endloop
  endfacet
  facet normal 0 0 -1
    outer loop
      vertex 95.4 0 0
      vertex 92.9 2.31 0
      vertex 93.3164 2.33729 0
    endloop
  endfacet
  facet normal 0 0 -1
    outer loop
      vertex 95.4 0 0
      vertex 92.4836 2.33729 0
      vertex 92.9 2.31 0
    endloop
  endfacet
  facet normal 0 0 -1
    outer loop
      vertex 95.4 0 0
      vertex 92.0744 2.4187 0
      vertex 92.4836 2.33729 0
    endloop
  endfacet
  facet normal 0 0 -1
    outer loop
      vertex 95.4 0 0
      vertex 91.6792 2.55282 0
      vertex 92.0744 2.4187 0
    endloop
  endfacet
  facet normal 0 0 -1
    outer loop
      vertex 95.4 0 0
      vertex 91.305 2.73738 0
      vertex 91.6792 2.55282 0
    endloop
  endfacet
  facet normal 0 0 -1
    outer loop
      vertex 7.095 2.73738 0
      vertex 91.305 2.73738 0
      vertex 95.4 0 0
    endloop
  endfacet
  facet normal 0 0 -1
    outer loop
      vertex 89.8187 139.074 0
      vertex 8.69 139.9 0
      vertex 89.7373 139.484 0
    endloop
  endfacet
  facet normal 0 0 -1
    outer loop
      vertex 89.7373 5.08362 0
      vertex 8.69 5.5 0
      vertex 89.71 5.5 0
    endloop
  endfacet
  facet normal 0 0 -1
    outer loop
      vertex 8.66271 5.08362 0
      vertex 89.7373 5.08362 0
      vertex 89.8187 4.67437 0
    endloop
  endfacet
  facet normal 0 0 -1
    outer loop
      vertex 8.5813 4.67437 0
      vertex 89.8187 4.67437 0
      vertex 89.9528 4.27924 0
    endloop
  endfacet
  facet normal 0 0 -1
    outer loop
      vertex 8.44718 4.27924 0
      vertex 89.9528 4.27924 0
      vertex 90.1374 3.905 0
    endloop
  endfacet
  facet normal 0 0 -1
    outer loop
      vertex 8.26262 3.905 0
      vertex 90.1374 3.905 0
      vertex 90.3692 3.55805 0
    endloop
  endfacet
  facet normal 0 0 -1
    outer loop
      vertex 8.0308 3.55805 0
      vertex 90.3692 3.55805 0
      vertex 90.6443 3.24433 0
    endloop
  endfacet
  facet normal 0 0 -1
    outer loop
      vertex 7.75567 3.24433 0
      vertex 90.6443 3.24433 0
      vertex 90.9581 2.9692 0
    endloop
  endfacet
  facet normal 0 0 -1
    outer loop
      vertex 91.305 2.73738 0
      vertex 7.095 2.73738 0
      vertex 90.9581 2.9692 0
    endloop
  endfacet
  facet normal 0 0 -1
    outer loop
      vertex 89.7373 5.08362 0
      vertex 8.66271 5.08362 0
      vertex 8.69 5.5 0
    endloop
  endfacet
  facet normal 0 0 -1
    outer loop
      vertex 89.8187 4.67437 0
      vertex 8.5813 4.67437 0
      vertex 8.66271 5.08362 0
    endloop
  endfacet
  facet normal 0 0 -1
    outer loop
      vertex 89.9528 4.27924 0
      vertex 8.44718 4.27924 0
      vertex 8.5813 4.67437 0
    endloop
  endfacet
  facet normal 0 0 -1
    outer loop
      vertex 90.1374 3.905 0
      vertex 8.26262 3.905 0
      vertex 8.44718 4.27924 0
    endloop
  endfacet
  facet normal 0 0 -1
    outer loop
      vertex 90.3692 3.55805 0
      vertex 8.0308 3.55805 0
      vertex 8.26262 3.905 0
    endloop
  endfacet
  facet normal 0 0 -1
    outer loop
      vertex 90.6443 3.24433 0
      vertex 7.75567 3.24433 0
      vertex 8.0308 3.55805 0
    endloop
  endfacet
  facet normal 0 0 -1
    outer loop
      vertex 90.9581 2.9692 0
      vertex 7.44195 2.9692 0
      vertex 7.75567 3.24433 0
    endloop
  endfacet
  facet normal -0 0 -1
    outer loop
      vertex 90.9581 2.9692 0
      vertex 7.095 2.73738 0
      vertex 7.44195 2.9692 0
    endloop
  endfacet
  facet normal 0 0 -1
    outer loop
      vertex 3 0 0
      vertex 7.095 2.73738 0
      vertex 95.4 0 0
    endloop
  endfacet
  facet normal 0 0 -1
    outer loop
      vertex 7.095 2.73738 0
      vertex 3 0 0
      vertex 6.72076 2.55282 0
    endloop
  endfacet
  facet normal 0 0 -1
    outer loop
      vertex 6.72076 2.55282 0
      vertex 3 0 0
      vertex 6.32563 2.4187 0
    endloop
  endfacet
  facet normal 0 0 -1
    outer loop
      vertex 6.32563 2.4187 0
      vertex 3 0 0
      vertex 5.91638 2.33729 0
    endloop
  endfacet
  facet normal 0 0 -1
    outer loop
      vertex 5.91638 2.33729 0
      vertex 3 0 0
      vertex 5.5 2.31 0
    endloop
  endfacet
  facet normal 0 0 -1
    outer loop
      vertex 3 0 0
      vertex 5.08362 2.33729 0
      vertex 5.5 2.31 0
    endloop
  endfacet
  facet normal 0 0 -1
    outer loop
      vertex 3 0 0
      vertex 4.67437 2.4187 0
      vertex 5.08362 2.33729 0
    endloop
  endfacet
  facet normal 0 0 -1
    outer loop
      vertex 3 0 0
      vertex 4.27924 2.55282 0
      vertex 4.67437 2.4187 0
    endloop
  endfacet
  facet normal 0 0 -1
    outer loop
      vertex 3 0 0
      vertex 3.905 2.73738 0
      vertex 4.27924 2.55282 0
    endloop
  endfacet
  facet normal 0 0 -1
    outer loop
      vertex 2.60843 0.0256653 0
      vertex 3.905 2.73738 0
      vertex 3 0 0
    endloop
  endfacet
  facet normal -0 0 -1
    outer loop
      vertex 3.905 2.73738 0
      vertex 2.60843 0.0256653 0
      vertex 3.55805 2.9692 0
    endloop
  endfacet
  facet normal 0 0 -1
    outer loop
      vertex 2.22354 0.102219 0
      vertex 3.55805 2.9692 0
      vertex 2.60843 0.0256653 0
    endloop
  endfacet
  facet normal 0 0 -1
    outer loop
      vertex 1.85194 0.228363 0
      vertex 3.55805 2.9692 0
      vertex 2.22354 0.102219 0
    endloop
  endfacet
  facet normal 0 0 -1
    outer loop
      vertex 1.5 0.401917 0
      vertex 3.55805 2.9692 0
      vertex 1.85194 0.228363 0
    endloop
  endfacet
  facet normal -0 0 -1
    outer loop
      vertex 3.55805 2.9692 0
      vertex 1.5 0.401917 0
      vertex 3.24433 3.24433 0
    endloop
  endfacet
  facet normal 0 0 -1
    outer loop
      vertex 1.17372 0.619934 0
      vertex 3.24433 3.24433 0
      vertex 1.5 0.401917 0
    endloop
  endfacet
  facet normal 0 0 -1
    outer loop
      vertex 0.878677 0.878677 0
      vertex 3.24433 3.24433 0
      vertex 1.17372 0.619934 0
    endloop
  endfacet
  facet normal 0 0 -1
    outer loop
      vertex 0.619934 1.17372 0
      vertex 3.24433 3.24433 0
      vertex 0.878677 0.878677 0
    endloop
  endfacet
  facet normal -0 0 -1
    outer loop
      vertex 3.24433 3.24433 0
      vertex 0.401917 1.5 0
      vertex 2.9692 3.55805 0
    endloop
  endfacet
  facet normal 0 0 -1
    outer loop
      vertex 0.401917 1.5 0
      vertex 3.24433 3.24433 0
      vertex 0.619934 1.17372 0
    endloop
  endfacet
  facet normal 0 0 -1
    outer loop
      vertex 95.1557 142.156 0
      vertex 97.9981 143.9 0
      vertex 95.4308 141.842 0
    endloop
  endfacet
  facet normal -0 0 -1
    outer loop
      vertex 97.9981 143.9 0
      vertex 95.1557 142.156 0
      vertex 97.7801 144.226 0
    endloop
  endfacet
  facet normal -0 0 -1
    outer loop
      vertex 97.7801 144.226 0
      vertex 95.1557 142.156 0
      vertex 97.5213 144.521 0
    endloop
  endfacet
  facet normal -0 0 -1
    outer loop
      vertex 97.5213 144.521 0
      vertex 95.1557 142.156 0
      vertex 97.2263 144.78 0
    endloop
  endfacet
  facet normal -0 0 -1
    outer loop
      vertex 97.2263 144.78 0
      vertex 95.1557 142.156 0
      vertex 96.9 144.998 0
    endloop
  endfacet
  facet normal 0 0 -1
    outer loop
      vertex 94.8419 142.431 0
      vertex 96.9 144.998 0
      vertex 95.1557 142.156 0
    endloop
  endfacet
  facet normal -0 0 -1
    outer loop
      vertex 96.9 144.998 0
      vertex 94.8419 142.431 0
      vertex 96.548 145.172 0
    endloop
  endfacet
  facet normal -0 0 -1
    outer loop
      vertex 96.548 145.172 0
      vertex 94.8419 142.431 0
      vertex 96.1765 145.298 0
    endloop
  endfacet
  facet normal -0 0 -1
    outer loop
      vertex 96.1765 145.298 0
      vertex 94.8419 142.431 0
      vertex 95.7916 145.374 0
    endloop
  endfacet
  facet normal 0 0 -1
    outer loop
      vertex 94.495 142.663 0
      vertex 95.7916 145.374 0
      vertex 94.8419 142.431 0
    endloop
  endfacet
  facet normal -0 0 -1
    outer loop
      vertex 95.7916 145.374 0
      vertex 94.495 142.663 0
      vertex 95.4 145.4 0
    endloop
  endfacet
  facet normal 0 0 -1
    outer loop
      vertex 94.1208 142.847 0
      vertex 95.4 145.4 0
      vertex 94.495 142.663 0
    endloop
  endfacet
  facet normal 0 0 -1
    outer loop
      vertex 93.7256 142.981 0
      vertex 95.4 145.4 0
      vertex 94.1208 142.847 0
    endloop
  endfacet
  facet normal 0 0 -1
    outer loop
      vertex 93.3164 143.063 0
      vertex 95.4 145.4 0
      vertex 93.7256 142.981 0
    endloop
  endfacet
  facet normal 0 0 -1
    outer loop
      vertex 92.9 143.09 0
      vertex 95.4 145.4 0
      vertex 93.3164 143.063 0
    endloop
  endfacet
  facet normal 0 0 -1
    outer loop
      vertex 92.4836 143.063 0
      vertex 95.4 145.4 0
      vertex 92.9 143.09 0
    endloop
  endfacet
  facet normal 0 0 -1
    outer loop
      vertex 92.0744 142.981 0
      vertex 95.4 145.4 0
      vertex 92.4836 143.063 0
    endloop
  endfacet
  facet normal 0 0 -1
    outer loop
      vertex 91.6792 142.847 0
      vertex 95.4 145.4 0
      vertex 92.0744 142.981 0
    endloop
  endfacet
  facet normal 0 0 -1
    outer loop
      vertex 91.305 142.663 0
      vertex 95.4 145.4 0
      vertex 91.6792 142.847 0
    endloop
  endfacet
  facet normal 0 0 -1
    outer loop
      vertex 7.095 142.663 0
      vertex 91.305 142.663 0
      vertex 90.9581 142.431 0
    endloop
  endfacet
  facet normal 0 0 -1
    outer loop
      vertex 89.7373 139.484 0
      vertex 8.69 139.9 0
      vertex 89.71 139.9 0
    endloop
  endfacet
  facet normal 0 0 -1
    outer loop
      vertex 89.71 139.9 0
      vertex 8.69 139.9 0
      vertex 89.7373 140.316 0
    endloop
  endfacet
  facet normal 0 0 -1
    outer loop
      vertex 8.66271 140.316 0
      vertex 89.7373 140.316 0
      vertex 8.69 139.9 0
    endloop
  endfacet
  facet normal 0 0 -1
    outer loop
      vertex 89.7373 140.316 0
      vertex 8.66271 140.316 0
      vertex 89.8187 140.726 0
    endloop
  endfacet
  facet normal 0 0 -1
    outer loop
      vertex 8.5813 140.726 0
      vertex 89.8187 140.726 0
      vertex 8.66271 140.316 0
    endloop
  endfacet
  facet normal 0 0 -1
    outer loop
      vertex 89.8187 140.726 0
      vertex 8.5813 140.726 0
      vertex 89.9528 141.121 0
    endloop
  endfacet
  facet normal 0 0 -1
    outer loop
      vertex 8.44718 141.121 0
      vertex 89.9528 141.121 0
      vertex 8.5813 140.726 0
    endloop
  endfacet
  facet normal 0 0 -1
    outer loop
      vertex 89.9528 141.121 0
      vertex 8.44718 141.121 0
      vertex 90.1374 141.495 0
    endloop
  endfacet
  facet normal 0 0 -1
    outer loop
      vertex 8.26262 141.495 0
      vertex 90.1374 141.495 0
      vertex 8.44718 141.121 0
    endloop
  endfacet
  facet normal 0 0 -1
    outer loop
      vertex 90.1374 141.495 0
      vertex 8.26262 141.495 0
      vertex 90.3692 141.842 0
    endloop
  endfacet
  facet normal 0 0 -1
    outer loop
      vertex 8.0308 141.842 0
      vertex 90.3692 141.842 0
      vertex 8.26262 141.495 0
    endloop
  endfacet
  facet normal 0 0 -1
    outer loop
      vertex 90.3692 141.842 0
      vertex 8.0308 141.842 0
      vertex 90.6443 142.156 0
    endloop
  endfacet
  facet normal 0 0 -1
    outer loop
      vertex 7.75567 142.156 0
      vertex 90.6443 142.156 0
      vertex 8.0308 141.842 0
    endloop
  endfacet
  facet normal 0 0 -1
    outer loop
      vertex 90.6443 142.156 0
      vertex 7.75567 142.156 0
      vertex 90.9581 142.431 0
    endloop
  endfacet
  facet normal 0 0 -1
    outer loop
      vertex 7.44195 142.431 0
      vertex 90.9581 142.431 0
      vertex 7.75567 142.156 0
    endloop
  endfacet
  facet normal 0 0 -1
    outer loop
      vertex 7.095 142.663 0
      vertex 90.9581 142.431 0
      vertex 7.44195 142.431 0
    endloop
  endfacet
  facet normal 0 0 -1
    outer loop
      vertex 91.305 142.663 0
      vertex 7.095 142.663 0
      vertex 95.4 145.4 0
    endloop
  endfacet
  facet normal 0 0 -1
    outer loop
      vertex 3 145.4 0
      vertex 7.095 142.663 0
      vertex 6.72076 142.847 0
    endloop
  endfacet
  facet normal 0 0 -1
    outer loop
      vertex 3 145.4 0
      vertex 6.72076 142.847 0
      vertex 6.32563 142.981 0
    endloop
  endfacet
  facet normal 0 0 -1
    outer loop
      vertex 3 145.4 0
      vertex 6.32563 142.981 0
      vertex 5.91638 143.063 0
    endloop
  endfacet
  facet normal 0 0 -1
    outer loop
      vertex 3 145.4 0
      vertex 5.91638 143.063 0
      vertex 5.5 143.09 0
    endloop
  endfacet
  facet normal 0 0 -1
    outer loop
      vertex 7.095 142.663 0
      vertex 3 145.4 0
      vertex 95.4 145.4 0
    endloop
  endfacet
  facet normal 0 0 -1
    outer loop
      vertex 5.08362 143.063 0
      vertex 3 145.4 0
      vertex 5.5 143.09 0
    endloop
  endfacet
  facet normal 0 0 -1
    outer loop
      vertex 4.67437 142.981 0
      vertex 3 145.4 0
      vertex 5.08362 143.063 0
    endloop
  endfacet
  facet normal 0 0 -1
    outer loop
      vertex 4.27924 142.847 0
      vertex 3 145.4 0
      vertex 4.67437 142.981 0
    endloop
  endfacet
  facet normal 0 0 -1
    outer loop
      vertex 3.905 142.663 0
      vertex 3 145.4 0
      vertex 4.27924 142.847 0
    endloop
  endfacet
  facet normal 0 0 -1
    outer loop
      vertex 2.60843 145.374 0
      vertex 3.905 142.663 0
      vertex 3.55805 142.431 0
    endloop
  endfacet
  facet normal 0 0 -1
    outer loop
      vertex 1.5 144.998 0
      vertex 3.55805 142.431 0
      vertex 3.24433 142.156 0
    endloop
  endfacet
  facet normal 0 0 -1
    outer loop
      vertex 0.401917 143.9 0
      vertex 3.24433 142.156 0
      vertex 2.9692 141.842 0
    endloop
  endfacet
  facet normal 0 0 -1
    outer loop
      vertex 0.0256653 142.792 0
      vertex 2.9692 141.842 0
      vertex 2.73738 141.495 0
    endloop
  endfacet
  facet normal 0 0 -1
    outer loop
      vertex 3.905 142.663 0
      vertex 2.60843 145.374 0
      vertex 3 145.4 0
    endloop
  endfacet
  facet normal 0 0 -1
    outer loop
      vertex 0 142.4 0
      vertex 2.73738 141.495 0
      vertex 2.55282 141.121 0
    endloop
  endfacet
  facet normal 0 0 -1
    outer loop
      vertex 0 142.4 0
      vertex 2.55282 141.121 0
      vertex 2.4187 140.726 0
    endloop
  endfacet
  facet normal 0 0 -1
    outer loop
      vertex 0 142.4 0
      vertex 2.4187 140.726 0
      vertex 2.33729 140.316 0
    endloop
  endfacet
  facet normal 0 0 -1
    outer loop
      vertex 0 142.4 0
      vertex 2.33729 140.316 0
      vertex 2.31 139.9 0
    endloop
  endfacet
  facet normal 0 0 -1
    outer loop
      vertex 3.55805 142.431 0
      vertex 2.22354 145.298 0
      vertex 2.60843 145.374 0
    endloop
  endfacet
  facet normal 0 0 -1
    outer loop
      vertex 2.4187 139.074 0
      vertex 0 142.4 0
      vertex 2.33729 139.484 0
    endloop
  endfacet
  facet normal 0 0 -1
    outer loop
      vertex 0.228363 1.85194 0
      vertex 2.9692 3.55805 0
      vertex 0.401917 1.5 0
    endloop
  endfacet
  facet normal 0 0 -1
    outer loop
      vertex 2.33729 139.484 0
      vertex 0 142.4 0
      vertex 2.31 139.9 0
    endloop
  endfacet
  facet normal 0 0 -1
    outer loop
      vertex 0.102219 2.22354 0
      vertex 2.9692 3.55805 0
      vertex 0.228363 1.85194 0
    endloop
  endfacet
  facet normal 0 0 -1
    outer loop
      vertex 2.73738 141.495 0
      vertex 0 142.4 0
      vertex 0.0256653 142.792 0
    endloop
  endfacet
  facet normal 0 0 -1
    outer loop
      vertex 0.0256653 2.60843 0
      vertex 2.9692 3.55805 0
      vertex 0.102219 2.22354 0
    endloop
  endfacet
  facet normal 0 0 -1
    outer loop
      vertex 3.55805 142.431 0
      vertex 1.85194 145.172 0
      vertex 2.22354 145.298 0
    endloop
  endfacet
  facet normal -0 0 -1
    outer loop
      vertex 2.9692 3.55805 0
      vertex 0.0256653 2.60843 0
      vertex 2.73738 3.905 0
    endloop
  endfacet
  facet normal 0 0 -1
    outer loop
      vertex 3.55805 142.431 0
      vertex 1.5 144.998 0
      vertex 1.85194 145.172 0
    endloop
  endfacet
  facet normal 0 0 -1
    outer loop
      vertex 0 3 0
      vertex 2.73738 3.905 0
      vertex 0.0256653 2.60843 0
    endloop
  endfacet
  facet normal 0 0 -1
    outer loop
      vertex 3.24433 142.156 0
      vertex 1.17372 144.78 0
      vertex 1.5 144.998 0
    endloop
  endfacet
  facet normal -0 0 -1
    outer loop
      vertex 2.73738 3.905 0
      vertex 0 3 0
      vertex 2.55282 4.27924 0
    endloop
  endfacet
  facet normal 0 0 -1
    outer loop
      vertex 3.24433 142.156 0
      vertex 0.878677 144.521 0
      vertex 1.17372 144.78 0
    endloop
  endfacet
  facet normal -0 0 -1
    outer loop
      vertex 2.55282 4.27924 0
      vertex 0 3 0
      vertex 2.4187 4.67437 0
    endloop
  endfacet
  facet normal 0 0 -1
    outer loop
      vertex 3.24433 142.156 0
      vertex 0.619934 144.226 0
      vertex 0.878677 144.521 0
    endloop
  endfacet
  facet normal -0 0 -1
    outer loop
      vertex 2.4187 4.67437 0
      vertex 0 3 0
      vertex 2.33729 5.08362 0
    endloop
  endfacet
  facet normal 0 0 -1
    outer loop
      vertex 3.24433 142.156 0
      vertex 0.401917 143.9 0
      vertex 0.619934 144.226 0
    endloop
  endfacet
  facet normal -0 0 -1
    outer loop
      vertex 2.33729 5.08362 0
      vertex 0 3 0
      vertex 2.31 5.5 0
    endloop
  endfacet
  facet normal 0 0 -1
    outer loop
      vertex 2.9692 141.842 0
      vertex 0.228363 143.548 0
      vertex 0.401917 143.9 0
    endloop
  endfacet
  facet normal 0 0 -1
    outer loop
      vertex 2.9692 141.842 0
      vertex 0.102219 143.176 0
      vertex 0.228363 143.548 0
    endloop
  endfacet
  facet normal 0 0 -1
    outer loop
      vertex 2.9692 141.842 0
      vertex 0.0256653 142.792 0
      vertex 0.102219 143.176 0
    endloop
  endfacet
  facet normal -0.195076 -0.980788 0
    outer loop
      vertex 2.22354 0.102219 0
      vertex 2.60843 0.0256653 3
      vertex 2.22354 0.102219 3
    endloop
  endfacet
  facet normal -0.195076 -0.980788 -0
    outer loop
      vertex 2.60843 0.0256653 3
      vertex 2.22354 0.102219 0
      vertex 2.60843 0.0256653 0
    endloop
  endfacet
  facet normal -0.751796 0.659396 0
    outer loop
      vertex 0.619934 144.226 0
      vertex 0.878677 144.521 3
      vertex 0.878677 144.521 0
    endloop
  endfacet
  facet normal -0.751796 0.659396 0
    outer loop
      vertex 0.878677 144.521 3
      vertex 0.619934 144.226 0
      vertex 0.619934 144.226 3
    endloop
  endfacet
  facet normal -0.980788 -0.195076 0
    outer loop
      vertex 0.102219 2.22354 0
      vertex 0.0256653 2.60843 3
      vertex 0.0256653 2.60843 0
    endloop
  endfacet
  facet normal -0.980788 -0.195076 0
    outer loop
      vertex 0.0256653 2.60843 3
      vertex 0.102219 2.22354 0
      vertex 0.102219 2.22354 3
    endloop
  endfacet
  facet normal -0.193719 0.981057 0
    outer loop
      vertex 2.60843 145.374 0
      vertex 2.22354 145.298 3
      vertex 2.60843 145.374 3
    endloop
  endfacet
  facet normal -0.193719 0.981057 0
    outer loop
      vertex 2.22354 145.298 3
      vertex 2.60843 145.374 0
      vertex 2.22354 145.298 0
    endloop
  endfacet
  facet normal 0.946885 -0.321574 0
    outer loop
      vertex 98.1716 1.85194 3
      vertex 98.2978 2.22354 0
      vertex 98.2978 2.22354 3
    endloop
  endfacet
  facet normal 0.946885 -0.321574 0
    outer loop
      vertex 98.2978 2.22354 0
      vertex 98.1716 1.85194 3
      vertex 98.1716 1.85194 0
    endloop
  endfacet
  facet normal 0.980728 0.195379 0
    outer loop
      vertex 98.3743 142.792 3
      vertex 98.2978 143.176 0
      vertex 98.2978 143.176 3
    endloop
  endfacet
  facet normal 0.980728 0.195379 0
    outer loop
      vertex 98.2978 143.176 0
      vertex 98.3743 142.792 3
      vertex 98.3743 142.792 0
    endloop
  endfacet
  facet normal -0.946928 -0.321446 0
    outer loop
      vertex 0.228363 1.85194 0
      vertex 0.102219 2.22354 3
      vertex 0.102219 2.22354 0
    endloop
  endfacet
  facet normal -0.946928 -0.321446 0
    outer loop
      vertex 0.102219 2.22354 3
      vertex 0.228363 1.85194 0
      vertex 0.228363 1.85194 3
    endloop
  endfacet
  facet normal 0.659766 0.751471 -0
    outer loop
      vertex 97.5213 144.521 0
      vertex 97.2263 144.78 3
      vertex 97.5213 144.521 3
    endloop
  endfacet
  facet normal 0.659766 0.751471 0
    outer loop
      vertex 97.2263 144.78 3
      vertex 97.5213 144.521 0
      vertex 97.2263 144.78 0
    endloop
  endfacet
  facet normal 0.443134 0.896455 -0
    outer loop
      vertex 96.9 144.998 0
      vertex 96.548 145.172 3
      vertex 96.9 144.998 3
    endloop
  endfacet
  facet normal 0.443134 0.896455 0
    outer loop
      vertex 96.548 145.172 3
      vertex 96.9 144.998 0
      vertex 96.548 145.172 0
    endloop
  endfacet
  facet normal -0.659342 -0.751843 0
    outer loop
      vertex 0.878677 0.878677 0
      vertex 1.17372 0.619934 3
      vertex 0.878677 0.878677 3
    endloop
  endfacet
  facet normal -0.659342 -0.751843 -0
    outer loop
      vertex 1.17372 0.619934 3
      vertex 0.878677 0.878677 0
      vertex 1.17372 0.619934 0
    endloop
  endfacet
  facet normal -0.555577 -0.831465 0
    outer loop
      vertex 1.17372 0.619934 0
      vertex 1.5 0.401917 3
      vertex 1.17372 0.619934 3
    endloop
  endfacet
  facet normal -0.555577 -0.831465 -0
    outer loop
      vertex 1.5 0.401917 3
      vertex 1.17372 0.619934 0
      vertex 1.5 0.401917 0
    endloop
  endfacet
  facet normal -0.0654043 -0.997859 0
    outer loop
      vertex 2.60843 0.0256653 0
      vertex 3 0 3
      vertex 2.60843 0.0256653 3
    endloop
  endfacet
  facet normal -0.0654043 -0.997859 -0
    outer loop
      vertex 3 0 3
      vertex 2.60843 0.0256653 0
      vertex 3 0 0
    endloop
  endfacet
  facet normal -0.321446 -0.946928 0
    outer loop
      vertex 1.85194 0.228363 0
      vertex 2.22354 0.102219 3
      vertex 1.85194 0.228363 3
    endloop
  endfacet
  facet normal -0.321446 -0.946928 -0
    outer loop
      vertex 2.22354 0.102219 3
      vertex 1.85194 0.228363 0
      vertex 2.22354 0.102219 0
    endloop
  endfacet
  facet normal 0.831265 0.555877 0
    outer loop
      vertex 97.9981 143.9 3
      vertex 97.7801 144.226 0
      vertex 97.7801 144.226 3
    endloop
  endfacet
  facet normal 0.831265 0.555877 0
    outer loop
      vertex 97.7801 144.226 0
      vertex 97.9981 143.9 3
      vertex 97.9981 143.9 0
    endloop
  endfacet
  facet normal -0.997864 0.0653328 0
    outer loop
      vertex 0 142.4 0
      vertex 0.0256653 142.792 3
      vertex 0.0256653 142.792 0
    endloop
  endfacet
  facet normal -0.997864 0.0653328 0
    outer loop
      vertex 0.0256653 142.792 3
      vertex 0 142.4 0
      vertex 0 142.4 3
    endloop
  endfacet
  facet normal 0.896961 0.44211 0
    outer loop
      vertex 98.1716 143.548 3
      vertex 97.9981 143.9 0
      vertex 97.9981 143.9 3
    endloop
  endfacet
  facet normal 0.896961 0.44211 0
    outer loop
      vertex 97.9981 143.9 0
      vertex 98.1716 143.548 3
      vertex 98.1716 143.548 0
    endloop
  endfacet
  facet normal 0.94699 0.321264 0
    outer loop
      vertex 98.2978 143.176 3
      vertex 98.1716 143.548 0
      vertex 98.1716 143.548 3
    endloop
  endfacet
  facet normal 0.94699 0.321264 0
    outer loop
      vertex 98.1716 143.548 0
      vertex 98.2978 143.176 3
      vertex 98.2978 143.176 0
    endloop
  endfacet
  facet normal -0.997859 -0.0654043 0
    outer loop
      vertex 0.0256653 2.60843 0
      vertex 0 3 3
      vertex 0 3 0
    endloop
  endfacet
  facet normal -0.997859 -0.0654043 0
    outer loop
      vertex 0 3 3
      vertex 0.0256653 2.60843 0
      vertex 0.0256653 2.60843 3
    endloop
  endfacet
  facet normal 0.751724 0.659478 0
    outer loop
      vertex 97.7801 144.226 3
      vertex 97.5213 144.521 0
      vertex 97.5213 144.521 3
    endloop
  endfacet
  facet normal 0.751724 0.659478 0
    outer loop
      vertex 97.5213 144.521 0
      vertex 97.7801 144.226 3
      vertex 97.7801 144.226 0
    endloop
  endfacet
  facet normal 0.751771 -0.659424 0
    outer loop
      vertex 97.5213 0.878677 3
      vertex 97.7801 1.17372 0
      vertex 97.7801 1.17372 3
    endloop
  endfacet
  facet normal 0.751771 -0.659424 0
    outer loop
      vertex 97.7801 1.17372 0
      vertex 97.5213 0.878677 3
      vertex 97.5213 0.878677 0
    endloop
  endfacet
  facet normal 0.193714 0.981058 -0
    outer loop
      vertex 96.1765 145.298 0
      vertex 95.7916 145.374 3
      vertex 96.1765 145.298 3
    endloop
  endfacet
  facet normal 0.193714 0.981058 0
    outer loop
      vertex 95.7916 145.374 3
      vertex 96.1765 145.298 0
      vertex 95.7916 145.374 0
    endloop
  endfacet
  facet normal 0.555523 0.831501 -0
    outer loop
      vertex 97.2263 144.78 0
      vertex 96.9 144.998 3
      vertex 97.2263 144.78 3
    endloop
  endfacet
  facet normal 0.555523 0.831501 0
    outer loop
      vertex 96.9 144.998 3
      vertex 97.2263 144.78 0
      vertex 96.9 144.998 0
    endloop
  endfacet
  facet normal -0.896876 -0.442281 0
    outer loop
      vertex 0.401917 1.5 0
      vertex 0.228363 1.85194 3
      vertex 0.228363 1.85194 0
    endloop
  endfacet
  facet normal -0.896876 -0.442281 0
    outer loop
      vertex 0.228363 1.85194 3
      vertex 0.401917 1.5 0
      vertex 0.401917 1.5 3
    endloop
  endfacet
  facet normal 0.0662484 0.997803 -0
    outer loop
      vertex 95.7916 145.374 0
      vertex 95.4 145.4 3
      vertex 95.7916 145.374 3
    endloop
  endfacet
  facet normal 0.0662484 0.997803 0
    outer loop
      vertex 95.4 145.4 3
      vertex 95.7916 145.374 0
      vertex 95.4 145.4 0
    endloop
  endfacet
  facet normal 0.997853 -0.0654923 0
    outer loop
      vertex 98.3743 2.60843 3
      vertex 98.4 3 0
      vertex 98.4 3 3
    endloop
  endfacet
  facet normal 0.997853 -0.0654923 0
    outer loop
      vertex 98.4 3 0
      vertex 98.3743 2.60843 3
      vertex 98.3743 2.60843 0
    endloop
  endfacet
  facet normal 0.442221 -0.896906 0
    outer loop
      vertex 96.548 0.228363 0
      vertex 96.9 0.401917 3
      vertex 96.548 0.228363 3
    endloop
  endfacet
  facet normal 0.442221 -0.896906 0
    outer loop
      vertex 96.9 0.401917 3
      vertex 96.548 0.228363 0
      vertex 96.9 0.401917 0
    endloop
  endfacet
  facet normal 0.555553 -0.831481 0
    outer loop
      vertex 96.9 0.401917 0
      vertex 97.2263 0.619934 3
      vertex 96.9 0.401917 3
    endloop
  endfacet
  facet normal 0.555553 -0.831481 0
    outer loop
      vertex 97.2263 0.619934 3
      vertex 96.9 0.401917 0
      vertex 97.2263 0.619934 0
    endloop
  endfacet
  facet normal -0.980779 -0.195122 0
    outer loop
      vertex 7.18546 5.72189 1.49
      vertex 7.14207 5.93999 3
      vertex 7.14207 5.93999 1.49
    endloop
  endfacet
  facet normal -0.980779 -0.195122 0
    outer loop
      vertex 7.14207 5.93999 3
      vertex 7.18546 5.72189 1.49
      vertex 7.18546 5.72189 3
    endloop
  endfacet
  facet normal -0.99786 -0.0653877 0
    outer loop
      vertex 7.2 5.5 1.49
      vertex 7.18546 5.72189 3
      vertex 7.18546 5.72189 1.49
    endloop
  endfacet
  facet normal -0.99786 -0.0653877 0
    outer loop
      vertex 7.18546 5.72189 3
      vertex 7.2 5.5 1.49
      vertex 7.2 5.5 3
    endloop
  endfacet
  facet normal -0.0653877 0.99786 0
    outer loop
      vertex 5.72189 3.81454 1.49
      vertex 5.5 3.8 3
      vertex 5.72189 3.81454 3
    endloop
  endfacet
  facet normal -0.0653877 0.99786 0
    outer loop
      vertex 5.5 3.8 3
      vertex 5.72189 3.81454 1.49
      vertex 5.5 3.8 1.49
    endloop
  endfacet
  facet normal 0.659342 -0.751844 0
    outer loop
      vertex 4.29792 6.70208 1.49
      vertex 4.46511 6.8487 3
      vertex 4.29792 6.70208 3
    endloop
  endfacet
  facet normal 0.659342 -0.751844 0
    outer loop
      vertex 4.46511 6.8487 3
      vertex 4.29792 6.70208 1.49
      vertex 4.46511 6.8487 1.49
    endloop
  endfacet
  facet normal 0.831469 0.555572 0
    outer loop
      vertex 4.1513 4.46511 3
      vertex 4.02776 4.65 1.49
      vertex 4.02776 4.65 3
    endloop
  endfacet
  facet normal 0.831469 0.555572 0
    outer loop
      vertex 4.02776 4.65 1.49
      vertex 4.1513 4.46511 3
      vertex 4.1513 4.46511 1.49
    endloop
  endfacet
  facet normal 0.195122 0.980779 -0
    outer loop
      vertex 5.27811 3.81454 1.49
      vertex 5.06001 3.85793 3
      vertex 5.27811 3.81454 3
    endloop
  endfacet
  facet normal 0.195122 0.980779 0
    outer loop
      vertex 5.06001 3.85793 3
      vertex 5.27811 3.81454 1.49
      vertex 5.06001 3.85793 1.49
    endloop
  endfacet
  facet normal -0.659342 -0.751844 0
    outer loop
      vertex 6.53489 6.8487 3
      vertex 6.70208 6.70208 1.49
      vertex 6.70208 6.70208 3
    endloop
  endfacet
  facet normal -0.659342 -0.751844 0
    outer loop
      vertex 6.70208 6.70208 1.49
      vertex 6.53489 6.8487 3
      vertex 6.53489 6.8487 1.49
    endloop
  endfacet
  facet normal -0.946929 0.321444 0
    outer loop
      vertex 7.07059 4.84944 1.49
      vertex 7.14207 5.06001 3
      vertex 7.14207 5.06001 1.49
    endloop
  endfacet
  facet normal -0.946929 0.321444 0
    outer loop
      vertex 7.14207 5.06001 3
      vertex 7.07059 4.84944 1.49
      vertex 7.07059 4.84944 3
    endloop
  endfacet
  facet normal -0.751844 0.659342 0
    outer loop
      vertex 6.70208 4.29792 1.49
      vertex 6.8487 4.46511 3
      vertex 6.8487 4.46511 1.49
    endloop
  endfacet
  facet normal -0.751844 0.659342 0
    outer loop
      vertex 6.8487 4.46511 3
      vertex 6.70208 4.29792 1.49
      vertex 6.70208 4.29792 3
    endloop
  endfacet
  facet normal -0.751844 -0.659342 0
    outer loop
      vertex 6.8487 6.53489 1.49
      vertex 6.70208 6.70208 3
      vertex 6.70208 6.70208 1.49
    endloop
  endfacet
  facet normal -0.751844 -0.659342 0
    outer loop
      vertex 6.70208 6.70208 3
      vertex 6.8487 6.53489 1.49
      vertex 6.8487 6.53489 3
    endloop
  endfacet
  facet normal 0.946929 0.321444 0
    outer loop
      vertex 3.92941 4.84944 3
      vertex 3.85793 5.06001 1.49
      vertex 3.85793 5.06001 3
    endloop
  endfacet
  facet normal 0.946929 0.321444 0
    outer loop
      vertex 3.85793 5.06001 1.49
      vertex 3.92941 4.84944 3
      vertex 3.92941 4.84944 1.49
    endloop
  endfacet
  facet normal -0.321444 0.946929 0
    outer loop
      vertex 6.15056 3.92941 1.49
      vertex 5.93999 3.85793 3
      vertex 6.15056 3.92941 3
    endloop
  endfacet
  facet normal -0.321444 0.946929 0
    outer loop
      vertex 5.93999 3.85793 3
      vertex 6.15056 3.92941 1.49
      vertex 5.93999 3.85793 1.49
    endloop
  endfacet
  facet normal 0.0653877 0.99786 0
    outer loop
      vertex 5.5 3.8 3
      vertex 5.27811 3.81454 1.49
      vertex 5.27811 3.81454 3
    endloop
  endfacet
  facet normal 0.0653877 0.99786 0
    outer loop
      vertex 5.27811 3.81454 1.49
      vertex 5.5 3.8 3
      vertex 5.5 3.8 1.49
    endloop
  endfacet
  facet normal 0.321444 -0.946929 0
    outer loop
      vertex 4.84944 7.07059 1.49
      vertex 5.06001 7.14207 3
      vertex 4.84944 7.07059 3
    endloop
  endfacet
  facet normal 0.321444 -0.946929 0
    outer loop
      vertex 5.06001 7.14207 3
      vertex 4.84944 7.07059 1.49
      vertex 5.06001 7.14207 1.49
    endloop
  endfacet
  facet normal 0.751844 -0.659342 0
    outer loop
      vertex 4.1513 6.53489 3
      vertex 4.29792 6.70208 1.49
      vertex 4.29792 6.70208 3
    endloop
  endfacet
  facet normal 0.751844 -0.659342 0
    outer loop
      vertex 4.29792 6.70208 1.49
      vertex 4.1513 6.53489 3
      vertex 4.1513 6.53489 1.49
    endloop
  endfacet
  facet normal 0.442278 0.896878 0
    outer loop
      vertex 4.84944 3.92941 3
      vertex 4.65 4.02776 1.49
      vertex 4.65 4.02776 3
    endloop
  endfacet
  facet normal 0.442278 0.896878 0
    outer loop
      vertex 4.65 4.02776 1.49
      vertex 4.84944 3.92941 3
      vertex 4.84944 3.92941 1.49
    endloop
  endfacet
  facet normal 0.0653877 -0.99786 0
    outer loop
      vertex 5.27811 7.18546 1.49
      vertex 5.5 7.2 3
      vertex 5.27811 7.18546 3
    endloop
  endfacet
  facet normal 0.0653877 -0.99786 0
    outer loop
      vertex 5.5 7.2 3
      vertex 5.27811 7.18546 1.49
      vertex 5.5 7.2 1.49
    endloop
  endfacet
  facet normal -0.896878 0.442278 0
    outer loop
      vertex 6.97224 4.65 1.49
      vertex 7.07059 4.84944 3
      vertex 7.07059 4.84944 1.49
    endloop
  endfacet
  facet normal -0.896878 0.442278 0
    outer loop
      vertex 7.07059 4.84944 3
      vertex 6.97224 4.65 1.49
      vertex 6.97224 4.65 3
    endloop
  endfacet
  facet normal -0.555572 0.831469 0
    outer loop
      vertex 6.53489 4.1513 3
      vertex 6.35 4.02776 1.49
      vertex 6.35 4.02776 3
    endloop
  endfacet
  facet normal -0.555572 0.831469 0
    outer loop
      vertex 6.35 4.02776 1.49
      vertex 6.53489 4.1513 3
      vertex 6.53489 4.1513 1.49
    endloop
  endfacet
  facet normal 0.980779 0.195122 0
    outer loop
      vertex 3.85793 5.06001 3
      vertex 3.81454 5.27811 1.49
      vertex 3.81454 5.27811 3
    endloop
  endfacet
  facet normal 0.980779 0.195122 0
    outer loop
      vertex 3.81454 5.27811 1.49
      vertex 3.85793 5.06001 3
      vertex 3.85793 5.06001 1.49
    endloop
  endfacet
  facet normal -0.195122 -0.980779 0
    outer loop
      vertex 5.72189 7.18546 1.49
      vertex 5.93999 7.14207 3
      vertex 5.72189 7.18546 3
    endloop
  endfacet
  facet normal -0.195122 -0.980779 -0
    outer loop
      vertex 5.93999 7.14207 3
      vertex 5.72189 7.18546 1.49
      vertex 5.93999 7.14207 1.49
    endloop
  endfacet
  facet normal -0.831469 -0.555572 0
    outer loop
      vertex 6.97224 6.35 1.49
      vertex 6.8487 6.53489 3
      vertex 6.8487 6.53489 1.49
    endloop
  endfacet
  facet normal -0.831469 -0.555572 0
    outer loop
      vertex 6.8487 6.53489 3
      vertex 6.97224 6.35 1.49
      vertex 6.97224 6.35 3
    endloop
  endfacet
  facet normal -0.99786 0.0653877 0
    outer loop
      vertex 7.18546 5.27811 1.49
      vertex 7.2 5.5 3
      vertex 7.2 5.5 1.49
    endloop
  endfacet
  facet normal -0.99786 0.0653877 0
    outer loop
      vertex 7.2 5.5 3
      vertex 7.18546 5.27811 1.49
      vertex 7.18546 5.27811 3
    endloop
  endfacet
  facet normal -0.321444 -0.946929 0
    outer loop
      vertex 5.93999 7.14207 3
      vertex 6.15056 7.07059 1.49
      vertex 6.15056 7.07059 3
    endloop
  endfacet
  facet normal -0.321444 -0.946929 0
    outer loop
      vertex 6.15056 7.07059 1.49
      vertex 5.93999 7.14207 3
      vertex 5.93999 7.14207 1.49
    endloop
  endfacet
  facet normal -0.555572 -0.831469 0
    outer loop
      vertex 6.35 6.97224 1.49
      vertex 6.53489 6.8487 3
      vertex 6.35 6.97224 3
    endloop
  endfacet
  facet normal -0.555572 -0.831469 -0
    outer loop
      vertex 6.53489 6.8487 3
      vertex 6.35 6.97224 1.49
      vertex 6.53489 6.8487 1.49
    endloop
  endfacet
  facet normal 0.195122 -0.980779 0
    outer loop
      vertex 5.06001 7.14207 3
      vertex 5.27811 7.18546 1.49
      vertex 5.27811 7.18546 3
    endloop
  endfacet
  facet normal 0.195122 -0.980779 0
    outer loop
      vertex 5.27811 7.18546 1.49
      vertex 5.06001 7.14207 3
      vertex 5.06001 7.14207 1.49
    endloop
  endfacet
  facet normal -0.659342 0.751844 0
    outer loop
      vertex 6.70208 4.29792 1.49
      vertex 6.53489 4.1513 3
      vertex 6.70208 4.29792 3
    endloop
  endfacet
  facet normal -0.659342 0.751844 0
    outer loop
      vertex 6.53489 4.1513 3
      vertex 6.70208 4.29792 1.49
      vertex 6.53489 4.1513 1.49
    endloop
  endfacet
  facet normal 0.896878 -0.442278 0
    outer loop
      vertex 3.92941 6.15056 3
      vertex 4.02776 6.35 1.49
      vertex 4.02776 6.35 3
    endloop
  endfacet
  facet normal 0.896878 -0.442278 0
    outer loop
      vertex 4.02776 6.35 1.49
      vertex 3.92941 6.15056 3
      vertex 3.92941 6.15056 1.49
    endloop
  endfacet
  facet normal -0.980779 0.195122 0
    outer loop
      vertex 7.14207 5.06001 1.49
      vertex 7.18546 5.27811 3
      vertex 7.18546 5.27811 1.49
    endloop
  endfacet
  facet normal -0.980779 0.195122 0
    outer loop
      vertex 7.18546 5.27811 3
      vertex 7.14207 5.06001 1.49
      vertex 7.14207 5.06001 3
    endloop
  endfacet
  facet normal -0.195122 0.980779 0
    outer loop
      vertex 5.93999 3.85793 3
      vertex 5.72189 3.81454 1.49
      vertex 5.72189 3.81454 3
    endloop
  endfacet
  facet normal -0.195122 0.980779 0
    outer loop
      vertex 5.72189 3.81454 1.49
      vertex 5.93999 3.85793 3
      vertex 5.93999 3.85793 1.49
    endloop
  endfacet
  facet normal 0.659342 0.751844 0
    outer loop
      vertex 4.46511 4.1513 3
      vertex 4.29792 4.29792 1.49
      vertex 4.29792 4.29792 3
    endloop
  endfacet
  facet normal 0.659342 0.751844 0
    outer loop
      vertex 4.29792 4.29792 1.49
      vertex 4.46511 4.1513 3
      vertex 4.46511 4.1513 1.49
    endloop
  endfacet
  facet normal 0.751844 0.659342 0
    outer loop
      vertex 4.29792 4.29792 3
      vertex 4.1513 4.46511 1.49
      vertex 4.1513 4.46511 3
    endloop
  endfacet
  facet normal 0.751844 0.659342 0
    outer loop
      vertex 4.1513 4.46511 1.49
      vertex 4.29792 4.29792 3
      vertex 4.29792 4.29792 1.49
    endloop
  endfacet
  facet normal -0.0653877 -0.99786 0
    outer loop
      vertex 5.5 7.2 3
      vertex 5.72189 7.18546 1.49
      vertex 5.72189 7.18546 3
    endloop
  endfacet
  facet normal -0.0653877 -0.99786 0
    outer loop
      vertex 5.72189 7.18546 1.49
      vertex 5.5 7.2 3
      vertex 5.5 7.2 1.49
    endloop
  endfacet
  facet normal -0.442278 -0.896878 0
    outer loop
      vertex 6.15056 7.07059 3
      vertex 6.35 6.97224 1.49
      vertex 6.35 6.97224 3
    endloop
  endfacet
  facet normal -0.442278 -0.896878 0
    outer loop
      vertex 6.35 6.97224 1.49
      vertex 6.15056 7.07059 3
      vertex 6.15056 7.07059 1.49
    endloop
  endfacet
  facet normal -0.831469 0.555572 0
    outer loop
      vertex 6.8487 4.46511 1.49
      vertex 6.97224 4.65 3
      vertex 6.97224 4.65 1.49
    endloop
  endfacet
  facet normal -0.831469 0.555572 0
    outer loop
      vertex 6.97224 4.65 3
      vertex 6.8487 4.46511 1.49
      vertex 6.8487 4.46511 3
    endloop
  endfacet
  facet normal 0.99786 0.0653877 0
    outer loop
      vertex 3.81454 5.27811 3
      vertex 3.8 5.5 1.49
      vertex 3.8 5.5 3
    endloop
  endfacet
  facet normal 0.99786 0.0653877 0
    outer loop
      vertex 3.8 5.5 1.49
      vertex 3.81454 5.27811 3
      vertex 3.81454 5.27811 1.49
    endloop
  endfacet
  facet normal -0.442278 0.896878 0
    outer loop
      vertex 6.35 4.02776 1.49
      vertex 6.15056 3.92941 3
      vertex 6.35 4.02776 3
    endloop
  endfacet
  facet normal -0.442278 0.896878 0
    outer loop
      vertex 6.15056 3.92941 3
      vertex 6.35 4.02776 1.49
      vertex 6.15056 3.92941 1.49
    endloop
  endfacet
  facet normal 0.980779 -0.195122 0
    outer loop
      vertex 3.81454 5.72189 3
      vertex 3.85793 5.93999 1.49
      vertex 3.85793 5.93999 3
    endloop
  endfacet
  facet normal 0.980779 -0.195122 0
    outer loop
      vertex 3.85793 5.93999 1.49
      vertex 3.81454 5.72189 3
      vertex 3.81454 5.72189 1.49
    endloop
  endfacet
  facet normal 0.896878 0.442278 0
    outer loop
      vertex 4.02776 4.65 3
      vertex 3.92941 4.84944 1.49
      vertex 3.92941 4.84944 3
    endloop
  endfacet
  facet normal 0.896878 0.442278 0
    outer loop
      vertex 3.92941 4.84944 1.49
      vertex 4.02776 4.65 3
      vertex 4.02776 4.65 1.49
    endloop
  endfacet
  facet normal 0.946929 -0.321444 0
    outer loop
      vertex 3.85793 5.93999 3
      vertex 3.92941 6.15056 1.49
      vertex 3.92941 6.15056 3
    endloop
  endfacet
  facet normal 0.946929 -0.321444 0
    outer loop
      vertex 3.92941 6.15056 1.49
      vertex 3.85793 5.93999 3
      vertex 3.85793 5.93999 1.49
    endloop
  endfacet
  facet normal 0.555572 -0.831469 0
    outer loop
      vertex 4.46511 6.8487 3
      vertex 4.65 6.97224 1.49
      vertex 4.65 6.97224 3
    endloop
  endfacet
  facet normal 0.555572 -0.831469 0
    outer loop
      vertex 4.65 6.97224 1.49
      vertex 4.46511 6.8487 3
      vertex 4.46511 6.8487 1.49
    endloop
  endfacet
  facet normal -0.896878 -0.442278 0
    outer loop
      vertex 7.07059 6.15056 1.49
      vertex 6.97224 6.35 3
      vertex 6.97224 6.35 1.49
    endloop
  endfacet
  facet normal -0.896878 -0.442278 0
    outer loop
      vertex 6.97224 6.35 3
      vertex 7.07059 6.15056 1.49
      vertex 7.07059 6.15056 3
    endloop
  endfacet
  facet normal -0.946929 -0.321444 0
    outer loop
      vertex 7.14207 5.93999 1.49
      vertex 7.07059 6.15056 3
      vertex 7.07059 6.15056 1.49
    endloop
  endfacet
  facet normal -0.946929 -0.321444 0
    outer loop
      vertex 7.07059 6.15056 3
      vertex 7.14207 5.93999 1.49
      vertex 7.14207 5.93999 3
    endloop
  endfacet
  facet normal 0.99786 -0.0653877 0
    outer loop
      vertex 3.8 5.5 3
      vertex 3.81454 5.72189 1.49
      vertex 3.81454 5.72189 3
    endloop
  endfacet
  facet normal 0.99786 -0.0653877 0
    outer loop
      vertex 3.81454 5.72189 1.49
      vertex 3.8 5.5 3
      vertex 3.8 5.5 1.49
    endloop
  endfacet
  facet normal 0.321444 0.946929 0
    outer loop
      vertex 5.06001 3.85793 3
      vertex 4.84944 3.92941 1.49
      vertex 4.84944 3.92941 3
    endloop
  endfacet
  facet normal 0.321444 0.946929 0
    outer loop
      vertex 4.84944 3.92941 1.49
      vertex 5.06001 3.85793 3
      vertex 5.06001 3.85793 1.49
    endloop
  endfacet
  facet normal 0.442278 -0.896878 0
    outer loop
      vertex 4.65 6.97224 1.49
      vertex 4.84944 7.07059 3
      vertex 4.65 6.97224 3
    endloop
  endfacet
  facet normal 0.442278 -0.896878 0
    outer loop
      vertex 4.84944 7.07059 3
      vertex 4.65 6.97224 1.49
      vertex 4.84944 7.07059 1.49
    endloop
  endfacet
  facet normal 0.831469 -0.555572 0
    outer loop
      vertex 4.02776 6.35 3
      vertex 4.1513 6.53489 1.49
      vertex 4.1513 6.53489 3
    endloop
  endfacet
  facet normal 0.831469 -0.555572 0
    outer loop
      vertex 4.1513 6.53489 1.49
      vertex 4.02776 6.35 3
      vertex 4.02776 6.35 1.49
    endloop
  endfacet
  facet normal 0.555572 0.831469 -0
    outer loop
      vertex 4.65 4.02776 1.49
      vertex 4.46511 4.1513 3
      vertex 4.65 4.02776 3
    endloop
  endfacet
  facet normal 0.555572 0.831469 0
    outer loop
      vertex 4.46511 4.1513 3
      vertex 4.65 4.02776 1.49
      vertex 4.46511 4.1513 1.49
    endloop
  endfacet
  facet normal -0.706349 -0.0462949 -0.706349
    outer loop
      vertex 7.2 5.5 1.49
      vertex 8.66271 5.91638 0
      vertex 8.69 5.5 0
    endloop
  endfacet
  facet normal -0.70635 -0.0462857 -0.706348
    outer loop
      vertex 8.66271 5.91638 0
      vertex 7.2 5.5 1.49
      vertex 7.18546 5.72189 1.49
    endloop
  endfacet
  facet normal 0.588566 -0.393268 -0.70635
    outer loop
      vertex 4.02776 6.35 1.49
      vertex 2.9692 7.44195 0
      vertex 4.1513 6.53489 1.49
    endloop
  endfacet
  facet normal 0.588571 -0.393263 -0.706349
    outer loop
      vertex 2.9692 7.44195 0
      vertex 4.02776 6.35 1.49
      vertex 2.73738 7.095 0
    endloop
  endfacet
  facet normal -0.466732 -0.532196 -0.706349
    outer loop
      vertex 6.70208 6.70208 1.49
      vertex 7.44195 8.0308 0
      vertex 7.75567 7.75567 0
    endloop
  endfacet
  facet normal -0.466723 -0.532202 -0.70635
    outer loop
      vertex 7.44195 8.0308 0
      vertex 6.70208 6.70208 1.49
      vertex 6.53489 6.8487 1.49
    endloop
  endfacet
  facet normal -0.466732 0.532196 -0.706349
    outer loop
      vertex 7.44195 2.9692 0
      vertex 6.70208 4.29792 1.49
      vertex 7.75567 3.24433 0
    endloop
  endfacet
  facet normal -0.466723 0.532202 -0.70635
    outer loop
      vertex 6.70208 4.29792 1.49
      vertex 7.44195 2.9692 0
      vertex 6.53489 4.1513 1.49
    endloop
  endfacet
  facet normal -0.138106 -0.694261 -0.706349
    outer loop
      vertex 5.93999 7.14207 1.49
      vertex 5.91638 8.66271 0
      vertex 6.32563 8.5813 0
    endloop
  endfacet
  facet normal -0.13812 -0.694259 -0.706347
    outer loop
      vertex 5.91638 8.66271 0
      vertex 5.93999 7.14207 1.49
      vertex 5.72189 7.18546 1.49
    endloop
  endfacet
  facet normal -0.588571 0.393263 -0.706349
    outer loop
      vertex 8.0308 3.55805 0
      vertex 6.97224 4.65 1.49
      vertex 8.26262 3.905 0
    endloop
  endfacet
  facet normal -0.588566 0.393268 -0.70635
    outer loop
      vertex 6.97224 4.65 1.49
      vertex 8.0308 3.55805 0
      vertex 6.8487 4.46511 1.49
    endloop
  endfacet
  facet normal 0.634868 0.313073 -0.706349
    outer loop
      vertex 2.73738 3.905 0
      vertex 3.92941 4.84944 1.49
      vertex 4.02776 4.65 1.49
    endloop
  endfacet
  facet normal 0.634859 0.313087 -0.706351
    outer loop
      vertex 3.92941 4.84944 1.49
      vertex 2.73738 3.905 0
      vertex 2.55282 4.27924 0
    endloop
  endfacet
  facet normal 0.634868 -0.313073 -0.706349
    outer loop
      vertex 3.92941 6.15056 1.49
      vertex 2.73738 7.095 0
      vertex 4.02776 6.35 1.49
    endloop
  endfacet
  facet normal 0.634859 -0.313087 -0.706351
    outer loop
      vertex 2.73738 7.095 0
      vertex 3.92941 6.15056 1.49
      vertex 2.55282 6.72076 0
    endloop
  endfacet
  facet normal 0.532203 -0.466724 -0.706349
    outer loop
      vertex 4.1513 6.53489 1.49
      vertex 3.24433 7.75567 0
      vertex 4.29792 6.70208 1.49
    endloop
  endfacet
  facet normal 0.532195 -0.466731 -0.70635
    outer loop
      vertex 3.24433 7.75567 0
      vertex 4.1513 6.53489 1.49
      vertex 2.9692 7.44195 0
    endloop
  endfacet
  facet normal -0.634859 -0.313087 -0.706351
    outer loop
      vertex 7.07059 6.15056 1.49
      vertex 8.26262 7.095 0
      vertex 8.44718 6.72076 0
    endloop
  endfacet
  facet normal -0.634868 -0.313073 -0.706349
    outer loop
      vertex 8.26262 7.095 0
      vertex 7.07059 6.15056 1.49
      vertex 6.97224 6.35 1.49
    endloop
  endfacet
  facet normal -0.0462949 0.706349 -0.706348
    outer loop
      vertex 5.5 2.31 0
      vertex 5.72189 3.81454 1.49
      vertex 5.91638 2.33729 0
    endloop
  endfacet
  facet normal -0.0462856 0.706349 -0.706349
    outer loop
      vertex 5.72189 3.81454 1.49
      vertex 5.5 2.31 0
      vertex 5.5 3.8 1.49
    endloop
  endfacet
  facet normal -0.313087 0.63486 -0.706349
    outer loop
      vertex 6.72076 2.55282 0
      vertex 6.35 4.02776 1.49
      vertex 7.095 2.73738 0
    endloop
  endfacet
  facet normal -0.313072 0.634866 -0.706351
    outer loop
      vertex 6.35 4.02776 1.49
      vertex 6.72076 2.55282 0
      vertex 6.15056 3.92941 1.49
    endloop
  endfacet
  facet normal -0.532195 0.466731 -0.70635
    outer loop
      vertex 7.75567 3.24433 0
      vertex 6.8487 4.46511 1.49
      vertex 8.0308 3.55805 0
    endloop
  endfacet
  facet normal -0.532203 0.466724 -0.706349
    outer loop
      vertex 6.8487 4.46511 1.49
      vertex 7.75567 3.24433 0
      vertex 6.70208 4.29792 1.49
    endloop
  endfacet
  facet normal -0.670302 0.227522 -0.706349
    outer loop
      vertex 8.44718 4.27924 0
      vertex 7.14207 5.06001 1.49
      vertex 8.5813 4.67437 0
    endloop
  endfacet
  facet normal -0.670295 0.227538 -0.706351
    outer loop
      vertex 7.14207 5.06001 1.49
      vertex 8.44718 4.27924 0
      vertex 7.07059 4.84944 1.49
    endloop
  endfacet
  facet normal 0.227539 0.670297 -0.706349
    outer loop
      vertex 4.67437 2.4187 0
      vertex 4.84944 3.92941 1.49
      vertex 5.06001 3.85793 1.49
    endloop
  endfacet
  facet normal 0.227522 0.670301 -0.70635
    outer loop
      vertex 4.84944 3.92941 1.49
      vertex 4.67437 2.4187 0
      vertex 4.27924 2.55282 0
    endloop
  endfacet
  facet normal 0.670295 -0.227538 -0.706351
    outer loop
      vertex 3.85793 5.93999 1.49
      vertex 2.55282 6.72076 0
      vertex 3.92941 6.15056 1.49
    endloop
  endfacet
  facet normal 0.670302 -0.227522 -0.706349
    outer loop
      vertex 2.55282 6.72076 0
      vertex 3.85793 5.93999 1.49
      vertex 2.4187 6.32563 0
    endloop
  endfacet
  facet normal 0.227539 -0.670297 -0.706349
    outer loop
      vertex 4.84944 7.07059 1.49
      vertex 4.67437 8.5813 0
      vertex 5.06001 7.14207 1.49
    endloop
  endfacet
  facet normal 0.227522 -0.670301 -0.70635
    outer loop
      vertex 4.67437 8.5813 0
      vertex 4.84944 7.07059 1.49
      vertex 4.27924 8.44718 0
    endloop
  endfacet
  facet normal 0.706349 -0.0462856 -0.706349
    outer loop
      vertex 2.31 5.5 0
      vertex 3.81454 5.72189 1.49
      vertex 3.8 5.5 1.49
    endloop
  endfacet
  facet normal 0.706349 -0.0462949 -0.706348
    outer loop
      vertex 3.81454 5.72189 1.49
      vertex 2.31 5.5 0
      vertex 2.33729 5.91638 0
    endloop
  endfacet
  facet normal -0.634859 0.313087 -0.706351
    outer loop
      vertex 8.26262 3.905 0
      vertex 7.07059 4.84944 1.49
      vertex 8.44718 4.27924 0
    endloop
  endfacet
  facet normal -0.634868 0.313073 -0.706349
    outer loop
      vertex 7.07059 4.84944 1.49
      vertex 8.26262 3.905 0
      vertex 6.97224 4.65 1.49
    endloop
  endfacet
  facet normal 0.466723 -0.532202 -0.70635
    outer loop
      vertex 4.29792 6.70208 1.49
      vertex 3.55805 8.0308 0
      vertex 4.46511 6.8487 1.49
    endloop
  endfacet
  facet normal 0.466732 -0.532196 -0.706349
    outer loop
      vertex 3.55805 8.0308 0
      vertex 4.29792 6.70208 1.49
      vertex 3.24433 7.75567 0
    endloop
  endfacet
  facet normal -0.393262 -0.58857 -0.70635
    outer loop
      vertex 6.53489 6.8487 1.49
      vertex 7.095 8.26262 0
      vertex 7.44195 8.0308 0
    endloop
  endfacet
  facet normal -0.393269 -0.588567 -0.706349
    outer loop
      vertex 7.095 8.26262 0
      vertex 6.53489 6.8487 1.49
      vertex 6.35 6.97224 1.49
    endloop
  endfacet
  facet normal -0.0462857 -0.70635 -0.706348
    outer loop
      vertex 5.5 7.2 1.49
      vertex 5.91638 8.66271 0
      vertex 5.72189 7.18546 1.49
    endloop
  endfacet
  facet normal -0.0462949 -0.706349 -0.706349
    outer loop
      vertex 5.91638 8.66271 0
      vertex 5.5 7.2 1.49
      vertex 5.5 8.69 0
    endloop
  endfacet
  facet normal -0.227522 0.670301 -0.70635
    outer loop
      vertex 6.32563 2.4187 0
      vertex 6.15056 3.92941 1.49
      vertex 6.72076 2.55282 0
    endloop
  endfacet
  facet normal -0.227539 0.670297 -0.706349
    outer loop
      vertex 6.15056 3.92941 1.49
      vertex 6.32563 2.4187 0
      vertex 5.93999 3.85793 1.49
    endloop
  endfacet
  facet normal 0.466723 0.532202 -0.70635
    outer loop
      vertex 3.55805 2.9692 0
      vertex 4.29792 4.29792 1.49
      vertex 4.46511 4.1513 1.49
    endloop
  endfacet
  facet normal 0.466732 0.532196 -0.706349
    outer loop
      vertex 4.29792 4.29792 1.49
      vertex 3.55805 2.9692 0
      vertex 3.24433 3.24433 0
    endloop
  endfacet
  facet normal 0.393269 -0.588567 -0.706349
    outer loop
      vertex 4.46511 6.8487 1.49
      vertex 3.905 8.26262 0
      vertex 4.65 6.97224 1.49
    endloop
  endfacet
  facet normal 0.393262 -0.58857 -0.70635
    outer loop
      vertex 3.905 8.26262 0
      vertex 4.46511 6.8487 1.49
      vertex 3.55805 8.0308 0
    endloop
  endfacet
  facet normal 0.313072 -0.634866 -0.706351
    outer loop
      vertex 4.65 6.97224 1.49
      vertex 4.27924 8.44718 0
      vertex 4.84944 7.07059 1.49
    endloop
  endfacet
  facet normal 0.313087 -0.63486 -0.706349
    outer loop
      vertex 4.27924 8.44718 0
      vertex 4.65 6.97224 1.49
      vertex 3.905 8.26262 0
    endloop
  endfacet
  facet normal -0.393262 0.58857 -0.70635
    outer loop
      vertex 7.095 2.73738 0
      vertex 6.53489 4.1513 1.49
      vertex 7.44195 2.9692 0
    endloop
  endfacet
  facet normal -0.393269 0.588567 -0.706349
    outer loop
      vertex 6.53489 4.1513 1.49
      vertex 7.095 2.73738 0
      vertex 6.35 4.02776 1.49
    endloop
  endfacet
  facet normal -0.588571 -0.393263 -0.706349
    outer loop
      vertex 6.97224 6.35 1.49
      vertex 8.0308 7.44195 0
      vertex 8.26262 7.095 0
    endloop
  endfacet
  facet normal -0.588566 -0.393268 -0.70635
    outer loop
      vertex 8.0308 7.44195 0
      vertex 6.97224 6.35 1.49
      vertex 6.8487 6.53489 1.49
    endloop
  endfacet
  facet normal 0.0462856 0.706349 -0.706349
    outer loop
      vertex 5.5 2.31 0
      vertex 5.27811 3.81454 1.49
      vertex 5.5 3.8 1.49
    endloop
  endfacet
  facet normal 0.0462949 0.706349 -0.706348
    outer loop
      vertex 5.27811 3.81454 1.49
      vertex 5.5 2.31 0
      vertex 5.08362 2.33729 0
    endloop
  endfacet
  facet normal -0.694262 -0.138106 -0.706348
    outer loop
      vertex 7.18546 5.72189 1.49
      vertex 8.5813 6.32563 0
      vertex 8.66271 5.91638 0
    endloop
  endfacet
  facet normal -0.694258 -0.138119 -0.706349
    outer loop
      vertex 8.5813 6.32563 0
      vertex 7.18546 5.72189 1.49
      vertex 7.14207 5.93999 1.49
    endloop
  endfacet
  facet normal -0.532195 -0.466731 -0.70635
    outer loop
      vertex 6.8487 6.53489 1.49
      vertex 7.75567 7.75567 0
      vertex 8.0308 7.44195 0
    endloop
  endfacet
  facet normal -0.532203 -0.466724 -0.706349
    outer loop
      vertex 7.75567 7.75567 0
      vertex 6.8487 6.53489 1.49
      vertex 6.70208 6.70208 1.49
    endloop
  endfacet
  facet normal 0.532203 0.466724 -0.706349
    outer loop
      vertex 3.24433 3.24433 0
      vertex 4.1513 4.46511 1.49
      vertex 4.29792 4.29792 1.49
    endloop
  endfacet
  facet normal 0.532195 0.466731 -0.70635
    outer loop
      vertex 4.1513 4.46511 1.49
      vertex 3.24433 3.24433 0
      vertex 2.9692 3.55805 0
    endloop
  endfacet
  facet normal 0.694258 -0.138119 -0.706349
    outer loop
      vertex 3.81454 5.72189 1.49
      vertex 2.4187 6.32563 0
      vertex 3.85793 5.93999 1.49
    endloop
  endfacet
  facet normal 0.694262 -0.138106 -0.706348
    outer loop
      vertex 2.4187 6.32563 0
      vertex 3.81454 5.72189 1.49
      vertex 2.33729 5.91638 0
    endloop
  endfacet
  facet normal 0.0462856 -0.706349 -0.706349
    outer loop
      vertex 5.27811 7.18546 1.49
      vertex 5.5 8.69 0
      vertex 5.5 7.2 1.49
    endloop
  endfacet
  facet normal 0.0462949 -0.706349 -0.706348
    outer loop
      vertex 5.5 8.69 0
      vertex 5.27811 7.18546 1.49
      vertex 5.08362 8.66271 0
    endloop
  endfacet
  facet normal 0.694258 0.138119 -0.706349
    outer loop
      vertex 2.4187 4.67437 0
      vertex 3.81454 5.27811 1.49
      vertex 3.85793 5.06001 1.49
    endloop
  endfacet
  facet normal 0.694262 0.138106 -0.706348
    outer loop
      vertex 3.81454 5.27811 1.49
      vertex 2.4187 4.67437 0
      vertex 2.33729 5.08362 0
    endloop
  endfacet
  facet normal 0.670295 0.227538 -0.706351
    outer loop
      vertex 2.55282 4.27924 0
      vertex 3.85793 5.06001 1.49
      vertex 3.92941 4.84944 1.49
    endloop
  endfacet
  facet normal 0.670302 0.227522 -0.706349
    outer loop
      vertex 3.85793 5.06001 1.49
      vertex 2.55282 4.27924 0
      vertex 2.4187 4.67437 0
    endloop
  endfacet
  facet normal 0.588566 0.393268 -0.70635
    outer loop
      vertex 2.9692 3.55805 0
      vertex 4.02776 4.65 1.49
      vertex 4.1513 4.46511 1.49
    endloop
  endfacet
  facet normal 0.588571 0.393263 -0.706349
    outer loop
      vertex 4.02776 4.65 1.49
      vertex 2.9692 3.55805 0
      vertex 2.73738 3.905 0
    endloop
  endfacet
  facet normal 0.13812 -0.694259 -0.706347
    outer loop
      vertex 5.06001 7.14207 1.49
      vertex 5.08362 8.66271 0
      vertex 5.27811 7.18546 1.49
    endloop
  endfacet
  facet normal 0.138106 -0.694261 -0.706349
    outer loop
      vertex 5.08362 8.66271 0
      vertex 5.06001 7.14207 1.49
      vertex 4.67437 8.5813 0
    endloop
  endfacet
  facet normal -0.138106 0.694261 -0.706349
    outer loop
      vertex 5.91638 2.33729 0
      vertex 5.93999 3.85793 1.49
      vertex 6.32563 2.4187 0
    endloop
  endfacet
  facet normal -0.13812 0.694259 -0.706347
    outer loop
      vertex 5.93999 3.85793 1.49
      vertex 5.91638 2.33729 0
      vertex 5.72189 3.81454 1.49
    endloop
  endfacet
  facet normal -0.227522 -0.670301 -0.70635
    outer loop
      vertex 6.15056 7.07059 1.49
      vertex 6.32563 8.5813 0
      vertex 6.72076 8.44718 0
    endloop
  endfacet
  facet normal -0.227539 -0.670297 -0.706349
    outer loop
      vertex 6.32563 8.5813 0
      vertex 6.15056 7.07059 1.49
      vertex 5.93999 7.14207 1.49
    endloop
  endfacet
  facet normal -0.313087 -0.63486 -0.706349
    outer loop
      vertex 6.35 6.97224 1.49
      vertex 6.72076 8.44718 0
      vertex 7.095 8.26262 0
    endloop
  endfacet
  facet normal -0.313072 -0.634866 -0.706351
    outer loop
      vertex 6.72076 8.44718 0
      vertex 6.35 6.97224 1.49
      vertex 6.15056 7.07059 1.49
    endloop
  endfacet
  facet normal -0.706349 0.0462949 -0.706349
    outer loop
      vertex 8.66271 5.08362 0
      vertex 7.2 5.5 1.49
      vertex 8.69 5.5 0
    endloop
  endfacet
  facet normal -0.70635 0.0462857 -0.706348
    outer loop
      vertex 7.2 5.5 1.49
      vertex 8.66271 5.08362 0
      vertex 7.18546 5.27811 1.49
    endloop
  endfacet
  facet normal -0.694262 0.138106 -0.706348
    outer loop
      vertex 8.5813 4.67437 0
      vertex 7.18546 5.27811 1.49
      vertex 8.66271 5.08362 0
    endloop
  endfacet
  facet normal -0.694258 0.138119 -0.706349
    outer loop
      vertex 7.18546 5.27811 1.49
      vertex 8.5813 4.67437 0
      vertex 7.14207 5.06001 1.49
    endloop
  endfacet
  facet normal -0.670302 -0.227522 -0.706349
    outer loop
      vertex 7.14207 5.93999 1.49
      vertex 8.44718 6.72076 0
      vertex 8.5813 6.32563 0
    endloop
  endfacet
  facet normal -0.670295 -0.227538 -0.706351
    outer loop
      vertex 8.44718 6.72076 0
      vertex 7.14207 5.93999 1.49
      vertex 7.07059 6.15056 1.49
    endloop
  endfacet
  facet normal 0.13812 0.694259 -0.706347
    outer loop
      vertex 5.08362 2.33729 0
      vertex 5.06001 3.85793 1.49
      vertex 5.27811 3.81454 1.49
    endloop
  endfacet
  facet normal 0.138106 0.694261 -0.706349
    outer loop
      vertex 5.06001 3.85793 1.49
      vertex 5.08362 2.33729 0
      vertex 4.67437 2.4187 0
    endloop
  endfacet
  facet normal 0.313072 0.634866 -0.706351
    outer loop
      vertex 4.27924 2.55282 0
      vertex 4.65 4.02776 1.49
      vertex 4.84944 3.92941 1.49
    endloop
  endfacet
  facet normal 0.313087 0.63486 -0.706349
    outer loop
      vertex 4.65 4.02776 1.49
      vertex 4.27924 2.55282 0
      vertex 3.905 2.73738 0
    endloop
  endfacet
  facet normal 0.393269 0.588567 -0.706349
    outer loop
      vertex 3.905 2.73738 0
      vertex 4.46511 4.1513 1.49
      vertex 4.65 4.02776 1.49
    endloop
  endfacet
  facet normal 0.393262 0.58857 -0.70635
    outer loop
      vertex 4.46511 4.1513 1.49
      vertex 3.905 2.73738 0
      vertex 3.55805 2.9692 0
    endloop
  endfacet
  facet normal 0.706349 0.0462856 -0.706349
    outer loop
      vertex 3.81454 5.27811 1.49
      vertex 2.31 5.5 0
      vertex 3.8 5.5 1.49
    endloop
  endfacet
  facet normal 0.706349 0.0462949 -0.706348
    outer loop
      vertex 2.31 5.5 0
      vertex 3.81454 5.27811 1.49
      vertex 2.33729 5.08362 0
    endloop
  endfacet
  facet normal -0.98077 -0.195165 0
    outer loop
      vertex 94.5855 5.72189 1.49
      vertex 94.5421 5.93999 3
      vertex 94.5421 5.93999 1.49
    endloop
  endfacet
  facet normal -0.98077 -0.195165 0
    outer loop
      vertex 94.5421 5.93999 3
      vertex 94.5855 5.72189 1.49
      vertex 94.5855 5.72189 3
    endloop
  endfacet
  facet normal -0.997872 -0.0652086 0
    outer loop
      vertex 94.6 5.5 1.49
      vertex 94.5855 5.72189 3
      vertex 94.5855 5.72189 1.49
    endloop
  endfacet
  facet normal -0.997872 -0.0652086 0
    outer loop
      vertex 94.5855 5.72189 3
      vertex 94.6 5.5 1.49
      vertex 94.6 5.5 3
    endloop
  endfacet
  facet normal -0.0653848 0.99786 0
    outer loop
      vertex 93.1219 3.81454 1.49
      vertex 92.9 3.8 3
      vertex 93.1219 3.81454 3
    endloop
  endfacet
  facet normal -0.0653848 0.99786 0
    outer loop
      vertex 92.9 3.8 3
      vertex 93.1219 3.81454 1.49
      vertex 92.9 3.8 1.49
    endloop
  endfacet
  facet normal 0.659319 -0.751863 0
    outer loop
      vertex 91.6979 6.70208 1.49
      vertex 91.8651 6.8487 3
      vertex 91.6979 6.70208 3
    endloop
  endfacet
  facet normal 0.659319 -0.751863 0
    outer loop
      vertex 91.8651 6.8487 3
      vertex 91.6979 6.70208 1.49
      vertex 91.8651 6.8487 1.49
    endloop
  endfacet
  facet normal 0.831552 0.555447 0
    outer loop
      vertex 91.5513 4.46511 3
      vertex 91.4278 4.65 1.49
      vertex 91.4278 4.65 3
    endloop
  endfacet
  facet normal 0.831552 0.555447 0
    outer loop
      vertex 91.4278 4.65 1.49
      vertex 91.5513 4.46511 3
      vertex 91.5513 4.46511 1.49
    endloop
  endfacet
  facet normal 0.195122 0.980779 -0
    outer loop
      vertex 92.6781 3.81454 1.49
      vertex 92.46 3.85793 3
      vertex 92.6781 3.81454 3
    endloop
  endfacet
  facet normal 0.195122 0.980779 0
    outer loop
      vertex 92.46 3.85793 3
      vertex 92.6781 3.81454 1.49
      vertex 92.46 3.85793 1.49
    endloop
  endfacet
  facet normal -0.659319 -0.751863 0
    outer loop
      vertex 93.9349 6.8487 3
      vertex 94.1021 6.70208 1.49
      vertex 94.1021 6.70208 3
    endloop
  endfacet
  facet normal -0.659319 -0.751863 0
    outer loop
      vertex 94.1021 6.70208 1.49
      vertex 93.9349 6.8487 3
      vertex 93.9349 6.8487 1.49
    endloop
  endfacet
  facet normal -0.946901 0.321525 0
    outer loop
      vertex 94.4706 4.84944 1.49
      vertex 94.5421 5.06001 3
      vertex 94.5421 5.06001 1.49
    endloop
  endfacet
  facet normal -0.946901 0.321525 0
    outer loop
      vertex 94.5421 5.06001 3
      vertex 94.4706 4.84944 1.49
      vertex 94.4706 4.84944 3
    endloop
  endfacet
  facet normal -0.751888 0.659291 0
    outer loop
      vertex 94.1021 4.29792 1.49
      vertex 94.2487 4.46511 3
      vertex 94.2487 4.46511 1.49
    endloop
  endfacet
  facet normal -0.751888 0.659291 0
    outer loop
      vertex 94.2487 4.46511 3
      vertex 94.1021 4.29792 1.49
      vertex 94.1021 4.29792 3
    endloop
  endfacet
  facet normal -0.751888 -0.659291 0
    outer loop
      vertex 94.2487 6.53489 1.49
      vertex 94.1021 6.70208 3
      vertex 94.1021 6.70208 1.49
    endloop
  endfacet
  facet normal -0.751888 -0.659291 0
    outer loop
      vertex 94.1021 6.70208 3
      vertex 94.2487 6.53489 1.49
      vertex 94.2487 6.53489 3
    endloop
  endfacet
  facet normal 0.946901 0.321525 0
    outer loop
      vertex 91.3294 4.84944 3
      vertex 91.2579 5.06001 1.49
      vertex 91.2579 5.06001 3
    endloop
  endfacet
  facet normal 0.946901 0.321525 0
    outer loop
      vertex 91.2579 5.06001 1.49
      vertex 91.3294 4.84944 3
      vertex 91.3294 4.84944 1.49
    endloop
  endfacet
  facet normal -0.321403 0.946943 0
    outer loop
      vertex 93.5506 3.92941 1.49
      vertex 93.34 3.85793 3
      vertex 93.5506 3.92941 3
    endloop
  endfacet
  facet normal -0.321403 0.946943 0
    outer loop
      vertex 93.34 3.85793 3
      vertex 93.5506 3.92941 1.49
      vertex 93.34 3.85793 1.49
    endloop
  endfacet
  facet normal 0.0653848 0.99786 0
    outer loop
      vertex 92.9 3.8 3
      vertex 92.6781 3.81454 1.49
      vertex 92.6781 3.81454 3
    endloop
  endfacet
  facet normal 0.0653848 0.99786 0
    outer loop
      vertex 92.6781 3.81454 1.49
      vertex 92.9 3.8 3
      vertex 92.9 3.8 1.49
    endloop
  endfacet
  facet normal 0.321403 -0.946943 0
    outer loop
      vertex 92.2494 7.07059 1.49
      vertex 92.46 7.14207 3
      vertex 92.2494 7.07059 3
    endloop
  endfacet
  facet normal 0.321403 -0.946943 0
    outer loop
      vertex 92.46 7.14207 3
      vertex 92.2494 7.07059 1.49
      vertex 92.46 7.14207 1.49
    endloop
  endfacet
  facet normal -0.946901 -0.321525 0
    outer loop
      vertex 94.5421 5.93999 1.49
      vertex 94.4706 6.15056 3
      vertex 94.4706 6.15056 1.49
    endloop
  endfacet
  facet normal -0.946901 -0.321525 0
    outer loop
      vertex 94.4706 6.15056 3
      vertex 94.5421 5.93999 1.49
      vertex 94.5421 5.93999 3
    endloop
  endfacet
  facet normal 0.751888 -0.659291 0
    outer loop
      vertex 91.5513 6.53489 3
      vertex 91.6979 6.70208 1.49
      vertex 91.6979 6.70208 3
    endloop
  endfacet
  facet normal 0.751888 -0.659291 0
    outer loop
      vertex 91.6979 6.70208 1.49
      vertex 91.5513 6.53489 3
      vertex 91.5513 6.53489 1.49
    endloop
  endfacet
  facet normal 0.442349 0.896843 0
    outer loop
      vertex 92.2494 3.92941 3
      vertex 92.05 4.02776 1.49
      vertex 92.05 4.02776 3
    endloop
  endfacet
  facet normal 0.442349 0.896843 0
    outer loop
      vertex 92.05 4.02776 1.49
      vertex 92.2494 3.92941 3
      vertex 92.2494 3.92941 1.49
    endloop
  endfacet
  facet normal 0.0653848 -0.99786 0
    outer loop
      vertex 92.6781 7.18546 1.49
      vertex 92.9 7.2 3
      vertex 92.6781 7.18546 3
    endloop
  endfacet
  facet normal 0.0653848 -0.99786 0
    outer loop
      vertex 92.9 7.2 3
      vertex 92.6781 7.18546 1.49
      vertex 92.9 7.2 1.49
    endloop
  endfacet
  facet normal -0.896789 0.442459 0
    outer loop
      vertex 94.3722 4.65 1.49
      vertex 94.4706 4.84944 3
      vertex 94.4706 4.84944 1.49
    endloop
  endfacet
  facet normal -0.896789 0.442459 0
    outer loop
      vertex 94.4706 4.84944 3
      vertex 94.3722 4.65 1.49
      vertex 94.3722 4.65 3
    endloop
  endfacet
  facet normal -0.555551 0.831483 0
    outer loop
      vertex 93.9349 4.1513 3
      vertex 93.75 4.02776 1.49
      vertex 93.75 4.02776 3
    endloop
  endfacet
  facet normal -0.555551 0.831483 0
    outer loop
      vertex 93.75 4.02776 1.49
      vertex 93.9349 4.1513 3
      vertex 93.9349 4.1513 1.49
    endloop
  endfacet
  facet normal 0.98077 0.195165 0
    outer loop
      vertex 91.2579 5.06001 3
      vertex 91.2145 5.27811 1.49
      vertex 91.2145 5.27811 3
    endloop
  endfacet
  facet normal 0.98077 0.195165 0
    outer loop
      vertex 91.2145 5.27811 1.49
      vertex 91.2579 5.06001 3
      vertex 91.2579 5.06001 1.49
    endloop
  endfacet
  facet normal -0.195122 -0.980779 0
    outer loop
      vertex 93.1219 7.18546 1.49
      vertex 93.34 7.14207 3
      vertex 93.1219 7.18546 3
    endloop
  endfacet
  facet normal -0.195122 -0.980779 -0
    outer loop
      vertex 93.34 7.14207 3
      vertex 93.1219 7.18546 1.49
      vertex 93.34 7.14207 1.49
    endloop
  endfacet
  facet normal -0.831552 -0.555447 0
    outer loop
      vertex 94.3722 6.35 1.49
      vertex 94.2487 6.53489 3
      vertex 94.2487 6.53489 1.49
    endloop
  endfacet
  facet normal -0.831552 -0.555447 0
    outer loop
      vertex 94.2487 6.53489 3
      vertex 94.3722 6.35 1.49
      vertex 94.3722 6.35 3
    endloop
  endfacet
  facet normal -0.997872 0.0652086 0
    outer loop
      vertex 94.5855 5.27811 1.49
      vertex 94.6 5.5 3
      vertex 94.6 5.5 1.49
    endloop
  endfacet
  facet normal -0.997872 0.0652086 0
    outer loop
      vertex 94.6 5.5 3
      vertex 94.5855 5.27811 1.49
      vertex 94.5855 5.27811 3
    endloop
  endfacet
  facet normal -0.321403 -0.946943 0
    outer loop
      vertex 93.34 7.14207 3
      vertex 93.5506 7.07059 1.49
      vertex 93.5506 7.07059 3
    endloop
  endfacet
  facet normal -0.321403 -0.946943 0
    outer loop
      vertex 93.5506 7.07059 1.49
      vertex 93.34 7.14207 3
      vertex 93.34 7.14207 1.49
    endloop
  endfacet
  facet normal -0.555551 -0.831483 0
    outer loop
      vertex 93.75 6.97224 1.49
      vertex 93.9349 6.8487 3
      vertex 93.75 6.97224 3
    endloop
  endfacet
  facet normal -0.555551 -0.831483 -0
    outer loop
      vertex 93.9349 6.8487 3
      vertex 93.75 6.97224 1.49
      vertex 93.9349 6.8487 1.49
    endloop
  endfacet
  facet normal 0.195122 -0.980779 0
    outer loop
      vertex 92.46 7.14207 3
      vertex 92.6781 7.18546 1.49
      vertex 92.6781 7.18546 3
    endloop
  endfacet
  facet normal 0.195122 -0.980779 0
    outer loop
      vertex 92.6781 7.18546 1.49
      vertex 92.46 7.14207 3
      vertex 92.46 7.14207 1.49
    endloop
  endfacet
  facet normal -0.659319 0.751863 0
    outer loop
      vertex 94.1021 4.29792 1.49
      vertex 93.9349 4.1513 3
      vertex 94.1021 4.29792 3
    endloop
  endfacet
  facet normal -0.659319 0.751863 0
    outer loop
      vertex 93.9349 4.1513 3
      vertex 94.1021 4.29792 1.49
      vertex 93.9349 4.1513 1.49
    endloop
  endfacet
  facet normal 0.896789 -0.442459 0
    outer loop
      vertex 91.3294 6.15056 3
      vertex 91.4278 6.35 1.49
      vertex 91.4278 6.35 3
    endloop
  endfacet
  facet normal 0.896789 -0.442459 0
    outer loop
      vertex 91.4278 6.35 1.49
      vertex 91.3294 6.15056 3
      vertex 91.3294 6.15056 1.49
    endloop
  endfacet
  facet normal -0.98077 0.195165 0
    outer loop
      vertex 94.5421 5.06001 1.49
      vertex 94.5855 5.27811 3
      vertex 94.5855 5.27811 1.49
    endloop
  endfacet
  facet normal -0.98077 0.195165 0
    outer loop
      vertex 94.5855 5.27811 3
      vertex 94.5421 5.06001 1.49
      vertex 94.5421 5.06001 3
    endloop
  endfacet
  facet normal -0.195122 0.980779 0
    outer loop
      vertex 93.34 3.85793 3
      vertex 93.1219 3.81454 1.49
      vertex 93.1219 3.81454 3
    endloop
  endfacet
  facet normal -0.195122 0.980779 0
    outer loop
      vertex 93.1219 3.81454 1.49
      vertex 93.34 3.85793 3
      vertex 93.34 3.85793 1.49
    endloop
  endfacet
  facet normal 0.659319 0.751863 0
    outer loop
      vertex 91.8651 4.1513 3
      vertex 91.6979 4.29792 1.49
      vertex 91.6979 4.29792 3
    endloop
  endfacet
  facet normal 0.659319 0.751863 0
    outer loop
      vertex 91.6979 4.29792 1.49
      vertex 91.8651 4.1513 3
      vertex 91.8651 4.1513 1.49
    endloop
  endfacet
  facet normal 0.751888 0.659291 0
    outer loop
      vertex 91.6979 4.29792 3
      vertex 91.5513 4.46511 1.49
      vertex 91.5513 4.46511 3
    endloop
  endfacet
  facet normal 0.751888 0.659291 0
    outer loop
      vertex 91.5513 4.46511 1.49
      vertex 91.6979 4.29792 3
      vertex 91.6979 4.29792 1.49
    endloop
  endfacet
  facet normal -0.0653848 -0.99786 0
    outer loop
      vertex 92.9 7.2 3
      vertex 93.1219 7.18546 1.49
      vertex 93.1219 7.18546 3
    endloop
  endfacet
  facet normal -0.0653848 -0.99786 0
    outer loop
      vertex 93.1219 7.18546 1.49
      vertex 92.9 7.2 3
      vertex 92.9 7.2 1.49
    endloop
  endfacet
  facet normal -0.442349 -0.896843 0
    outer loop
      vertex 93.5506 7.07059 3
      vertex 93.75 6.97224 1.49
      vertex 93.75 6.97224 3
    endloop
  endfacet
  facet normal -0.442349 -0.896843 0
    outer loop
      vertex 93.75 6.97224 1.49
      vertex 93.5506 7.07059 3
      vertex 93.5506 7.07059 1.49
    endloop
  endfacet
  facet normal -0.831552 0.555447 0
    outer loop
      vertex 94.2487 4.46511 1.49
      vertex 94.3722 4.65 3
      vertex 94.3722 4.65 1.49
    endloop
  endfacet
  facet normal -0.831552 0.555447 0
    outer loop
      vertex 94.3722 4.65 3
      vertex 94.2487 4.46511 1.49
      vertex 94.2487 4.46511 3
    endloop
  endfacet
  facet normal 0.997872 0.0652086 0
    outer loop
      vertex 91.2145 5.27811 3
      vertex 91.2 5.5 1.49
      vertex 91.2 5.5 3
    endloop
  endfacet
  facet normal 0.997872 0.0652086 0
    outer loop
      vertex 91.2 5.5 1.49
      vertex 91.2145 5.27811 3
      vertex 91.2145 5.27811 1.49
    endloop
  endfacet
  facet normal -0.442349 0.896843 0
    outer loop
      vertex 93.75 4.02776 1.49
      vertex 93.5506 3.92941 3
      vertex 93.75 4.02776 3
    endloop
  endfacet
  facet normal -0.442349 0.896843 0
    outer loop
      vertex 93.5506 3.92941 3
      vertex 93.75 4.02776 1.49
      vertex 93.5506 3.92941 1.49
    endloop
  endfacet
  facet normal 0.98077 -0.195165 0
    outer loop
      vertex 91.2145 5.72189 3
      vertex 91.2579 5.93999 1.49
      vertex 91.2579 5.93999 3
    endloop
  endfacet
  facet normal 0.98077 -0.195165 0
    outer loop
      vertex 91.2579 5.93999 1.49
      vertex 91.2145 5.72189 3
      vertex 91.2145 5.72189 1.49
    endloop
  endfacet
  facet normal 0.896789 0.442459 0
    outer loop
      vertex 91.4278 4.65 3
      vertex 91.3294 4.84944 1.49
      vertex 91.3294 4.84944 3
    endloop
  endfacet
  facet normal 0.896789 0.442459 0
    outer loop
      vertex 91.3294 4.84944 1.49
      vertex 91.4278 4.65 3
      vertex 91.4278 4.65 1.49
    endloop
  endfacet
  facet normal 0.946901 -0.321525 0
    outer loop
      vertex 91.2579 5.93999 3
      vertex 91.3294 6.15056 1.49
      vertex 91.3294 6.15056 3
    endloop
  endfacet
  facet normal 0.946901 -0.321525 0
    outer loop
      vertex 91.3294 6.15056 1.49
      vertex 91.2579 5.93999 3
      vertex 91.2579 5.93999 1.49
    endloop
  endfacet
  facet normal 0.555551 -0.831483 0
    outer loop
      vertex 91.8651 6.8487 3
      vertex 92.05 6.97224 1.49
      vertex 92.05 6.97224 3
    endloop
  endfacet
  facet normal 0.555551 -0.831483 0
    outer loop
      vertex 92.05 6.97224 1.49
      vertex 91.8651 6.8487 3
      vertex 91.8651 6.8487 1.49
    endloop
  endfacet
  facet normal -0.896789 -0.442459 0
    outer loop
      vertex 94.4706 6.15056 1.49
      vertex 94.3722 6.35 3
      vertex 94.3722 6.35 1.49
    endloop
  endfacet
  facet normal -0.896789 -0.442459 0
    outer loop
      vertex 94.3722 6.35 3
      vertex 94.4706 6.15056 1.49
      vertex 94.4706 6.15056 3
    endloop
  endfacet
  facet normal 0.997872 -0.0652086 0
    outer loop
      vertex 91.2 5.5 3
      vertex 91.2145 5.72189 1.49
      vertex 91.2145 5.72189 3
    endloop
  endfacet
  facet normal 0.997872 -0.0652086 0
    outer loop
      vertex 91.2145 5.72189 1.49
      vertex 91.2 5.5 3
      vertex 91.2 5.5 1.49
    endloop
  endfacet
  facet normal 0.321403 0.946943 0
    outer loop
      vertex 92.46 3.85793 3
      vertex 92.2494 3.92941 1.49
      vertex 92.2494 3.92941 3
    endloop
  endfacet
  facet normal 0.321403 0.946943 0
    outer loop
      vertex 92.2494 3.92941 1.49
      vertex 92.46 3.85793 3
      vertex 92.46 3.85793 1.49
    endloop
  endfacet
  facet normal 0.442349 -0.896843 0
    outer loop
      vertex 92.05 6.97224 1.49
      vertex 92.2494 7.07059 3
      vertex 92.05 6.97224 3
    endloop
  endfacet
  facet normal 0.442349 -0.896843 0
    outer loop
      vertex 92.2494 7.07059 3
      vertex 92.05 6.97224 1.49
      vertex 92.2494 7.07059 1.49
    endloop
  endfacet
  facet normal 0.831552 -0.555447 0
    outer loop
      vertex 91.4278 6.35 3
      vertex 91.5513 6.53489 1.49
      vertex 91.5513 6.53489 3
    endloop
  endfacet
  facet normal 0.831552 -0.555447 0
    outer loop
      vertex 91.5513 6.53489 1.49
      vertex 91.4278 6.35 3
      vertex 91.4278 6.35 1.49
    endloop
  endfacet
  facet normal 0.555551 0.831483 -0
    outer loop
      vertex 92.05 4.02776 1.49
      vertex 91.8651 4.1513 3
      vertex 92.05 4.02776 3
    endloop
  endfacet
  facet normal 0.555551 0.831483 0
    outer loop
      vertex 91.8651 4.1513 3
      vertex 92.05 4.02776 1.49
      vertex 91.8651 4.1513 1.49
    endloop
  endfacet
  facet normal -0.706359 -0.0463125 -0.706337
    outer loop
      vertex 96.09 5.5 0
      vertex 94.5855 5.72189 1.49
      vertex 96.0627 5.91638 0
    endloop
  endfacet
  facet normal -0.706353 -0.0461585 -0.706353
    outer loop
      vertex 94.5855 5.72189 1.49
      vertex 96.09 5.5 0
      vertex 94.6 5.5 1.49
    endloop
  endfacet
  facet normal 0.532234 -0.466688 -0.706349
    outer loop
      vertex 91.5513 6.53489 1.49
      vertex 90.6443 7.75567 0
      vertex 91.6979 6.70208 1.49
    endloop
  endfacet
  facet normal 0.53222 -0.466702 -0.706351
    outer loop
      vertex 90.6443 7.75567 0
      vertex 91.5513 6.53489 1.49
      vertex 90.3692 7.44195 0
    endloop
  endfacet
  facet normal -0.588582 -0.393236 -0.706354
    outer loop
      vertex 94.3722 6.35 1.49
      vertex 95.4308 7.44195 0
      vertex 95.6626 7.095 0
    endloop
  endfacet
  facet normal -0.588627 -0.393182 -0.706347
    outer loop
      vertex 95.4308 7.44195 0
      vertex 94.3722 6.35 1.49
      vertex 94.2487 6.53489 1.49
    endloop
  endfacet
  facet normal -0.313114 -0.634846 -0.70635
    outer loop
      vertex 93.75 6.97224 1.49
      vertex 94.1208 8.44718 0
      vertex 94.495 8.26262 0
    endloop
  endfacet
  facet normal -0.313123 -0.634842 -0.706349
    outer loop
      vertex 94.1208 8.44718 0
      vertex 93.75 6.97224 1.49
      vertex 93.5506 7.07059 1.49
    endloop
  endfacet
  facet normal 0.670271 -0.227594 -0.706355
    outer loop
      vertex 91.2579 5.93999 1.49
      vertex 89.9528 6.72076 0
      vertex 91.3294 6.15056 1.49
    endloop
  endfacet
  facet normal 0.670318 -0.227494 -0.706343
    outer loop
      vertex 89.9528 6.72076 0
      vertex 91.2579 5.93999 1.49
      vertex 89.8187 6.32563 0
    endloop
  endfacet
  facet normal 0.313123 -0.634842 -0.706349
    outer loop
      vertex 92.05 6.97224 1.49
      vertex 91.6792 8.44718 0
      vertex 92.2494 7.07059 1.49
    endloop
  endfacet
  facet normal 0.313114 -0.634846 -0.70635
    outer loop
      vertex 91.6792 8.44718 0
      vertex 92.05 6.97224 1.49
      vertex 91.305 8.26262 0
    endloop
  endfacet
  facet normal -0.634832 0.313141 -0.706351
    outer loop
      vertex 95.6626 3.905 0
      vertex 94.4706 4.84944 1.49
      vertex 95.8472 4.27924 0
    endloop
  endfacet
  facet normal -0.634796 0.313197 -0.706358
    outer loop
      vertex 94.4706 4.84944 1.49
      vertex 95.6626 3.905 0
      vertex 94.3722 4.65 1.49
    endloop
  endfacet
  facet normal 0.634796 0.313197 -0.706358
    outer loop
      vertex 90.1374 3.905 0
      vertex 91.3294 4.84944 1.49
      vertex 91.4278 4.65 1.49
    endloop
  endfacet
  facet normal 0.634832 0.313141 -0.706351
    outer loop
      vertex 91.3294 4.84944 1.49
      vertex 90.1374 3.905 0
      vertex 89.9528 4.27924 0
    endloop
  endfacet
  facet normal -0.0462835 -0.706349 -0.706349
    outer loop
      vertex 92.9 8.69 0
      vertex 93.1219 7.18546 1.49
      vertex 92.9 7.2 1.49
    endloop
  endfacet
  facet normal -0.0462927 -0.706349 -0.706348
    outer loop
      vertex 93.1219 7.18546 1.49
      vertex 92.9 8.69 0
      vertex 93.3164 8.66271 0
    endloop
  endfacet
  facet normal -0.694276 -0.138092 -0.706337
    outer loop
      vertex 94.5855 5.72189 1.49
      vertex 95.9813 6.32563 0
      vertex 96.0627 5.91638 0
    endloop
  endfacet
  facet normal -0.694257 -0.138151 -0.706343
    outer loop
      vertex 95.9813 6.32563 0
      vertex 94.5855 5.72189 1.49
      vertex 94.5421 5.93999 1.49
    endloop
  endfacet
  facet normal -0.53222 -0.466702 -0.706351
    outer loop
      vertex 94.2487 6.53489 1.49
      vertex 95.1557 7.75567 0
      vertex 95.4308 7.44195 0
    endloop
  endfacet
  facet normal -0.532234 -0.466688 -0.706349
    outer loop
      vertex 95.1557 7.75567 0
      vertex 94.2487 6.53489 1.49
      vertex 94.1021 6.70208 1.49
    endloop
  endfacet
  facet normal -0.0462927 0.706349 -0.706348
    outer loop
      vertex 92.9 2.31 0
      vertex 93.1219 3.81454 1.49
      vertex 93.3164 2.33729 0
    endloop
  endfacet
  facet normal -0.0462835 0.706349 -0.706349
    outer loop
      vertex 93.1219 3.81454 1.49
      vertex 92.9 2.31 0
      vertex 92.9 3.8 1.49
    endloop
  endfacet
  facet normal 0.0462835 0.706349 -0.706349
    outer loop
      vertex 92.9 2.31 0
      vertex 92.6781 3.81454 1.49
      vertex 92.9 3.8 1.49
    endloop
  endfacet
  facet normal 0.0462927 0.706349 -0.706348
    outer loop
      vertex 92.6781 3.81454 1.49
      vertex 92.9 2.31 0
      vertex 92.4836 2.33729 0
    endloop
  endfacet
  facet normal -0.670318 -0.227494 -0.706343
    outer loop
      vertex 94.5421 5.93999 1.49
      vertex 95.8472 6.72076 0
      vertex 95.9813 6.32563 0
    endloop
  endfacet
  facet normal -0.670271 -0.227594 -0.706355
    outer loop
      vertex 95.8472 6.72076 0
      vertex 94.5421 5.93999 1.49
      vertex 94.4706 6.15056 1.49
    endloop
  endfacet
  facet normal -0.53222 0.466702 -0.706351
    outer loop
      vertex 95.1557 3.24433 0
      vertex 94.2487 4.46511 1.49
      vertex 95.4308 3.55805 0
    endloop
  endfacet
  facet normal -0.532234 0.466688 -0.706349
    outer loop
      vertex 94.2487 4.46511 1.49
      vertex 95.1557 3.24433 0
      vertex 94.1021 4.29792 1.49
    endloop
  endfacet
  facet normal -0.227486 0.670314 -0.706349
    outer loop
      vertex 93.7256 2.4187 0
      vertex 93.5506 3.92941 1.49
      vertex 94.1208 2.55282 0
    endloop
  endfacet
  facet normal -0.22751 0.670309 -0.706347
    outer loop
      vertex 93.5506 3.92941 1.49
      vertex 93.7256 2.4187 0
      vertex 93.34 3.85793 1.49
    endloop
  endfacet
  facet normal -0.466665 0.532256 -0.706348
    outer loop
      vertex 94.8419 2.9692 0
      vertex 94.1021 4.29792 1.49
      vertex 95.1557 3.24433 0
    endloop
  endfacet
  facet normal -0.466713 0.532222 -0.706341
    outer loop
      vertex 94.1021 4.29792 1.49
      vertex 94.8419 2.9692 0
      vertex 93.9349 4.1513 1.49
    endloop
  endfacet
  facet normal 0.313123 0.634842 -0.706349
    outer loop
      vertex 91.6792 2.55282 0
      vertex 92.05 4.02776 1.49
      vertex 92.2494 3.92941 1.49
    endloop
  endfacet
  facet normal 0.313114 0.634846 -0.70635
    outer loop
      vertex 92.05 4.02776 1.49
      vertex 91.6792 2.55282 0
      vertex 91.305 2.73738 0
    endloop
  endfacet
  facet normal -0.138122 -0.694259 -0.706348
    outer loop
      vertex 93.34 7.14207 1.49
      vertex 93.3164 8.66271 0
      vertex 93.7256 8.5813 0
    endloop
  endfacet
  facet normal -0.13812 -0.694259 -0.706348
    outer loop
      vertex 93.3164 8.66271 0
      vertex 93.34 7.14207 1.49
      vertex 93.1219 7.18546 1.49
    endloop
  endfacet
  facet normal 0.22751 0.670309 -0.706347
    outer loop
      vertex 92.0744 2.4187 0
      vertex 92.2494 3.92941 1.49
      vertex 92.46 3.85793 1.49
    endloop
  endfacet
  facet normal 0.227486 0.670314 -0.706349
    outer loop
      vertex 92.2494 3.92941 1.49
      vertex 92.0744 2.4187 0
      vertex 91.6792 2.55282 0
    endloop
  endfacet
  facet normal 0.22751 -0.670309 -0.706347
    outer loop
      vertex 92.2494 7.07059 1.49
      vertex 92.0744 8.5813 0
      vertex 92.46 7.14207 1.49
    endloop
  endfacet
  facet normal 0.227486 -0.670314 -0.706349
    outer loop
      vertex 92.0744 8.5813 0
      vertex 92.2494 7.07059 1.49
      vertex 91.6792 8.44718 0
    endloop
  endfacet
  facet normal 0.13812 0.694259 -0.706348
    outer loop
      vertex 92.4836 2.33729 0
      vertex 92.46 3.85793 1.49
      vertex 92.6781 3.81454 1.49
    endloop
  endfacet
  facet normal 0.138122 0.694259 -0.706348
    outer loop
      vertex 92.46 3.85793 1.49
      vertex 92.4836 2.33729 0
      vertex 92.0744 2.4187 0
    endloop
  endfacet
  facet normal 0.466713 -0.532222 -0.706341
    outer loop
      vertex 91.6979 6.70208 1.49
      vertex 90.9581 8.0308 0
      vertex 91.8651 6.8487 1.49
    endloop
  endfacet
  facet normal 0.466665 -0.532256 -0.706348
    outer loop
      vertex 90.9581 8.0308 0
      vertex 91.6979 6.70208 1.49
      vertex 90.6443 7.75567 0
    endloop
  endfacet
  facet normal -0.393305 -0.588549 -0.706343
    outer loop
      vertex 93.9349 6.8487 1.49
      vertex 94.495 8.26262 0
      vertex 94.8419 8.0308 0
    endloop
  endfacet
  facet normal -0.393254 -0.588576 -0.70635
    outer loop
      vertex 94.495 8.26262 0
      vertex 93.9349 6.8487 1.49
      vertex 93.75 6.97224 1.49
    endloop
  endfacet
  facet normal 0.588627 0.393182 -0.706347
    outer loop
      vertex 90.3692 3.55805 0
      vertex 91.4278 4.65 1.49
      vertex 91.5513 4.46511 1.49
    endloop
  endfacet
  facet normal 0.588582 0.393236 -0.706354
    outer loop
      vertex 91.4278 4.65 1.49
      vertex 90.3692 3.55805 0
      vertex 90.1374 3.905 0
    endloop
  endfacet
  facet normal -0.227486 -0.670314 -0.706349
    outer loop
      vertex 93.5506 7.07059 1.49
      vertex 93.7256 8.5813 0
      vertex 94.1208 8.44718 0
    endloop
  endfacet
  facet normal -0.22751 -0.670309 -0.706347
    outer loop
      vertex 93.7256 8.5813 0
      vertex 93.5506 7.07059 1.49
      vertex 93.34 7.14207 1.49
    endloop
  endfacet
  facet normal -0.393305 0.588549 -0.706343
    outer loop
      vertex 94.495 2.73738 0
      vertex 93.9349 4.1513 1.49
      vertex 94.8419 2.9692 0
    endloop
  endfacet
  facet normal -0.393254 0.588576 -0.70635
    outer loop
      vertex 93.9349 4.1513 1.49
      vertex 94.495 2.73738 0
      vertex 93.75 4.02776 1.49
    endloop
  endfacet
  facet normal 0.670271 0.227594 -0.706355
    outer loop
      vertex 89.9528 4.27924 0
      vertex 91.2579 5.06001 1.49
      vertex 91.3294 4.84944 1.49
    endloop
  endfacet
  facet normal 0.670318 0.227494 -0.706343
    outer loop
      vertex 91.2579 5.06001 1.49
      vertex 89.9528 4.27924 0
      vertex 89.8187 4.67437 0
    endloop
  endfacet
  facet normal -0.706353 0.0461585 -0.706353
    outer loop
      vertex 96.09 5.5 0
      vertex 94.5855 5.27811 1.49
      vertex 94.6 5.5 1.49
    endloop
  endfacet
  facet normal -0.706359 0.0463125 -0.706337
    outer loop
      vertex 94.5855 5.27811 1.49
      vertex 96.09 5.5 0
      vertex 96.0627 5.08362 0
    endloop
  endfacet
  facet normal -0.634832 -0.313141 -0.706351
    outer loop
      vertex 94.4706 6.15056 1.49
      vertex 95.6626 7.095 0
      vertex 95.8472 6.72076 0
    endloop
  endfacet
  facet normal -0.634796 -0.313197 -0.706358
    outer loop
      vertex 95.6626 7.095 0
      vertex 94.4706 6.15056 1.49
      vertex 94.3722 6.35 1.49
    endloop
  endfacet
  facet normal 0.532234 0.466688 -0.706349
    outer loop
      vertex 90.6443 3.24433 0
      vertex 91.5513 4.46511 1.49
      vertex 91.6979 4.29792 1.49
    endloop
  endfacet
  facet normal 0.53222 0.466702 -0.706351
    outer loop
      vertex 91.5513 4.46511 1.49
      vertex 90.6443 3.24433 0
      vertex 90.3692 3.55805 0
    endloop
  endfacet
  facet normal -0.588582 0.393236 -0.706354
    outer loop
      vertex 95.4308 3.55805 0
      vertex 94.3722 4.65 1.49
      vertex 95.6626 3.905 0
    endloop
  endfacet
  facet normal -0.588627 0.393182 -0.706347
    outer loop
      vertex 94.3722 4.65 1.49
      vertex 95.4308 3.55805 0
      vertex 94.2487 4.46511 1.49
    endloop
  endfacet
  facet normal -0.670318 0.227494 -0.706343
    outer loop
      vertex 95.8472 4.27924 0
      vertex 94.5421 5.06001 1.49
      vertex 95.9813 4.67437 0
    endloop
  endfacet
  facet normal -0.670271 0.227594 -0.706355
    outer loop
      vertex 94.5421 5.06001 1.49
      vertex 95.8472 4.27924 0
      vertex 94.4706 4.84944 1.49
    endloop
  endfacet
  facet normal 0.466713 0.532222 -0.706341
    outer loop
      vertex 90.9581 2.9692 0
      vertex 91.6979 4.29792 1.49
      vertex 91.8651 4.1513 1.49
    endloop
  endfacet
  facet normal 0.466665 0.532256 -0.706348
    outer loop
      vertex 91.6979 4.29792 1.49
      vertex 90.9581 2.9692 0
      vertex 90.6443 3.24433 0
    endloop
  endfacet
  facet normal 0.13812 -0.694259 -0.706348
    outer loop
      vertex 92.46 7.14207 1.49
      vertex 92.4836 8.66271 0
      vertex 92.6781 7.18546 1.49
    endloop
  endfacet
  facet normal 0.138122 -0.694259 -0.706348
    outer loop
      vertex 92.4836 8.66271 0
      vertex 92.46 7.14207 1.49
      vertex 92.0744 8.5813 0
    endloop
  endfacet
  facet normal 0.0462835 -0.706349 -0.706349
    outer loop
      vertex 92.6781 7.18546 1.49
      vertex 92.9 8.69 0
      vertex 92.9 7.2 1.49
    endloop
  endfacet
  facet normal 0.0462927 -0.706349 -0.706348
    outer loop
      vertex 92.9 8.69 0
      vertex 92.6781 7.18546 1.49
      vertex 92.4836 8.66271 0
    endloop
  endfacet
  facet normal 0.706375 -0.0461599 -0.706332
    outer loop
      vertex 91.2 5.5 1.49
      vertex 89.7373 5.91638 0
      vertex 91.2145 5.72189 1.49
    endloop
  endfacet
  facet normal 0.706348 -0.0463118 -0.706348
    outer loop
      vertex 89.7373 5.91638 0
      vertex 91.2 5.5 1.49
      vertex 89.71 5.5 0
    endloop
  endfacet
  facet normal 0.694257 -0.138151 -0.706343
    outer loop
      vertex 91.2145 5.72189 1.49
      vertex 89.8187 6.32563 0
      vertex 91.2579 5.93999 1.49
    endloop
  endfacet
  facet normal 0.694276 -0.138092 -0.706337
    outer loop
      vertex 89.8187 6.32563 0
      vertex 91.2145 5.72189 1.49
      vertex 89.7373 5.91638 0
    endloop
  endfacet
  facet normal -0.466665 -0.532256 -0.706348
    outer loop
      vertex 94.1021 6.70208 1.49
      vertex 94.8419 8.0308 0
      vertex 95.1557 7.75567 0
    endloop
  endfacet
  facet normal -0.466713 -0.532222 -0.706341
    outer loop
      vertex 94.8419 8.0308 0
      vertex 94.1021 6.70208 1.49
      vertex 93.9349 6.8487 1.49
    endloop
  endfacet
  facet normal 0.393254 -0.588576 -0.70635
    outer loop
      vertex 91.8651 6.8487 1.49
      vertex 91.305 8.26262 0
      vertex 92.05 6.97224 1.49
    endloop
  endfacet
  facet normal 0.393305 -0.588549 -0.706343
    outer loop
      vertex 91.305 8.26262 0
      vertex 91.8651 6.8487 1.49
      vertex 90.9581 8.0308 0
    endloop
  endfacet
  facet normal 0.634796 -0.313197 -0.706358
    outer loop
      vertex 91.3294 6.15056 1.49
      vertex 90.1374 7.095 0
      vertex 91.4278 6.35 1.49
    endloop
  endfacet
  facet normal 0.634832 -0.313141 -0.706351
    outer loop
      vertex 90.1374 7.095 0
      vertex 91.3294 6.15056 1.49
      vertex 89.9528 6.72076 0
    endloop
  endfacet
  facet normal 0.588627 -0.393182 -0.706347
    outer loop
      vertex 91.4278 6.35 1.49
      vertex 90.3692 7.44195 0
      vertex 91.5513 6.53489 1.49
    endloop
  endfacet
  facet normal 0.588582 -0.393236 -0.706354
    outer loop
      vertex 90.3692 7.44195 0
      vertex 91.4278 6.35 1.49
      vertex 90.1374 7.095 0
    endloop
  endfacet
  facet normal 0.393254 0.588576 -0.70635
    outer loop
      vertex 91.305 2.73738 0
      vertex 91.8651 4.1513 1.49
      vertex 92.05 4.02776 1.49
    endloop
  endfacet
  facet normal 0.393305 0.588549 -0.706343
    outer loop
      vertex 91.8651 4.1513 1.49
      vertex 91.305 2.73738 0
      vertex 90.9581 2.9692 0
    endloop
  endfacet
  facet normal -0.138122 0.694259 -0.706348
    outer loop
      vertex 93.3164 2.33729 0
      vertex 93.34 3.85793 1.49
      vertex 93.7256 2.4187 0
    endloop
  endfacet
  facet normal -0.13812 0.694259 -0.706348
    outer loop
      vertex 93.34 3.85793 1.49
      vertex 93.3164 2.33729 0
      vertex 93.1219 3.81454 1.49
    endloop
  endfacet
  facet normal -0.313114 0.634846 -0.70635
    outer loop
      vertex 94.1208 2.55282 0
      vertex 93.75 4.02776 1.49
      vertex 94.495 2.73738 0
    endloop
  endfacet
  facet normal -0.313123 0.634842 -0.706349
    outer loop
      vertex 93.75 4.02776 1.49
      vertex 94.1208 2.55282 0
      vertex 93.5506 3.92941 1.49
    endloop
  endfacet
  facet normal -0.694276 0.138092 -0.706337
    outer loop
      vertex 95.9813 4.67437 0
      vertex 94.5855 5.27811 1.49
      vertex 96.0627 5.08362 0
    endloop
  endfacet
  facet normal -0.694257 0.138151 -0.706343
    outer loop
      vertex 94.5855 5.27811 1.49
      vertex 95.9813 4.67437 0
      vertex 94.5421 5.06001 1.49
    endloop
  endfacet
  facet normal 0.694257 0.138151 -0.706343
    outer loop
      vertex 89.8187 4.67437 0
      vertex 91.2145 5.27811 1.49
      vertex 91.2579 5.06001 1.49
    endloop
  endfacet
  facet normal 0.694276 0.138092 -0.706337
    outer loop
      vertex 91.2145 5.27811 1.49
      vertex 89.8187 4.67437 0
      vertex 89.7373 5.08362 0
    endloop
  endfacet
  facet normal 0.706375 0.0461599 -0.706332
    outer loop
      vertex 89.7373 5.08362 0
      vertex 91.2 5.5 1.49
      vertex 91.2145 5.27811 1.49
    endloop
  endfacet
  facet normal 0.706348 0.0463118 -0.706348
    outer loop
      vertex 91.2 5.5 1.49
      vertex 89.7373 5.08362 0
      vertex 89.71 5.5 0
    endloop
  endfacet
  facet normal -0.980762 -0.195208 0
    outer loop
      vertex 7.18546 140.122 1.49
      vertex 7.14207 140.34 3
      vertex 7.14207 140.34 1.49
    endloop
  endfacet
  facet normal -0.980762 -0.195208 0
    outer loop
      vertex 7.14207 140.34 3
      vertex 7.18546 140.122 1.49
      vertex 7.18546 140.122 3
    endloop
  endfacet
  facet normal -0.997862 -0.0653555 0
    outer loop
      vertex 7.2 139.9 1.49
      vertex 7.18546 140.122 3
      vertex 7.18546 140.122 1.49
    endloop
  endfacet
  facet normal -0.997862 -0.0653555 0
    outer loop
      vertex 7.18546 140.122 3
      vertex 7.2 139.9 1.49
      vertex 7.2 139.9 3
    endloop
  endfacet
  facet normal -0.0674471 0.997723 0
    outer loop
      vertex 5.72189 138.215 1.49
      vertex 5.5 138.2 3
      vertex 5.72189 138.215 3
    endloop
  endfacet
  facet normal -0.0674471 0.997723 0
    outer loop
      vertex 5.5 138.2 3
      vertex 5.72189 138.215 1.49
      vertex 5.5 138.2 1.49
    endloop
  endfacet
  facet normal 0.660306 -0.750997 0
    outer loop
      vertex 4.29792 141.102 1.49
      vertex 4.46511 141.249 3
      vertex 4.29792 141.102 3
    endloop
  endfacet
  facet normal 0.660306 -0.750997 0
    outer loop
      vertex 4.46511 141.249 3
      vertex 4.29792 141.102 1.49
      vertex 4.46511 141.249 1.49
    endloop
  endfacet
  facet normal 0.831621 0.555343 0
    outer loop
      vertex 4.1513 138.865 3
      vertex 4.02776 139.05 1.49
      vertex 4.02776 139.05 3
    endloop
  endfacet
  facet normal 0.831621 0.555343 0
    outer loop
      vertex 4.02776 139.05 1.49
      vertex 4.1513 138.865 3
      vertex 4.1513 138.865 1.49
    endloop
  endfacet
  facet normal 0.193434 0.981113 -0
    outer loop
      vertex 5.27811 138.215 1.49
      vertex 5.06001 138.258 3
      vertex 5.27811 138.215 3
    endloop
  endfacet
  facet normal 0.193434 0.981113 0
    outer loop
      vertex 5.06001 138.258 3
      vertex 5.27811 138.215 1.49
      vertex 5.06001 138.258 1.49
    endloop
  endfacet
  facet normal -0.660306 -0.750997 0
    outer loop
      vertex 6.53489 141.249 3
      vertex 6.70208 141.102 1.49
      vertex 6.70208 141.102 3
    endloop
  endfacet
  facet normal -0.660306 -0.750997 0
    outer loop
      vertex 6.70208 141.102 1.49
      vertex 6.53489 141.249 3
      vertex 6.53489 141.249 1.49
    endloop
  endfacet
  facet normal -0.947128 0.320856 0
    outer loop
      vertex 7.07059 139.249 1.49
      vertex 7.14207 139.46 3
      vertex 7.14207 139.46 1.49
    endloop
  endfacet
  facet normal -0.947128 0.320856 0
    outer loop
      vertex 7.14207 139.46 3
      vertex 7.07059 139.249 1.49
      vertex 7.07059 139.249 3
    endloop
  endfacet
  facet normal -0.751472 0.659765 0
    outer loop
      vertex 6.70208 138.698 1.49
      vertex 6.8487 138.865 3
      vertex 6.8487 138.865 1.49
    endloop
  endfacet
  facet normal -0.751472 0.659765 0
    outer loop
      vertex 6.8487 138.865 3
      vertex 6.70208 138.698 1.49
      vertex 6.70208 138.698 3
    endloop
  endfacet
  facet normal -0.751472 -0.659765 0
    outer loop
      vertex 6.8487 140.935 1.49
      vertex 6.70208 141.102 3
      vertex 6.70208 141.102 1.49
    endloop
  endfacet
  facet normal -0.751472 -0.659765 0
    outer loop
      vertex 6.70208 141.102 3
      vertex 6.8487 140.935 1.49
      vertex 6.8487 140.935 3
    endloop
  endfacet
  facet normal 0.947128 0.320856 0
    outer loop
      vertex 3.92941 139.249 3
      vertex 3.85793 139.46 1.49
      vertex 3.85793 139.46 3
    endloop
  endfacet
  facet normal 0.947128 0.320856 0
    outer loop
      vertex 3.85793 139.46 1.49
      vertex 3.92941 139.249 3
      vertex 3.92941 139.249 1.49
    endloop
  endfacet
  facet normal -0.319506 0.947584 0
    outer loop
      vertex 6.15056 138.329 1.49
      vertex 5.93999 138.258 3
      vertex 6.15056 138.329 3
    endloop
  endfacet
  facet normal -0.319506 0.947584 0
    outer loop
      vertex 5.93999 138.258 3
      vertex 6.15056 138.329 1.49
      vertex 5.93999 138.258 1.49
    endloop
  endfacet
  facet normal 0.0674471 0.997723 0
    outer loop
      vertex 5.5 138.2 3
      vertex 5.27811 138.215 1.49
      vertex 5.27811 138.215 3
    endloop
  endfacet
  facet normal 0.0674471 0.997723 0
    outer loop
      vertex 5.27811 138.215 1.49
      vertex 5.5 138.2 3
      vertex 5.5 138.2 1.49
    endloop
  endfacet
  facet normal 0.319506 -0.947584 0
    outer loop
      vertex 4.84944 141.471 1.49
      vertex 5.06001 141.542 3
      vertex 4.84944 141.471 3
    endloop
  endfacet
  facet normal 0.319506 -0.947584 0
    outer loop
      vertex 5.06001 141.542 3
      vertex 4.84944 141.471 1.49
      vertex 5.06001 141.542 1.49
    endloop
  endfacet
  facet normal 0.751472 -0.659765 0
    outer loop
      vertex 4.1513 140.935 3
      vertex 4.29792 141.102 1.49
      vertex 4.29792 141.102 3
    endloop
  endfacet
  facet normal 0.751472 -0.659765 0
    outer loop
      vertex 4.29792 141.102 1.49
      vertex 4.1513 140.935 3
      vertex 4.1513 140.935 1.49
    endloop
  endfacet
  facet normal 0.444625 0.895717 0
    outer loop
      vertex 4.84944 138.329 3
      vertex 4.65 138.428 1.49
      vertex 4.65 138.428 3
    endloop
  endfacet
  facet normal 0.444625 0.895717 0
    outer loop
      vertex 4.65 138.428 1.49
      vertex 4.84944 138.329 3
      vertex 4.84944 138.329 1.49
    endloop
  endfacet
  facet normal 0.0674471 -0.997723 0
    outer loop
      vertex 5.27811 141.585 1.49
      vertex 5.5 141.6 3
      vertex 5.27811 141.585 3
    endloop
  endfacet
  facet normal 0.0674471 -0.997723 0
    outer loop
      vertex 5.5 141.6 3
      vertex 5.27811 141.585 1.49
      vertex 5.5 141.6 1.49
    endloop
  endfacet
  facet normal -0.89649 0.443064 0
    outer loop
      vertex 6.97224 139.05 1.49
      vertex 7.07059 139.249 3
      vertex 7.07059 139.249 1.49
    endloop
  endfacet
  facet normal -0.89649 0.443064 0
    outer loop
      vertex 7.07059 139.249 3
      vertex 6.97224 139.05 1.49
      vertex 6.97224 139.05 3
    endloop
  endfacet
  facet normal -0.553889 0.83259 0
    outer loop
      vertex 6.53489 138.551 3
      vertex 6.35 138.428 1.49
      vertex 6.35 138.428 3
    endloop
  endfacet
  facet normal -0.553889 0.83259 0
    outer loop
      vertex 6.35 138.428 1.49
      vertex 6.53489 138.551 3
      vertex 6.53489 138.551 1.49
    endloop
  endfacet
  facet normal 0.980762 0.195208 0
    outer loop
      vertex 3.85793 139.46 3
      vertex 3.81454 139.678 1.49
      vertex 3.81454 139.678 3
    endloop
  endfacet
  facet normal 0.980762 0.195208 0
    outer loop
      vertex 3.81454 139.678 1.49
      vertex 3.85793 139.46 3
      vertex 3.85793 139.46 1.49
    endloop
  endfacet
  facet normal -0.193434 -0.981113 0
    outer loop
      vertex 5.72189 141.585 1.49
      vertex 5.93999 141.542 3
      vertex 5.72189 141.585 3
    endloop
  endfacet
  facet normal -0.193434 -0.981113 -0
    outer loop
      vertex 5.93999 141.542 3
      vertex 5.72189 141.585 1.49
      vertex 5.93999 141.542 1.49
    endloop
  endfacet
  facet normal -0.831621 -0.555343 0
    outer loop
      vertex 6.97224 140.75 1.49
      vertex 6.8487 140.935 3
      vertex 6.8487 140.935 1.49
    endloop
  endfacet
  facet normal -0.831621 -0.555343 0
    outer loop
      vertex 6.8487 140.935 3
      vertex 6.97224 140.75 1.49
      vertex 6.97224 140.75 3
    endloop
  endfacet
  facet normal -0.997862 0.0653555 0
    outer loop
      vertex 7.18546 139.678 1.49
      vertex 7.2 139.9 3
      vertex 7.2 139.9 1.49
    endloop
  endfacet
  facet normal -0.997862 0.0653555 0
    outer loop
      vertex 7.2 139.9 3
      vertex 7.18546 139.678 1.49
      vertex 7.18546 139.678 3
    endloop
  endfacet
  facet normal -0.319506 -0.947584 0
    outer loop
      vertex 5.93999 141.542 3
      vertex 6.15056 141.471 1.49
      vertex 6.15056 141.471 3
    endloop
  endfacet
  facet normal -0.319506 -0.947584 0
    outer loop
      vertex 6.15056 141.471 1.49
      vertex 5.93999 141.542 3
      vertex 5.93999 141.542 1.49
    endloop
  endfacet
  facet normal -0.553889 -0.83259 0
    outer loop
      vertex 6.35 141.372 1.49
      vertex 6.53489 141.249 3
      vertex 6.35 141.372 3
    endloop
  endfacet
  facet normal -0.553889 -0.83259 -0
    outer loop
      vertex 6.53489 141.249 3
      vertex 6.35 141.372 1.49
      vertex 6.53489 141.249 1.49
    endloop
  endfacet
  facet normal 0.193434 -0.981113 0
    outer loop
      vertex 5.06001 141.542 3
      vertex 5.27811 141.585 1.49
      vertex 5.27811 141.585 3
    endloop
  endfacet
  facet normal 0.193434 -0.981113 0
    outer loop
      vertex 5.27811 141.585 1.49
      vertex 5.06001 141.542 3
      vertex 5.06001 141.542 1.49
    endloop
  endfacet
  facet normal -0.660306 0.750997 0
    outer loop
      vertex 6.70208 138.698 1.49
      vertex 6.53489 138.551 3
      vertex 6.70208 138.698 3
    endloop
  endfacet
  facet normal -0.660306 0.750997 0
    outer loop
      vertex 6.53489 138.551 3
      vertex 6.70208 138.698 1.49
      vertex 6.53489 138.551 1.49
    endloop
  endfacet
  facet normal 0.89649 -0.443064 0
    outer loop
      vertex 3.92941 140.551 3
      vertex 4.02776 140.75 1.49
      vertex 4.02776 140.75 3
    endloop
  endfacet
  facet normal 0.89649 -0.443064 0
    outer loop
      vertex 4.02776 140.75 1.49
      vertex 3.92941 140.551 3
      vertex 3.92941 140.551 1.49
    endloop
  endfacet
  facet normal -0.980762 0.195208 0
    outer loop
      vertex 7.14207 139.46 1.49
      vertex 7.18546 139.678 3
      vertex 7.18546 139.678 1.49
    endloop
  endfacet
  facet normal -0.980762 0.195208 0
    outer loop
      vertex 7.18546 139.678 3
      vertex 7.14207 139.46 1.49
      vertex 7.14207 139.46 3
    endloop
  endfacet
  facet normal -0.193434 0.981113 0
    outer loop
      vertex 5.93999 138.258 3
      vertex 5.72189 138.215 1.49
      vertex 5.72189 138.215 3
    endloop
  endfacet
  facet normal -0.193434 0.981113 0
    outer loop
      vertex 5.72189 138.215 1.49
      vertex 5.93999 138.258 3
      vertex 5.93999 138.258 1.49
    endloop
  endfacet
  facet normal 0.660306 0.750997 0
    outer loop
      vertex 4.46511 138.551 3
      vertex 4.29792 138.698 1.49
      vertex 4.29792 138.698 3
    endloop
  endfacet
  facet normal 0.660306 0.750997 0
    outer loop
      vertex 4.29792 138.698 1.49
      vertex 4.46511 138.551 3
      vertex 4.46511 138.551 1.49
    endloop
  endfacet
  facet normal 0.751472 0.659765 0
    outer loop
      vertex 4.29792 138.698 3
      vertex 4.1513 138.865 1.49
      vertex 4.1513 138.865 3
    endloop
  endfacet
  facet normal 0.751472 0.659765 0
    outer loop
      vertex 4.1513 138.865 1.49
      vertex 4.29792 138.698 3
      vertex 4.29792 138.698 1.49
    endloop
  endfacet
  facet normal -0.0674471 -0.997723 0
    outer loop
      vertex 5.5 141.6 3
      vertex 5.72189 141.585 1.49
      vertex 5.72189 141.585 3
    endloop
  endfacet
  facet normal -0.0674471 -0.997723 0
    outer loop
      vertex 5.72189 141.585 1.49
      vertex 5.5 141.6 3
      vertex 5.5 141.6 1.49
    endloop
  endfacet
  facet normal -0.444625 -0.895717 0
    outer loop
      vertex 6.15056 141.471 3
      vertex 6.35 141.372 1.49
      vertex 6.35 141.372 3
    endloop
  endfacet
  facet normal -0.444625 -0.895717 0
    outer loop
      vertex 6.35 141.372 1.49
      vertex 6.15056 141.471 3
      vertex 6.15056 141.471 1.49
    endloop
  endfacet
  facet normal -0.831621 0.555343 0
    outer loop
      vertex 6.8487 138.865 1.49
      vertex 6.97224 139.05 3
      vertex 6.97224 139.05 1.49
    endloop
  endfacet
  facet normal -0.831621 0.555343 0
    outer loop
      vertex 6.97224 139.05 3
      vertex 6.8487 138.865 1.49
      vertex 6.8487 138.865 3
    endloop
  endfacet
  facet normal 0.997862 0.0653555 0
    outer loop
      vertex 3.81454 139.678 3
      vertex 3.8 139.9 1.49
      vertex 3.8 139.9 3
    endloop
  endfacet
  facet normal 0.997862 0.0653555 0
    outer loop
      vertex 3.8 139.9 1.49
      vertex 3.81454 139.678 3
      vertex 3.81454 139.678 1.49
    endloop
  endfacet
  facet normal -0.444625 0.895717 0
    outer loop
      vertex 6.35 138.428 1.49
      vertex 6.15056 138.329 3
      vertex 6.35 138.428 3
    endloop
  endfacet
  facet normal -0.444625 0.895717 0
    outer loop
      vertex 6.15056 138.329 3
      vertex 6.35 138.428 1.49
      vertex 6.15056 138.329 1.49
    endloop
  endfacet
  facet normal 0.980762 -0.195208 0
    outer loop
      vertex 3.81454 140.122 3
      vertex 3.85793 140.34 1.49
      vertex 3.85793 140.34 3
    endloop
  endfacet
  facet normal 0.980762 -0.195208 0
    outer loop
      vertex 3.85793 140.34 1.49
      vertex 3.81454 140.122 3
      vertex 3.81454 140.122 1.49
    endloop
  endfacet
  facet normal 0.89649 0.443064 0
    outer loop
      vertex 4.02776 139.05 3
      vertex 3.92941 139.249 1.49
      vertex 3.92941 139.249 3
    endloop
  endfacet
  facet normal 0.89649 0.443064 0
    outer loop
      vertex 3.92941 139.249 1.49
      vertex 4.02776 139.05 3
      vertex 4.02776 139.05 1.49
    endloop
  endfacet
  facet normal 0.947128 -0.320856 0
    outer loop
      vertex 3.85793 140.34 3
      vertex 3.92941 140.551 1.49
      vertex 3.92941 140.551 3
    endloop
  endfacet
  facet normal 0.947128 -0.320856 0
    outer loop
      vertex 3.92941 140.551 1.49
      vertex 3.85793 140.34 3
      vertex 3.85793 140.34 1.49
    endloop
  endfacet
  facet normal 0.553889 -0.83259 0
    outer loop
      vertex 4.46511 141.249 3
      vertex 4.65 141.372 1.49
      vertex 4.65 141.372 3
    endloop
  endfacet
  facet normal 0.553889 -0.83259 0
    outer loop
      vertex 4.65 141.372 1.49
      vertex 4.46511 141.249 3
      vertex 4.46511 141.249 1.49
    endloop
  endfacet
  facet normal -0.89649 -0.443064 0
    outer loop
      vertex 7.07059 140.551 1.49
      vertex 6.97224 140.75 3
      vertex 6.97224 140.75 1.49
    endloop
  endfacet
  facet normal -0.89649 -0.443064 0
    outer loop
      vertex 6.97224 140.75 3
      vertex 7.07059 140.551 1.49
      vertex 7.07059 140.551 3
    endloop
  endfacet
  facet normal -0.947128 -0.320856 0
    outer loop
      vertex 7.14207 140.34 1.49
      vertex 7.07059 140.551 3
      vertex 7.07059 140.551 1.49
    endloop
  endfacet
  facet normal -0.947128 -0.320856 0
    outer loop
      vertex 7.07059 140.551 3
      vertex 7.14207 140.34 1.49
      vertex 7.14207 140.34 3
    endloop
  endfacet
  facet normal 0.997862 -0.0653555 0
    outer loop
      vertex 3.8 139.9 3
      vertex 3.81454 140.122 1.49
      vertex 3.81454 140.122 3
    endloop
  endfacet
  facet normal 0.997862 -0.0653555 0
    outer loop
      vertex 3.81454 140.122 1.49
      vertex 3.8 139.9 3
      vertex 3.8 139.9 1.49
    endloop
  endfacet
  facet normal 0.319506 0.947584 0
    outer loop
      vertex 5.06001 138.258 3
      vertex 4.84944 138.329 1.49
      vertex 4.84944 138.329 3
    endloop
  endfacet
  facet normal 0.319506 0.947584 0
    outer loop
      vertex 4.84944 138.329 1.49
      vertex 5.06001 138.258 3
      vertex 5.06001 138.258 1.49
    endloop
  endfacet
  facet normal 0.444625 -0.895717 0
    outer loop
      vertex 4.65 141.372 1.49
      vertex 4.84944 141.471 3
      vertex 4.65 141.372 3
    endloop
  endfacet
  facet normal 0.444625 -0.895717 0
    outer loop
      vertex 4.84944 141.471 3
      vertex 4.65 141.372 1.49
      vertex 4.84944 141.471 1.49
    endloop
  endfacet
  facet normal 0.831621 -0.555343 0
    outer loop
      vertex 4.02776 140.75 3
      vertex 4.1513 140.935 1.49
      vertex 4.1513 140.935 3
    endloop
  endfacet
  facet normal 0.831621 -0.555343 0
    outer loop
      vertex 4.1513 140.935 1.49
      vertex 4.02776 140.75 3
      vertex 4.02776 140.75 1.49
    endloop
  endfacet
  facet normal 0.553889 0.83259 -0
    outer loop
      vertex 4.65 138.428 1.49
      vertex 4.46511 138.551 3
      vertex 4.65 138.428 3
    endloop
  endfacet
  facet normal 0.553889 0.83259 0
    outer loop
      vertex 4.46511 138.551 3
      vertex 4.65 138.428 1.49
      vertex 4.46511 138.551 1.49
    endloop
  endfacet
  facet normal -0.706347 -0.0463371 -0.706347
    outer loop
      vertex 7.2 139.9 1.49
      vertex 8.66271 140.316 0
      vertex 8.69 139.9 0
    endloop
  endfacet
  facet normal -0.70636 -0.0462634 -0.706339
    outer loop
      vertex 8.66271 140.316 0
      vertex 7.2 139.9 1.49
      vertex 7.18546 140.122 1.49
    endloop
  endfacet
  facet normal 0.531882 -0.466973 -0.706426
    outer loop
      vertex 4.1513 140.935 1.49
      vertex 3.24433 142.156 0
      vertex 4.29792 141.102 1.49
    endloop
  endfacet
  facet normal 0.532401 -0.466495 -0.706351
    outer loop
      vertex 3.24433 142.156 0
      vertex 4.1513 140.935 1.49
      vertex 2.9692 141.842 0
    endloop
  endfacet
  facet normal -0.588596 -0.393223 -0.706351
    outer loop
      vertex 6.97224 140.75 1.49
      vertex 8.0308 141.842 0
      vertex 8.26262 141.495 0
    endloop
  endfacet
  facet normal -0.588686 -0.393115 -0.706336
    outer loop
      vertex 8.0308 141.842 0
      vertex 6.97224 140.75 1.49
      vertex 6.8487 140.935 1.49
    endloop
  endfacet
  facet normal -0.312276 -0.635143 -0.706454
    outer loop
      vertex 6.35 141.372 1.49
      vertex 6.72076 142.847 0
      vertex 7.095 142.663 0
    endloop
  endfacet
  facet normal -0.314816 -0.634212 -0.706163
    outer loop
      vertex 6.72076 142.847 0
      vertex 6.35 141.372 1.49
      vertex 6.15056 141.471 1.49
    endloop
  endfacet
  facet normal 0.670464 -0.227132 -0.706321
    outer loop
      vertex 3.85793 140.34 1.49
      vertex 2.55282 141.121 0
      vertex 3.92941 140.551 1.49
    endloop
  endfacet
  facet normal 0.670255 -0.227581 -0.706374
    outer loop
      vertex 2.55282 141.121 0
      vertex 3.85793 140.34 1.49
      vertex 2.4187 140.726 0
    endloop
  endfacet
  facet normal 0.314816 -0.634212 -0.706163
    outer loop
      vertex 4.65 141.372 1.49
      vertex 4.27924 142.847 0
      vertex 4.84944 141.471 1.49
    endloop
  endfacet
  facet normal 0.312276 -0.635143 -0.706454
    outer loop
      vertex 4.27924 142.847 0
      vertex 4.65 141.372 1.49
      vertex 3.905 142.663 0
    endloop
  endfacet
  facet normal -0.634803 0.31326 -0.706324
    outer loop
      vertex 8.26262 138.305 0
      vertex 7.07059 139.249 1.49
      vertex 8.44718 138.679 0
    endloop
  endfacet
  facet normal -0.634575 0.31362 -0.706369
    outer loop
      vertex 7.07059 139.249 1.49
      vertex 8.26262 138.305 0
      vertex 6.97224 139.05 1.49
    endloop
  endfacet
  facet normal 0.634575 0.31362 -0.706369
    outer loop
      vertex 2.73738 138.305 0
      vertex 3.92941 139.249 1.49
      vertex 4.02776 139.05 1.49
    endloop
  endfacet
  facet normal 0.634803 0.31326 -0.706324
    outer loop
      vertex 3.92941 139.249 1.49
      vertex 2.73738 138.305 0
      vertex 2.55282 138.679 0
    endloop
  endfacet
  facet normal -0.0477283 -0.706029 -0.706573
    outer loop
      vertex 5.5 141.6 1.49
      vertex 5.91638 143.063 0
      vertex 5.72189 141.585 1.49
    endloop
  endfacet
  facet normal -0.0458039 -0.706365 -0.706365
    outer loop
      vertex 5.91638 143.063 0
      vertex 5.5 141.6 1.49
      vertex 5.5 143.09 0
    endloop
  endfacet
  facet normal -0.694324 -0.137866 -0.706333
    outer loop
      vertex 7.18546 140.122 1.49
      vertex 8.5813 140.726 0
      vertex 8.66271 140.316 0
    endloop
  endfacet
  facet normal -0.694227 -0.138177 -0.706368
    outer loop
      vertex 8.5813 140.726 0
      vertex 7.18546 140.122 1.49
      vertex 7.14207 140.34 1.49
    endloop
  endfacet
  facet normal -0.532401 -0.466495 -0.706351
    outer loop
      vertex 6.8487 140.935 1.49
      vertex 7.75567 142.156 0
      vertex 8.0308 141.842 0
    endloop
  endfacet
  facet normal -0.531882 -0.466973 -0.706426
    outer loop
      vertex 7.75567 142.156 0
      vertex 6.8487 140.935 1.49
      vertex 6.70208 141.102 1.49
    endloop
  endfacet
  facet normal -0.0457946 0.70622 -0.70651
    outer loop
      vertex 5.5 136.71 0
      vertex 5.72189 138.215 1.49
      vertex 5.91638 136.737 0
    endloop
  endfacet
  facet normal -0.0477467 0.7063 -0.7063
    outer loop
      vertex 5.72189 138.215 1.49
      vertex 5.5 136.71 0
      vertex 5.5 138.2 1.49
    endloop
  endfacet
  facet normal 0.0477467 0.7063 -0.7063
    outer loop
      vertex 5.5 136.71 0
      vertex 5.27811 138.215 1.49
      vertex 5.5 138.2 1.49
    endloop
  endfacet
  facet normal 0.0457946 0.70622 -0.70651
    outer loop
      vertex 5.27811 138.215 1.49
      vertex 5.5 136.71 0
      vertex 5.08362 136.737 0
    endloop
  endfacet
  facet normal -0.670255 -0.227581 -0.706374
    outer loop
      vertex 7.14207 140.34 1.49
      vertex 8.44718 141.121 0
      vertex 8.5813 140.726 0
    endloop
  endfacet
  facet normal -0.670464 -0.227132 -0.706321
    outer loop
      vertex 8.44718 141.121 0
      vertex 7.14207 140.34 1.49
      vertex 7.07059 140.551 1.49
    endloop
  endfacet
  facet normal -0.532401 0.466495 -0.706351
    outer loop
      vertex 7.75567 137.644 0
      vertex 6.8487 138.865 1.49
      vertex 8.0308 137.958 0
    endloop
  endfacet
  facet normal -0.531882 0.466973 -0.706426
    outer loop
      vertex 6.8487 138.865 1.49
      vertex 7.75567 137.644 0
      vertex 6.70208 138.698 1.49
    endloop
  endfacet
  facet normal -0.227384 0.670494 -0.706211
    outer loop
      vertex 6.32563 136.819 0
      vertex 6.15056 138.329 1.49
      vertex 6.72076 136.953 0
    endloop
  endfacet
  facet normal -0.226169 0.670766 -0.706343
    outer loop
      vertex 6.15056 138.329 1.49
      vertex 6.32563 136.819 0
      vertex 5.93999 138.258 1.49
    endloop
  endfacet
  facet normal -0.466562 0.532254 -0.706417
    outer loop
      vertex 7.44195 137.369 0
      vertex 6.70208 138.698 1.49
      vertex 7.75567 137.644 0
    endloop
  endfacet
  facet normal -0.467437 0.531638 -0.706302
    outer loop
      vertex 6.70208 138.698 1.49
      vertex 7.44195 137.369 0
      vertex 6.53489 138.551 1.49
    endloop
  endfacet
  facet normal 0.314816 0.634212 -0.706163
    outer loop
      vertex 4.27924 136.953 0
      vertex 4.65 138.428 1.49
      vertex 4.84944 138.329 1.49
    endloop
  endfacet
  facet normal 0.312276 0.635143 -0.706454
    outer loop
      vertex 4.65 138.428 1.49
      vertex 4.27924 136.953 0
      vertex 3.905 137.137 0
    endloop
  endfacet
  facet normal -0.139072 -0.69409 -0.706327
    outer loop
      vertex 5.93999 141.542 1.49
      vertex 5.91638 143.063 0
      vertex 6.32563 142.981 0
    endloop
  endfacet
  facet normal -0.136884 -0.694286 -0.706562
    outer loop
      vertex 5.91638 143.063 0
      vertex 5.93999 141.542 1.49
      vertex 5.72189 141.585 1.49
    endloop
  endfacet
  facet normal 0.226169 0.670766 -0.706343
    outer loop
      vertex 4.67437 136.819 0
      vertex 4.84944 138.329 1.49
      vertex 5.06001 138.258 1.49
    endloop
  endfacet
  facet normal 0.227384 0.670494 -0.706211
    outer loop
      vertex 4.84944 138.329 1.49
      vertex 4.67437 136.819 0
      vertex 4.27924 136.953 0
    endloop
  endfacet
  facet normal 0.226169 -0.670766 -0.706343
    outer loop
      vertex 4.84944 141.471 1.49
      vertex 4.67437 142.981 0
      vertex 5.06001 141.542 1.49
    endloop
  endfacet
  facet normal 0.227384 -0.670494 -0.706211
    outer loop
      vertex 4.67437 142.981 0
      vertex 4.84944 141.471 1.49
      vertex 4.27924 142.847 0
    endloop
  endfacet
  facet normal 0.136884 0.694286 -0.706562
    outer loop
      vertex 5.08362 136.737 0
      vertex 5.06001 138.258 1.49
      vertex 5.27811 138.215 1.49
    endloop
  endfacet
  facet normal 0.139072 0.69409 -0.706327
    outer loop
      vertex 5.06001 138.258 1.49
      vertex 5.08362 136.737 0
      vertex 4.67437 136.819 0
    endloop
  endfacet
  facet normal 0.467437 -0.531638 -0.706302
    outer loop
      vertex 4.29792 141.102 1.49
      vertex 3.55805 142.431 0
      vertex 4.46511 141.249 1.49
    endloop
  endfacet
  facet normal 0.466562 -0.532254 -0.706417
    outer loop
      vertex 3.55805 142.431 0
      vertex 4.29792 141.102 1.49
      vertex 3.24433 142.156 0
    endloop
  endfacet
  facet normal -0.39348 -0.588439 -0.706338
    outer loop
      vertex 6.53489 141.249 1.49
      vertex 7.095 142.663 0
      vertex 7.44195 142.431 0
    endloop
  endfacet
  facet normal -0.391985 -0.58922 -0.706518
    outer loop
      vertex 7.095 142.663 0
      vertex 6.53489 141.249 1.49
      vertex 6.35 141.372 1.49
    endloop
  endfacet
  facet normal 0.588686 0.393115 -0.706336
    outer loop
      vertex 2.9692 137.958 0
      vertex 4.02776 139.05 1.49
      vertex 4.1513 138.865 1.49
    endloop
  endfacet
  facet normal 0.588596 0.393223 -0.706351
    outer loop
      vertex 4.02776 139.05 1.49
      vertex 2.9692 137.958 0
      vertex 2.73738 138.305 0
    endloop
  endfacet
  facet normal -0.227384 -0.670494 -0.706211
    outer loop
      vertex 6.15056 141.471 1.49
      vertex 6.32563 142.981 0
      vertex 6.72076 142.847 0
    endloop
  endfacet
  facet normal -0.226169 -0.670766 -0.706343
    outer loop
      vertex 6.32563 142.981 0
      vertex 6.15056 141.471 1.49
      vertex 5.93999 141.542 1.49
    endloop
  endfacet
  facet normal -0.39348 0.588439 -0.706338
    outer loop
      vertex 7.095 137.137 0
      vertex 6.53489 138.551 1.49
      vertex 7.44195 137.369 0
    endloop
  endfacet
  facet normal -0.391985 0.58922 -0.706518
    outer loop
      vertex 6.53489 138.551 1.49
      vertex 7.095 137.137 0
      vertex 6.35 138.428 1.49
    endloop
  endfacet
  facet normal 0.670464 0.227132 -0.706321
    outer loop
      vertex 2.55282 138.679 0
      vertex 3.85793 139.46 1.49
      vertex 3.92941 139.249 1.49
    endloop
  endfacet
  facet normal 0.670255 0.227581 -0.706374
    outer loop
      vertex 3.85793 139.46 1.49
      vertex 2.55282 138.679 0
      vertex 2.4187 139.074 0
    endloop
  endfacet
  facet normal -0.70635 0.0462627 -0.70635
    outer loop
      vertex 8.69 139.9 0
      vertex 7.18546 139.678 1.49
      vertex 7.2 139.9 1.49
    endloop
  endfacet
  facet normal -0.706353 0.0463374 -0.706342
    outer loop
      vertex 7.18546 139.678 1.49
      vertex 8.69 139.9 0
      vertex 8.66271 139.484 0
    endloop
  endfacet
  facet normal -0.634803 -0.31326 -0.706324
    outer loop
      vertex 7.07059 140.551 1.49
      vertex 8.26262 141.495 0
      vertex 8.44718 141.121 0
    endloop
  endfacet
  facet normal -0.634575 -0.31362 -0.706369
    outer loop
      vertex 8.26262 141.495 0
      vertex 7.07059 140.551 1.49
      vertex 6.97224 140.75 1.49
    endloop
  endfacet
  facet normal 0.531882 0.466973 -0.706426
    outer loop
      vertex 3.24433 137.644 0
      vertex 4.1513 138.865 1.49
      vertex 4.29792 138.698 1.49
    endloop
  endfacet
  facet normal 0.532401 0.466495 -0.706351
    outer loop
      vertex 4.1513 138.865 1.49
      vertex 3.24433 137.644 0
      vertex 2.9692 137.958 0
    endloop
  endfacet
  facet normal -0.588596 0.393223 -0.706351
    outer loop
      vertex 8.0308 137.958 0
      vertex 6.97224 139.05 1.49
      vertex 8.26262 138.305 0
    endloop
  endfacet
  facet normal -0.588686 0.393115 -0.706336
    outer loop
      vertex 6.97224 139.05 1.49
      vertex 8.0308 137.958 0
      vertex 6.8487 138.865 1.49
    endloop
  endfacet
  facet normal -0.670255 0.227581 -0.706374
    outer loop
      vertex 8.44718 138.679 0
      vertex 7.14207 139.46 1.49
      vertex 8.5813 139.074 0
    endloop
  endfacet
  facet normal -0.670464 0.227132 -0.706321
    outer loop
      vertex 7.14207 139.46 1.49
      vertex 8.44718 138.679 0
      vertex 7.07059 139.249 1.49
    endloop
  endfacet
  facet normal 0.467437 0.531638 -0.706302
    outer loop
      vertex 3.55805 137.369 0
      vertex 4.29792 138.698 1.49
      vertex 4.46511 138.551 1.49
    endloop
  endfacet
  facet normal 0.466562 0.532254 -0.706417
    outer loop
      vertex 4.29792 138.698 1.49
      vertex 3.55805 137.369 0
      vertex 3.24433 137.644 0
    endloop
  endfacet
  facet normal 0.136884 -0.694286 -0.706562
    outer loop
      vertex 5.06001 141.542 1.49
      vertex 5.08362 143.063 0
      vertex 5.27811 141.585 1.49
    endloop
  endfacet
  facet normal 0.139072 -0.69409 -0.706327
    outer loop
      vertex 5.08362 143.063 0
      vertex 5.06001 141.542 1.49
      vertex 4.67437 142.981 0
    endloop
  endfacet
  facet normal 0.0477467 -0.7063 -0.7063
    outer loop
      vertex 5.27811 141.585 1.49
      vertex 5.5 143.09 0
      vertex 5.5 141.6 1.49
    endloop
  endfacet
  facet normal 0.0457946 -0.70622 -0.70651
    outer loop
      vertex 5.5 143.09 0
      vertex 5.27811 141.585 1.49
      vertex 5.08362 143.063 0
    endloop
  endfacet
  facet normal 0.70636 -0.0462634 -0.706339
    outer loop
      vertex 3.8 139.9 1.49
      vertex 2.33729 140.316 0
      vertex 3.81454 140.122 1.49
    endloop
  endfacet
  facet normal 0.706347 -0.0463371 -0.706347
    outer loop
      vertex 2.33729 140.316 0
      vertex 3.8 139.9 1.49
      vertex 2.31 139.9 0
    endloop
  endfacet
  facet normal 0.694227 -0.138177 -0.706368
    outer loop
      vertex 3.81454 140.122 1.49
      vertex 2.4187 140.726 0
      vertex 3.85793 140.34 1.49
    endloop
  endfacet
  facet normal 0.694324 -0.137866 -0.706333
    outer loop
      vertex 2.4187 140.726 0
      vertex 3.81454 140.122 1.49
      vertex 2.33729 140.316 0
    endloop
  endfacet
  facet normal -0.466562 -0.532254 -0.706417
    outer loop
      vertex 6.70208 141.102 1.49
      vertex 7.44195 142.431 0
      vertex 7.75567 142.156 0
    endloop
  endfacet
  facet normal -0.467437 -0.531638 -0.706302
    outer loop
      vertex 7.44195 142.431 0
      vertex 6.70208 141.102 1.49
      vertex 6.53489 141.249 1.49
    endloop
  endfacet
  facet normal 0.391985 -0.58922 -0.706518
    outer loop
      vertex 4.46511 141.249 1.49
      vertex 3.905 142.663 0
      vertex 4.65 141.372 1.49
    endloop
  endfacet
  facet normal 0.39348 -0.588439 -0.706338
    outer loop
      vertex 3.905 142.663 0
      vertex 4.46511 141.249 1.49
      vertex 3.55805 142.431 0
    endloop
  endfacet
  facet normal 0.634575 -0.31362 -0.706369
    outer loop
      vertex 3.92941 140.551 1.49
      vertex 2.73738 141.495 0
      vertex 4.02776 140.75 1.49
    endloop
  endfacet
  facet normal 0.634803 -0.31326 -0.706324
    outer loop
      vertex 2.73738 141.495 0
      vertex 3.92941 140.551 1.49
      vertex 2.55282 141.121 0
    endloop
  endfacet
  facet normal 0.588686 -0.393115 -0.706336
    outer loop
      vertex 4.02776 140.75 1.49
      vertex 2.9692 141.842 0
      vertex 4.1513 140.935 1.49
    endloop
  endfacet
  facet normal 0.588596 -0.393223 -0.706351
    outer loop
      vertex 2.9692 141.842 0
      vertex 4.02776 140.75 1.49
      vertex 2.73738 141.495 0
    endloop
  endfacet
  facet normal 0.391985 0.58922 -0.706518
    outer loop
      vertex 3.905 137.137 0
      vertex 4.46511 138.551 1.49
      vertex 4.65 138.428 1.49
    endloop
  endfacet
  facet normal 0.39348 0.588439 -0.706338
    outer loop
      vertex 4.46511 138.551 1.49
      vertex 3.905 137.137 0
      vertex 3.55805 137.369 0
    endloop
  endfacet
  facet normal -0.139072 0.69409 -0.706327
    outer loop
      vertex 5.91638 136.737 0
      vertex 5.93999 138.258 1.49
      vertex 6.32563 136.819 0
    endloop
  endfacet
  facet normal -0.136884 0.694286 -0.706562
    outer loop
      vertex 5.93999 138.258 1.49
      vertex 5.91638 136.737 0
      vertex 5.72189 138.215 1.49
    endloop
  endfacet
  facet normal -0.312276 0.635143 -0.706454
    outer loop
      vertex 6.72076 136.953 0
      vertex 6.35 138.428 1.49
      vertex 7.095 137.137 0
    endloop
  endfacet
  facet normal -0.314816 0.634212 -0.706163
    outer loop
      vertex 6.35 138.428 1.49
      vertex 6.72076 136.953 0
      vertex 6.15056 138.329 1.49
    endloop
  endfacet
  facet normal -0.694324 0.137866 -0.706333
    outer loop
      vertex 8.5813 139.074 0
      vertex 7.18546 139.678 1.49
      vertex 8.66271 139.484 0
    endloop
  endfacet
  facet normal -0.694227 0.138177 -0.706368
    outer loop
      vertex 7.18546 139.678 1.49
      vertex 8.5813 139.074 0
      vertex 7.14207 139.46 1.49
    endloop
  endfacet
  facet normal 0.694227 0.138177 -0.706368
    outer loop
      vertex 2.4187 139.074 0
      vertex 3.81454 139.678 1.49
      vertex 3.85793 139.46 1.49
    endloop
  endfacet
  facet normal 0.694324 0.137866 -0.706333
    outer loop
      vertex 3.81454 139.678 1.49
      vertex 2.4187 139.074 0
      vertex 2.33729 139.484 0
    endloop
  endfacet
  facet normal 0.70635 0.0462627 -0.70635
    outer loop
      vertex 3.81454 139.678 1.49
      vertex 2.31 139.9 0
      vertex 3.8 139.9 1.49
    endloop
  endfacet
  facet normal 0.706353 0.0463374 -0.706342
    outer loop
      vertex 2.31 139.9 0
      vertex 3.81454 139.678 1.49
      vertex 2.33729 139.484 0
    endloop
  endfacet
  facet normal -0.980753 -0.195251 0
    outer loop
      vertex 94.5855 140.122 1.49
      vertex 94.5421 140.34 3
      vertex 94.5421 140.34 1.49
    endloop
  endfacet
  facet normal -0.980753 -0.195251 0
    outer loop
      vertex 94.5421 140.34 3
      vertex 94.5855 140.122 1.49
      vertex 94.5855 140.122 3
    endloop
  endfacet
  facet normal 0.660284 -0.751016 0
    outer loop
      vertex 91.6979 141.102 1.49
      vertex 91.8651 141.249 3
      vertex 91.6979 141.102 3
    endloop
  endfacet
  facet normal 0.660284 -0.751016 0
    outer loop
      vertex 91.8651 141.249 3
      vertex 91.6979 141.102 1.49
      vertex 91.8651 141.249 1.49
    endloop
  endfacet
  facet normal -0.8964 -0.443245 0
    outer loop
      vertex 94.4706 140.551 1.49
      vertex 94.3722 140.75 3
      vertex 94.3722 140.75 1.49
    endloop
  endfacet
  facet normal -0.8964 -0.443245 0
    outer loop
      vertex 94.3722 140.75 3
      vertex 94.4706 140.551 1.49
      vertex 94.4706 140.551 3
    endloop
  endfacet
  facet normal -0.751516 0.659714 0
    outer loop
      vertex 94.1021 138.698 1.49
      vertex 94.2487 138.865 3
      vertex 94.2487 138.865 1.49
    endloop
  endfacet
  facet normal -0.751516 0.659714 0
    outer loop
      vertex 94.2487 138.865 3
      vertex 94.1021 138.698 1.49
      vertex 94.1021 138.698 3
    endloop
  endfacet
  facet normal -0.553869 0.832604 0
    outer loop
      vertex 93.9349 138.551 3
      vertex 93.75 138.428 1.49
      vertex 93.75 138.428 3
    endloop
  endfacet
  facet normal -0.553869 0.832604 0
    outer loop
      vertex 93.75 138.428 1.49
      vertex 93.9349 138.551 3
      vertex 93.9349 138.551 1.49
    endloop
  endfacet
  facet normal 0.319466 0.947598 0
    outer loop
      vertex 92.46 138.258 3
      vertex 92.2494 138.329 1.49
      vertex 92.2494 138.329 3
    endloop
  endfacet
  facet normal 0.319466 0.947598 0
    outer loop
      vertex 92.2494 138.329 1.49
      vertex 92.46 138.258 3
      vertex 92.46 138.258 1.49
    endloop
  endfacet
  facet normal -0.660284 -0.751016 0
    outer loop
      vertex 93.9349 141.249 3
      vertex 94.1021 141.102 1.49
      vertex 94.1021 141.102 3
    endloop
  endfacet
  facet normal -0.660284 -0.751016 0
    outer loop
      vertex 94.1021 141.102 1.49
      vertex 93.9349 141.249 3
      vertex 93.9349 141.249 1.49
    endloop
  endfacet
  facet normal -0.997874 -0.0651764 0
    outer loop
      vertex 94.6 139.9 1.49
      vertex 94.5855 140.122 3
      vertex 94.5855 140.122 1.49
    endloop
  endfacet
  facet normal -0.997874 -0.0651764 0
    outer loop
      vertex 94.5855 140.122 3
      vertex 94.6 139.9 1.49
      vertex 94.6 139.9 3
    endloop
  endfacet
  facet normal 0.444696 0.895681 0
    outer loop
      vertex 92.2494 138.329 3
      vertex 92.05 138.428 1.49
      vertex 92.05 138.428 3
    endloop
  endfacet
  facet normal 0.444696 0.895681 0
    outer loop
      vertex 92.05 138.428 1.49
      vertex 92.2494 138.329 3
      vertex 92.2494 138.329 1.49
    endloop
  endfacet
  facet normal 0.980753 0.195251 0
    outer loop
      vertex 91.2579 139.46 3
      vertex 91.2145 139.678 1.49
      vertex 91.2145 139.678 3
    endloop
  endfacet
  facet normal 0.980753 0.195251 0
    outer loop
      vertex 91.2145 139.678 1.49
      vertex 91.2579 139.46 3
      vertex 91.2579 139.46 1.49
    endloop
  endfacet
  facet normal 0.444696 -0.895681 0
    outer loop
      vertex 92.05 141.372 1.49
      vertex 92.2494 141.471 3
      vertex 92.05 141.372 3
    endloop
  endfacet
  facet normal 0.444696 -0.895681 0
    outer loop
      vertex 92.2494 141.471 3
      vertex 92.05 141.372 1.49
      vertex 92.2494 141.471 1.49
    endloop
  endfacet
  facet normal -0.0674441 0.997723 0
    outer loop
      vertex 93.1219 138.215 1.49
      vertex 92.9 138.2 3
      vertex 93.1219 138.215 3
    endloop
  endfacet
  facet normal -0.0674441 0.997723 0
    outer loop
      vertex 92.9 138.2 3
      vertex 93.1219 138.215 1.49
      vertex 92.9 138.2 1.49
    endloop
  endfacet
  facet normal -0.319466 -0.947598 0
    outer loop
      vertex 93.34 141.542 3
      vertex 93.5506 141.471 1.49
      vertex 93.5506 141.471 3
    endloop
  endfacet
  facet normal -0.319466 -0.947598 0
    outer loop
      vertex 93.5506 141.471 1.49
      vertex 93.34 141.542 3
      vertex 93.34 141.542 1.49
    endloop
  endfacet
  facet normal 0.0674441 -0.997723 0
    outer loop
      vertex 92.6781 141.585 1.49
      vertex 92.9 141.6 3
      vertex 92.6781 141.585 3
    endloop
  endfacet
  facet normal 0.0674441 -0.997723 0
    outer loop
      vertex 92.9 141.6 3
      vertex 92.6781 141.585 1.49
      vertex 92.9 141.6 1.49
    endloop
  endfacet
  facet normal 0.947101 0.320937 0
    outer loop
      vertex 91.3294 139.249 3
      vertex 91.2579 139.46 1.49
      vertex 91.2579 139.46 3
    endloop
  endfacet
  facet normal 0.947101 0.320937 0
    outer loop
      vertex 91.2579 139.46 1.49
      vertex 91.3294 139.249 3
      vertex 91.3294 139.249 1.49
    endloop
  endfacet
  facet normal 0.319466 -0.947598 0
    outer loop
      vertex 92.2494 141.471 1.49
      vertex 92.46 141.542 3
      vertex 92.2494 141.471 3
    endloop
  endfacet
  facet normal 0.319466 -0.947598 0
    outer loop
      vertex 92.46 141.542 3
      vertex 92.2494 141.471 1.49
      vertex 92.46 141.542 1.49
    endloop
  endfacet
  facet normal -0.947101 0.320937 0
    outer loop
      vertex 94.4706 139.249 1.49
      vertex 94.5421 139.46 3
      vertex 94.5421 139.46 1.49
    endloop
  endfacet
  facet normal -0.947101 0.320937 0
    outer loop
      vertex 94.5421 139.46 3
      vertex 94.4706 139.249 1.49
      vertex 94.4706 139.249 3
    endloop
  endfacet
  facet normal -0.193434 -0.981113 0
    outer loop
      vertex 93.1219 141.585 1.49
      vertex 93.34 141.542 3
      vertex 93.1219 141.585 3
    endloop
  endfacet
  facet normal -0.193434 -0.981113 -0
    outer loop
      vertex 93.34 141.542 3
      vertex 93.1219 141.585 1.49
      vertex 93.34 141.542 1.49
    endloop
  endfacet
  facet normal -0.997874 0.0651764 0
    outer loop
      vertex 94.5855 139.678 1.49
      vertex 94.6 139.9 3
      vertex 94.6 139.9 1.49
    endloop
  endfacet
  facet normal -0.997874 0.0651764 0
    outer loop
      vertex 94.6 139.9 3
      vertex 94.5855 139.678 1.49
      vertex 94.5855 139.678 3
    endloop
  endfacet
  facet normal -0.660284 0.751016 0
    outer loop
      vertex 94.1021 138.698 1.49
      vertex 93.9349 138.551 3
      vertex 94.1021 138.698 3
    endloop
  endfacet
  facet normal -0.660284 0.751016 0
    outer loop
      vertex 93.9349 138.551 3
      vertex 94.1021 138.698 1.49
      vertex 93.9349 138.551 1.49
    endloop
  endfacet
  facet normal -0.553869 -0.832604 0
    outer loop
      vertex 93.75 141.372 1.49
      vertex 93.9349 141.249 3
      vertex 93.75 141.372 3
    endloop
  endfacet
  facet normal -0.553869 -0.832604 -0
    outer loop
      vertex 93.9349 141.249 3
      vertex 93.75 141.372 1.49
      vertex 93.9349 141.249 1.49
    endloop
  endfacet
  facet normal -0.751516 -0.659714 0
    outer loop
      vertex 94.2487 140.935 1.49
      vertex 94.1021 141.102 3
      vertex 94.1021 141.102 1.49
    endloop
  endfacet
  facet normal -0.751516 -0.659714 0
    outer loop
      vertex 94.1021 141.102 3
      vertex 94.2487 140.935 1.49
      vertex 94.2487 140.935 3
    endloop
  endfacet
  facet normal -0.319466 0.947598 0
    outer loop
      vertex 93.5506 138.329 1.49
      vertex 93.34 138.258 3
      vertex 93.5506 138.329 3
    endloop
  endfacet
  facet normal -0.319466 0.947598 0
    outer loop
      vertex 93.34 138.258 3
      vertex 93.5506 138.329 1.49
      vertex 93.34 138.258 1.49
    endloop
  endfacet
  facet normal -0.831704 -0.555219 0
    outer loop
      vertex 94.3722 140.75 1.49
      vertex 94.2487 140.935 3
      vertex 94.2487 140.935 1.49
    endloop
  endfacet
  facet normal -0.831704 -0.555219 0
    outer loop
      vertex 94.2487 140.935 3
      vertex 94.3722 140.75 1.49
      vertex 94.3722 140.75 3
    endloop
  endfacet
  facet normal 0.997874 -0.0651764 0
    outer loop
      vertex 91.2 139.9 3
      vertex 91.2145 140.122 1.49
      vertex 91.2145 140.122 3
    endloop
  endfacet
  facet normal 0.997874 -0.0651764 0
    outer loop
      vertex 91.2145 140.122 1.49
      vertex 91.2 139.9 3
      vertex 91.2 139.9 1.49
    endloop
  endfacet
  facet normal 0.193434 0.981113 -0
    outer loop
      vertex 92.6781 138.215 1.49
      vertex 92.46 138.258 3
      vertex 92.6781 138.215 3
    endloop
  endfacet
  facet normal 0.193434 0.981113 0
    outer loop
      vertex 92.46 138.258 3
      vertex 92.6781 138.215 1.49
      vertex 92.46 138.258 1.49
    endloop
  endfacet
  facet normal 0.660284 0.751016 0
    outer loop
      vertex 91.8651 138.551 3
      vertex 91.6979 138.698 1.49
      vertex 91.6979 138.698 3
    endloop
  endfacet
  facet normal 0.660284 0.751016 0
    outer loop
      vertex 91.6979 138.698 1.49
      vertex 91.8651 138.551 3
      vertex 91.8651 138.551 1.49
    endloop
  endfacet
  facet normal 0.947101 -0.320937 0
    outer loop
      vertex 91.2579 140.34 3
      vertex 91.3294 140.551 1.49
      vertex 91.3294 140.551 3
    endloop
  endfacet
  facet normal 0.947101 -0.320937 0
    outer loop
      vertex 91.3294 140.551 1.49
      vertex 91.2579 140.34 3
      vertex 91.2579 140.34 1.49
    endloop
  endfacet
  facet normal -0.444696 -0.895681 0
    outer loop
      vertex 93.5506 141.471 3
      vertex 93.75 141.372 1.49
      vertex 93.75 141.372 3
    endloop
  endfacet
  facet normal -0.444696 -0.895681 0
    outer loop
      vertex 93.75 141.372 1.49
      vertex 93.5506 141.471 3
      vertex 93.5506 141.471 1.49
    endloop
  endfacet
  facet normal 0.193434 -0.981113 0
    outer loop
      vertex 92.46 141.542 3
      vertex 92.6781 141.585 1.49
      vertex 92.6781 141.585 3
    endloop
  endfacet
  facet normal 0.193434 -0.981113 0
    outer loop
      vertex 92.6781 141.585 1.49
      vertex 92.46 141.542 3
      vertex 92.46 141.542 1.49
    endloop
  endfacet
  facet normal 0.8964 -0.443245 0
    outer loop
      vertex 91.3294 140.551 3
      vertex 91.4278 140.75 1.49
      vertex 91.4278 140.75 3
    endloop
  endfacet
  facet normal 0.8964 -0.443245 0
    outer loop
      vertex 91.4278 140.75 1.49
      vertex 91.3294 140.551 3
      vertex 91.3294 140.551 1.49
    endloop
  endfacet
  facet normal -0.444696 0.895681 0
    outer loop
      vertex 93.75 138.428 1.49
      vertex 93.5506 138.329 3
      vertex 93.75 138.428 3
    endloop
  endfacet
  facet normal -0.444696 0.895681 0
    outer loop
      vertex 93.5506 138.329 3
      vertex 93.75 138.428 1.49
      vertex 93.5506 138.329 1.49
    endloop
  endfacet
  facet normal -0.947101 -0.320937 0
    outer loop
      vertex 94.5421 140.34 1.49
      vertex 94.4706 140.551 3
      vertex 94.4706 140.551 1.49
    endloop
  endfacet
  facet normal -0.947101 -0.320937 0
    outer loop
      vertex 94.4706 140.551 3
      vertex 94.5421 140.34 1.49
      vertex 94.5421 140.34 3
    endloop
  endfacet
  facet normal 0.751516 0.659714 0
    outer loop
      vertex 91.6979 138.698 3
      vertex 91.5513 138.865 1.49
      vertex 91.5513 138.865 3
    endloop
  endfacet
  facet normal 0.751516 0.659714 0
    outer loop
      vertex 91.5513 138.865 1.49
      vertex 91.6979 138.698 3
      vertex 91.6979 138.698 1.49
    endloop
  endfacet
  facet normal -0.193434 0.981113 0
    outer loop
      vertex 93.34 138.258 3
      vertex 93.1219 138.215 1.49
      vertex 93.1219 138.215 3
    endloop
  endfacet
  facet normal -0.193434 0.981113 0
    outer loop
      vertex 93.1219 138.215 1.49
      vertex 93.34 138.258 3
      vertex 93.34 138.258 1.49
    endloop
  endfacet
  facet normal -0.8964 0.443245 0
    outer loop
      vertex 94.3722 139.05 1.49
      vertex 94.4706 139.249 3
      vertex 94.4706 139.249 1.49
    endloop
  endfacet
  facet normal -0.8964 0.443245 0
    outer loop
      vertex 94.4706 139.249 3
      vertex 94.3722 139.05 1.49
      vertex 94.3722 139.05 3
    endloop
  endfacet
  facet normal -0.831704 0.555219 0
    outer loop
      vertex 94.2487 138.865 1.49
      vertex 94.3722 139.05 3
      vertex 94.3722 139.05 1.49
    endloop
  endfacet
  facet normal -0.831704 0.555219 0
    outer loop
      vertex 94.3722 139.05 3
      vertex 94.2487 138.865 1.49
      vertex 94.2487 138.865 3
    endloop
  endfacet
  facet normal -0.980753 0.195251 0
    outer loop
      vertex 94.5421 139.46 1.49
      vertex 94.5855 139.678 3
      vertex 94.5855 139.678 1.49
    endloop
  endfacet
  facet normal -0.980753 0.195251 0
    outer loop
      vertex 94.5855 139.678 3
      vertex 94.5421 139.46 1.49
      vertex 94.5421 139.46 3
    endloop
  endfacet
  facet normal -0.0674441 -0.997723 0
    outer loop
      vertex 92.9 141.6 3
      vertex 93.1219 141.585 1.49
      vertex 93.1219 141.585 3
    endloop
  endfacet
  facet normal -0.0674441 -0.997723 0
    outer loop
      vertex 93.1219 141.585 1.49
      vertex 92.9 141.6 3
      vertex 92.9 141.6 1.49
    endloop
  endfacet
  facet normal 0.980753 -0.195251 0
    outer loop
      vertex 91.2145 140.122 3
      vertex 91.2579 140.34 1.49
      vertex 91.2579 140.34 3
    endloop
  endfacet
  facet normal 0.980753 -0.195251 0
    outer loop
      vertex 91.2579 140.34 1.49
      vertex 91.2145 140.122 3
      vertex 91.2145 140.122 1.49
    endloop
  endfacet
  facet normal 0.831704 -0.555219 0
    outer loop
      vertex 91.4278 140.75 3
      vertex 91.5513 140.935 1.49
      vertex 91.5513 140.935 3
    endloop
  endfacet
  facet normal 0.831704 -0.555219 0
    outer loop
      vertex 91.5513 140.935 1.49
      vertex 91.4278 140.75 3
      vertex 91.4278 140.75 1.49
    endloop
  endfacet
  facet normal 0.0674441 0.997723 0
    outer loop
      vertex 92.9 138.2 3
      vertex 92.6781 138.215 1.49
      vertex 92.6781 138.215 3
    endloop
  endfacet
  facet normal 0.0674441 0.997723 0
    outer loop
      vertex 92.6781 138.215 1.49
      vertex 92.9 138.2 3
      vertex 92.9 138.2 1.49
    endloop
  endfacet
  facet normal 0.8964 0.443245 0
    outer loop
      vertex 91.4278 139.05 3
      vertex 91.3294 139.249 1.49
      vertex 91.3294 139.249 3
    endloop
  endfacet
  facet normal 0.8964 0.443245 0
    outer loop
      vertex 91.3294 139.249 1.49
      vertex 91.4278 139.05 3
      vertex 91.4278 139.05 1.49
    endloop
  endfacet
  facet normal 0.831704 0.555219 0
    outer loop
      vertex 91.5513 138.865 3
      vertex 91.4278 139.05 1.49
      vertex 91.4278 139.05 3
    endloop
  endfacet
  facet normal 0.831704 0.555219 0
    outer loop
      vertex 91.4278 139.05 1.49
      vertex 91.5513 138.865 3
      vertex 91.5513 138.865 1.49
    endloop
  endfacet
  facet normal 0.997874 0.0651764 0
    outer loop
      vertex 91.2145 139.678 3
      vertex 91.2 139.9 1.49
      vertex 91.2 139.9 3
    endloop
  endfacet
  facet normal 0.997874 0.0651764 0
    outer loop
      vertex 91.2 139.9 1.49
      vertex 91.2145 139.678 3
      vertex 91.2145 139.678 1.49
    endloop
  endfacet
  facet normal 0.553869 -0.832604 0
    outer loop
      vertex 91.8651 141.249 3
      vertex 92.05 141.372 1.49
      vertex 92.05 141.372 3
    endloop
  endfacet
  facet normal 0.553869 -0.832604 0
    outer loop
      vertex 92.05 141.372 1.49
      vertex 91.8651 141.249 3
      vertex 91.8651 141.249 1.49
    endloop
  endfacet
  facet normal 0.553869 0.832604 -0
    outer loop
      vertex 92.05 138.428 1.49
      vertex 91.8651 138.551 3
      vertex 92.05 138.428 3
    endloop
  endfacet
  facet normal 0.553869 0.832604 0
    outer loop
      vertex 91.8651 138.551 3
      vertex 92.05 138.428 1.49
      vertex 91.8651 138.551 1.49
    endloop
  endfacet
  facet normal 0.751516 -0.659714 0
    outer loop
      vertex 91.5513 140.935 3
      vertex 91.6979 141.102 1.49
      vertex 91.6979 141.102 3
    endloop
  endfacet
  facet normal 0.751516 -0.659714 0
    outer loop
      vertex 91.6979 141.102 1.49
      vertex 91.5513 140.935 3
      vertex 91.5513 140.935 1.49
    endloop
  endfacet
  facet normal -0.706363 -0.0463551 -0.70633
    outer loop
      vertex 96.09 139.9 0
      vertex 94.5855 140.122 1.49
      vertex 96.0627 140.316 0
    endloop
  endfacet
  facet normal -0.706354 -0.0461357 -0.706354
    outer loop
      vertex 94.5855 140.122 1.49
      vertex 96.09 139.9 0
      vertex 94.6 139.9 1.49
    endloop
  endfacet
  facet normal 0.588747 -0.393029 -0.706332
    outer loop
      vertex 91.4278 140.75 1.49
      vertex 90.3692 141.842 0
      vertex 91.5513 140.935 1.49
    endloop
  endfacet
  facet normal 0.588607 -0.393196 -0.706356
    outer loop
      vertex 90.3692 141.842 0
      vertex 91.4278 140.75 1.49
      vertex 90.1374 141.495 0
    endloop
  endfacet
  facet normal -0.466496 -0.532314 -0.706416
    outer loop
      vertex 94.1021 141.102 1.49
      vertex 94.8419 142.431 0
      vertex 95.1557 142.156 0
    endloop
  endfacet
  facet normal -0.467427 -0.531659 -0.706294
    outer loop
      vertex 94.8419 142.431 0
      vertex 94.1021 141.102 1.49
      vertex 93.9349 141.249 1.49
    endloop
  endfacet
  facet normal -0.466496 0.532314 -0.706416
    outer loop
      vertex 94.8419 137.369 0
      vertex 94.1021 138.698 1.49
      vertex 95.1557 137.644 0
    endloop
  endfacet
  facet normal -0.467427 0.531659 -0.706294
    outer loop
      vertex 94.1021 138.698 1.49
      vertex 94.8419 137.369 0
      vertex 93.9349 138.551 1.49
    endloop
  endfacet
  facet normal -0.139089 -0.694088 -0.706326
    outer loop
      vertex 93.34 141.542 1.49
      vertex 93.3164 143.063 0
      vertex 93.7256 142.981 0
    endloop
  endfacet
  facet normal -0.136883 -0.694286 -0.706562
    outer loop
      vertex 93.3164 143.063 0
      vertex 93.34 141.542 1.49
      vertex 93.1219 141.585 1.49
    endloop
  endfacet
  facet normal -0.588607 0.393196 -0.706356
    outer loop
      vertex 95.4308 137.958 0
      vertex 94.3722 139.05 1.49
      vertex 95.6626 138.305 0
    endloop
  endfacet
  facet normal -0.588747 0.393029 -0.706332
    outer loop
      vertex 94.3722 139.05 1.49
      vertex 95.4308 137.958 0
      vertex 94.2487 138.865 1.49
    endloop
  endfacet
  facet normal 0.634504 0.313744 -0.706378
    outer loop
      vertex 90.1374 138.305 0
      vertex 91.3294 139.249 1.49
      vertex 91.4278 139.05 1.49
    endloop
  endfacet
  facet normal 0.634776 0.313315 -0.706324
    outer loop
      vertex 91.3294 139.249 1.49
      vertex 90.1374 138.305 0
      vertex 89.9528 138.679 0
    endloop
  endfacet
  facet normal 0.634504 -0.313744 -0.706378
    outer loop
      vertex 91.3294 140.551 1.49
      vertex 90.1374 141.495 0
      vertex 91.4278 140.75 1.49
    endloop
  endfacet
  facet normal 0.634776 -0.313315 -0.706324
    outer loop
      vertex 90.1374 141.495 0
      vertex 91.3294 140.551 1.49
      vertex 89.9528 141.121 0
    endloop
  endfacet
  facet normal 0.531913 -0.466937 -0.706426
    outer loop
      vertex 91.5513 140.935 1.49
      vertex 90.6443 142.156 0
      vertex 91.6979 141.102 1.49
    endloop
  endfacet
  facet normal 0.532425 -0.466466 -0.706352
    outer loop
      vertex 90.6443 142.156 0
      vertex 91.5513 140.935 1.49
      vertex 90.3692 141.842 0
    endloop
  endfacet
  facet normal -0.634776 -0.313315 -0.706324
    outer loop
      vertex 94.4706 140.551 1.49
      vertex 95.6626 141.495 0
      vertex 95.8472 141.121 0
    endloop
  endfacet
  facet normal -0.634504 -0.313744 -0.706378
    outer loop
      vertex 95.6626 141.495 0
      vertex 94.4706 140.551 1.49
      vertex 94.3722 140.75 1.49
    endloop
  endfacet
  facet normal -0.0457924 0.70622 -0.70651
    outer loop
      vertex 92.9 136.71 0
      vertex 93.1219 138.215 1.49
      vertex 93.3164 136.737 0
    endloop
  endfacet
  facet normal -0.0477445 0.7063 -0.7063
    outer loop
      vertex 93.1219 138.215 1.49
      vertex 92.9 136.71 0
      vertex 92.9 138.2 1.49
    endloop
  endfacet
  facet normal -0.312303 0.635129 -0.706455
    outer loop
      vertex 94.1208 136.953 0
      vertex 93.75 138.428 1.49
      vertex 94.495 137.137 0
    endloop
  endfacet
  facet normal -0.314868 0.634188 -0.706161
    outer loop
      vertex 93.75 138.428 1.49
      vertex 94.1208 136.953 0
      vertex 93.5506 138.329 1.49
    endloop
  endfacet
  facet normal -0.532425 0.466466 -0.706352
    outer loop
      vertex 95.1557 137.644 0
      vertex 94.2487 138.865 1.49
      vertex 95.4308 137.958 0
    endloop
  endfacet
  facet normal -0.531913 0.466937 -0.706426
    outer loop
      vertex 94.2487 138.865 1.49
      vertex 95.1557 137.644 0
      vertex 94.1021 138.698 1.49
    endloop
  endfacet
  facet normal -0.670271 0.227553 -0.706369
    outer loop
      vertex 95.8472 138.679 0
      vertex 94.5421 139.46 1.49
      vertex 95.9813 139.074 0
    endloop
  endfacet
  facet normal -0.67044 0.227187 -0.706325
    outer loop
      vertex 94.5421 139.46 1.49
      vertex 95.8472 138.679 0
      vertex 94.4706 139.249 1.49
    endloop
  endfacet
  facet normal 0.226141 0.670777 -0.706341
    outer loop
      vertex 92.0744 136.819 0
      vertex 92.2494 138.329 1.49
      vertex 92.46 138.258 1.49
    endloop
  endfacet
  facet normal 0.227348 0.670508 -0.70621
    outer loop
      vertex 92.2494 138.329 1.49
      vertex 92.0744 136.819 0
      vertex 91.6792 136.953 0
    endloop
  endfacet
  facet normal 0.67044 -0.227187 -0.706325
    outer loop
      vertex 91.2579 140.34 1.49
      vertex 89.9528 141.121 0
      vertex 91.3294 140.551 1.49
    endloop
  endfacet
  facet normal 0.670271 -0.227553 -0.706369
    outer loop
      vertex 89.9528 141.121 0
      vertex 91.2579 140.34 1.49
      vertex 89.8187 140.726 0
    endloop
  endfacet
  facet normal 0.226141 -0.670777 -0.706341
    outer loop
      vertex 92.2494 141.471 1.49
      vertex 92.0744 142.981 0
      vertex 92.46 141.542 1.49
    endloop
  endfacet
  facet normal 0.227348 -0.670508 -0.70621
    outer loop
      vertex 92.0744 142.981 0
      vertex 92.2494 141.471 1.49
      vertex 91.6792 142.847 0
    endloop
  endfacet
  facet normal 0.706384 -0.0461377 -0.706323
    outer loop
      vertex 91.2 139.9 1.49
      vertex 89.7373 140.316 0
      vertex 91.2145 140.122 1.49
    endloop
  endfacet
  facet normal 0.706347 -0.046354 -0.706347
    outer loop
      vertex 89.7373 140.316 0
      vertex 91.2 139.9 1.49
      vertex 89.71 139.9 0
    endloop
  endfacet
  facet normal -0.634776 0.313315 -0.706324
    outer loop
      vertex 95.6626 138.305 0
      vertex 94.4706 139.249 1.49
      vertex 95.8472 138.679 0
    endloop
  endfacet
  facet normal -0.634504 0.313744 -0.706378
    outer loop
      vertex 94.4706 139.249 1.49
      vertex 95.6626 138.305 0
      vertex 94.3722 139.05 1.49
    endloop
  endfacet
  facet normal 0.467427 -0.531659 -0.706294
    outer loop
      vertex 91.6979 141.102 1.49
      vertex 90.9581 142.431 0
      vertex 91.8651 141.249 1.49
    endloop
  endfacet
  facet normal 0.466496 -0.532314 -0.706416
    outer loop
      vertex 90.9581 142.431 0
      vertex 91.6979 141.102 1.49
      vertex 90.6443 142.156 0
    endloop
  endfacet
  facet normal -0.393522 -0.588418 -0.706332
    outer loop
      vertex 93.9349 141.249 1.49
      vertex 94.495 142.663 0
      vertex 94.8419 142.431 0
    endloop
  endfacet
  facet normal -0.39197 -0.589229 -0.706519
    outer loop
      vertex 94.495 142.663 0
      vertex 93.9349 141.249 1.49
      vertex 93.75 141.372 1.49
    endloop
  endfacet
  facet normal -0.0477262 -0.706029 -0.706573
    outer loop
      vertex 92.9 141.6 1.49
      vertex 93.3164 143.063 0
      vertex 93.1219 141.585 1.49
    endloop
  endfacet
  facet normal -0.0458017 -0.706365 -0.706365
    outer loop
      vertex 93.3164 143.063 0
      vertex 92.9 141.6 1.49
      vertex 92.9 143.09 0
    endloop
  endfacet
  facet normal -0.227348 0.670508 -0.70621
    outer loop
      vertex 93.7256 136.819 0
      vertex 93.5506 138.329 1.49
      vertex 94.1208 136.953 0
    endloop
  endfacet
  facet normal -0.226141 0.670777 -0.706341
    outer loop
      vertex 93.5506 138.329 1.49
      vertex 93.7256 136.819 0
      vertex 93.34 138.258 1.49
    endloop
  endfacet
  facet normal 0.467427 0.531659 -0.706294
    outer loop
      vertex 90.9581 137.369 0
      vertex 91.6979 138.698 1.49
      vertex 91.8651 138.551 1.49
    endloop
  endfacet
  facet normal 0.466496 0.532314 -0.706416
    outer loop
      vertex 91.6979 138.698 1.49
      vertex 90.9581 137.369 0
      vertex 90.6443 137.644 0
    endloop
  endfacet
  facet normal 0.39197 -0.589229 -0.706519
    outer loop
      vertex 91.8651 141.249 1.49
      vertex 91.305 142.663 0
      vertex 92.05 141.372 1.49
    endloop
  endfacet
  facet normal 0.393522 -0.588418 -0.706332
    outer loop
      vertex 91.305 142.663 0
      vertex 91.8651 141.249 1.49
      vertex 90.9581 142.431 0
    endloop
  endfacet
  facet normal 0.314868 -0.634188 -0.706161
    outer loop
      vertex 92.05 141.372 1.49
      vertex 91.6792 142.847 0
      vertex 92.2494 141.471 1.49
    endloop
  endfacet
  facet normal 0.312303 -0.635129 -0.706455
    outer loop
      vertex 91.6792 142.847 0
      vertex 92.05 141.372 1.49
      vertex 91.305 142.663 0
    endloop
  endfacet
  facet normal -0.393522 0.588418 -0.706332
    outer loop
      vertex 94.495 137.137 0
      vertex 93.9349 138.551 1.49
      vertex 94.8419 137.369 0
    endloop
  endfacet
  facet normal -0.39197 0.589229 -0.706519
    outer loop
      vertex 93.9349 138.551 1.49
      vertex 94.495 137.137 0
      vertex 93.75 138.428 1.49
    endloop
  endfacet
  facet normal -0.588607 -0.393196 -0.706356
    outer loop
      vertex 94.3722 140.75 1.49
      vertex 95.4308 141.842 0
      vertex 95.6626 141.495 0
    endloop
  endfacet
  facet normal -0.588747 -0.393029 -0.706332
    outer loop
      vertex 95.4308 141.842 0
      vertex 94.3722 140.75 1.49
      vertex 94.2487 140.935 1.49
    endloop
  endfacet
  facet normal 0.0477445 0.7063 -0.7063
    outer loop
      vertex 92.9 136.71 0
      vertex 92.6781 138.215 1.49
      vertex 92.9 138.2 1.49
    endloop
  endfacet
  facet normal 0.0457924 0.70622 -0.70651
    outer loop
      vertex 92.6781 138.215 1.49
      vertex 92.9 136.71 0
      vertex 92.4836 136.737 0
    endloop
  endfacet
  facet normal -0.694338 -0.137852 -0.706322
    outer loop
      vertex 94.5855 140.122 1.49
      vertex 95.9813 140.726 0
      vertex 96.0627 140.316 0
    endloop
  endfacet
  facet normal -0.694227 -0.138208 -0.706362
    outer loop
      vertex 95.9813 140.726 0
      vertex 94.5855 140.122 1.49
      vertex 94.5421 140.34 1.49
    endloop
  endfacet
  facet normal -0.532425 -0.466466 -0.706352
    outer loop
      vertex 94.2487 140.935 1.49
      vertex 95.1557 142.156 0
      vertex 95.4308 141.842 0
    endloop
  endfacet
  facet normal -0.531913 -0.466937 -0.706426
    outer loop
      vertex 95.1557 142.156 0
      vertex 94.2487 140.935 1.49
      vertex 94.1021 141.102 1.49
    endloop
  endfacet
  facet normal 0.531913 0.466937 -0.706426
    outer loop
      vertex 90.6443 137.644 0
      vertex 91.5513 138.865 1.49
      vertex 91.6979 138.698 1.49
    endloop
  endfacet
  facet normal 0.532425 0.466466 -0.706352
    outer loop
      vertex 91.5513 138.865 1.49
      vertex 90.6443 137.644 0
      vertex 90.3692 137.958 0
    endloop
  endfacet
  facet normal 0.694227 -0.138208 -0.706362
    outer loop
      vertex 91.2145 140.122 1.49
      vertex 89.8187 140.726 0
      vertex 91.2579 140.34 1.49
    endloop
  endfacet
  facet normal 0.694338 -0.137852 -0.706322
    outer loop
      vertex 89.8187 140.726 0
      vertex 91.2145 140.122 1.49
      vertex 89.7373 140.316 0
    endloop
  endfacet
  facet normal 0.0477445 -0.7063 -0.7063
    outer loop
      vertex 92.6781 141.585 1.49
      vertex 92.9 143.09 0
      vertex 92.9 141.6 1.49
    endloop
  endfacet
  facet normal 0.0457924 -0.70622 -0.70651
    outer loop
      vertex 92.9 143.09 0
      vertex 92.6781 141.585 1.49
      vertex 92.4836 143.063 0
    endloop
  endfacet
  facet normal 0.694227 0.138208 -0.706362
    outer loop
      vertex 89.8187 139.074 0
      vertex 91.2145 139.678 1.49
      vertex 91.2579 139.46 1.49
    endloop
  endfacet
  facet normal 0.694338 0.137852 -0.706322
    outer loop
      vertex 91.2145 139.678 1.49
      vertex 89.8187 139.074 0
      vertex 89.7373 139.484 0
    endloop
  endfacet
  facet normal 0.67044 0.227187 -0.706325
    outer loop
      vertex 89.9528 138.679 0
      vertex 91.2579 139.46 1.49
      vertex 91.3294 139.249 1.49
    endloop
  endfacet
  facet normal 0.670271 0.227553 -0.706369
    outer loop
      vertex 91.2579 139.46 1.49
      vertex 89.9528 138.679 0
      vertex 89.8187 139.074 0
    endloop
  endfacet
  facet normal 0.588747 0.393029 -0.706332
    outer loop
      vertex 90.3692 137.958 0
      vertex 91.4278 139.05 1.49
      vertex 91.5513 138.865 1.49
    endloop
  endfacet
  facet normal 0.588607 0.393196 -0.706356
    outer loop
      vertex 91.4278 139.05 1.49
      vertex 90.3692 137.958 0
      vertex 90.1374 138.305 0
    endloop
  endfacet
  facet normal 0.136883 -0.694286 -0.706562
    outer loop
      vertex 92.46 141.542 1.49
      vertex 92.4836 143.063 0
      vertex 92.6781 141.585 1.49
    endloop
  endfacet
  facet normal 0.139089 -0.694088 -0.706326
    outer loop
      vertex 92.4836 143.063 0
      vertex 92.46 141.542 1.49
      vertex 92.0744 142.981 0
    endloop
  endfacet
  facet normal -0.139089 0.694088 -0.706326
    outer loop
      vertex 93.3164 136.737 0
      vertex 93.34 138.258 1.49
      vertex 93.7256 136.819 0
    endloop
  endfacet
  facet normal -0.136883 0.694286 -0.706562
    outer loop
      vertex 93.34 138.258 1.49
      vertex 93.3164 136.737 0
      vertex 93.1219 138.215 1.49
    endloop
  endfacet
  facet normal -0.227348 -0.670508 -0.70621
    outer loop
      vertex 93.5506 141.471 1.49
      vertex 93.7256 142.981 0
      vertex 94.1208 142.847 0
    endloop
  endfacet
  facet normal -0.226141 -0.670777 -0.706341
    outer loop
      vertex 93.7256 142.981 0
      vertex 93.5506 141.471 1.49
      vertex 93.34 141.542 1.49
    endloop
  endfacet
  facet normal -0.312303 -0.635129 -0.706455
    outer loop
      vertex 93.75 141.372 1.49
      vertex 94.1208 142.847 0
      vertex 94.495 142.663 0
    endloop
  endfacet
  facet normal -0.314868 -0.634188 -0.706161
    outer loop
      vertex 94.1208 142.847 0
      vertex 93.75 141.372 1.49
      vertex 93.5506 141.471 1.49
    endloop
  endfacet
  facet normal -0.706354 0.0461357 -0.706354
    outer loop
      vertex 96.09 139.9 0
      vertex 94.5855 139.678 1.49
      vertex 94.6 139.9 1.49
    endloop
  endfacet
  facet normal -0.706363 0.0463551 -0.70633
    outer loop
      vertex 94.5855 139.678 1.49
      vertex 96.09 139.9 0
      vertex 96.0627 139.484 0
    endloop
  endfacet
  facet normal -0.694338 0.137852 -0.706322
    outer loop
      vertex 95.9813 139.074 0
      vertex 94.5855 139.678 1.49
      vertex 96.0627 139.484 0
    endloop
  endfacet
  facet normal -0.694227 0.138208 -0.706362
    outer loop
      vertex 94.5855 139.678 1.49
      vertex 95.9813 139.074 0
      vertex 94.5421 139.46 1.49
    endloop
  endfacet
  facet normal -0.670271 -0.227553 -0.706369
    outer loop
      vertex 94.5421 140.34 1.49
      vertex 95.8472 141.121 0
      vertex 95.9813 140.726 0
    endloop
  endfacet
  facet normal -0.67044 -0.227187 -0.706325
    outer loop
      vertex 95.8472 141.121 0
      vertex 94.5421 140.34 1.49
      vertex 94.4706 140.551 1.49
    endloop
  endfacet
  facet normal 0.136883 0.694286 -0.706562
    outer loop
      vertex 92.4836 136.737 0
      vertex 92.46 138.258 1.49
      vertex 92.6781 138.215 1.49
    endloop
  endfacet
  facet normal 0.139089 0.694088 -0.706326
    outer loop
      vertex 92.46 138.258 1.49
      vertex 92.4836 136.737 0
      vertex 92.0744 136.819 0
    endloop
  endfacet
  facet normal 0.314868 0.634188 -0.706161
    outer loop
      vertex 91.6792 136.953 0
      vertex 92.05 138.428 1.49
      vertex 92.2494 138.329 1.49
    endloop
  endfacet
  facet normal 0.312303 0.635129 -0.706455
    outer loop
      vertex 92.05 138.428 1.49
      vertex 91.6792 136.953 0
      vertex 91.305 137.137 0
    endloop
  endfacet
  facet normal 0.39197 0.589229 -0.706519
    outer loop
      vertex 91.305 137.137 0
      vertex 91.8651 138.551 1.49
      vertex 92.05 138.428 1.49
    endloop
  endfacet
  facet normal 0.393522 0.588418 -0.706332
    outer loop
      vertex 91.8651 138.551 1.49
      vertex 91.305 137.137 0
      vertex 90.9581 137.369 0
    endloop
  endfacet
  facet normal 0.706384 0.0461377 -0.706323
    outer loop
      vertex 89.7373 139.484 0
      vertex 91.2 139.9 1.49
      vertex 91.2145 139.678 1.49
    endloop
  endfacet
  facet normal 0.706347 0.046354 -0.706347
    outer loop
      vertex 91.2 139.9 1.49
      vertex 89.7373 139.484 0
      vertex 89.71 139.9 0
    endloop
  endfacet
endsolid OpenSCAD_Model
