solid OpenSCAD_Model
  facet normal 1 -0 0
    outer loop
      vertex 75.9 34.3 5
      vertex 75.9 71.7 3
      vertex 75.9 71.7 5
    endloop
  endfacet
  facet normal 1 0 0
    outer loop
      vertex 75.9 71.7 3
      vertex 75.9 34.3 5
      vertex 75.9 34.3 3
    endloop
  endfacet
  facet normal 0 0 1
    outer loop
      vertex 75.9 71.7 5
      vertex 74.7 70.5 5
      vertex 75.9 34.3 5
    endloop
  endfacet
  facet normal 0 0 1
    outer loop
      vertex 75.9 71.7 5
      vertex 23.7 70.5 5
      vertex 74.7 70.5 5
    endloop
  endfacet
  facet normal 0 0 1
    outer loop
      vertex 23.7 70.5 5
      vertex 22.5 71.7 5
      vertex 23.7 35.5 5
    endloop
  endfacet
  facet normal -0 0 1
    outer loop
      vertex 22.5 71.7 5
      vertex 23.7 70.5 5
      vertex 75.9 71.7 5
    endloop
  endfacet
  facet normal -0 0 1
    outer loop
      vertex 74.7 35.5 5
      vertex 75.9 34.3 5
      vertex 74.7 70.5 5
    endloop
  endfacet
  facet normal -0 0 1
    outer loop
      vertex 23.7 35.5 5
      vertex 75.9 34.3 5
      vertex 74.7 35.5 5
    endloop
  endfacet
  facet normal 0 0 1
    outer loop
      vertex 23.7 35.5 5
      vertex 22.5 34.3 5
      vertex 75.9 34.3 5
    endloop
  endfacet
  facet normal 0 0 1
    outer loop
      vertex 22.5 34.3 5
      vertex 23.7 35.5 5
      vertex 22.5 71.7 5
    endloop
  endfacet
  facet normal -0 0 1
    outer loop
      vertex 23.7 70.5 3
      vertex 74.7 35.5 3
      vertex 74.7 70.5 3
    endloop
  endfacet
  facet normal 0 0 1
    outer loop
      vertex 74.7 35.5 3
      vertex 23.7 70.5 3
      vertex 23.7 35.5 3
    endloop
  endfacet
  facet normal 0 0 1
    outer loop
      vertex 7.07059 99.2494 3
      vertex 13.5 102.1 3
      vertex 7.14207 99.46 3
    endloop
  endfacet
  facet normal 0 0 1
    outer loop
      vertex 13.5 75.9 3
      vertex 7.18546 5.72189 3
      vertex 7.2 5.5 3
    endloop
  endfacet
  facet normal 0 0 1
    outer loop
      vertex 6.97224 99.05 3
      vertex 13.5 102.1 3
      vertex 7.07059 99.2494 3
    endloop
  endfacet
  facet normal 0 0 1
    outer loop
      vertex 13.5 75.9 3
      vertex 7.14207 5.93999 3
      vertex 7.18546 5.72189 3
    endloop
  endfacet
  facet normal 0 0 1
    outer loop
      vertex 6.8487 98.8651 3
      vertex 13.5 102.1 3
      vertex 6.97224 99.05 3
    endloop
  endfacet
  facet normal 0 0 1
    outer loop
      vertex 13.5 75.9 3
      vertex 7.07059 6.15056 3
      vertex 7.14207 5.93999 3
    endloop
  endfacet
  facet normal 0 0 1
    outer loop
      vertex 6.70208 98.6979 3
      vertex 13.5 102.1 3
      vertex 6.8487 98.8651 3
    endloop
  endfacet
  facet normal 0 0 1
    outer loop
      vertex 13.5 75.9 3
      vertex 6.97224 6.35 3
      vertex 7.07059 6.15056 3
    endloop
  endfacet
  facet normal 0 0 1
    outer loop
      vertex 13.5 102.1 3
      vertex 6.70208 98.6979 3
      vertex 13.5 75.9 3
    endloop
  endfacet
  facet normal 0 0 1
    outer loop
      vertex 13.5 75.9 3
      vertex 6.8487 6.53489 3
      vertex 6.97224 6.35 3
    endloop
  endfacet
  facet normal -0 0 1
    outer loop
      vertex 6.53489 98.5513 3
      vertex 13.5 75.9 3
      vertex 6.70208 98.6979 3
    endloop
  endfacet
  facet normal 0 0 1
    outer loop
      vertex 13.5 75.9 3
      vertex 6.70208 6.70208 3
      vertex 6.8487 6.53489 3
    endloop
  endfacet
  facet normal -0 0 1
    outer loop
      vertex 6.35 98.4278 3
      vertex 13.5 75.9 3
      vertex 6.53489 98.5513 3
    endloop
  endfacet
  facet normal 0 0 1
    outer loop
      vertex 13.5 75.9 3
      vertex 6.53489 6.8487 3
      vertex 6.70208 6.70208 3
    endloop
  endfacet
  facet normal -0 0 1
    outer loop
      vertex 6.15056 98.3294 3
      vertex 13.5 75.9 3
      vertex 6.35 98.4278 3
    endloop
  endfacet
  facet normal 0 0 1
    outer loop
      vertex 13.5 75.9 3
      vertex 6.35 6.97224 3
      vertex 6.53489 6.8487 3
    endloop
  endfacet
  facet normal -0 0 1
    outer loop
      vertex 5.93999 98.2579 3
      vertex 13.5 75.9 3
      vertex 6.15056 98.3294 3
    endloop
  endfacet
  facet normal 0 0 1
    outer loop
      vertex 13.5 75.9 3
      vertex 6.15056 7.07059 3
      vertex 6.35 6.97224 3
    endloop
  endfacet
  facet normal -0 0 1
    outer loop
      vertex 5.72189 98.2145 3
      vertex 13.5 75.9 3
      vertex 5.93999 98.2579 3
    endloop
  endfacet
  facet normal 0 0 1
    outer loop
      vertex 13.5 75.9 3
      vertex 5.93999 7.14207 3
      vertex 6.15056 7.07059 3
    endloop
  endfacet
  facet normal -0 0 1
    outer loop
      vertex 5.5 98.2 3
      vertex 13.5 75.9 3
      vertex 5.72189 98.2145 3
    endloop
  endfacet
  facet normal 0 0 1
    outer loop
      vertex 13.5 75.9 3
      vertex 5.72189 7.18546 3
      vertex 5.93999 7.14207 3
    endloop
  endfacet
  facet normal 0 0 1
    outer loop
      vertex 5.27811 98.2145 3
      vertex 13.5 75.9 3
      vertex 5.5 98.2 3
    endloop
  endfacet
  facet normal 0 0 1
    outer loop
      vertex 13.5 75.9 3
      vertex 5.5 7.2 3
      vertex 5.72189 7.18546 3
    endloop
  endfacet
  facet normal 0 0 1
    outer loop
      vertex 5.06001 98.2579 3
      vertex 13.5 75.9 3
      vertex 5.27811 98.2145 3
    endloop
  endfacet
  facet normal 0 0 1
    outer loop
      vertex 13.5 75.9 3
      vertex 5.27811 7.18546 3
      vertex 5.5 7.2 3
    endloop
  endfacet
  facet normal 0 0 1
    outer loop
      vertex 4.84944 98.3294 3
      vertex 13.5 75.9 3
      vertex 5.06001 98.2579 3
    endloop
  endfacet
  facet normal 0 0 1
    outer loop
      vertex 13.5 75.9 3
      vertex 5.06001 7.14207 3
      vertex 5.27811 7.18546 3
    endloop
  endfacet
  facet normal 0 0 1
    outer loop
      vertex 4.65 98.4278 3
      vertex 13.5 75.9 3
      vertex 4.84944 98.3294 3
    endloop
  endfacet
  facet normal 0 0 1
    outer loop
      vertex 13.5 75.9 3
      vertex 4.84944 7.07059 3
      vertex 5.06001 7.14207 3
    endloop
  endfacet
  facet normal 0 0 1
    outer loop
      vertex 4.46511 98.5513 3
      vertex 13.5 75.9 3
      vertex 4.65 98.4278 3
    endloop
  endfacet
  facet normal 0 0 1
    outer loop
      vertex 13.5 75.9 3
      vertex 4.65 6.97224 3
      vertex 4.84944 7.07059 3
    endloop
  endfacet
  facet normal 0 0 1
    outer loop
      vertex 4.29792 98.6979 3
      vertex 13.5 75.9 3
      vertex 4.46511 98.5513 3
    endloop
  endfacet
  facet normal 0 0 1
    outer loop
      vertex 13.5 75.9 3
      vertex 4.46511 6.8487 3
      vertex 4.65 6.97224 3
    endloop
  endfacet
  facet normal 0 0 1
    outer loop
      vertex 0 102.4 3
      vertex 13.5 75.9 3
      vertex 4.29792 98.6979 3
    endloop
  endfacet
  facet normal 0 0 1
    outer loop
      vertex 13.5 75.9 3
      vertex 4.29792 6.70208 3
      vertex 4.46511 6.8487 3
    endloop
  endfacet
  facet normal 0 0 1
    outer loop
      vertex 0 102.4 3
      vertex 4.29792 98.6979 3
      vertex 4.1513 98.8651 3
    endloop
  endfacet
  facet normal 0 0 1
    outer loop
      vertex 0 3 3
      vertex 13.5 75.9 3
      vertex 0 102.4 3
    endloop
  endfacet
  facet normal 0 0 1
    outer loop
      vertex 0 102.4 3
      vertex 4.1513 98.8651 3
      vertex 4.02776 99.05 3
    endloop
  endfacet
  facet normal 0 0 1
    outer loop
      vertex 13.5 75.9 3
      vertex 0 3 3
      vertex 4.29792 6.70208 3
    endloop
  endfacet
  facet normal 0 0 1
    outer loop
      vertex 0 102.4 3
      vertex 4.02776 99.05 3
      vertex 3.92941 99.2494 3
    endloop
  endfacet
  facet normal 0 0 1
    outer loop
      vertex 4.29792 6.70208 3
      vertex 0 3 3
      vertex 4.1513 6.53489 3
    endloop
  endfacet
  facet normal 0 0 1
    outer loop
      vertex 0 102.4 3
      vertex 3.92941 99.2494 3
      vertex 3.85793 99.46 3
    endloop
  endfacet
  facet normal 0 0 1
    outer loop
      vertex 4.1513 6.53489 3
      vertex 0 3 3
      vertex 4.02776 6.35 3
    endloop
  endfacet
  facet normal 0 0 1
    outer loop
      vertex 0 102.4 3
      vertex 3.85793 99.46 3
      vertex 3.81454 99.6781 3
    endloop
  endfacet
  facet normal 0 0 1
    outer loop
      vertex 4.02776 6.35 3
      vertex 0 3 3
      vertex 3.92941 6.15056 3
    endloop
  endfacet
  facet normal 0 0 1
    outer loop
      vertex 0 102.4 3
      vertex 3.81454 99.6781 3
      vertex 3.8 99.9 3
    endloop
  endfacet
  facet normal 0 0 1
    outer loop
      vertex 3.92941 6.15056 3
      vertex 0 3 3
      vertex 3.85793 5.93999 3
    endloop
  endfacet
  facet normal 0 0 1
    outer loop
      vertex 33.5 77.1 3
      vertex 16.5 103.1 3
      vertex 16.5 77.1 3
    endloop
  endfacet
  facet normal 0 0 1
    outer loop
      vertex 15 77.1 3
      vertex 14.7 102.1 3
      vertex 14.7 77.1 3
    endloop
  endfacet
  facet normal 0 0 1
    outer loop
      vertex 94.4706 99.2494 3
      vertex 98.4 102.4 3
      vertex 94.5421 99.46 3
    endloop
  endfacet
  facet normal 0 0 1
    outer loop
      vertex 98.4 3 3
      vertex 94.5855 5.72189 3
      vertex 94.6 5.5 3
    endloop
  endfacet
  facet normal 0 0 1
    outer loop
      vertex 94.3722 99.05 3
      vertex 98.4 102.4 3
      vertex 94.4706 99.2494 3
    endloop
  endfacet
  facet normal 0 0 1
    outer loop
      vertex 98.4 3 3
      vertex 94.5421 5.93999 3
      vertex 94.5855 5.72189 3
    endloop
  endfacet
  facet normal 0 0 1
    outer loop
      vertex 94.2487 98.8651 3
      vertex 98.4 102.4 3
      vertex 94.3722 99.05 3
    endloop
  endfacet
  facet normal 0 0 1
    outer loop
      vertex 98.4 3 3
      vertex 94.4706 6.15056 3
      vertex 94.5421 5.93999 3
    endloop
  endfacet
  facet normal 0 0 1
    outer loop
      vertex 94.1021 98.6979 3
      vertex 98.4 102.4 3
      vertex 94.2487 98.8651 3
    endloop
  endfacet
  facet normal 0 0 1
    outer loop
      vertex 98.4 3 3
      vertex 94.3722 6.35 3
      vertex 94.4706 6.15056 3
    endloop
  endfacet
  facet normal 0 0 1
    outer loop
      vertex 98.4 102.4 3
      vertex 94.1021 98.6979 3
      vertex 98.4 3 3
    endloop
  endfacet
  facet normal 0 0 1
    outer loop
      vertex 98.4 3 3
      vertex 94.2487 6.53489 3
      vertex 94.3722 6.35 3
    endloop
  endfacet
  facet normal -0 0 1
    outer loop
      vertex 94.1021 6.70208 3
      vertex 98.4 3 3
      vertex 94.1021 98.6979 3
    endloop
  endfacet
  facet normal 0 0 1
    outer loop
      vertex 98.4 3 3
      vertex 94.1021 6.70208 3
      vertex 94.2487 6.53489 3
    endloop
  endfacet
  facet normal -0 0 1
    outer loop
      vertex 93.9349 98.5513 3
      vertex 94.1021 6.70208 3
      vertex 94.1021 98.6979 3
    endloop
  endfacet
  facet normal 0 0 1
    outer loop
      vertex 93.9349 98.5513 3
      vertex 93.9349 6.8487 3
      vertex 94.1021 6.70208 3
    endloop
  endfacet
  facet normal 0 0 1
    outer loop
      vertex 75.9 71.7 3
      vertex 93.9349 98.5513 3
      vertex 93.75 98.4278 3
    endloop
  endfacet
  facet normal 0 0 1
    outer loop
      vertex 93.9349 98.5513 3
      vertex 75.9 34.3 3
      vertex 93.9349 6.8487 3
    endloop
  endfacet
  facet normal 0 0 1
    outer loop
      vertex 75.9 71.7 3
      vertex 93.75 98.4278 3
      vertex 93.5506 98.3294 3
    endloop
  endfacet
  facet normal 0 0 1
    outer loop
      vertex 93.9349 6.8487 3
      vertex 75.9 34.3 3
      vertex 93.75 6.97224 3
    endloop
  endfacet
  facet normal 0 0 1
    outer loop
      vertex 75.9 71.7 3
      vertex 93.5506 98.3294 3
      vertex 93.34 98.2579 3
    endloop
  endfacet
  facet normal 0 0 1
    outer loop
      vertex 93.75 6.97224 3
      vertex 75.9 34.3 3
      vertex 93.5506 7.07059 3
    endloop
  endfacet
  facet normal 0 0 1
    outer loop
      vertex 75.9 71.7 3
      vertex 93.34 98.2579 3
      vertex 93.1219 98.2145 3
    endloop
  endfacet
  facet normal 0 0 1
    outer loop
      vertex 93.5506 7.07059 3
      vertex 75.9 34.3 3
      vertex 93.34 7.14207 3
    endloop
  endfacet
  facet normal 0 0 1
    outer loop
      vertex 75.9 71.7 3
      vertex 93.1219 98.2145 3
      vertex 92.9 98.2 3
    endloop
  endfacet
  facet normal 0 0 1
    outer loop
      vertex 93.34 7.14207 3
      vertex 75.9 34.3 3
      vertex 93.1219 7.18546 3
    endloop
  endfacet
  facet normal 0 0 1
    outer loop
      vertex 75.9 71.7 3
      vertex 92.9 98.2 3
      vertex 92.6781 98.2145 3
    endloop
  endfacet
  facet normal 0 0 1
    outer loop
      vertex 93.1219 7.18546 3
      vertex 75.9 34.3 3
      vertex 92.9 7.2 3
    endloop
  endfacet
  facet normal 0 0 1
    outer loop
      vertex 75.9 71.7 3
      vertex 92.6781 98.2145 3
      vertex 92.46 98.2579 3
    endloop
  endfacet
  facet normal 0 0 1
    outer loop
      vertex 93.9349 98.5513 3
      vertex 75.9 71.7 3
      vertex 75.9 34.3 3
    endloop
  endfacet
  facet normal 0 0 1
    outer loop
      vertex 75.9 71.7 3
      vertex 92.46 98.2579 3
      vertex 92.2494 98.3294 3
    endloop
  endfacet
  facet normal 0 0 1
    outer loop
      vertex 92.9 7.2 3
      vertex 75.9 34.3 3
      vertex 92.6781 7.18546 3
    endloop
  endfacet
  facet normal 0 0 1
    outer loop
      vertex 75.9 71.7 3
      vertex 92.2494 98.3294 3
      vertex 92.05 98.4278 3
    endloop
  endfacet
  facet normal 0 0 1
    outer loop
      vertex 92.6781 7.18546 3
      vertex 75.9 34.3 3
      vertex 92.46 7.14207 3
    endloop
  endfacet
  facet normal 0 0 1
    outer loop
      vertex 75.9 71.7 3
      vertex 92.05 98.4278 3
      vertex 91.8651 98.5513 3
    endloop
  endfacet
  facet normal 0 0 1
    outer loop
      vertex 92.46 7.14207 3
      vertex 75.9 34.3 3
      vertex 92.2494 7.07059 3
    endloop
  endfacet
  facet normal 0 0 1
    outer loop
      vertex 75.9 71.7 3
      vertex 91.8651 98.5513 3
      vertex 91.6979 98.6979 3
    endloop
  endfacet
  facet normal 0 0 1
    outer loop
      vertex 92.2494 7.07059 3
      vertex 75.9 34.3 3
      vertex 92.05 6.97224 3
    endloop
  endfacet
  facet normal 0 0 1
    outer loop
      vertex 75.9 71.7 3
      vertex 91.6979 98.6979 3
      vertex 91.5513 98.8651 3
    endloop
  endfacet
  facet normal 0 0 1
    outer loop
      vertex 92.05 6.97224 3
      vertex 75.9 34.3 3
      vertex 91.8651 6.8487 3
    endloop
  endfacet
  facet normal 0 0 1
    outer loop
      vertex 75.9 71.7 3
      vertex 91.5513 98.8651 3
      vertex 91.4278 99.05 3
    endloop
  endfacet
  facet normal 0 0 1
    outer loop
      vertex 91.8651 6.8487 3
      vertex 75.9 34.3 3
      vertex 91.6979 6.70208 3
    endloop
  endfacet
  facet normal 0 0 1
    outer loop
      vertex 75.9 71.7 3
      vertex 91.4278 99.05 3
      vertex 91.3294 99.2494 3
    endloop
  endfacet
  facet normal 0 0 1
    outer loop
      vertex 91.6979 6.70208 3
      vertex 75.9 34.3 3
      vertex 91.5513 6.53489 3
    endloop
  endfacet
  facet normal 0 0 1
    outer loop
      vertex 75.9 71.7 3
      vertex 91.3294 99.2494 3
      vertex 91.2579 99.46 3
    endloop
  endfacet
  facet normal 0 0 1
    outer loop
      vertex 91.5513 6.53489 3
      vertex 75.9 34.3 3
      vertex 91.4278 6.35 3
    endloop
  endfacet
  facet normal 0 0 1
    outer loop
      vertex 75.9 71.7 3
      vertex 91.2579 99.46 3
      vertex 91.2145 99.6781 3
    endloop
  endfacet
  facet normal 0 0 1
    outer loop
      vertex 91.4278 6.35 3
      vertex 75.9 34.3 3
      vertex 91.3294 6.15056 3
    endloop
  endfacet
  facet normal 0 0 1
    outer loop
      vertex 36.5 102.1 3
      vertex 91.2145 99.6781 3
      vertex 91.2 99.9 3
    endloop
  endfacet
  facet normal 0 0 1
    outer loop
      vertex 91.3294 6.15056 3
      vertex 75.9 34.3 3
      vertex 91.2579 5.93999 3
    endloop
  endfacet
  facet normal 0 0 1
    outer loop
      vertex 94.2487 100.935 3
      vertex 98.4 102.4 3
      vertex 98.3743 102.792 3
    endloop
  endfacet
  facet normal 0 0 1
    outer loop
      vertex 94.5855 99.6781 3
      vertex 98.4 102.4 3
      vertex 94.6 99.9 3
    endloop
  endfacet
  facet normal 0 0 1
    outer loop
      vertex 94.2487 100.935 3
      vertex 98.3743 102.792 3
      vertex 98.2978 103.176 3
    endloop
  endfacet
  facet normal 0 0 1
    outer loop
      vertex 94.5421 99.46 3
      vertex 98.4 102.4 3
      vertex 94.5855 99.6781 3
    endloop
  endfacet
  facet normal 0 0 1
    outer loop
      vertex 94.2487 100.935 3
      vertex 98.2978 103.176 3
      vertex 98.1716 103.548 3
    endloop
  endfacet
  facet normal -0 0 1
    outer loop
      vertex 94.5855 5.27811 3
      vertex 98.4 3 3
      vertex 94.6 5.5 3
    endloop
  endfacet
  facet normal 0 0 1
    outer loop
      vertex 94.1021 101.102 3
      vertex 98.1716 103.548 3
      vertex 97.9981 103.9 3
    endloop
  endfacet
  facet normal -0 0 1
    outer loop
      vertex 94.5421 5.06001 3
      vertex 98.4 3 3
      vertex 94.5855 5.27811 3
    endloop
  endfacet
  facet normal 0 0 1
    outer loop
      vertex 94.1021 101.102 3
      vertex 97.9981 103.9 3
      vertex 97.7801 104.226 3
    endloop
  endfacet
  facet normal -0 0 1
    outer loop
      vertex 94.4706 4.84944 3
      vertex 98.4 3 3
      vertex 94.5421 5.06001 3
    endloop
  endfacet
  facet normal 0 0 1
    outer loop
      vertex 94.1021 101.102 3
      vertex 97.7801 104.226 3
      vertex 97.5213 104.521 3
    endloop
  endfacet
  facet normal -0 0 1
    outer loop
      vertex 94.3722 4.65 3
      vertex 98.4 3 3
      vertex 94.4706 4.84944 3
    endloop
  endfacet
  facet normal 0 0 1
    outer loop
      vertex 94.1021 101.102 3
      vertex 97.5213 104.521 3
      vertex 97.2263 104.78 3
    endloop
  endfacet
  facet normal -0 0 1
    outer loop
      vertex 94.2487 4.46511 3
      vertex 98.4 3 3
      vertex 94.3722 4.65 3
    endloop
  endfacet
  facet normal 0 0 1
    outer loop
      vertex 94.1021 101.102 3
      vertex 97.2263 104.78 3
      vertex 96.9 104.998 3
    endloop
  endfacet
  facet normal 0 0 1
    outer loop
      vertex 98.4 3 3
      vertex 94.2487 4.46511 3
      vertex 98.3743 2.60843 3
    endloop
  endfacet
  facet normal 0 0 1
    outer loop
      vertex 94.1021 101.102 3
      vertex 96.9 104.998 3
      vertex 96.548 105.172 3
    endloop
  endfacet
  facet normal 0 0 1
    outer loop
      vertex 98.3743 2.60843 3
      vertex 94.2487 4.46511 3
      vertex 98.2978 2.22354 3
    endloop
  endfacet
  facet normal 0 0 1
    outer loop
      vertex 94.1021 101.102 3
      vertex 96.548 105.172 3
      vertex 96.1765 105.298 3
    endloop
  endfacet
  facet normal 0 0 1
    outer loop
      vertex 98.2978 2.22354 3
      vertex 94.2487 4.46511 3
      vertex 98.1716 1.85194 3
    endloop
  endfacet
  facet normal 0 0 1
    outer loop
      vertex 93.9349 101.249 3
      vertex 96.1765 105.298 3
      vertex 95.7916 105.374 3
    endloop
  endfacet
  facet normal -0 0 1
    outer loop
      vertex 94.1021 4.29792 3
      vertex 98.1716 1.85194 3
      vertex 94.2487 4.46511 3
    endloop
  endfacet
  facet normal 0 0 1
    outer loop
      vertex 93.9349 101.249 3
      vertex 95.7916 105.374 3
      vertex 95.4 105.4 3
    endloop
  endfacet
  facet normal 0 0 1
    outer loop
      vertex 98.1716 1.85194 3
      vertex 94.1021 4.29792 3
      vertex 97.9981 1.5 3
    endloop
  endfacet
  facet normal 0 0 1
    outer loop
      vertex 97.9981 1.5 3
      vertex 94.1021 4.29792 3
      vertex 97.7801 1.17372 3
    endloop
  endfacet
  facet normal 0 0 1
    outer loop
      vertex 98.4 102.4 3
      vertex 94.5855 100.122 3
      vertex 94.6 99.9 3
    endloop
  endfacet
  facet normal 0 0 1
    outer loop
      vertex 98.4 102.4 3
      vertex 94.5421 100.34 3
      vertex 94.5855 100.122 3
    endloop
  endfacet
  facet normal 0 0 1
    outer loop
      vertex 98.4 102.4 3
      vertex 94.4706 100.551 3
      vertex 94.5421 100.34 3
    endloop
  endfacet
  facet normal 0 0 1
    outer loop
      vertex 98.4 102.4 3
      vertex 94.3722 100.75 3
      vertex 94.4706 100.551 3
    endloop
  endfacet
  facet normal 0 0 1
    outer loop
      vertex 98.4 102.4 3
      vertex 94.2487 100.935 3
      vertex 94.3722 100.75 3
    endloop
  endfacet
  facet normal 0 0 1
    outer loop
      vertex 98.1716 103.548 3
      vertex 94.1021 101.102 3
      vertex 94.2487 100.935 3
    endloop
  endfacet
  facet normal 0 0 1
    outer loop
      vertex 96.1765 105.298 3
      vertex 93.9349 101.249 3
      vertex 94.1021 101.102 3
    endloop
  endfacet
  facet normal 0 0 1
    outer loop
      vertex 95.4 105.4 3
      vertex 93.75 101.372 3
      vertex 93.9349 101.249 3
    endloop
  endfacet
  facet normal 0 0 1
    outer loop
      vertex 95.4 105.4 3
      vertex 93.5506 101.471 3
      vertex 93.75 101.372 3
    endloop
  endfacet
  facet normal 0 0 1
    outer loop
      vertex 95.4 105.4 3
      vertex 93.34 101.542 3
      vertex 93.5506 101.471 3
    endloop
  endfacet
  facet normal 0 0 1
    outer loop
      vertex 95.4 105.4 3
      vertex 93.1219 101.585 3
      vertex 93.34 101.542 3
    endloop
  endfacet
  facet normal 0 0 1
    outer loop
      vertex 95.4 105.4 3
      vertex 92.9 101.6 3
      vertex 93.1219 101.585 3
    endloop
  endfacet
  facet normal 0 0 1
    outer loop
      vertex 95.4 105.4 3
      vertex 92.6781 101.585 3
      vertex 92.9 101.6 3
    endloop
  endfacet
  facet normal 0 0 1
    outer loop
      vertex 95.4 105.4 3
      vertex 92.46 101.542 3
      vertex 92.6781 101.585 3
    endloop
  endfacet
  facet normal 0 0 1
    outer loop
      vertex 95.4 105.4 3
      vertex 92.2494 101.471 3
      vertex 92.46 101.542 3
    endloop
  endfacet
  facet normal 0 0 1
    outer loop
      vertex 95.4 105.4 3
      vertex 92.05 101.372 3
      vertex 92.2494 101.471 3
    endloop
  endfacet
  facet normal 0 0 1
    outer loop
      vertex 95.4 105.4 3
      vertex 91.8651 101.249 3
      vertex 92.05 101.372 3
    endloop
  endfacet
  facet normal 0 0 1
    outer loop
      vertex 95.4 105.4 3
      vertex 91.6979 101.102 3
      vertex 91.8651 101.249 3
    endloop
  endfacet
  facet normal -0 0 1
    outer loop
      vertex 36.5 102.1 3
      vertex 91.6979 101.102 3
      vertex 95.4 105.4 3
    endloop
  endfacet
  facet normal 0 0 1
    outer loop
      vertex 91.2579 5.93999 3
      vertex 75.9 34.3 3
      vertex 91.2145 5.72189 3
    endloop
  endfacet
  facet normal 0 0 1
    outer loop
      vertex 36.5 102.1 3
      vertex 91.2 99.9 3
      vertex 91.2145 100.122 3
    endloop
  endfacet
  facet normal 0 0 1
    outer loop
      vertex 36.5 102.1 3
      vertex 91.2145 100.122 3
      vertex 91.2579 100.34 3
    endloop
  endfacet
  facet normal 0 0 1
    outer loop
      vertex 36.5 102.1 3
      vertex 91.2579 100.34 3
      vertex 91.3294 100.551 3
    endloop
  endfacet
  facet normal 0 0 1
    outer loop
      vertex 36.5 102.1 3
      vertex 91.3294 100.551 3
      vertex 91.4278 100.75 3
    endloop
  endfacet
  facet normal 0 0 1
    outer loop
      vertex 91.2145 99.6781 3
      vertex 36.5 102.1 3
      vertex 75.9 71.7 3
    endloop
  endfacet
  facet normal 0 0 1
    outer loop
      vertex 91.5513 100.935 3
      vertex 36.5 102.1 3
      vertex 91.4278 100.75 3
    endloop
  endfacet
  facet normal 0 0 1
    outer loop
      vertex 91.6979 101.102 3
      vertex 36.5 102.1 3
      vertex 91.5513 100.935 3
    endloop
  endfacet
  facet normal -0 0 1
    outer loop
      vertex 35 103.1 3
      vertex 36.5 102.1 3
      vertex 95.4 105.4 3
    endloop
  endfacet
  facet normal 0 0 1
    outer loop
      vertex 35 77.1 3
      vertex 35.3 102.1 3
      vertex 35 103.1 3
    endloop
  endfacet
  facet normal 0 0 1
    outer loop
      vertex 36.5 102.1 3
      vertex 35 103.1 3
      vertex 35.3 102.1 3
    endloop
  endfacet
  facet normal -0 0 1
    outer loop
      vertex 3 105.4 3
      vertex 35 103.1 3
      vertex 95.4 105.4 3
    endloop
  endfacet
  facet normal 0 0 1
    outer loop
      vertex 33.5 103.1 3
      vertex 16.5 103.1 3
      vertex 33.5 77.1 3
    endloop
  endfacet
  facet normal 0 0 1
    outer loop
      vertex 35 103.1 3
      vertex 3 105.4 3
      vertex 33.5 103.1 3
    endloop
  endfacet
  facet normal 0 0 1
    outer loop
      vertex 33.5 103.1 3
      vertex 3 105.4 3
      vertex 16.5 103.1 3
    endloop
  endfacet
  facet normal 0 0 1
    outer loop
      vertex 15 103.1 3
      vertex 14.7 102.1 3
      vertex 15 77.1 3
    endloop
  endfacet
  facet normal 0 0 1
    outer loop
      vertex 15 103.1 3
      vertex 13.5 102.1 3
      vertex 14.7 102.1 3
    endloop
  endfacet
  facet normal 0 0 1
    outer loop
      vertex 7.18546 99.6781 3
      vertex 13.5 102.1 3
      vertex 7.2 99.9 3
    endloop
  endfacet
  facet normal 0 0 1
    outer loop
      vertex 3 105.4 3
      vertex 13.5 102.1 3
      vertex 15 103.1 3
    endloop
  endfacet
  facet normal 0 0 1
    outer loop
      vertex 13.5 102.1 3
      vertex 7.18546 100.122 3
      vertex 7.2 99.9 3
    endloop
  endfacet
  facet normal 0 0 1
    outer loop
      vertex 13.5 102.1 3
      vertex 7.14207 100.34 3
      vertex 7.18546 100.122 3
    endloop
  endfacet
  facet normal 0 0 1
    outer loop
      vertex 13.5 102.1 3
      vertex 7.07059 100.551 3
      vertex 7.14207 100.34 3
    endloop
  endfacet
  facet normal 0 0 1
    outer loop
      vertex 13.5 102.1 3
      vertex 6.97224 100.75 3
      vertex 7.07059 100.551 3
    endloop
  endfacet
  facet normal 0 0 1
    outer loop
      vertex 13.5 102.1 3
      vertex 6.8487 100.935 3
      vertex 6.97224 100.75 3
    endloop
  endfacet
  facet normal 0 0 1
    outer loop
      vertex 13.5 102.1 3
      vertex 6.70208 101.102 3
      vertex 6.8487 100.935 3
    endloop
  endfacet
  facet normal 0 0 1
    outer loop
      vertex 13.5 102.1 3
      vertex 6.53489 101.249 3
      vertex 6.70208 101.102 3
    endloop
  endfacet
  facet normal 0 0 1
    outer loop
      vertex 13.5 102.1 3
      vertex 6.35 101.372 3
      vertex 6.53489 101.249 3
    endloop
  endfacet
  facet normal 0 0 1
    outer loop
      vertex 13.5 102.1 3
      vertex 3 105.4 3
      vertex 6.35 101.372 3
    endloop
  endfacet
  facet normal 0 0 1
    outer loop
      vertex 6.35 101.372 3
      vertex 3 105.4 3
      vertex 6.15056 101.471 3
    endloop
  endfacet
  facet normal 0 0 1
    outer loop
      vertex 6.15056 101.471 3
      vertex 3 105.4 3
      vertex 5.93999 101.542 3
    endloop
  endfacet
  facet normal 0 0 1
    outer loop
      vertex 5.93999 101.542 3
      vertex 3 105.4 3
      vertex 5.72189 101.585 3
    endloop
  endfacet
  facet normal 0 0 1
    outer loop
      vertex 5.72189 101.585 3
      vertex 3 105.4 3
      vertex 5.5 101.6 3
    endloop
  endfacet
  facet normal -0 0 1
    outer loop
      vertex 0.619934 104.226 3
      vertex 4.29792 101.102 3
      vertex 0.878677 104.521 3
    endloop
  endfacet
  facet normal -0 0 1
    outer loop
      vertex 0.878677 104.521 3
      vertex 4.29792 101.102 3
      vertex 1.17372 104.78 3
    endloop
  endfacet
  facet normal -0 0 1
    outer loop
      vertex 1.17372 104.78 3
      vertex 4.29792 101.102 3
      vertex 1.5 104.998 3
    endloop
  endfacet
  facet normal -0 0 1
    outer loop
      vertex 1.5 104.998 3
      vertex 4.29792 101.102 3
      vertex 1.85194 105.172 3
    endloop
  endfacet
  facet normal -0 0 1
    outer loop
      vertex 1.85194 105.172 3
      vertex 4.29792 101.102 3
      vertex 2.22354 105.298 3
    endloop
  endfacet
  facet normal 0 0 1
    outer loop
      vertex 4.46511 101.249 3
      vertex 2.22354 105.298 3
      vertex 4.29792 101.102 3
    endloop
  endfacet
  facet normal -0 0 1
    outer loop
      vertex 2.22354 105.298 3
      vertex 4.46511 101.249 3
      vertex 2.60843 105.374 3
    endloop
  endfacet
  facet normal -0 0 1
    outer loop
      vertex 2.60843 105.374 3
      vertex 4.46511 101.249 3
      vertex 3 105.4 3
    endloop
  endfacet
  facet normal 0 0 1
    outer loop
      vertex 4.65 101.372 3
      vertex 3 105.4 3
      vertex 4.46511 101.249 3
    endloop
  endfacet
  facet normal 0 0 1
    outer loop
      vertex 4.84944 101.471 3
      vertex 3 105.4 3
      vertex 4.65 101.372 3
    endloop
  endfacet
  facet normal 0 0 1
    outer loop
      vertex 5.06001 101.542 3
      vertex 3 105.4 3
      vertex 4.84944 101.471 3
    endloop
  endfacet
  facet normal 0 0 1
    outer loop
      vertex 5.27811 101.585 3
      vertex 3 105.4 3
      vertex 5.06001 101.542 3
    endloop
  endfacet
  facet normal 0 0 1
    outer loop
      vertex 5.5 101.6 3
      vertex 3 105.4 3
      vertex 5.27811 101.585 3
    endloop
  endfacet
  facet normal 0 0 1
    outer loop
      vertex 16.5 103.1 3
      vertex 3 105.4 3
      vertex 15 103.1 3
    endloop
  endfacet
  facet normal 0 0 1
    outer loop
      vertex 97.7801 1.17372 3
      vertex 94.1021 4.29792 3
      vertex 97.5213 0.878677 3
    endloop
  endfacet
  facet normal 0 0 1
    outer loop
      vertex 97.5213 0.878677 3
      vertex 94.1021 4.29792 3
      vertex 97.2263 0.619934 3
    endloop
  endfacet
  facet normal 0 0 1
    outer loop
      vertex 97.2263 0.619934 3
      vertex 94.1021 4.29792 3
      vertex 96.9 0.401917 3
    endloop
  endfacet
  facet normal 0 0 1
    outer loop
      vertex 96.9 0.401917 3
      vertex 94.1021 4.29792 3
      vertex 96.548 0.228363 3
    endloop
  endfacet
  facet normal 0 0 1
    outer loop
      vertex 96.548 0.228363 3
      vertex 94.1021 4.29792 3
      vertex 96.1765 0.102219 3
    endloop
  endfacet
  facet normal -0 0 1
    outer loop
      vertex 93.9349 4.1513 3
      vertex 96.1765 0.102219 3
      vertex 94.1021 4.29792 3
    endloop
  endfacet
  facet normal 0 0 1
    outer loop
      vertex 96.1765 0.102219 3
      vertex 93.9349 4.1513 3
      vertex 95.7916 0.0256653 3
    endloop
  endfacet
  facet normal 0 0 1
    outer loop
      vertex 95.7916 0.0256653 3
      vertex 93.9349 4.1513 3
      vertex 95.4 0 3
    endloop
  endfacet
  facet normal -0 0 1
    outer loop
      vertex 93.75 4.02776 3
      vertex 95.4 0 3
      vertex 93.9349 4.1513 3
    endloop
  endfacet
  facet normal -0 0 1
    outer loop
      vertex 93.5506 3.92941 3
      vertex 95.4 0 3
      vertex 93.75 4.02776 3
    endloop
  endfacet
  facet normal -0 0 1
    outer loop
      vertex 93.34 3.85793 3
      vertex 95.4 0 3
      vertex 93.5506 3.92941 3
    endloop
  endfacet
  facet normal -0 0 1
    outer loop
      vertex 93.1219 3.81454 3
      vertex 95.4 0 3
      vertex 93.34 3.85793 3
    endloop
  endfacet
  facet normal -0 0 1
    outer loop
      vertex 92.9 3.8 3
      vertex 95.4 0 3
      vertex 93.1219 3.81454 3
    endloop
  endfacet
  facet normal 0 0 1
    outer loop
      vertex 92.6781 3.81454 3
      vertex 95.4 0 3
      vertex 92.9 3.8 3
    endloop
  endfacet
  facet normal 0 0 1
    outer loop
      vertex 92.46 3.85793 3
      vertex 95.4 0 3
      vertex 92.6781 3.81454 3
    endloop
  endfacet
  facet normal 0 0 1
    outer loop
      vertex 92.2494 3.92941 3
      vertex 95.4 0 3
      vertex 92.46 3.85793 3
    endloop
  endfacet
  facet normal 0 0 1
    outer loop
      vertex 92.05 4.02776 3
      vertex 95.4 0 3
      vertex 92.2494 3.92941 3
    endloop
  endfacet
  facet normal 0 0 1
    outer loop
      vertex 91.8651 4.1513 3
      vertex 95.4 0 3
      vertex 92.05 4.02776 3
    endloop
  endfacet
  facet normal 0 0 1
    outer loop
      vertex 91.6979 4.29792 3
      vertex 95.4 0 3
      vertex 91.8651 4.1513 3
    endloop
  endfacet
  facet normal 0 0 1
    outer loop
      vertex 6.70208 4.29792 3
      vertex 91.6979 4.29792 3
      vertex 91.5513 4.46511 3
    endloop
  endfacet
  facet normal 0 0 1
    outer loop
      vertex 91.2145 5.72189 3
      vertex 75.9 34.3 3
      vertex 91.2 5.5 3
    endloop
  endfacet
  facet normal 0 0 1
    outer loop
      vertex 91.2 5.5 3
      vertex 75.9 34.3 3
      vertex 91.2145 5.27811 3
    endloop
  endfacet
  facet normal -0 0 1
    outer loop
      vertex 22.5 34.3 3
      vertex 91.2145 5.27811 3
      vertex 75.9 34.3 3
    endloop
  endfacet
  facet normal 0 0 1
    outer loop
      vertex 7.18546 5.27811 3
      vertex 91.2145 5.27811 3
      vertex 22.5 34.3 3
    endloop
  endfacet
  facet normal 0 0 1
    outer loop
      vertex 91.2145 5.27811 3
      vertex 7.18546 5.27811 3
      vertex 91.2579 5.06001 3
    endloop
  endfacet
  facet normal 0 0 1
    outer loop
      vertex 7.14207 5.06001 3
      vertex 91.2579 5.06001 3
      vertex 7.18546 5.27811 3
    endloop
  endfacet
  facet normal 0 0 1
    outer loop
      vertex 91.2579 5.06001 3
      vertex 7.14207 5.06001 3
      vertex 91.3294 4.84944 3
    endloop
  endfacet
  facet normal 0 0 1
    outer loop
      vertex 7.07059 4.84944 3
      vertex 91.3294 4.84944 3
      vertex 7.14207 5.06001 3
    endloop
  endfacet
  facet normal 0 0 1
    outer loop
      vertex 7.14207 99.46 3
      vertex 13.5 102.1 3
      vertex 7.18546 99.6781 3
    endloop
  endfacet
  facet normal 0 0 1
    outer loop
      vertex 13.5 75.9 3
      vertex 7.2 5.5 3
      vertex 22.5 34.3 3
    endloop
  endfacet
  facet normal 0 0 1
    outer loop
      vertex 7.18546 5.27811 3
      vertex 22.5 34.3 3
      vertex 7.2 5.5 3
    endloop
  endfacet
  facet normal 0 0 1
    outer loop
      vertex 91.3294 4.84944 3
      vertex 7.07059 4.84944 3
      vertex 91.4278 4.65 3
    endloop
  endfacet
  facet normal 0 0 1
    outer loop
      vertex 6.97224 4.65 3
      vertex 91.4278 4.65 3
      vertex 7.07059 4.84944 3
    endloop
  endfacet
  facet normal 0 0 1
    outer loop
      vertex 91.4278 4.65 3
      vertex 6.97224 4.65 3
      vertex 91.5513 4.46511 3
    endloop
  endfacet
  facet normal 0 0 1
    outer loop
      vertex 6.8487 4.46511 3
      vertex 91.5513 4.46511 3
      vertex 6.97224 4.65 3
    endloop
  endfacet
  facet normal 0 0 1
    outer loop
      vertex 6.70208 4.29792 3
      vertex 91.5513 4.46511 3
      vertex 6.8487 4.46511 3
    endloop
  endfacet
  facet normal 0 0 1
    outer loop
      vertex 91.6979 4.29792 3
      vertex 6.70208 4.29792 3
      vertex 95.4 0 3
    endloop
  endfacet
  facet normal 0 0 1
    outer loop
      vertex 3 0 3
      vertex 6.70208 4.29792 3
      vertex 6.53489 4.1513 3
    endloop
  endfacet
  facet normal 0 0 1
    outer loop
      vertex 3 0 3
      vertex 6.53489 4.1513 3
      vertex 6.35 4.02776 3
    endloop
  endfacet
  facet normal 0 0 1
    outer loop
      vertex 3 0 3
      vertex 6.35 4.02776 3
      vertex 6.15056 3.92941 3
    endloop
  endfacet
  facet normal 0 0 1
    outer loop
      vertex 3 0 3
      vertex 6.15056 3.92941 3
      vertex 5.93999 3.85793 3
    endloop
  endfacet
  facet normal 0 0 1
    outer loop
      vertex 3 0 3
      vertex 5.93999 3.85793 3
      vertex 5.72189 3.81454 3
    endloop
  endfacet
  facet normal 0 0 1
    outer loop
      vertex 3 0 3
      vertex 5.72189 3.81454 3
      vertex 5.5 3.8 3
    endloop
  endfacet
  facet normal 0 0 1
    outer loop
      vertex 6.70208 4.29792 3
      vertex 3 0 3
      vertex 95.4 0 3
    endloop
  endfacet
  facet normal 0 0 1
    outer loop
      vertex 5.27811 3.81454 3
      vertex 3 0 3
      vertex 5.5 3.8 3
    endloop
  endfacet
  facet normal 0 0 1
    outer loop
      vertex 5.06001 3.85793 3
      vertex 3 0 3
      vertex 5.27811 3.81454 3
    endloop
  endfacet
  facet normal 0 0 1
    outer loop
      vertex 4.84944 3.92941 3
      vertex 3 0 3
      vertex 5.06001 3.85793 3
    endloop
  endfacet
  facet normal 0 0 1
    outer loop
      vertex 4.65 4.02776 3
      vertex 3 0 3
      vertex 4.84944 3.92941 3
    endloop
  endfacet
  facet normal 0 0 1
    outer loop
      vertex 4.46511 4.1513 3
      vertex 3 0 3
      vertex 4.65 4.02776 3
    endloop
  endfacet
  facet normal 0 0 1
    outer loop
      vertex 2.22354 0.102219 3
      vertex 4.46511 4.1513 3
      vertex 4.29792 4.29792 3
    endloop
  endfacet
  facet normal 0 0 1
    outer loop
      vertex 0.228363 1.85194 3
      vertex 4.29792 4.29792 3
      vertex 4.1513 4.46511 3
    endloop
  endfacet
  facet normal 0 0 1
    outer loop
      vertex 0 3 3
      vertex 4.1513 4.46511 3
      vertex 4.02776 4.65 3
    endloop
  endfacet
  facet normal 0 0 1
    outer loop
      vertex 0 3 3
      vertex 4.02776 4.65 3
      vertex 3.92941 4.84944 3
    endloop
  endfacet
  facet normal 0 0 1
    outer loop
      vertex 0 3 3
      vertex 3.92941 4.84944 3
      vertex 3.85793 5.06001 3
    endloop
  endfacet
  facet normal 0 0 1
    outer loop
      vertex 0 3 3
      vertex 3.85793 5.06001 3
      vertex 3.81454 5.27811 3
    endloop
  endfacet
  facet normal 0 0 1
    outer loop
      vertex 0 3 3
      vertex 3.81454 5.27811 3
      vertex 3.8 5.5 3
    endloop
  endfacet
  facet normal 0 0 1
    outer loop
      vertex 3.85793 5.93999 3
      vertex 0 3 3
      vertex 3.81454 5.72189 3
    endloop
  endfacet
  facet normal -0 0 1
    outer loop
      vertex 0.401917 103.9 3
      vertex 4.29792 101.102 3
      vertex 0.619934 104.226 3
    endloop
  endfacet
  facet normal 0 0 1
    outer loop
      vertex 3.81454 5.72189 3
      vertex 0 3 3
      vertex 3.8 5.5 3
    endloop
  endfacet
  facet normal -0 0 1
    outer loop
      vertex 0.228363 103.548 3
      vertex 4.29792 101.102 3
      vertex 0.401917 103.9 3
    endloop
  endfacet
  facet normal 0 0 1
    outer loop
      vertex 4.1513 4.46511 3
      vertex 0 3 3
      vertex 0.0256653 2.60843 3
    endloop
  endfacet
  facet normal 0 0 1
    outer loop
      vertex 4.29792 101.102 3
      vertex 0.228363 103.548 3
      vertex 4.1513 100.935 3
    endloop
  endfacet
  facet normal 0 0 1
    outer loop
      vertex 4.46511 4.1513 3
      vertex 2.60843 0.0256653 3
      vertex 3 0 3
    endloop
  endfacet
  facet normal -0 0 1
    outer loop
      vertex 0.102219 103.176 3
      vertex 4.1513 100.935 3
      vertex 0.228363 103.548 3
    endloop
  endfacet
  facet normal 0 0 1
    outer loop
      vertex 4.46511 4.1513 3
      vertex 2.22354 0.102219 3
      vertex 2.60843 0.0256653 3
    endloop
  endfacet
  facet normal -0 0 1
    outer loop
      vertex 0.0256653 102.792 3
      vertex 4.1513 100.935 3
      vertex 0.102219 103.176 3
    endloop
  endfacet
  facet normal 0 0 1
    outer loop
      vertex 4.29792 4.29792 3
      vertex 1.85194 0.228363 3
      vertex 2.22354 0.102219 3
    endloop
  endfacet
  facet normal -0 0 1
    outer loop
      vertex 0 102.4 3
      vertex 4.1513 100.935 3
      vertex 0.0256653 102.792 3
    endloop
  endfacet
  facet normal 0 0 1
    outer loop
      vertex 4.29792 4.29792 3
      vertex 1.5 0.401917 3
      vertex 1.85194 0.228363 3
    endloop
  endfacet
  facet normal 0 0 1
    outer loop
      vertex 4.1513 100.935 3
      vertex 0 102.4 3
      vertex 4.02776 100.75 3
    endloop
  endfacet
  facet normal 0 0 1
    outer loop
      vertex 4.29792 4.29792 3
      vertex 1.17372 0.619934 3
      vertex 1.5 0.401917 3
    endloop
  endfacet
  facet normal 0 0 1
    outer loop
      vertex 4.02776 100.75 3
      vertex 0 102.4 3
      vertex 3.92941 100.551 3
    endloop
  endfacet
  facet normal 0 0 1
    outer loop
      vertex 4.29792 4.29792 3
      vertex 0.878677 0.878677 3
      vertex 1.17372 0.619934 3
    endloop
  endfacet
  facet normal 0 0 1
    outer loop
      vertex 3.92941 100.551 3
      vertex 0 102.4 3
      vertex 3.85793 100.34 3
    endloop
  endfacet
  facet normal 0 0 1
    outer loop
      vertex 4.29792 4.29792 3
      vertex 0.619934 1.17372 3
      vertex 0.878677 0.878677 3
    endloop
  endfacet
  facet normal 0 0 1
    outer loop
      vertex 3.85793 100.34 3
      vertex 0 102.4 3
      vertex 3.81454 100.122 3
    endloop
  endfacet
  facet normal 0 0 1
    outer loop
      vertex 4.29792 4.29792 3
      vertex 0.401917 1.5 3
      vertex 0.619934 1.17372 3
    endloop
  endfacet
  facet normal 0 0 1
    outer loop
      vertex 3.81454 100.122 3
      vertex 0 102.4 3
      vertex 3.8 99.9 3
    endloop
  endfacet
  facet normal 0 0 1
    outer loop
      vertex 4.29792 4.29792 3
      vertex 0.228363 1.85194 3
      vertex 0.401917 1.5 3
    endloop
  endfacet
  facet normal 0 0 1
    outer loop
      vertex 4.1513 4.46511 3
      vertex 0.102219 2.22354 3
      vertex 0.228363 1.85194 3
    endloop
  endfacet
  facet normal 0 0 1
    outer loop
      vertex 4.1513 4.46511 3
      vertex 0.0256653 2.60843 3
      vertex 0.102219 2.22354 3
    endloop
  endfacet
  facet normal -0 0 1
    outer loop
      vertex 36.5 75.9 3
      vertex 75.9 71.7 3
      vertex 36.5 102.1 3
    endloop
  endfacet
  facet normal 0 0 1
    outer loop
      vertex 36.5 75.9 3
      vertex 22.5 71.7 3
      vertex 75.9 71.7 3
    endloop
  endfacet
  facet normal 0 0 1
    outer loop
      vertex 22.5 71.7 3
      vertex 13.5 75.9 3
      vertex 22.5 34.3 3
    endloop
  endfacet
  facet normal -0 0 1
    outer loop
      vertex 13.5 75.9 3
      vertex 22.5 71.7 3
      vertex 36.5 75.9 3
    endloop
  endfacet
  facet normal 0 0 1
    outer loop
      vertex 35.3 102.1 3
      vertex 35 77.1 3
      vertex 35.3 77.1 3
    endloop
  endfacet
  facet normal -1 0 0
    outer loop
      vertex 22.5 34.3 3
      vertex 22.5 71.7 5
      vertex 22.5 71.7 3
    endloop
  endfacet
  facet normal -1 -0 0
    outer loop
      vertex 22.5 71.7 5
      vertex 22.5 34.3 3
      vertex 22.5 34.3 5
    endloop
  endfacet
  facet normal 0 1 -0
    outer loop
      vertex 75.9 71.7 3
      vertex 22.5 71.7 5
      vertex 75.9 71.7 5
    endloop
  endfacet
  facet normal 0 1 0
    outer loop
      vertex 22.5 71.7 5
      vertex 75.9 71.7 3
      vertex 22.5 71.7 3
    endloop
  endfacet
  facet normal 0 -1 0
    outer loop
      vertex 22.5 34.3 3
      vertex 75.9 34.3 5
      vertex 22.5 34.3 5
    endloop
  endfacet
  facet normal 0 -1 -0
    outer loop
      vertex 75.9 34.3 5
      vertex 22.5 34.3 3
      vertex 75.9 34.3 3
    endloop
  endfacet
  facet normal -1 0 0
    outer loop
      vertex 74.7 35.5 3
      vertex 74.7 70.5 5
      vertex 74.7 70.5 3
    endloop
  endfacet
  facet normal -1 -0 0
    outer loop
      vertex 74.7 70.5 5
      vertex 74.7 35.5 3
      vertex 74.7 35.5 5
    endloop
  endfacet
  facet normal 1 -0 0
    outer loop
      vertex 23.7 35.5 5
      vertex 23.7 70.5 3
      vertex 23.7 70.5 5
    endloop
  endfacet
  facet normal 1 0 0
    outer loop
      vertex 23.7 70.5 3
      vertex 23.7 35.5 5
      vertex 23.7 35.5 3
    endloop
  endfacet
  facet normal 0 -1 0
    outer loop
      vertex 23.7 70.5 3
      vertex 74.7 70.5 5
      vertex 23.7 70.5 5
    endloop
  endfacet
  facet normal 0 -1 -0
    outer loop
      vertex 74.7 70.5 5
      vertex 23.7 70.5 3
      vertex 74.7 70.5 3
    endloop
  endfacet
  facet normal 0 1 -0
    outer loop
      vertex 74.7 35.5 3
      vertex 23.7 35.5 5
      vertex 74.7 35.5 5
    endloop
  endfacet
  facet normal 0 1 0
    outer loop
      vertex 23.7 35.5 5
      vertex 74.7 35.5 3
      vertex 23.7 35.5 3
    endloop
  endfacet
  facet normal 1 -0 0
    outer loop
      vertex 16.5 77.1 4.5
      vertex 16.5 103.1 3
      vertex 16.5 103.1 4.5
    endloop
  endfacet
  facet normal 1 0 0
    outer loop
      vertex 16.5 103.1 3
      vertex 16.5 77.1 4.5
      vertex 16.5 77.1 3
    endloop
  endfacet
  facet normal -0 0 1
    outer loop
      vertex 15 103.1 4.5
      vertex 16.5 77.1 4.5
      vertex 16.5 103.1 4.5
    endloop
  endfacet
  facet normal 0 0 1
    outer loop
      vertex 16.5 77.1 4.5
      vertex 15 103.1 4.5
      vertex 15 77.1 4.5
    endloop
  endfacet
  facet normal -1 0 0
    outer loop
      vertex 15 77.1 3
      vertex 15 103.1 4.5
      vertex 15 103.1 3
    endloop
  endfacet
  facet normal -1 -0 0
    outer loop
      vertex 15 103.1 4.5
      vertex 15 77.1 3
      vertex 15 77.1 4.5
    endloop
  endfacet
  facet normal 0 1 -0
    outer loop
      vertex 16.5 103.1 3
      vertex 15 103.1 4.5
      vertex 16.5 103.1 4.5
    endloop
  endfacet
  facet normal 0 1 0
    outer loop
      vertex 15 103.1 4.5
      vertex 16.5 103.1 3
      vertex 15 103.1 3
    endloop
  endfacet
  facet normal 0 1 -0
    outer loop
      vertex 33.5 77.1 3
      vertex 16.5 77.1 4.5
      vertex 33.5 77.1 4.5
    endloop
  endfacet
  facet normal 0 1 0
    outer loop
      vertex 16.5 77.1 4.5
      vertex 33.5 77.1 3
      vertex 16.5 77.1 3
    endloop
  endfacet
  facet normal 0 1 0
    outer loop
      vertex 33.5 77.1 4.5
      vertex 35.3 77.1 6.3
      vertex 35 77.1 4.5
    endloop
  endfacet
  facet normal 0 1 -0
    outer loop
      vertex 35.3 77.1 3
      vertex 35 77.1 4.5
      vertex 35.3 77.1 6.3
    endloop
  endfacet
  facet normal 0 1 0
    outer loop
      vertex 35 77.1 4.5
      vertex 35.3 77.1 3
      vertex 35 77.1 3
    endloop
  endfacet
  facet normal 0 1 0
    outer loop
      vertex 35.3 77.1 6.3
      vertex 33.5 77.1 4.5
      vertex 14.7 77.1 6.3
    endloop
  endfacet
  facet normal 0 1 -0
    outer loop
      vertex 16.5 77.1 4.5
      vertex 14.7 77.1 6.3
      vertex 33.5 77.1 4.5
    endloop
  endfacet
  facet normal 0 1 -0
    outer loop
      vertex 15 77.1 4.5
      vertex 14.7 77.1 6.3
      vertex 16.5 77.1 4.5
    endloop
  endfacet
  facet normal 0 1 0
    outer loop
      vertex 14.7 77.1 3
      vertex 15 77.1 4.5
      vertex 15 77.1 3
    endloop
  endfacet
  facet normal 0 1 0
    outer loop
      vertex 15 77.1 4.5
      vertex 14.7 77.1 3
      vertex 14.7 77.1 6.3
    endloop
  endfacet
  facet normal 1 -0 0
    outer loop
      vertex 35 77.1 4.5
      vertex 35 103.1 3
      vertex 35 103.1 4.5
    endloop
  endfacet
  facet normal 1 0 0
    outer loop
      vertex 35 103.1 3
      vertex 35 77.1 4.5
      vertex 35 77.1 3
    endloop
  endfacet
  facet normal -0 0 1
    outer loop
      vertex 33.5 103.1 4.5
      vertex 35 77.1 4.5
      vertex 35 103.1 4.5
    endloop
  endfacet
  facet normal 0 0 1
    outer loop
      vertex 35 77.1 4.5
      vertex 33.5 103.1 4.5
      vertex 33.5 77.1 4.5
    endloop
  endfacet
  facet normal -1 0 0
    outer loop
      vertex 33.5 77.1 3
      vertex 33.5 103.1 4.5
      vertex 33.5 103.1 3
    endloop
  endfacet
  facet normal -1 -0 0
    outer loop
      vertex 33.5 103.1 4.5
      vertex 33.5 77.1 3
      vertex 33.5 77.1 4.5
    endloop
  endfacet
  facet normal 0 1 -0
    outer loop
      vertex 35 103.1 3
      vertex 33.5 103.1 4.5
      vertex 35 103.1 4.5
    endloop
  endfacet
  facet normal 0 1 0
    outer loop
      vertex 33.5 103.1 4.5
      vertex 35 103.1 3
      vertex 33.5 103.1 3
    endloop
  endfacet
  facet normal 1 -0 0
    outer loop
      vertex 36.5 75.9 6.3
      vertex 36.5 102.1 3
      vertex 36.5 102.1 6.3
    endloop
  endfacet
  facet normal 1 0 0
    outer loop
      vertex 36.5 102.1 3
      vertex 36.5 75.9 6.3
      vertex 36.5 75.9 3
    endloop
  endfacet
  facet normal 0 0 1
    outer loop
      vertex 14.7 102.1 6.3
      vertex 13.5 102.1 6.3
      vertex 14.7 77.1 6.3
    endloop
  endfacet
  facet normal 0 0 1
    outer loop
      vertex 35.3 77.1 6.3
      vertex 36.5 102.1 6.3
      vertex 35.3 102.1 6.3
    endloop
  endfacet
  facet normal 0 0 1
    outer loop
      vertex 36.5 102.1 6.3
      vertex 35.3 77.1 6.3
      vertex 36.5 75.9 6.3
    endloop
  endfacet
  facet normal -0 0 1
    outer loop
      vertex 14.7 77.1 6.3
      vertex 36.5 75.9 6.3
      vertex 35.3 77.1 6.3
    endloop
  endfacet
  facet normal 0 0 1
    outer loop
      vertex 14.7 77.1 6.3
      vertex 13.5 75.9 6.3
      vertex 36.5 75.9 6.3
    endloop
  endfacet
  facet normal 0 0 1
    outer loop
      vertex 13.5 75.9 6.3
      vertex 14.7 77.1 6.3
      vertex 13.5 102.1 6.3
    endloop
  endfacet
  facet normal -1 0 0
    outer loop
      vertex 13.5 75.9 3
      vertex 13.5 102.1 6.3
      vertex 13.5 102.1 3
    endloop
  endfacet
  facet normal -1 -0 0
    outer loop
      vertex 13.5 102.1 6.3
      vertex 13.5 75.9 3
      vertex 13.5 75.9 6.3
    endloop
  endfacet
  facet normal 0 -1 0
    outer loop
      vertex 13.5 75.9 3
      vertex 36.5 75.9 6.3
      vertex 13.5 75.9 6.3
    endloop
  endfacet
  facet normal 0 -1 -0
    outer loop
      vertex 36.5 75.9 6.3
      vertex 13.5 75.9 3
      vertex 36.5 75.9 3
    endloop
  endfacet
  facet normal -1 0 0
    outer loop
      vertex 35.3 77.1 3
      vertex 35.3 102.1 6.3
      vertex 35.3 102.1 3
    endloop
  endfacet
  facet normal -1 -0 0
    outer loop
      vertex 35.3 102.1 6.3
      vertex 35.3 77.1 3
      vertex 35.3 77.1 6.3
    endloop
  endfacet
  facet normal 1 -0 0
    outer loop
      vertex 14.7 77.1 6.3
      vertex 14.7 102.1 3
      vertex 14.7 102.1 6.3
    endloop
  endfacet
  facet normal 1 0 0
    outer loop
      vertex 14.7 102.1 3
      vertex 14.7 77.1 6.3
      vertex 14.7 77.1 3
    endloop
  endfacet
  facet normal 0 1 -0
    outer loop
      vertex 14.7 102.1 3
      vertex 13.5 102.1 6.3
      vertex 14.7 102.1 6.3
    endloop
  endfacet
  facet normal 0 1 0
    outer loop
      vertex 13.5 102.1 6.3
      vertex 14.7 102.1 3
      vertex 13.5 102.1 3
    endloop
  endfacet
  facet normal 0 1 -0
    outer loop
      vertex 36.5 102.1 3
      vertex 35.3 102.1 6.3
      vertex 36.5 102.1 6.3
    endloop
  endfacet
  facet normal 0 1 0
    outer loop
      vertex 35.3 102.1 6.3
      vertex 36.5 102.1 3
      vertex 35.3 102.1 3
    endloop
  endfacet
  facet normal 0.0653993 -0.997859 0
    outer loop
      vertex 95.4 0 0
      vertex 95.7916 0.0256653 3
      vertex 95.4 0 3
    endloop
  endfacet
  facet normal 0.0653993 -0.997859 0
    outer loop
      vertex 95.7916 0.0256653 3
      vertex 95.4 0 0
      vertex 95.7916 0.0256653 0
    endloop
  endfacet
  facet normal 0.321523 -0.946902 0
    outer loop
      vertex 96.1765 0.102219 0
      vertex 96.548 0.228363 3
      vertex 96.1765 0.102219 3
    endloop
  endfacet
  facet normal 0.321523 -0.946902 0
    outer loop
      vertex 96.548 0.228363 3
      vertex 96.1765 0.102219 0
      vertex 96.548 0.228363 0
    endloop
  endfacet
  facet normal 0 -1 0
    outer loop
      vertex 3 0 0
      vertex 95.4 0 3
      vertex 3 0 3
    endloop
  endfacet
  facet normal 0 -1 -0
    outer loop
      vertex 95.4 0 3
      vertex 3 0 0
      vertex 95.4 0 0
    endloop
  endfacet
  facet normal 0.195072 -0.980789 0
    outer loop
      vertex 95.7916 0.0256653 0
      vertex 96.1765 0.102219 3
      vertex 95.7916 0.0256653 3
    endloop
  endfacet
  facet normal 0.195072 -0.980789 0
    outer loop
      vertex 96.1765 0.102219 3
      vertex 95.7916 0.0256653 0
      vertex 96.1765 0.102219 0
    endloop
  endfacet
  facet normal 0.659766 0.751471 -0
    outer loop
      vertex 97.5213 104.521 0
      vertex 97.2263 104.78 3
      vertex 97.5213 104.521 3
    endloop
  endfacet
  facet normal 0.659766 0.751471 0
    outer loop
      vertex 97.2263 104.78 3
      vertex 97.5213 104.521 0
      vertex 97.2263 104.78 0
    endloop
  endfacet
  facet normal -0.946928 -0.321446 0
    outer loop
      vertex 0.228363 1.85194 0
      vertex 0.102219 2.22354 3
      vertex 0.102219 2.22354 0
    endloop
  endfacet
  facet normal -0.946928 -0.321446 0
    outer loop
      vertex 0.102219 2.22354 3
      vertex 0.228363 1.85194 0
      vertex 0.228363 1.85194 3
    endloop
  endfacet
  facet normal -1 0 0
    outer loop
      vertex 0 3 0
      vertex 0 102.4 3
      vertex 0 102.4 0
    endloop
  endfacet
  facet normal -1 -0 0
    outer loop
      vertex 0 102.4 3
      vertex 0 3 0
      vertex 0 3 3
    endloop
  endfacet
  facet normal 0.0662484 0.997803 -0
    outer loop
      vertex 95.7916 105.374 0
      vertex 95.4 105.4 3
      vertex 95.7916 105.374 3
    endloop
  endfacet
  facet normal 0.0662484 0.997803 0
    outer loop
      vertex 95.4 105.4 3
      vertex 95.7916 105.374 0
      vertex 95.4 105.4 0
    endloop
  endfacet
  facet normal 0.94699 0.321264 0
    outer loop
      vertex 98.2978 103.176 3
      vertex 98.1716 103.548 0
      vertex 98.1716 103.548 3
    endloop
  endfacet
  facet normal 0.94699 0.321264 0
    outer loop
      vertex 98.1716 103.548 0
      vertex 98.2978 103.176 3
      vertex 98.2978 103.176 0
    endloop
  endfacet
  facet normal -0.0654043 -0.997859 0
    outer loop
      vertex 2.60843 0.0256653 0
      vertex 3 0 3
      vertex 2.60843 0.0256653 3
    endloop
  endfacet
  facet normal -0.0654043 -0.997859 -0
    outer loop
      vertex 3 0 3
      vertex 2.60843 0.0256653 0
      vertex 3 0 0
    endloop
  endfacet
  facet normal 1 -0 0
    outer loop
      vertex 98.4 3 3
      vertex 98.4 102.4 0
      vertex 98.4 102.4 3
    endloop
  endfacet
  facet normal 1 0 0
    outer loop
      vertex 98.4 102.4 0
      vertex 98.4 3 3
      vertex 98.4 3 0
    endloop
  endfacet
  facet normal -0.831245 0.555906 0
    outer loop
      vertex 0.401917 103.9 0
      vertex 0.619934 104.226 3
      vertex 0.619934 104.226 0
    endloop
  endfacet
  facet normal -0.831245 0.555906 0
    outer loop
      vertex 0.619934 104.226 3
      vertex 0.401917 103.9 0
      vertex 0.401917 103.9 3
    endloop
  endfacet
  facet normal -0.555577 -0.831465 0
    outer loop
      vertex 1.17372 0.619934 0
      vertex 1.5 0.401917 3
      vertex 1.17372 0.619934 3
    endloop
  endfacet
  facet normal -0.555577 -0.831465 -0
    outer loop
      vertex 1.5 0.401917 3
      vertex 1.17372 0.619934 0
      vertex 1.5 0.401917 0
    endloop
  endfacet
  facet normal -0.0662535 0.997803 0
    outer loop
      vertex 3 105.4 0
      vertex 2.60843 105.374 3
      vertex 3 105.4 3
    endloop
  endfacet
  facet normal -0.0662535 0.997803 0
    outer loop
      vertex 2.60843 105.374 3
      vertex 3 105.4 0
      vertex 2.60843 105.374 0
    endloop
  endfacet
  facet normal -0.831465 -0.555577 0
    outer loop
      vertex 0.619934 1.17372 0
      vertex 0.401917 1.5 3
      vertex 0.401917 1.5 0
    endloop
  endfacet
  facet normal -0.831465 -0.555577 0
    outer loop
      vertex 0.401917 1.5 3
      vertex 0.619934 1.17372 0
      vertex 0.619934 1.17372 3
    endloop
  endfacet
  facet normal -0.442281 -0.896876 0
    outer loop
      vertex 1.5 0.401917 0
      vertex 1.85194 0.228363 3
      vertex 1.5 0.401917 3
    endloop
  endfacet
  facet normal -0.442281 -0.896876 -0
    outer loop
      vertex 1.85194 0.228363 3
      vertex 1.5 0.401917 0
      vertex 1.85194 0.228363 0
    endloop
  endfacet
  facet normal -0.997864 0.0653328 0
    outer loop
      vertex 0 102.4 0
      vertex 0.0256653 102.792 3
      vertex 0.0256653 102.792 0
    endloop
  endfacet
  facet normal -0.997864 0.0653328 0
    outer loop
      vertex 0.0256653 102.792 3
      vertex 0 102.4 0
      vertex 0 102.4 3
    endloop
  endfacet
  facet normal 0 1 -0
    outer loop
      vertex 95.4 105.4 0
      vertex 3 105.4 3
      vertex 95.4 105.4 3
    endloop
  endfacet
  facet normal 0 1 0
    outer loop
      vertex 3 105.4 3
      vertex 95.4 105.4 0
      vertex 3 105.4 0
    endloop
  endfacet
  facet normal 0.442221 -0.896906 0
    outer loop
      vertex 96.548 0.228363 0
      vertex 96.9 0.401917 3
      vertex 96.548 0.228363 3
    endloop
  endfacet
  facet normal 0.442221 -0.896906 0
    outer loop
      vertex 96.9 0.401917 3
      vertex 96.548 0.228363 0
      vertex 96.9 0.401917 0
    endloop
  endfacet
  facet normal 0.443134 0.896455 -0
    outer loop
      vertex 96.9 104.998 0
      vertex 96.548 105.172 3
      vertex 96.9 104.998 3
    endloop
  endfacet
  facet normal 0.443134 0.896455 0
    outer loop
      vertex 96.548 105.172 3
      vertex 96.9 104.998 0
      vertex 96.548 105.172 0
    endloop
  endfacet
  facet normal 0.555553 -0.831481 0
    outer loop
      vertex 96.9 0.401917 0
      vertex 97.2263 0.619934 3
      vertex 96.9 0.401917 3
    endloop
  endfacet
  facet normal 0.555553 -0.831481 0
    outer loop
      vertex 97.2263 0.619934 3
      vertex 96.9 0.401917 0
      vertex 97.2263 0.619934 0
    endloop
  endfacet
  facet normal 0.980728 0.195379 0
    outer loop
      vertex 98.3743 102.792 3
      vertex 98.2978 103.176 0
      vertex 98.2978 103.176 3
    endloop
  endfacet
  facet normal 0.980728 0.195379 0
    outer loop
      vertex 98.2978 103.176 0
      vertex 98.3743 102.792 3
      vertex 98.3743 102.792 0
    endloop
  endfacet
  facet normal -0.321446 -0.946928 0
    outer loop
      vertex 1.85194 0.228363 0
      vertex 2.22354 0.102219 3
      vertex 1.85194 0.228363 3
    endloop
  endfacet
  facet normal -0.321446 -0.946928 -0
    outer loop
      vertex 2.22354 0.102219 3
      vertex 1.85194 0.228363 0
      vertex 2.22354 0.102219 0
    endloop
  endfacet
  facet normal -0.193719 0.981057 0
    outer loop
      vertex 2.60843 105.374 0
      vertex 2.22354 105.298 3
      vertex 2.60843 105.374 3
    endloop
  endfacet
  facet normal -0.193719 0.981057 0
    outer loop
      vertex 2.22354 105.298 3
      vertex 2.60843 105.374 0
      vertex 2.22354 105.298 0
    endloop
  endfacet
  facet normal 0.980814 -0.194945 0
    outer loop
      vertex 98.2978 2.22354 3
      vertex 98.3743 2.60843 0
      vertex 98.3743 2.60843 3
    endloop
  endfacet
  facet normal 0.980814 -0.194945 0
    outer loop
      vertex 98.3743 2.60843 0
      vertex 98.2978 2.22354 3
      vertex 98.2978 2.22354 0
    endloop
  endfacet
  facet normal -0.659342 -0.751843 0
    outer loop
      vertex 0.878677 0.878677 0
      vertex 1.17372 0.619934 3
      vertex 0.878677 0.878677 3
    endloop
  endfacet
  facet normal -0.659342 -0.751843 -0
    outer loop
      vertex 1.17372 0.619934 3
      vertex 0.878677 0.878677 0
      vertex 1.17372 0.619934 0
    endloop
  endfacet
  facet normal 0.659396 -0.751796 0
    outer loop
      vertex 97.2263 0.619934 0
      vertex 97.5213 0.878677 3
      vertex 97.2263 0.619934 3
    endloop
  endfacet
  facet normal 0.659396 -0.751796 0
    outer loop
      vertex 97.5213 0.878677 3
      vertex 97.2263 0.619934 0
      vertex 97.5213 0.878677 0
    endloop
  endfacet
  facet normal -0.555547 0.831485 0
    outer loop
      vertex 1.5 104.998 0
      vertex 1.17372 104.78 3
      vertex 1.5 104.998 3
    endloop
  endfacet
  facet normal -0.555547 0.831485 0
    outer loop
      vertex 1.17372 104.78 3
      vertex 1.5 104.998 0
      vertex 1.17372 104.78 0
    endloop
  endfacet
  facet normal -0.195076 -0.980788 0
    outer loop
      vertex 2.22354 0.102219 0
      vertex 2.60843 0.0256653 3
      vertex 2.22354 0.102219 3
    endloop
  endfacet
  facet normal -0.195076 -0.980788 -0
    outer loop
      vertex 2.60843 0.0256653 3
      vertex 2.22354 0.102219 0
      vertex 2.60843 0.0256653 0
    endloop
  endfacet
  facet normal 0.831485 -0.555547 0
    outer loop
      vertex 97.7801 1.17372 3
      vertex 97.9981 1.5 0
      vertex 97.9981 1.5 3
    endloop
  endfacet
  facet normal 0.831485 -0.555547 0
    outer loop
      vertex 97.9981 1.5 0
      vertex 97.7801 1.17372 3
      vertex 97.7801 1.17372 0
    endloop
  endfacet
  facet normal 0.321194 0.947013 -0
    outer loop
      vertex 96.548 105.172 0
      vertex 96.1765 105.298 3
      vertex 96.548 105.172 3
    endloop
  endfacet
  facet normal 0.321194 0.947013 0
    outer loop
      vertex 96.1765 105.298 3
      vertex 96.548 105.172 0
      vertex 96.1765 105.298 0
    endloop
  endfacet
  facet normal -0.997859 -0.0654043 0
    outer loop
      vertex 0.0256653 2.60843 0
      vertex 0 3 3
      vertex 0 3 0
    endloop
  endfacet
  facet normal -0.997859 -0.0654043 0
    outer loop
      vertex 0 3 3
      vertex 0.0256653 2.60843 0
      vertex 0.0256653 2.60843 3
    endloop
  endfacet
  facet normal 0.896961 0.44211 0
    outer loop
      vertex 98.1716 103.548 3
      vertex 97.9981 103.9 0
      vertex 97.9981 103.9 3
    endloop
  endfacet
  facet normal 0.896961 0.44211 0
    outer loop
      vertex 97.9981 103.9 0
      vertex 98.1716 103.548 3
      vertex 98.1716 103.548 0
    endloop
  endfacet
  facet normal -0.321117 0.94704 0
    outer loop
      vertex 2.22354 105.298 0
      vertex 1.85194 105.172 3
      vertex 2.22354 105.298 3
    endloop
  endfacet
  facet normal -0.321117 0.94704 0
    outer loop
      vertex 1.85194 105.172 3
      vertex 2.22354 105.298 0
      vertex 1.85194 105.172 0
    endloop
  endfacet
  facet normal 0.997858 0.0654208 0
    outer loop
      vertex 98.4 102.4 3
      vertex 98.3743 102.792 0
      vertex 98.3743 102.792 3
    endloop
  endfacet
  facet normal 0.997858 0.0654208 0
    outer loop
      vertex 98.3743 102.792 0
      vertex 98.4 102.4 3
      vertex 98.4 102.4 0
    endloop
  endfacet
  facet normal -0.980701 0.195511 0
    outer loop
      vertex 0.0256653 102.792 0
      vertex 0.102219 103.176 3
      vertex 0.102219 103.176 0
    endloop
  endfacet
  facet normal -0.980701 0.195511 0
    outer loop
      vertex 0.102219 103.176 3
      vertex 0.0256653 102.792 0
      vertex 0.0256653 102.792 3
    endloop
  endfacet
  facet normal -0.896876 -0.442281 0
    outer loop
      vertex 0.401917 1.5 0
      vertex 0.228363 1.85194 3
      vertex 0.228363 1.85194 0
    endloop
  endfacet
  facet normal -0.896876 -0.442281 0
    outer loop
      vertex 0.228363 1.85194 3
      vertex 0.401917 1.5 0
      vertex 0.401917 1.5 3
    endloop
  endfacet
  facet normal 0.751724 0.659478 0
    outer loop
      vertex 97.7801 104.226 3
      vertex 97.5213 104.521 0
      vertex 97.5213 104.521 3
    endloop
  endfacet
  facet normal 0.751724 0.659478 0
    outer loop
      vertex 97.5213 104.521 0
      vertex 97.7801 104.226 3
      vertex 97.7801 104.226 0
    endloop
  endfacet
  facet normal -0.659712 0.751519 0
    outer loop
      vertex 1.17372 104.78 0
      vertex 0.878677 104.521 3
      vertex 1.17372 104.78 3
    endloop
  endfacet
  facet normal -0.659712 0.751519 0
    outer loop
      vertex 0.878677 104.521 3
      vertex 1.17372 104.78 0
      vertex 0.878677 104.521 0
    endloop
  endfacet
  facet normal 0.946885 -0.321574 0
    outer loop
      vertex 98.1716 1.85194 3
      vertex 98.2978 2.22354 0
      vertex 98.2978 2.22354 3
    endloop
  endfacet
  facet normal 0.946885 -0.321574 0
    outer loop
      vertex 98.2978 2.22354 0
      vertex 98.1716 1.85194 3
      vertex 98.1716 1.85194 0
    endloop
  endfacet
  facet normal 0.193714 0.981058 -0
    outer loop
      vertex 96.1765 105.298 0
      vertex 95.7916 105.374 3
      vertex 96.1765 105.298 3
    endloop
  endfacet
  facet normal 0.193714 0.981058 0
    outer loop
      vertex 95.7916 105.374 3
      vertex 96.1765 105.298 0
      vertex 95.7916 105.374 0
    endloop
  endfacet
  facet normal -0.443195 0.896425 0
    outer loop
      vertex 1.85194 105.172 0
      vertex 1.5 104.998 3
      vertex 1.85194 105.172 3
    endloop
  endfacet
  facet normal -0.443195 0.896425 0
    outer loop
      vertex 1.5 104.998 3
      vertex 1.85194 105.172 0
      vertex 1.5 104.998 0
    endloop
  endfacet
  facet normal 0.997853 -0.0654923 0
    outer loop
      vertex 98.3743 2.60843 3
      vertex 98.4 3 0
      vertex 98.4 3 3
    endloop
  endfacet
  facet normal 0.997853 -0.0654923 0
    outer loop
      vertex 98.4 3 0
      vertex 98.3743 2.60843 3
      vertex 98.3743 2.60843 0
    endloop
  endfacet
  facet normal -0.751843 -0.659342 0
    outer loop
      vertex 0.878677 0.878677 0
      vertex 0.619934 1.17372 3
      vertex 0.619934 1.17372 0
    endloop
  endfacet
  facet normal -0.751843 -0.659342 0
    outer loop
      vertex 0.619934 1.17372 3
      vertex 0.878677 0.878677 0
      vertex 0.878677 0.878677 3
    endloop
  endfacet
  facet normal -0.896906 0.442221 0
    outer loop
      vertex 0.228363 103.548 0
      vertex 0.401917 103.9 3
      vertex 0.401917 103.9 0
    endloop
  endfacet
  facet normal -0.896906 0.442221 0
    outer loop
      vertex 0.401917 103.9 3
      vertex 0.228363 103.548 0
      vertex 0.228363 103.548 3
    endloop
  endfacet
  facet normal 0.555523 0.831501 -0
    outer loop
      vertex 97.2263 104.78 0
      vertex 96.9 104.998 3
      vertex 97.2263 104.78 3
    endloop
  endfacet
  facet normal 0.555523 0.831501 0
    outer loop
      vertex 96.9 104.998 3
      vertex 97.2263 104.78 0
      vertex 96.9 104.998 0
    endloop
  endfacet
  facet normal -0.947033 0.321136 0
    outer loop
      vertex 0.102219 103.176 0
      vertex 0.228363 103.548 3
      vertex 0.228363 103.548 0
    endloop
  endfacet
  facet normal -0.947033 0.321136 0
    outer loop
      vertex 0.228363 103.548 3
      vertex 0.102219 103.176 0
      vertex 0.102219 103.176 3
    endloop
  endfacet
  facet normal 0.751771 -0.659424 0
    outer loop
      vertex 97.5213 0.878677 3
      vertex 97.7801 1.17372 0
      vertex 97.7801 1.17372 3
    endloop
  endfacet
  facet normal 0.751771 -0.659424 0
    outer loop
      vertex 97.7801 1.17372 0
      vertex 97.5213 0.878677 3
      vertex 97.5213 0.878677 0
    endloop
  endfacet
  facet normal 0 0 -1
    outer loop
      vertex 90.1374 7.095 0
      vertex 8.26262 7.095 0
      vertex 90.3692 7.44195 0
    endloop
  endfacet
  facet normal 0 0 -1
    outer loop
      vertex 90.6443 97.6443 0
      vertex 8.66271 99.4836 0
      vertex 8.69 99.9 0
    endloop
  endfacet
  facet normal 0 0 -1
    outer loop
      vertex 8.0308 7.44195 0
      vertex 90.3692 7.44195 0
      vertex 8.26262 7.095 0
    endloop
  endfacet
  facet normal 0 0 -1
    outer loop
      vertex 90.6443 97.6443 0
      vertex 8.5813 99.0744 0
      vertex 8.66271 99.4836 0
    endloop
  endfacet
  facet normal 0 0 -1
    outer loop
      vertex 90.3692 7.44195 0
      vertex 8.0308 7.44195 0
      vertex 90.6443 7.75567 0
    endloop
  endfacet
  facet normal 0 0 -1
    outer loop
      vertex 90.6443 97.6443 0
      vertex 8.44718 98.6792 0
      vertex 8.5813 99.0744 0
    endloop
  endfacet
  facet normal 0 0 -1
    outer loop
      vertex 7.75567 7.75567 0
      vertex 90.6443 7.75567 0
      vertex 8.0308 7.44195 0
    endloop
  endfacet
  facet normal 0 0 -1
    outer loop
      vertex 90.6443 97.6443 0
      vertex 8.26262 98.305 0
      vertex 8.44718 98.6792 0
    endloop
  endfacet
  facet normal 0 0 -1
    outer loop
      vertex 90.6443 7.75567 0
      vertex 7.75567 7.75567 0
      vertex 90.6443 97.6443 0
    endloop
  endfacet
  facet normal 0 0 -1
    outer loop
      vertex 90.6443 97.6443 0
      vertex 8.0308 97.9581 0
      vertex 8.26262 98.305 0
    endloop
  endfacet
  facet normal 0 0 -1
    outer loop
      vertex 7.75567 97.6443 0
      vertex 90.6443 97.6443 0
      vertex 7.75567 7.75567 0
    endloop
  endfacet
  facet normal 0 0 -1
    outer loop
      vertex 90.6443 97.6443 0
      vertex 7.75567 97.6443 0
      vertex 8.0308 97.9581 0
    endloop
  endfacet
  facet normal 0 0 -1
    outer loop
      vertex 7.44195 8.0308 0
      vertex 7.75567 97.6443 0
      vertex 7.75567 7.75567 0
    endloop
  endfacet
  facet normal 0 0 -1
    outer loop
      vertex 7.44195 8.0308 0
      vertex 7.44195 97.3692 0
      vertex 7.75567 97.6443 0
    endloop
  endfacet
  facet normal 0 0 -1
    outer loop
      vertex 7.095 8.26262 0
      vertex 7.44195 97.3692 0
      vertex 7.44195 8.0308 0
    endloop
  endfacet
  facet normal 0 0 -1
    outer loop
      vertex 7.095 8.26262 0
      vertex 7.095 97.1374 0
      vertex 7.44195 97.3692 0
    endloop
  endfacet
  facet normal 0 0 -1
    outer loop
      vertex 6.72076 8.44718 0
      vertex 7.095 97.1374 0
      vertex 7.095 8.26262 0
    endloop
  endfacet
  facet normal 0 0 -1
    outer loop
      vertex 6.72076 8.44718 0
      vertex 6.72076 96.9528 0
      vertex 7.095 97.1374 0
    endloop
  endfacet
  facet normal 0 0 -1
    outer loop
      vertex 6.32563 8.5813 0
      vertex 6.72076 96.9528 0
      vertex 6.72076 8.44718 0
    endloop
  endfacet
  facet normal 0 0 -1
    outer loop
      vertex 6.32563 8.5813 0
      vertex 6.32563 96.8187 0
      vertex 6.72076 96.9528 0
    endloop
  endfacet
  facet normal 0 0 -1
    outer loop
      vertex 5.91638 8.66271 0
      vertex 6.32563 96.8187 0
      vertex 6.32563 8.5813 0
    endloop
  endfacet
  facet normal 0 0 -1
    outer loop
      vertex 5.91638 8.66271 0
      vertex 5.91638 96.7373 0
      vertex 6.32563 96.8187 0
    endloop
  endfacet
  facet normal 0 0 -1
    outer loop
      vertex 5.5 8.69 0
      vertex 5.91638 96.7373 0
      vertex 5.91638 8.66271 0
    endloop
  endfacet
  facet normal 0 0 -1
    outer loop
      vertex 5.5 8.69 0
      vertex 5.5 96.71 0
      vertex 5.91638 96.7373 0
    endloop
  endfacet
  facet normal 0 0 -1
    outer loop
      vertex 5.08362 8.66271 0
      vertex 5.5 96.71 0
      vertex 5.5 8.69 0
    endloop
  endfacet
  facet normal 0 0 -1
    outer loop
      vertex 5.08362 8.66271 0
      vertex 5.08362 96.7373 0
      vertex 5.5 96.71 0
    endloop
  endfacet
  facet normal 0 0 -1
    outer loop
      vertex 4.67437 8.5813 0
      vertex 5.08362 96.7373 0
      vertex 5.08362 8.66271 0
    endloop
  endfacet
  facet normal 0 0 -1
    outer loop
      vertex 4.67437 8.5813 0
      vertex 4.67437 96.8187 0
      vertex 5.08362 96.7373 0
    endloop
  endfacet
  facet normal 0 0 -1
    outer loop
      vertex 4.27924 8.44718 0
      vertex 4.67437 96.8187 0
      vertex 4.67437 8.5813 0
    endloop
  endfacet
  facet normal 0 0 -1
    outer loop
      vertex 4.27924 8.44718 0
      vertex 4.27924 96.9528 0
      vertex 4.67437 96.8187 0
    endloop
  endfacet
  facet normal 0 0 -1
    outer loop
      vertex 3.905 8.26262 0
      vertex 4.27924 96.9528 0
      vertex 4.27924 8.44718 0
    endloop
  endfacet
  facet normal 0 0 -1
    outer loop
      vertex 3.905 8.26262 0
      vertex 3.905 97.1374 0
      vertex 4.27924 96.9528 0
    endloop
  endfacet
  facet normal 0 0 -1
    outer loop
      vertex 3.55805 8.0308 0
      vertex 3.905 97.1374 0
      vertex 3.905 8.26262 0
    endloop
  endfacet
  facet normal 0 0 -1
    outer loop
      vertex 3.55805 8.0308 0
      vertex 3.55805 97.3692 0
      vertex 3.905 97.1374 0
    endloop
  endfacet
  facet normal 0 0 -1
    outer loop
      vertex 3.24433 7.75567 0
      vertex 3.55805 97.3692 0
      vertex 3.55805 8.0308 0
    endloop
  endfacet
  facet normal 0 0 -1
    outer loop
      vertex 3.24433 7.75567 0
      vertex 3.24433 97.6443 0
      vertex 3.55805 97.3692 0
    endloop
  endfacet
  facet normal 0 0 -1
    outer loop
      vertex 2.9692 7.44195 0
      vertex 3.24433 97.6443 0
      vertex 3.24433 7.75567 0
    endloop
  endfacet
  facet normal 0 0 -1
    outer loop
      vertex 2.9692 7.44195 0
      vertex 2.9692 97.9581 0
      vertex 3.24433 97.6443 0
    endloop
  endfacet
  facet normal 0 0 -1
    outer loop
      vertex 2.73738 7.095 0
      vertex 2.9692 97.9581 0
      vertex 2.9692 7.44195 0
    endloop
  endfacet
  facet normal 0 0 -1
    outer loop
      vertex 2.73738 7.095 0
      vertex 2.73738 98.305 0
      vertex 2.9692 97.9581 0
    endloop
  endfacet
  facet normal 0 0 -1
    outer loop
      vertex 0 3 0
      vertex 2.73738 7.095 0
      vertex 2.55282 6.72076 0
    endloop
  endfacet
  facet normal -0 0 -1
    outer loop
      vertex 2.73738 7.095 0
      vertex 0 3 0
      vertex 2.73738 98.305 0
    endloop
  endfacet
  facet normal 0 0 -1
    outer loop
      vertex 0 3 0
      vertex 2.55282 6.72076 0
      vertex 2.4187 6.32563 0
    endloop
  endfacet
  facet normal 0 0 -1
    outer loop
      vertex 0 102.4 0
      vertex 2.73738 98.305 0
      vertex 0 3 0
    endloop
  endfacet
  facet normal 0 0 -1
    outer loop
      vertex 0 3 0
      vertex 2.4187 6.32563 0
      vertex 2.33729 5.91638 0
    endloop
  endfacet
  facet normal 0 0 -1
    outer loop
      vertex 2.73738 98.305 0
      vertex 0 102.4 0
      vertex 2.55282 98.6792 0
    endloop
  endfacet
  facet normal 0 0 -1
    outer loop
      vertex 0 3 0
      vertex 2.33729 5.91638 0
      vertex 2.31 5.5 0
    endloop
  endfacet
  facet normal 0 0 -1
    outer loop
      vertex 2.55282 98.6792 0
      vertex 0 102.4 0
      vertex 2.4187 99.0744 0
    endloop
  endfacet
  facet normal 0 0 -1
    outer loop
      vertex 95.8472 6.72076 0
      vertex 98.4 3 0
      vertex 95.9813 6.32563 0
    endloop
  endfacet
  facet normal 0 0 -1
    outer loop
      vertex 98.4 102.4 0
      vertex 96.0627 99.4836 0
      vertex 96.09 99.9 0
    endloop
  endfacet
  facet normal 0 0 -1
    outer loop
      vertex 95.6626 7.095 0
      vertex 98.4 3 0
      vertex 95.8472 6.72076 0
    endloop
  endfacet
  facet normal 0 0 -1
    outer loop
      vertex 98.4 102.4 0
      vertex 95.9813 99.0744 0
      vertex 96.0627 99.4836 0
    endloop
  endfacet
  facet normal 0 0 -1
    outer loop
      vertex 98.4 3 0
      vertex 95.6626 7.095 0
      vertex 98.4 102.4 0
    endloop
  endfacet
  facet normal 0 0 -1
    outer loop
      vertex 98.4 102.4 0
      vertex 95.8472 98.6792 0
      vertex 95.9813 99.0744 0
    endloop
  endfacet
  facet normal 0 0 -1
    outer loop
      vertex 95.6626 98.305 0
      vertex 98.4 102.4 0
      vertex 95.6626 7.095 0
    endloop
  endfacet
  facet normal 0 0 -1
    outer loop
      vertex 98.4 102.4 0
      vertex 95.6626 98.305 0
      vertex 95.8472 98.6792 0
    endloop
  endfacet
  facet normal 0 0 -1
    outer loop
      vertex 95.4308 7.44195 0
      vertex 95.6626 98.305 0
      vertex 95.6626 7.095 0
    endloop
  endfacet
  facet normal 0 0 -1
    outer loop
      vertex 95.4308 7.44195 0
      vertex 95.4308 97.9581 0
      vertex 95.6626 98.305 0
    endloop
  endfacet
  facet normal 0 0 -1
    outer loop
      vertex 95.1557 7.75567 0
      vertex 95.4308 97.9581 0
      vertex 95.4308 7.44195 0
    endloop
  endfacet
  facet normal 0 0 -1
    outer loop
      vertex 95.1557 7.75567 0
      vertex 95.1557 97.6443 0
      vertex 95.4308 97.9581 0
    endloop
  endfacet
  facet normal 0 0 -1
    outer loop
      vertex 94.8419 8.0308 0
      vertex 95.1557 97.6443 0
      vertex 95.1557 7.75567 0
    endloop
  endfacet
  facet normal 0 0 -1
    outer loop
      vertex 94.8419 8.0308 0
      vertex 94.8419 97.3692 0
      vertex 95.1557 97.6443 0
    endloop
  endfacet
  facet normal 0 0 -1
    outer loop
      vertex 94.495 8.26262 0
      vertex 94.8419 97.3692 0
      vertex 94.8419 8.0308 0
    endloop
  endfacet
  facet normal 0 0 -1
    outer loop
      vertex 94.495 8.26262 0
      vertex 94.495 97.1374 0
      vertex 94.8419 97.3692 0
    endloop
  endfacet
  facet normal 0 0 -1
    outer loop
      vertex 94.1208 8.44718 0
      vertex 94.495 97.1374 0
      vertex 94.495 8.26262 0
    endloop
  endfacet
  facet normal 0 0 -1
    outer loop
      vertex 94.1208 8.44718 0
      vertex 94.1208 96.9528 0
      vertex 94.495 97.1374 0
    endloop
  endfacet
  facet normal 0 0 -1
    outer loop
      vertex 93.7256 8.5813 0
      vertex 94.1208 96.9528 0
      vertex 94.1208 8.44718 0
    endloop
  endfacet
  facet normal 0 0 -1
    outer loop
      vertex 93.7256 8.5813 0
      vertex 93.7256 96.8187 0
      vertex 94.1208 96.9528 0
    endloop
  endfacet
  facet normal 0 0 -1
    outer loop
      vertex 93.3164 8.66271 0
      vertex 93.7256 96.8187 0
      vertex 93.7256 8.5813 0
    endloop
  endfacet
  facet normal 0 0 -1
    outer loop
      vertex 93.3164 8.66271 0
      vertex 93.3164 96.7373 0
      vertex 93.7256 96.8187 0
    endloop
  endfacet
  facet normal 0 0 -1
    outer loop
      vertex 92.9 8.69 0
      vertex 93.3164 96.7373 0
      vertex 93.3164 8.66271 0
    endloop
  endfacet
  facet normal 0 0 -1
    outer loop
      vertex 92.9 8.69 0
      vertex 92.9 96.71 0
      vertex 93.3164 96.7373 0
    endloop
  endfacet
  facet normal 0 0 -1
    outer loop
      vertex 92.4836 8.66271 0
      vertex 92.9 96.71 0
      vertex 92.9 8.69 0
    endloop
  endfacet
  facet normal 0 0 -1
    outer loop
      vertex 92.4836 8.66271 0
      vertex 92.4836 96.7373 0
      vertex 92.9 96.71 0
    endloop
  endfacet
  facet normal 0 0 -1
    outer loop
      vertex 92.0744 8.5813 0
      vertex 92.4836 96.7373 0
      vertex 92.4836 8.66271 0
    endloop
  endfacet
  facet normal 0 0 -1
    outer loop
      vertex 92.0744 8.5813 0
      vertex 92.0744 96.8187 0
      vertex 92.4836 96.7373 0
    endloop
  endfacet
  facet normal 0 0 -1
    outer loop
      vertex 91.6792 8.44718 0
      vertex 92.0744 96.8187 0
      vertex 92.0744 8.5813 0
    endloop
  endfacet
  facet normal 0 0 -1
    outer loop
      vertex 91.6792 8.44718 0
      vertex 91.6792 96.9528 0
      vertex 92.0744 96.8187 0
    endloop
  endfacet
  facet normal 0 0 -1
    outer loop
      vertex 91.305 8.26262 0
      vertex 91.6792 96.9528 0
      vertex 91.6792 8.44718 0
    endloop
  endfacet
  facet normal 0 0 -1
    outer loop
      vertex 91.305 8.26262 0
      vertex 91.305 97.1374 0
      vertex 91.6792 96.9528 0
    endloop
  endfacet
  facet normal 0 0 -1
    outer loop
      vertex 90.9581 8.0308 0
      vertex 91.305 97.1374 0
      vertex 91.305 8.26262 0
    endloop
  endfacet
  facet normal 0 0 -1
    outer loop
      vertex 90.9581 8.0308 0
      vertex 90.9581 97.3692 0
      vertex 91.305 97.1374 0
    endloop
  endfacet
  facet normal 0 0 -1
    outer loop
      vertex 90.6443 7.75567 0
      vertex 90.9581 97.3692 0
      vertex 90.9581 8.0308 0
    endloop
  endfacet
  facet normal 0 0 -1
    outer loop
      vertex 90.6443 7.75567 0
      vertex 90.6443 97.6443 0
      vertex 90.9581 97.3692 0
    endloop
  endfacet
  facet normal 0 0 -1
    outer loop
      vertex 8.44718 6.72076 0
      vertex 89.9528 6.72076 0
      vertex 8.5813 6.32563 0
    endloop
  endfacet
  facet normal 0 0 -1
    outer loop
      vertex 89.9528 6.72076 0
      vertex 8.44718 6.72076 0
      vertex 90.1374 7.095 0
    endloop
  endfacet
  facet normal 0 0 -1
    outer loop
      vertex 89.8187 6.32563 0
      vertex 8.5813 6.32563 0
      vertex 89.9528 6.72076 0
    endloop
  endfacet
  facet normal 0 0 -1
    outer loop
      vertex 8.26262 7.095 0
      vertex 90.1374 7.095 0
      vertex 8.44718 6.72076 0
    endloop
  endfacet
  facet normal 0 0 -1
    outer loop
      vertex 8.5813 6.32563 0
      vertex 89.8187 6.32563 0
      vertex 8.66271 5.91638 0
    endloop
  endfacet
  facet normal 0 0 -1
    outer loop
      vertex 90.6443 97.6443 0
      vertex 8.69 99.9 0
      vertex 90.3692 97.9581 0
    endloop
  endfacet
  facet normal 0 0 -1
    outer loop
      vertex 89.7373 5.91638 0
      vertex 8.66271 5.91638 0
      vertex 89.8187 6.32563 0
    endloop
  endfacet
  facet normal 0 0 -1
    outer loop
      vertex 90.3692 97.9581 0
      vertex 8.69 99.9 0
      vertex 90.1374 98.305 0
    endloop
  endfacet
  facet normal 0 0 -1
    outer loop
      vertex 8.66271 5.91638 0
      vertex 89.7373 5.91638 0
      vertex 8.69 5.5 0
    endloop
  endfacet
  facet normal 0 0 -1
    outer loop
      vertex 90.1374 98.305 0
      vertex 8.69 99.9 0
      vertex 89.9528 98.6792 0
    endloop
  endfacet
  facet normal 0 0 -1
    outer loop
      vertex 8.69 5.5 0
      vertex 89.7373 5.91638 0
      vertex 89.71 5.5 0
    endloop
  endfacet
  facet normal 0 0 -1
    outer loop
      vertex 89.9528 98.6792 0
      vertex 8.69 99.9 0
      vertex 89.8187 99.0744 0
    endloop
  endfacet
  facet normal 0 0 -1
    outer loop
      vertex 95.6626 3.905 0
      vertex 98.4 3 0
      vertex 98.3743 2.60843 0
    endloop
  endfacet
  facet normal 0 0 -1
    outer loop
      vertex 96.0627 5.91638 0
      vertex 98.4 3 0
      vertex 96.09 5.5 0
    endloop
  endfacet
  facet normal 0 0 -1
    outer loop
      vertex 95.4308 3.55805 0
      vertex 98.3743 2.60843 0
      vertex 98.2978 2.22354 0
    endloop
  endfacet
  facet normal 0 0 -1
    outer loop
      vertex 95.9813 6.32563 0
      vertex 98.4 3 0
      vertex 96.0627 5.91638 0
    endloop
  endfacet
  facet normal 0 0 -1
    outer loop
      vertex 95.4308 3.55805 0
      vertex 98.2978 2.22354 0
      vertex 98.1716 1.85194 0
    endloop
  endfacet
  facet normal 0 0 -1
    outer loop
      vertex 96.0627 100.316 0
      vertex 98.4 102.4 0
      vertex 96.09 99.9 0
    endloop
  endfacet
  facet normal 0 0 -1
    outer loop
      vertex 95.4308 3.55805 0
      vertex 98.1716 1.85194 0
      vertex 97.9981 1.5 0
    endloop
  endfacet
  facet normal 0 0 -1
    outer loop
      vertex 95.9813 100.726 0
      vertex 98.4 102.4 0
      vertex 96.0627 100.316 0
    endloop
  endfacet
  facet normal 0 0 -1
    outer loop
      vertex 95.1557 3.24433 0
      vertex 97.9981 1.5 0
      vertex 97.7801 1.17372 0
    endloop
  endfacet
  facet normal 0 0 -1
    outer loop
      vertex 95.8472 101.121 0
      vertex 98.4 102.4 0
      vertex 95.9813 100.726 0
    endloop
  endfacet
  facet normal 0 0 -1
    outer loop
      vertex 95.1557 3.24433 0
      vertex 97.7801 1.17372 0
      vertex 97.5213 0.878677 0
    endloop
  endfacet
  facet normal 0 0 -1
    outer loop
      vertex 95.6626 101.495 0
      vertex 98.4 102.4 0
      vertex 95.8472 101.121 0
    endloop
  endfacet
  facet normal 0 0 -1
    outer loop
      vertex 95.1557 3.24433 0
      vertex 97.5213 0.878677 0
      vertex 97.2263 0.619934 0
    endloop
  endfacet
  facet normal -0 0 -1
    outer loop
      vertex 98.4 102.4 0
      vertex 95.6626 101.495 0
      vertex 98.3743 102.792 0
    endloop
  endfacet
  facet normal 0 0 -1
    outer loop
      vertex 95.1557 3.24433 0
      vertex 97.2263 0.619934 0
      vertex 96.9 0.401917 0
    endloop
  endfacet
  facet normal 0 0 -1
    outer loop
      vertex 95.4308 101.842 0
      vertex 98.3743 102.792 0
      vertex 95.6626 101.495 0
    endloop
  endfacet
  facet normal 0 0 -1
    outer loop
      vertex 94.8419 2.9692 0
      vertex 96.9 0.401917 0
      vertex 96.548 0.228363 0
    endloop
  endfacet
  facet normal -0 0 -1
    outer loop
      vertex 98.3743 102.792 0
      vertex 95.4308 101.842 0
      vertex 98.2978 103.176 0
    endloop
  endfacet
  facet normal 0 0 -1
    outer loop
      vertex 94.8419 2.9692 0
      vertex 96.548 0.228363 0
      vertex 96.1765 0.102219 0
    endloop
  endfacet
  facet normal -0 0 -1
    outer loop
      vertex 98.2978 103.176 0
      vertex 95.4308 101.842 0
      vertex 98.1716 103.548 0
    endloop
  endfacet
  facet normal -0 0 -1
    outer loop
      vertex 98.1716 103.548 0
      vertex 95.4308 101.842 0
      vertex 97.9981 103.9 0
    endloop
  endfacet
  facet normal 0 0 -1
    outer loop
      vertex 98.4 3 0
      vertex 96.0627 5.08362 0
      vertex 96.09 5.5 0
    endloop
  endfacet
  facet normal 0 0 -1
    outer loop
      vertex 98.4 3 0
      vertex 95.9813 4.67437 0
      vertex 96.0627 5.08362 0
    endloop
  endfacet
  facet normal 0 0 -1
    outer loop
      vertex 98.4 3 0
      vertex 95.8472 4.27924 0
      vertex 95.9813 4.67437 0
    endloop
  endfacet
  facet normal 0 0 -1
    outer loop
      vertex 94.8419 2.9692 0
      vertex 96.1765 0.102219 0
      vertex 95.7916 0.0256653 0
    endloop
  endfacet
  facet normal 0 0 -1
    outer loop
      vertex 98.4 3 0
      vertex 95.6626 3.905 0
      vertex 95.8472 4.27924 0
    endloop
  endfacet
  facet normal 0 0 -1
    outer loop
      vertex 98.3743 2.60843 0
      vertex 95.4308 3.55805 0
      vertex 95.6626 3.905 0
    endloop
  endfacet
  facet normal 0 0 -1
    outer loop
      vertex 94.495 2.73738 0
      vertex 95.7916 0.0256653 0
      vertex 95.4 0 0
    endloop
  endfacet
  facet normal 0 0 -1
    outer loop
      vertex 97.9981 1.5 0
      vertex 95.1557 3.24433 0
      vertex 95.4308 3.55805 0
    endloop
  endfacet
  facet normal 0 0 -1
    outer loop
      vertex 96.9 0.401917 0
      vertex 94.8419 2.9692 0
      vertex 95.1557 3.24433 0
    endloop
  endfacet
  facet normal 0 0 -1
    outer loop
      vertex 95.7916 0.0256653 0
      vertex 94.495 2.73738 0
      vertex 94.8419 2.9692 0
    endloop
  endfacet
  facet normal 0 0 -1
    outer loop
      vertex 95.4 0 0
      vertex 94.1208 2.55282 0
      vertex 94.495 2.73738 0
    endloop
  endfacet
  facet normal 0 0 -1
    outer loop
      vertex 95.4 0 0
      vertex 93.7256 2.4187 0
      vertex 94.1208 2.55282 0
    endloop
  endfacet
  facet normal 0 0 -1
    outer loop
      vertex 95.4 0 0
      vertex 93.3164 2.33729 0
      vertex 93.7256 2.4187 0
    endloop
  endfacet
  facet normal 0 0 -1
    outer loop
      vertex 95.4 0 0
      vertex 92.9 2.31 0
      vertex 93.3164 2.33729 0
    endloop
  endfacet
  facet normal 0 0 -1
    outer loop
      vertex 95.4 0 0
      vertex 92.4836 2.33729 0
      vertex 92.9 2.31 0
    endloop
  endfacet
  facet normal 0 0 -1
    outer loop
      vertex 95.4 0 0
      vertex 92.0744 2.4187 0
      vertex 92.4836 2.33729 0
    endloop
  endfacet
  facet normal 0 0 -1
    outer loop
      vertex 95.4 0 0
      vertex 91.6792 2.55282 0
      vertex 92.0744 2.4187 0
    endloop
  endfacet
  facet normal 0 0 -1
    outer loop
      vertex 95.4 0 0
      vertex 91.305 2.73738 0
      vertex 91.6792 2.55282 0
    endloop
  endfacet
  facet normal 0 0 -1
    outer loop
      vertex 7.095 2.73738 0
      vertex 91.305 2.73738 0
      vertex 95.4 0 0
    endloop
  endfacet
  facet normal 0 0 -1
    outer loop
      vertex 89.8187 99.0744 0
      vertex 8.69 99.9 0
      vertex 89.7373 99.4836 0
    endloop
  endfacet
  facet normal 0 0 -1
    outer loop
      vertex 89.7373 5.08362 0
      vertex 8.69 5.5 0
      vertex 89.71 5.5 0
    endloop
  endfacet
  facet normal 0 0 -1
    outer loop
      vertex 8.66271 5.08362 0
      vertex 89.7373 5.08362 0
      vertex 89.8187 4.67437 0
    endloop
  endfacet
  facet normal 0 0 -1
    outer loop
      vertex 8.5813 4.67437 0
      vertex 89.8187 4.67437 0
      vertex 89.9528 4.27924 0
    endloop
  endfacet
  facet normal 0 0 -1
    outer loop
      vertex 8.44718 4.27924 0
      vertex 89.9528 4.27924 0
      vertex 90.1374 3.905 0
    endloop
  endfacet
  facet normal 0 0 -1
    outer loop
      vertex 8.26262 3.905 0
      vertex 90.1374 3.905 0
      vertex 90.3692 3.55805 0
    endloop
  endfacet
  facet normal 0 0 -1
    outer loop
      vertex 8.0308 3.55805 0
      vertex 90.3692 3.55805 0
      vertex 90.6443 3.24433 0
    endloop
  endfacet
  facet normal 0 0 -1
    outer loop
      vertex 7.75567 3.24433 0
      vertex 90.6443 3.24433 0
      vertex 90.9581 2.9692 0
    endloop
  endfacet
  facet normal 0 0 -1
    outer loop
      vertex 91.305 2.73738 0
      vertex 7.095 2.73738 0
      vertex 90.9581 2.9692 0
    endloop
  endfacet
  facet normal 0 0 -1
    outer loop
      vertex 89.7373 5.08362 0
      vertex 8.66271 5.08362 0
      vertex 8.69 5.5 0
    endloop
  endfacet
  facet normal 0 0 -1
    outer loop
      vertex 89.8187 4.67437 0
      vertex 8.5813 4.67437 0
      vertex 8.66271 5.08362 0
    endloop
  endfacet
  facet normal 0 0 -1
    outer loop
      vertex 89.9528 4.27924 0
      vertex 8.44718 4.27924 0
      vertex 8.5813 4.67437 0
    endloop
  endfacet
  facet normal 0 0 -1
    outer loop
      vertex 90.1374 3.905 0
      vertex 8.26262 3.905 0
      vertex 8.44718 4.27924 0
    endloop
  endfacet
  facet normal 0 0 -1
    outer loop
      vertex 90.3692 3.55805 0
      vertex 8.0308 3.55805 0
      vertex 8.26262 3.905 0
    endloop
  endfacet
  facet normal 0 0 -1
    outer loop
      vertex 90.6443 3.24433 0
      vertex 7.75567 3.24433 0
      vertex 8.0308 3.55805 0
    endloop
  endfacet
  facet normal 0 0 -1
    outer loop
      vertex 90.9581 2.9692 0
      vertex 7.44195 2.9692 0
      vertex 7.75567 3.24433 0
    endloop
  endfacet
  facet normal -0 0 -1
    outer loop
      vertex 90.9581 2.9692 0
      vertex 7.095 2.73738 0
      vertex 7.44195 2.9692 0
    endloop
  endfacet
  facet normal 0 0 -1
    outer loop
      vertex 3 0 0
      vertex 7.095 2.73738 0
      vertex 95.4 0 0
    endloop
  endfacet
  facet normal 0 0 -1
    outer loop
      vertex 7.095 2.73738 0
      vertex 3 0 0
      vertex 6.72076 2.55282 0
    endloop
  endfacet
  facet normal 0 0 -1
    outer loop
      vertex 6.72076 2.55282 0
      vertex 3 0 0
      vertex 6.32563 2.4187 0
    endloop
  endfacet
  facet normal 0 0 -1
    outer loop
      vertex 6.32563 2.4187 0
      vertex 3 0 0
      vertex 5.91638 2.33729 0
    endloop
  endfacet
  facet normal 0 0 -1
    outer loop
      vertex 5.91638 2.33729 0
      vertex 3 0 0
      vertex 5.5 2.31 0
    endloop
  endfacet
  facet normal 0 0 -1
    outer loop
      vertex 3 0 0
      vertex 5.08362 2.33729 0
      vertex 5.5 2.31 0
    endloop
  endfacet
  facet normal 0 0 -1
    outer loop
      vertex 3 0 0
      vertex 4.67437 2.4187 0
      vertex 5.08362 2.33729 0
    endloop
  endfacet
  facet normal 0 0 -1
    outer loop
      vertex 3 0 0
      vertex 4.27924 2.55282 0
      vertex 4.67437 2.4187 0
    endloop
  endfacet
  facet normal 0 0 -1
    outer loop
      vertex 3 0 0
      vertex 3.905 2.73738 0
      vertex 4.27924 2.55282 0
    endloop
  endfacet
  facet normal 0 0 -1
    outer loop
      vertex 2.60843 0.0256653 0
      vertex 3.905 2.73738 0
      vertex 3 0 0
    endloop
  endfacet
  facet normal -0 0 -1
    outer loop
      vertex 3.905 2.73738 0
      vertex 2.60843 0.0256653 0
      vertex 3.55805 2.9692 0
    endloop
  endfacet
  facet normal 0 0 -1
    outer loop
      vertex 2.22354 0.102219 0
      vertex 3.55805 2.9692 0
      vertex 2.60843 0.0256653 0
    endloop
  endfacet
  facet normal 0 0 -1
    outer loop
      vertex 1.85194 0.228363 0
      vertex 3.55805 2.9692 0
      vertex 2.22354 0.102219 0
    endloop
  endfacet
  facet normal 0 0 -1
    outer loop
      vertex 1.5 0.401917 0
      vertex 3.55805 2.9692 0
      vertex 1.85194 0.228363 0
    endloop
  endfacet
  facet normal -0 0 -1
    outer loop
      vertex 3.55805 2.9692 0
      vertex 1.5 0.401917 0
      vertex 3.24433 3.24433 0
    endloop
  endfacet
  facet normal 0 0 -1
    outer loop
      vertex 1.17372 0.619934 0
      vertex 3.24433 3.24433 0
      vertex 1.5 0.401917 0
    endloop
  endfacet
  facet normal 0 0 -1
    outer loop
      vertex 0.878677 0.878677 0
      vertex 3.24433 3.24433 0
      vertex 1.17372 0.619934 0
    endloop
  endfacet
  facet normal 0 0 -1
    outer loop
      vertex 0.619934 1.17372 0
      vertex 3.24433 3.24433 0
      vertex 0.878677 0.878677 0
    endloop
  endfacet
  facet normal -0 0 -1
    outer loop
      vertex 3.24433 3.24433 0
      vertex 0.401917 1.5 0
      vertex 2.9692 3.55805 0
    endloop
  endfacet
  facet normal 0 0 -1
    outer loop
      vertex 0.401917 1.5 0
      vertex 3.24433 3.24433 0
      vertex 0.619934 1.17372 0
    endloop
  endfacet
  facet normal 0 0 -1
    outer loop
      vertex 95.1557 102.156 0
      vertex 97.9981 103.9 0
      vertex 95.4308 101.842 0
    endloop
  endfacet
  facet normal -0 0 -1
    outer loop
      vertex 97.9981 103.9 0
      vertex 95.1557 102.156 0
      vertex 97.7801 104.226 0
    endloop
  endfacet
  facet normal -0 0 -1
    outer loop
      vertex 97.7801 104.226 0
      vertex 95.1557 102.156 0
      vertex 97.5213 104.521 0
    endloop
  endfacet
  facet normal -0 0 -1
    outer loop
      vertex 97.5213 104.521 0
      vertex 95.1557 102.156 0
      vertex 97.2263 104.78 0
    endloop
  endfacet
  facet normal -0 0 -1
    outer loop
      vertex 97.2263 104.78 0
      vertex 95.1557 102.156 0
      vertex 96.9 104.998 0
    endloop
  endfacet
  facet normal 0 0 -1
    outer loop
      vertex 94.8419 102.431 0
      vertex 96.9 104.998 0
      vertex 95.1557 102.156 0
    endloop
  endfacet
  facet normal -0 0 -1
    outer loop
      vertex 96.9 104.998 0
      vertex 94.8419 102.431 0
      vertex 96.548 105.172 0
    endloop
  endfacet
  facet normal -0 0 -1
    outer loop
      vertex 96.548 105.172 0
      vertex 94.8419 102.431 0
      vertex 96.1765 105.298 0
    endloop
  endfacet
  facet normal -0 0 -1
    outer loop
      vertex 96.1765 105.298 0
      vertex 94.8419 102.431 0
      vertex 95.7916 105.374 0
    endloop
  endfacet
  facet normal 0 0 -1
    outer loop
      vertex 94.495 102.663 0
      vertex 95.7916 105.374 0
      vertex 94.8419 102.431 0
    endloop
  endfacet
  facet normal -0 0 -1
    outer loop
      vertex 95.7916 105.374 0
      vertex 94.495 102.663 0
      vertex 95.4 105.4 0
    endloop
  endfacet
  facet normal 0 0 -1
    outer loop
      vertex 94.1208 102.847 0
      vertex 95.4 105.4 0
      vertex 94.495 102.663 0
    endloop
  endfacet
  facet normal 0 0 -1
    outer loop
      vertex 93.7256 102.981 0
      vertex 95.4 105.4 0
      vertex 94.1208 102.847 0
    endloop
  endfacet
  facet normal 0 0 -1
    outer loop
      vertex 93.3164 103.063 0
      vertex 95.4 105.4 0
      vertex 93.7256 102.981 0
    endloop
  endfacet
  facet normal 0 0 -1
    outer loop
      vertex 92.9 103.09 0
      vertex 95.4 105.4 0
      vertex 93.3164 103.063 0
    endloop
  endfacet
  facet normal 0 0 -1
    outer loop
      vertex 92.4836 103.063 0
      vertex 95.4 105.4 0
      vertex 92.9 103.09 0
    endloop
  endfacet
  facet normal 0 0 -1
    outer loop
      vertex 92.0744 102.981 0
      vertex 95.4 105.4 0
      vertex 92.4836 103.063 0
    endloop
  endfacet
  facet normal 0 0 -1
    outer loop
      vertex 91.6792 102.847 0
      vertex 95.4 105.4 0
      vertex 92.0744 102.981 0
    endloop
  endfacet
  facet normal 0 0 -1
    outer loop
      vertex 91.305 102.663 0
      vertex 95.4 105.4 0
      vertex 91.6792 102.847 0
    endloop
  endfacet
  facet normal 0 0 -1
    outer loop
      vertex 7.095 102.663 0
      vertex 91.305 102.663 0
      vertex 90.9581 102.431 0
    endloop
  endfacet
  facet normal 0 0 -1
    outer loop
      vertex 89.7373 99.4836 0
      vertex 8.69 99.9 0
      vertex 89.71 99.9 0
    endloop
  endfacet
  facet normal 0 0 -1
    outer loop
      vertex 89.71 99.9 0
      vertex 8.69 99.9 0
      vertex 89.7373 100.316 0
    endloop
  endfacet
  facet normal 0 0 -1
    outer loop
      vertex 8.66271 100.316 0
      vertex 89.7373 100.316 0
      vertex 8.69 99.9 0
    endloop
  endfacet
  facet normal 0 0 -1
    outer loop
      vertex 89.7373 100.316 0
      vertex 8.66271 100.316 0
      vertex 89.8187 100.726 0
    endloop
  endfacet
  facet normal 0 0 -1
    outer loop
      vertex 8.5813 100.726 0
      vertex 89.8187 100.726 0
      vertex 8.66271 100.316 0
    endloop
  endfacet
  facet normal 0 0 -1
    outer loop
      vertex 89.8187 100.726 0
      vertex 8.5813 100.726 0
      vertex 89.9528 101.121 0
    endloop
  endfacet
  facet normal 0 0 -1
    outer loop
      vertex 8.44718 101.121 0
      vertex 89.9528 101.121 0
      vertex 8.5813 100.726 0
    endloop
  endfacet
  facet normal 0 0 -1
    outer loop
      vertex 89.9528 101.121 0
      vertex 8.44718 101.121 0
      vertex 90.1374 101.495 0
    endloop
  endfacet
  facet normal 0 0 -1
    outer loop
      vertex 8.26262 101.495 0
      vertex 90.1374 101.495 0
      vertex 8.44718 101.121 0
    endloop
  endfacet
  facet normal 0 0 -1
    outer loop
      vertex 90.1374 101.495 0
      vertex 8.26262 101.495 0
      vertex 90.3692 101.842 0
    endloop
  endfacet
  facet normal 0 0 -1
    outer loop
      vertex 8.0308 101.842 0
      vertex 90.3692 101.842 0
      vertex 8.26262 101.495 0
    endloop
  endfacet
  facet normal 0 0 -1
    outer loop
      vertex 90.3692 101.842 0
      vertex 8.0308 101.842 0
      vertex 90.6443 102.156 0
    endloop
  endfacet
  facet normal 0 0 -1
    outer loop
      vertex 7.75567 102.156 0
      vertex 90.6443 102.156 0
      vertex 8.0308 101.842 0
    endloop
  endfacet
  facet normal 0 0 -1
    outer loop
      vertex 90.6443 102.156 0
      vertex 7.75567 102.156 0
      vertex 90.9581 102.431 0
    endloop
  endfacet
  facet normal 0 0 -1
    outer loop
      vertex 7.44195 102.431 0
      vertex 90.9581 102.431 0
      vertex 7.75567 102.156 0
    endloop
  endfacet
  facet normal 0 0 -1
    outer loop
      vertex 7.095 102.663 0
      vertex 90.9581 102.431 0
      vertex 7.44195 102.431 0
    endloop
  endfacet
  facet normal 0 0 -1
    outer loop
      vertex 91.305 102.663 0
      vertex 7.095 102.663 0
      vertex 95.4 105.4 0
    endloop
  endfacet
  facet normal 0 0 -1
    outer loop
      vertex 3 105.4 0
      vertex 7.095 102.663 0
      vertex 6.72076 102.847 0
    endloop
  endfacet
  facet normal 0 0 -1
    outer loop
      vertex 3 105.4 0
      vertex 6.72076 102.847 0
      vertex 6.32563 102.981 0
    endloop
  endfacet
  facet normal 0 0 -1
    outer loop
      vertex 3 105.4 0
      vertex 6.32563 102.981 0
      vertex 5.91638 103.063 0
    endloop
  endfacet
  facet normal 0 0 -1
    outer loop
      vertex 3 105.4 0
      vertex 5.91638 103.063 0
      vertex 5.5 103.09 0
    endloop
  endfacet
  facet normal 0 0 -1
    outer loop
      vertex 7.095 102.663 0
      vertex 3 105.4 0
      vertex 95.4 105.4 0
    endloop
  endfacet
  facet normal 0 0 -1
    outer loop
      vertex 5.08362 103.063 0
      vertex 3 105.4 0
      vertex 5.5 103.09 0
    endloop
  endfacet
  facet normal 0 0 -1
    outer loop
      vertex 4.67437 102.981 0
      vertex 3 105.4 0
      vertex 5.08362 103.063 0
    endloop
  endfacet
  facet normal 0 0 -1
    outer loop
      vertex 4.27924 102.847 0
      vertex 3 105.4 0
      vertex 4.67437 102.981 0
    endloop
  endfacet
  facet normal 0 0 -1
    outer loop
      vertex 3.905 102.663 0
      vertex 3 105.4 0
      vertex 4.27924 102.847 0
    endloop
  endfacet
  facet normal 0 0 -1
    outer loop
      vertex 2.60843 105.374 0
      vertex 3.905 102.663 0
      vertex 3.55805 102.431 0
    endloop
  endfacet
  facet normal 0 0 -1
    outer loop
      vertex 1.5 104.998 0
      vertex 3.55805 102.431 0
      vertex 3.24433 102.156 0
    endloop
  endfacet
  facet normal 0 0 -1
    outer loop
      vertex 0.401917 103.9 0
      vertex 3.24433 102.156 0
      vertex 2.9692 101.842 0
    endloop
  endfacet
  facet normal 0 0 -1
    outer loop
      vertex 0.0256653 102.792 0
      vertex 2.9692 101.842 0
      vertex 2.73738 101.495 0
    endloop
  endfacet
  facet normal 0 0 -1
    outer loop
      vertex 3.905 102.663 0
      vertex 2.60843 105.374 0
      vertex 3 105.4 0
    endloop
  endfacet
  facet normal 0 0 -1
    outer loop
      vertex 0 102.4 0
      vertex 2.73738 101.495 0
      vertex 2.55282 101.121 0
    endloop
  endfacet
  facet normal 0 0 -1
    outer loop
      vertex 0 102.4 0
      vertex 2.55282 101.121 0
      vertex 2.4187 100.726 0
    endloop
  endfacet
  facet normal 0 0 -1
    outer loop
      vertex 0 102.4 0
      vertex 2.4187 100.726 0
      vertex 2.33729 100.316 0
    endloop
  endfacet
  facet normal 0 0 -1
    outer loop
      vertex 0 102.4 0
      vertex 2.33729 100.316 0
      vertex 2.31 99.9 0
    endloop
  endfacet
  facet normal 0 0 -1
    outer loop
      vertex 3.55805 102.431 0
      vertex 2.22354 105.298 0
      vertex 2.60843 105.374 0
    endloop
  endfacet
  facet normal 0 0 -1
    outer loop
      vertex 2.4187 99.0744 0
      vertex 0 102.4 0
      vertex 2.33729 99.4836 0
    endloop
  endfacet
  facet normal 0 0 -1
    outer loop
      vertex 0.228363 1.85194 0
      vertex 2.9692 3.55805 0
      vertex 0.401917 1.5 0
    endloop
  endfacet
  facet normal 0 0 -1
    outer loop
      vertex 2.33729 99.4836 0
      vertex 0 102.4 0
      vertex 2.31 99.9 0
    endloop
  endfacet
  facet normal 0 0 -1
    outer loop
      vertex 0.102219 2.22354 0
      vertex 2.9692 3.55805 0
      vertex 0.228363 1.85194 0
    endloop
  endfacet
  facet normal 0 0 -1
    outer loop
      vertex 2.73738 101.495 0
      vertex 0 102.4 0
      vertex 0.0256653 102.792 0
    endloop
  endfacet
  facet normal 0 0 -1
    outer loop
      vertex 0.0256653 2.60843 0
      vertex 2.9692 3.55805 0
      vertex 0.102219 2.22354 0
    endloop
  endfacet
  facet normal 0 0 -1
    outer loop
      vertex 3.55805 102.431 0
      vertex 1.85194 105.172 0
      vertex 2.22354 105.298 0
    endloop
  endfacet
  facet normal -0 0 -1
    outer loop
      vertex 2.9692 3.55805 0
      vertex 0.0256653 2.60843 0
      vertex 2.73738 3.905 0
    endloop
  endfacet
  facet normal 0 0 -1
    outer loop
      vertex 3.55805 102.431 0
      vertex 1.5 104.998 0
      vertex 1.85194 105.172 0
    endloop
  endfacet
  facet normal 0 0 -1
    outer loop
      vertex 0 3 0
      vertex 2.73738 3.905 0
      vertex 0.0256653 2.60843 0
    endloop
  endfacet
  facet normal 0 0 -1
    outer loop
      vertex 3.24433 102.156 0
      vertex 1.17372 104.78 0
      vertex 1.5 104.998 0
    endloop
  endfacet
  facet normal -0 0 -1
    outer loop
      vertex 2.73738 3.905 0
      vertex 0 3 0
      vertex 2.55282 4.27924 0
    endloop
  endfacet
  facet normal 0 0 -1
    outer loop
      vertex 3.24433 102.156 0
      vertex 0.878677 104.521 0
      vertex 1.17372 104.78 0
    endloop
  endfacet
  facet normal -0 0 -1
    outer loop
      vertex 2.55282 4.27924 0
      vertex 0 3 0
      vertex 2.4187 4.67437 0
    endloop
  endfacet
  facet normal 0 0 -1
    outer loop
      vertex 3.24433 102.156 0
      vertex 0.619934 104.226 0
      vertex 0.878677 104.521 0
    endloop
  endfacet
  facet normal -0 0 -1
    outer loop
      vertex 2.4187 4.67437 0
      vertex 0 3 0
      vertex 2.33729 5.08362 0
    endloop
  endfacet
  facet normal 0 0 -1
    outer loop
      vertex 3.24433 102.156 0
      vertex 0.401917 103.9 0
      vertex 0.619934 104.226 0
    endloop
  endfacet
  facet normal -0 0 -1
    outer loop
      vertex 2.33729 5.08362 0
      vertex 0 3 0
      vertex 2.31 5.5 0
    endloop
  endfacet
  facet normal 0 0 -1
    outer loop
      vertex 2.9692 101.842 0
      vertex 0.228363 103.548 0
      vertex 0.401917 103.9 0
    endloop
  endfacet
  facet normal 0 0 -1
    outer loop
      vertex 2.9692 101.842 0
      vertex 0.102219 103.176 0
      vertex 0.228363 103.548 0
    endloop
  endfacet
  facet normal 0 0 -1
    outer loop
      vertex 2.9692 101.842 0
      vertex 0.0256653 102.792 0
      vertex 0.102219 103.176 0
    endloop
  endfacet
  facet normal 0.831265 0.555877 0
    outer loop
      vertex 97.9981 103.9 3
      vertex 97.7801 104.226 0
      vertex 97.7801 104.226 3
    endloop
  endfacet
  facet normal 0.831265 0.555877 0
    outer loop
      vertex 97.7801 104.226 0
      vertex 97.9981 103.9 3
      vertex 97.9981 103.9 0
    endloop
  endfacet
  facet normal -0.980788 -0.195076 0
    outer loop
      vertex 0.102219 2.22354 0
      vertex 0.0256653 2.60843 3
      vertex 0.0256653 2.60843 0
    endloop
  endfacet
  facet normal -0.980788 -0.195076 0
    outer loop
      vertex 0.0256653 2.60843 3
      vertex 0.102219 2.22354 0
      vertex 0.102219 2.22354 3
    endloop
  endfacet
  facet normal 0.896931 -0.442171 0
    outer loop
      vertex 97.9981 1.5 3
      vertex 98.1716 1.85194 0
      vertex 98.1716 1.85194 3
    endloop
  endfacet
  facet normal 0.896931 -0.442171 0
    outer loop
      vertex 98.1716 1.85194 0
      vertex 97.9981 1.5 3
      vertex 97.9981 1.5 0
    endloop
  endfacet
  facet normal -0.751796 0.659396 0
    outer loop
      vertex 0.619934 104.226 0
      vertex 0.878677 104.521 3
      vertex 0.878677 104.521 0
    endloop
  endfacet
  facet normal -0.751796 0.659396 0
    outer loop
      vertex 0.878677 104.521 3
      vertex 0.619934 104.226 0
      vertex 0.619934 104.226 3
    endloop
  endfacet
  facet normal -0.980779 -0.195122 0
    outer loop
      vertex 7.18546 5.72189 1.49
      vertex 7.14207 5.93999 3
      vertex 7.14207 5.93999 1.49
    endloop
  endfacet
  facet normal -0.980779 -0.195122 0
    outer loop
      vertex 7.14207 5.93999 3
      vertex 7.18546 5.72189 1.49
      vertex 7.18546 5.72189 3
    endloop
  endfacet
  facet normal -0.99786 -0.0653877 0
    outer loop
      vertex 7.2 5.5 1.49
      vertex 7.18546 5.72189 3
      vertex 7.18546 5.72189 1.49
    endloop
  endfacet
  facet normal -0.99786 -0.0653877 0
    outer loop
      vertex 7.18546 5.72189 3
      vertex 7.2 5.5 1.49
      vertex 7.2 5.5 3
    endloop
  endfacet
  facet normal -0.0653877 0.99786 0
    outer loop
      vertex 5.72189 3.81454 1.49
      vertex 5.5 3.8 3
      vertex 5.72189 3.81454 3
    endloop
  endfacet
  facet normal -0.0653877 0.99786 0
    outer loop
      vertex 5.5 3.8 3
      vertex 5.72189 3.81454 1.49
      vertex 5.5 3.8 1.49
    endloop
  endfacet
  facet normal 0.659342 -0.751844 0
    outer loop
      vertex 4.29792 6.70208 1.49
      vertex 4.46511 6.8487 3
      vertex 4.29792 6.70208 3
    endloop
  endfacet
  facet normal 0.659342 -0.751844 0
    outer loop
      vertex 4.46511 6.8487 3
      vertex 4.29792 6.70208 1.49
      vertex 4.46511 6.8487 1.49
    endloop
  endfacet
  facet normal 0.831469 0.555572 0
    outer loop
      vertex 4.1513 4.46511 3
      vertex 4.02776 4.65 1.49
      vertex 4.02776 4.65 3
    endloop
  endfacet
  facet normal 0.831469 0.555572 0
    outer loop
      vertex 4.02776 4.65 1.49
      vertex 4.1513 4.46511 3
      vertex 4.1513 4.46511 1.49
    endloop
  endfacet
  facet normal 0.195122 0.980779 -0
    outer loop
      vertex 5.27811 3.81454 1.49
      vertex 5.06001 3.85793 3
      vertex 5.27811 3.81454 3
    endloop
  endfacet
  facet normal 0.195122 0.980779 0
    outer loop
      vertex 5.06001 3.85793 3
      vertex 5.27811 3.81454 1.49
      vertex 5.06001 3.85793 1.49
    endloop
  endfacet
  facet normal -0.659342 -0.751844 0
    outer loop
      vertex 6.53489 6.8487 3
      vertex 6.70208 6.70208 1.49
      vertex 6.70208 6.70208 3
    endloop
  endfacet
  facet normal -0.659342 -0.751844 0
    outer loop
      vertex 6.70208 6.70208 1.49
      vertex 6.53489 6.8487 3
      vertex 6.53489 6.8487 1.49
    endloop
  endfacet
  facet normal -0.946929 0.321444 0
    outer loop
      vertex 7.07059 4.84944 1.49
      vertex 7.14207 5.06001 3
      vertex 7.14207 5.06001 1.49
    endloop
  endfacet
  facet normal -0.946929 0.321444 0
    outer loop
      vertex 7.14207 5.06001 3
      vertex 7.07059 4.84944 1.49
      vertex 7.07059 4.84944 3
    endloop
  endfacet
  facet normal -0.751844 0.659342 0
    outer loop
      vertex 6.70208 4.29792 1.49
      vertex 6.8487 4.46511 3
      vertex 6.8487 4.46511 1.49
    endloop
  endfacet
  facet normal -0.751844 0.659342 0
    outer loop
      vertex 6.8487 4.46511 3
      vertex 6.70208 4.29792 1.49
      vertex 6.70208 4.29792 3
    endloop
  endfacet
  facet normal -0.751844 -0.659342 0
    outer loop
      vertex 6.8487 6.53489 1.49
      vertex 6.70208 6.70208 3
      vertex 6.70208 6.70208 1.49
    endloop
  endfacet
  facet normal -0.751844 -0.659342 0
    outer loop
      vertex 6.70208 6.70208 3
      vertex 6.8487 6.53489 1.49
      vertex 6.8487 6.53489 3
    endloop
  endfacet
  facet normal 0.946929 0.321444 0
    outer loop
      vertex 3.92941 4.84944 3
      vertex 3.85793 5.06001 1.49
      vertex 3.85793 5.06001 3
    endloop
  endfacet
  facet normal 0.946929 0.321444 0
    outer loop
      vertex 3.85793 5.06001 1.49
      vertex 3.92941 4.84944 3
      vertex 3.92941 4.84944 1.49
    endloop
  endfacet
  facet normal -0.321444 0.946929 0
    outer loop
      vertex 6.15056 3.92941 1.49
      vertex 5.93999 3.85793 3
      vertex 6.15056 3.92941 3
    endloop
  endfacet
  facet normal -0.321444 0.946929 0
    outer loop
      vertex 5.93999 3.85793 3
      vertex 6.15056 3.92941 1.49
      vertex 5.93999 3.85793 1.49
    endloop
  endfacet
  facet normal 0.0653877 0.99786 0
    outer loop
      vertex 5.5 3.8 3
      vertex 5.27811 3.81454 1.49
      vertex 5.27811 3.81454 3
    endloop
  endfacet
  facet normal 0.0653877 0.99786 0
    outer loop
      vertex 5.27811 3.81454 1.49
      vertex 5.5 3.8 3
      vertex 5.5 3.8 1.49
    endloop
  endfacet
  facet normal 0.321444 -0.946929 0
    outer loop
      vertex 4.84944 7.07059 1.49
      vertex 5.06001 7.14207 3
      vertex 4.84944 7.07059 3
    endloop
  endfacet
  facet normal 0.321444 -0.946929 0
    outer loop
      vertex 5.06001 7.14207 3
      vertex 4.84944 7.07059 1.49
      vertex 5.06001 7.14207 1.49
    endloop
  endfacet
  facet normal -0.946929 -0.321444 0
    outer loop
      vertex 7.14207 5.93999 1.49
      vertex 7.07059 6.15056 3
      vertex 7.07059 6.15056 1.49
    endloop
  endfacet
  facet normal -0.946929 -0.321444 0
    outer loop
      vertex 7.07059 6.15056 3
      vertex 7.14207 5.93999 1.49
      vertex 7.14207 5.93999 3
    endloop
  endfacet
  facet normal 0.751844 -0.659342 0
    outer loop
      vertex 4.1513 6.53489 3
      vertex 4.29792 6.70208 1.49
      vertex 4.29792 6.70208 3
    endloop
  endfacet
  facet normal 0.751844 -0.659342 0
    outer loop
      vertex 4.29792 6.70208 1.49
      vertex 4.1513 6.53489 3
      vertex 4.1513 6.53489 1.49
    endloop
  endfacet
  facet normal 0.442278 0.896878 0
    outer loop
      vertex 4.84944 3.92941 3
      vertex 4.65 4.02776 1.49
      vertex 4.65 4.02776 3
    endloop
  endfacet
  facet normal 0.442278 0.896878 0
    outer loop
      vertex 4.65 4.02776 1.49
      vertex 4.84944 3.92941 3
      vertex 4.84944 3.92941 1.49
    endloop
  endfacet
  facet normal 0.0653877 -0.99786 0
    outer loop
      vertex 5.27811 7.18546 1.49
      vertex 5.5 7.2 3
      vertex 5.27811 7.18546 3
    endloop
  endfacet
  facet normal 0.0653877 -0.99786 0
    outer loop
      vertex 5.5 7.2 3
      vertex 5.27811 7.18546 1.49
      vertex 5.5 7.2 1.49
    endloop
  endfacet
  facet normal -0.896878 0.442278 0
    outer loop
      vertex 6.97224 4.65 1.49
      vertex 7.07059 4.84944 3
      vertex 7.07059 4.84944 1.49
    endloop
  endfacet
  facet normal -0.896878 0.442278 0
    outer loop
      vertex 7.07059 4.84944 3
      vertex 6.97224 4.65 1.49
      vertex 6.97224 4.65 3
    endloop
  endfacet
  facet normal -0.555572 0.831469 0
    outer loop
      vertex 6.53489 4.1513 3
      vertex 6.35 4.02776 1.49
      vertex 6.35 4.02776 3
    endloop
  endfacet
  facet normal -0.555572 0.831469 0
    outer loop
      vertex 6.35 4.02776 1.49
      vertex 6.53489 4.1513 3
      vertex 6.53489 4.1513 1.49
    endloop
  endfacet
  facet normal 0.980779 0.195122 0
    outer loop
      vertex 3.85793 5.06001 3
      vertex 3.81454 5.27811 1.49
      vertex 3.81454 5.27811 3
    endloop
  endfacet
  facet normal 0.980779 0.195122 0
    outer loop
      vertex 3.81454 5.27811 1.49
      vertex 3.85793 5.06001 3
      vertex 3.85793 5.06001 1.49
    endloop
  endfacet
  facet normal -0.195122 -0.980779 0
    outer loop
      vertex 5.72189 7.18546 1.49
      vertex 5.93999 7.14207 3
      vertex 5.72189 7.18546 3
    endloop
  endfacet
  facet normal -0.195122 -0.980779 -0
    outer loop
      vertex 5.93999 7.14207 3
      vertex 5.72189 7.18546 1.49
      vertex 5.93999 7.14207 1.49
    endloop
  endfacet
  facet normal -0.831469 -0.555572 0
    outer loop
      vertex 6.97224 6.35 1.49
      vertex 6.8487 6.53489 3
      vertex 6.8487 6.53489 1.49
    endloop
  endfacet
  facet normal -0.831469 -0.555572 0
    outer loop
      vertex 6.8487 6.53489 3
      vertex 6.97224 6.35 1.49
      vertex 6.97224 6.35 3
    endloop
  endfacet
  facet normal -0.99786 0.0653877 0
    outer loop
      vertex 7.18546 5.27811 1.49
      vertex 7.2 5.5 3
      vertex 7.2 5.5 1.49
    endloop
  endfacet
  facet normal -0.99786 0.0653877 0
    outer loop
      vertex 7.2 5.5 3
      vertex 7.18546 5.27811 1.49
      vertex 7.18546 5.27811 3
    endloop
  endfacet
  facet normal -0.321444 -0.946929 0
    outer loop
      vertex 5.93999 7.14207 3
      vertex 6.15056 7.07059 1.49
      vertex 6.15056 7.07059 3
    endloop
  endfacet
  facet normal -0.321444 -0.946929 0
    outer loop
      vertex 6.15056 7.07059 1.49
      vertex 5.93999 7.14207 3
      vertex 5.93999 7.14207 1.49
    endloop
  endfacet
  facet normal -0.555572 -0.831469 0
    outer loop
      vertex 6.35 6.97224 1.49
      vertex 6.53489 6.8487 3
      vertex 6.35 6.97224 3
    endloop
  endfacet
  facet normal -0.555572 -0.831469 -0
    outer loop
      vertex 6.53489 6.8487 3
      vertex 6.35 6.97224 1.49
      vertex 6.53489 6.8487 1.49
    endloop
  endfacet
  facet normal 0.195122 -0.980779 0
    outer loop
      vertex 5.06001 7.14207 3
      vertex 5.27811 7.18546 1.49
      vertex 5.27811 7.18546 3
    endloop
  endfacet
  facet normal 0.195122 -0.980779 0
    outer loop
      vertex 5.27811 7.18546 1.49
      vertex 5.06001 7.14207 3
      vertex 5.06001 7.14207 1.49
    endloop
  endfacet
  facet normal -0.659342 0.751844 0
    outer loop
      vertex 6.70208 4.29792 1.49
      vertex 6.53489 4.1513 3
      vertex 6.70208 4.29792 3
    endloop
  endfacet
  facet normal -0.659342 0.751844 0
    outer loop
      vertex 6.53489 4.1513 3
      vertex 6.70208 4.29792 1.49
      vertex 6.53489 4.1513 1.49
    endloop
  endfacet
  facet normal 0.896878 -0.442278 0
    outer loop
      vertex 3.92941 6.15056 3
      vertex 4.02776 6.35 1.49
      vertex 4.02776 6.35 3
    endloop
  endfacet
  facet normal 0.896878 -0.442278 0
    outer loop
      vertex 4.02776 6.35 1.49
      vertex 3.92941 6.15056 3
      vertex 3.92941 6.15056 1.49
    endloop
  endfacet
  facet normal -0.980779 0.195122 0
    outer loop
      vertex 7.14207 5.06001 1.49
      vertex 7.18546 5.27811 3
      vertex 7.18546 5.27811 1.49
    endloop
  endfacet
  facet normal -0.980779 0.195122 0
    outer loop
      vertex 7.18546 5.27811 3
      vertex 7.14207 5.06001 1.49
      vertex 7.14207 5.06001 3
    endloop
  endfacet
  facet normal -0.195122 0.980779 0
    outer loop
      vertex 5.93999 3.85793 3
      vertex 5.72189 3.81454 1.49
      vertex 5.72189 3.81454 3
    endloop
  endfacet
  facet normal -0.195122 0.980779 0
    outer loop
      vertex 5.72189 3.81454 1.49
      vertex 5.93999 3.85793 3
      vertex 5.93999 3.85793 1.49
    endloop
  endfacet
  facet normal 0.659342 0.751844 0
    outer loop
      vertex 4.46511 4.1513 3
      vertex 4.29792 4.29792 1.49
      vertex 4.29792 4.29792 3
    endloop
  endfacet
  facet normal 0.659342 0.751844 0
    outer loop
      vertex 4.29792 4.29792 1.49
      vertex 4.46511 4.1513 3
      vertex 4.46511 4.1513 1.49
    endloop
  endfacet
  facet normal 0.751844 0.659342 0
    outer loop
      vertex 4.29792 4.29792 3
      vertex 4.1513 4.46511 1.49
      vertex 4.1513 4.46511 3
    endloop
  endfacet
  facet normal 0.751844 0.659342 0
    outer loop
      vertex 4.1513 4.46511 1.49
      vertex 4.29792 4.29792 3
      vertex 4.29792 4.29792 1.49
    endloop
  endfacet
  facet normal -0.0653877 -0.99786 0
    outer loop
      vertex 5.5 7.2 3
      vertex 5.72189 7.18546 1.49
      vertex 5.72189 7.18546 3
    endloop
  endfacet
  facet normal -0.0653877 -0.99786 0
    outer loop
      vertex 5.72189 7.18546 1.49
      vertex 5.5 7.2 3
      vertex 5.5 7.2 1.49
    endloop
  endfacet
  facet normal -0.442278 -0.896878 0
    outer loop
      vertex 6.15056 7.07059 3
      vertex 6.35 6.97224 1.49
      vertex 6.35 6.97224 3
    endloop
  endfacet
  facet normal -0.442278 -0.896878 0
    outer loop
      vertex 6.35 6.97224 1.49
      vertex 6.15056 7.07059 3
      vertex 6.15056 7.07059 1.49
    endloop
  endfacet
  facet normal -0.831469 0.555572 0
    outer loop
      vertex 6.8487 4.46511 1.49
      vertex 6.97224 4.65 3
      vertex 6.97224 4.65 1.49
    endloop
  endfacet
  facet normal -0.831469 0.555572 0
    outer loop
      vertex 6.97224 4.65 3
      vertex 6.8487 4.46511 1.49
      vertex 6.8487 4.46511 3
    endloop
  endfacet
  facet normal 0.99786 0.0653877 0
    outer loop
      vertex 3.81454 5.27811 3
      vertex 3.8 5.5 1.49
      vertex 3.8 5.5 3
    endloop
  endfacet
  facet normal 0.99786 0.0653877 0
    outer loop
      vertex 3.8 5.5 1.49
      vertex 3.81454 5.27811 3
      vertex 3.81454 5.27811 1.49
    endloop
  endfacet
  facet normal -0.442278 0.896878 0
    outer loop
      vertex 6.35 4.02776 1.49
      vertex 6.15056 3.92941 3
      vertex 6.35 4.02776 3
    endloop
  endfacet
  facet normal -0.442278 0.896878 0
    outer loop
      vertex 6.15056 3.92941 3
      vertex 6.35 4.02776 1.49
      vertex 6.15056 3.92941 1.49
    endloop
  endfacet
  facet normal 0.980779 -0.195122 0
    outer loop
      vertex 3.81454 5.72189 3
      vertex 3.85793 5.93999 1.49
      vertex 3.85793 5.93999 3
    endloop
  endfacet
  facet normal 0.980779 -0.195122 0
    outer loop
      vertex 3.85793 5.93999 1.49
      vertex 3.81454 5.72189 3
      vertex 3.81454 5.72189 1.49
    endloop
  endfacet
  facet normal 0.896878 0.442278 0
    outer loop
      vertex 4.02776 4.65 3
      vertex 3.92941 4.84944 1.49
      vertex 3.92941 4.84944 3
    endloop
  endfacet
  facet normal 0.896878 0.442278 0
    outer loop
      vertex 3.92941 4.84944 1.49
      vertex 4.02776 4.65 3
      vertex 4.02776 4.65 1.49
    endloop
  endfacet
  facet normal 0.946929 -0.321444 0
    outer loop
      vertex 3.85793 5.93999 3
      vertex 3.92941 6.15056 1.49
      vertex 3.92941 6.15056 3
    endloop
  endfacet
  facet normal 0.946929 -0.321444 0
    outer loop
      vertex 3.92941 6.15056 1.49
      vertex 3.85793 5.93999 3
      vertex 3.85793 5.93999 1.49
    endloop
  endfacet
  facet normal 0.555572 -0.831469 0
    outer loop
      vertex 4.46511 6.8487 3
      vertex 4.65 6.97224 1.49
      vertex 4.65 6.97224 3
    endloop
  endfacet
  facet normal 0.555572 -0.831469 0
    outer loop
      vertex 4.65 6.97224 1.49
      vertex 4.46511 6.8487 3
      vertex 4.46511 6.8487 1.49
    endloop
  endfacet
  facet normal -0.896878 -0.442278 0
    outer loop
      vertex 7.07059 6.15056 1.49
      vertex 6.97224 6.35 3
      vertex 6.97224 6.35 1.49
    endloop
  endfacet
  facet normal -0.896878 -0.442278 0
    outer loop
      vertex 6.97224 6.35 3
      vertex 7.07059 6.15056 1.49
      vertex 7.07059 6.15056 3
    endloop
  endfacet
  facet normal 0.99786 -0.0653877 0
    outer loop
      vertex 3.8 5.5 3
      vertex 3.81454 5.72189 1.49
      vertex 3.81454 5.72189 3
    endloop
  endfacet
  facet normal 0.99786 -0.0653877 0
    outer loop
      vertex 3.81454 5.72189 1.49
      vertex 3.8 5.5 3
      vertex 3.8 5.5 1.49
    endloop
  endfacet
  facet normal 0.321444 0.946929 0
    outer loop
      vertex 5.06001 3.85793 3
      vertex 4.84944 3.92941 1.49
      vertex 4.84944 3.92941 3
    endloop
  endfacet
  facet normal 0.321444 0.946929 0
    outer loop
      vertex 4.84944 3.92941 1.49
      vertex 5.06001 3.85793 3
      vertex 5.06001 3.85793 1.49
    endloop
  endfacet
  facet normal 0.442278 -0.896878 0
    outer loop
      vertex 4.65 6.97224 1.49
      vertex 4.84944 7.07059 3
      vertex 4.65 6.97224 3
    endloop
  endfacet
  facet normal 0.442278 -0.896878 0
    outer loop
      vertex 4.84944 7.07059 3
      vertex 4.65 6.97224 1.49
      vertex 4.84944 7.07059 1.49
    endloop
  endfacet
  facet normal 0.831469 -0.555572 0
    outer loop
      vertex 4.02776 6.35 3
      vertex 4.1513 6.53489 1.49
      vertex 4.1513 6.53489 3
    endloop
  endfacet
  facet normal 0.831469 -0.555572 0
    outer loop
      vertex 4.1513 6.53489 1.49
      vertex 4.02776 6.35 3
      vertex 4.02776 6.35 1.49
    endloop
  endfacet
  facet normal 0.555572 0.831469 -0
    outer loop
      vertex 4.65 4.02776 1.49
      vertex 4.46511 4.1513 3
      vertex 4.65 4.02776 3
    endloop
  endfacet
  facet normal 0.555572 0.831469 0
    outer loop
      vertex 4.46511 4.1513 3
      vertex 4.65 4.02776 1.49
      vertex 4.46511 4.1513 1.49
    endloop
  endfacet
  facet normal -0.706349 -0.0462949 -0.706349
    outer loop
      vertex 7.2 5.5 1.49
      vertex 8.66271 5.91638 0
      vertex 8.69 5.5 0
    endloop
  endfacet
  facet normal -0.70635 -0.0462857 -0.706348
    outer loop
      vertex 8.66271 5.91638 0
      vertex 7.2 5.5 1.49
      vertex 7.18546 5.72189 1.49
    endloop
  endfacet
  facet normal 0.588566 -0.393268 -0.70635
    outer loop
      vertex 4.02776 6.35 1.49
      vertex 2.9692 7.44195 0
      vertex 4.1513 6.53489 1.49
    endloop
  endfacet
  facet normal 0.588571 -0.393263 -0.706349
    outer loop
      vertex 2.9692 7.44195 0
      vertex 4.02776 6.35 1.49
      vertex 2.73738 7.095 0
    endloop
  endfacet
  facet normal -0.466732 -0.532196 -0.706349
    outer loop
      vertex 6.70208 6.70208 1.49
      vertex 7.44195 8.0308 0
      vertex 7.75567 7.75567 0
    endloop
  endfacet
  facet normal -0.466723 -0.532202 -0.70635
    outer loop
      vertex 7.44195 8.0308 0
      vertex 6.70208 6.70208 1.49
      vertex 6.53489 6.8487 1.49
    endloop
  endfacet
  facet normal -0.466732 0.532196 -0.706349
    outer loop
      vertex 7.44195 2.9692 0
      vertex 6.70208 4.29792 1.49
      vertex 7.75567 3.24433 0
    endloop
  endfacet
  facet normal -0.466723 0.532202 -0.70635
    outer loop
      vertex 6.70208 4.29792 1.49
      vertex 7.44195 2.9692 0
      vertex 6.53489 4.1513 1.49
    endloop
  endfacet
  facet normal -0.138106 -0.694261 -0.706349
    outer loop
      vertex 5.93999 7.14207 1.49
      vertex 5.91638 8.66271 0
      vertex 6.32563 8.5813 0
    endloop
  endfacet
  facet normal -0.13812 -0.694259 -0.706347
    outer loop
      vertex 5.91638 8.66271 0
      vertex 5.93999 7.14207 1.49
      vertex 5.72189 7.18546 1.49
    endloop
  endfacet
  facet normal -0.588571 0.393263 -0.706349
    outer loop
      vertex 8.0308 3.55805 0
      vertex 6.97224 4.65 1.49
      vertex 8.26262 3.905 0
    endloop
  endfacet
  facet normal -0.588566 0.393268 -0.70635
    outer loop
      vertex 6.97224 4.65 1.49
      vertex 8.0308 3.55805 0
      vertex 6.8487 4.46511 1.49
    endloop
  endfacet
  facet normal 0.634868 0.313073 -0.706349
    outer loop
      vertex 2.73738 3.905 0
      vertex 3.92941 4.84944 1.49
      vertex 4.02776 4.65 1.49
    endloop
  endfacet
  facet normal 0.634859 0.313087 -0.706351
    outer loop
      vertex 3.92941 4.84944 1.49
      vertex 2.73738 3.905 0
      vertex 2.55282 4.27924 0
    endloop
  endfacet
  facet normal 0.634868 -0.313073 -0.706349
    outer loop
      vertex 3.92941 6.15056 1.49
      vertex 2.73738 7.095 0
      vertex 4.02776 6.35 1.49
    endloop
  endfacet
  facet normal 0.634859 -0.313087 -0.706351
    outer loop
      vertex 2.73738 7.095 0
      vertex 3.92941 6.15056 1.49
      vertex 2.55282 6.72076 0
    endloop
  endfacet
  facet normal 0.532203 -0.466724 -0.706349
    outer loop
      vertex 4.1513 6.53489 1.49
      vertex 3.24433 7.75567 0
      vertex 4.29792 6.70208 1.49
    endloop
  endfacet
  facet normal 0.532195 -0.466731 -0.70635
    outer loop
      vertex 3.24433 7.75567 0
      vertex 4.1513 6.53489 1.49
      vertex 2.9692 7.44195 0
    endloop
  endfacet
  facet normal -0.634859 -0.313087 -0.706351
    outer loop
      vertex 7.07059 6.15056 1.49
      vertex 8.26262 7.095 0
      vertex 8.44718 6.72076 0
    endloop
  endfacet
  facet normal -0.634868 -0.313073 -0.706349
    outer loop
      vertex 8.26262 7.095 0
      vertex 7.07059 6.15056 1.49
      vertex 6.97224 6.35 1.49
    endloop
  endfacet
  facet normal -0.0462949 0.706349 -0.706348
    outer loop
      vertex 5.5 2.31 0
      vertex 5.72189 3.81454 1.49
      vertex 5.91638 2.33729 0
    endloop
  endfacet
  facet normal -0.0462856 0.706349 -0.706349
    outer loop
      vertex 5.72189 3.81454 1.49
      vertex 5.5 2.31 0
      vertex 5.5 3.8 1.49
    endloop
  endfacet
  facet normal -0.313087 0.63486 -0.706349
    outer loop
      vertex 6.72076 2.55282 0
      vertex 6.35 4.02776 1.49
      vertex 7.095 2.73738 0
    endloop
  endfacet
  facet normal -0.313072 0.634866 -0.706351
    outer loop
      vertex 6.35 4.02776 1.49
      vertex 6.72076 2.55282 0
      vertex 6.15056 3.92941 1.49
    endloop
  endfacet
  facet normal -0.532195 0.466731 -0.70635
    outer loop
      vertex 7.75567 3.24433 0
      vertex 6.8487 4.46511 1.49
      vertex 8.0308 3.55805 0
    endloop
  endfacet
  facet normal -0.532203 0.466724 -0.706349
    outer loop
      vertex 6.8487 4.46511 1.49
      vertex 7.75567 3.24433 0
      vertex 6.70208 4.29792 1.49
    endloop
  endfacet
  facet normal -0.670302 0.227522 -0.706349
    outer loop
      vertex 8.44718 4.27924 0
      vertex 7.14207 5.06001 1.49
      vertex 8.5813 4.67437 0
    endloop
  endfacet
  facet normal -0.670295 0.227538 -0.706351
    outer loop
      vertex 7.14207 5.06001 1.49
      vertex 8.44718 4.27924 0
      vertex 7.07059 4.84944 1.49
    endloop
  endfacet
  facet normal 0.227539 0.670297 -0.706349
    outer loop
      vertex 4.67437 2.4187 0
      vertex 4.84944 3.92941 1.49
      vertex 5.06001 3.85793 1.49
    endloop
  endfacet
  facet normal 0.227522 0.670301 -0.70635
    outer loop
      vertex 4.84944 3.92941 1.49
      vertex 4.67437 2.4187 0
      vertex 4.27924 2.55282 0
    endloop
  endfacet
  facet normal 0.670295 -0.227538 -0.706351
    outer loop
      vertex 3.85793 5.93999 1.49
      vertex 2.55282 6.72076 0
      vertex 3.92941 6.15056 1.49
    endloop
  endfacet
  facet normal 0.670302 -0.227522 -0.706349
    outer loop
      vertex 2.55282 6.72076 0
      vertex 3.85793 5.93999 1.49
      vertex 2.4187 6.32563 0
    endloop
  endfacet
  facet normal 0.227539 -0.670297 -0.706349
    outer loop
      vertex 4.84944 7.07059 1.49
      vertex 4.67437 8.5813 0
      vertex 5.06001 7.14207 1.49
    endloop
  endfacet
  facet normal 0.227522 -0.670301 -0.70635
    outer loop
      vertex 4.67437 8.5813 0
      vertex 4.84944 7.07059 1.49
      vertex 4.27924 8.44718 0
    endloop
  endfacet
  facet normal 0.706349 -0.0462856 -0.706349
    outer loop
      vertex 2.31 5.5 0
      vertex 3.81454 5.72189 1.49
      vertex 3.8 5.5 1.49
    endloop
  endfacet
  facet normal 0.706349 -0.0462949 -0.706348
    outer loop
      vertex 3.81454 5.72189 1.49
      vertex 2.31 5.5 0
      vertex 2.33729 5.91638 0
    endloop
  endfacet
  facet normal -0.634859 0.313087 -0.706351
    outer loop
      vertex 8.26262 3.905 0
      vertex 7.07059 4.84944 1.49
      vertex 8.44718 4.27924 0
    endloop
  endfacet
  facet normal -0.634868 0.313073 -0.706349
    outer loop
      vertex 7.07059 4.84944 1.49
      vertex 8.26262 3.905 0
      vertex 6.97224 4.65 1.49
    endloop
  endfacet
  facet normal 0.466723 -0.532202 -0.70635
    outer loop
      vertex 4.29792 6.70208 1.49
      vertex 3.55805 8.0308 0
      vertex 4.46511 6.8487 1.49
    endloop
  endfacet
  facet normal 0.466732 -0.532196 -0.706349
    outer loop
      vertex 3.55805 8.0308 0
      vertex 4.29792 6.70208 1.49
      vertex 3.24433 7.75567 0
    endloop
  endfacet
  facet normal -0.393262 -0.58857 -0.70635
    outer loop
      vertex 6.53489 6.8487 1.49
      vertex 7.095 8.26262 0
      vertex 7.44195 8.0308 0
    endloop
  endfacet
  facet normal -0.393269 -0.588567 -0.706349
    outer loop
      vertex 7.095 8.26262 0
      vertex 6.53489 6.8487 1.49
      vertex 6.35 6.97224 1.49
    endloop
  endfacet
  facet normal -0.0462857 -0.70635 -0.706348
    outer loop
      vertex 5.5 7.2 1.49
      vertex 5.91638 8.66271 0
      vertex 5.72189 7.18546 1.49
    endloop
  endfacet
  facet normal -0.0462949 -0.706349 -0.706349
    outer loop
      vertex 5.91638 8.66271 0
      vertex 5.5 7.2 1.49
      vertex 5.5 8.69 0
    endloop
  endfacet
  facet normal -0.227522 0.670301 -0.70635
    outer loop
      vertex 6.32563 2.4187 0
      vertex 6.15056 3.92941 1.49
      vertex 6.72076 2.55282 0
    endloop
  endfacet
  facet normal -0.227539 0.670297 -0.706349
    outer loop
      vertex 6.15056 3.92941 1.49
      vertex 6.32563 2.4187 0
      vertex 5.93999 3.85793 1.49
    endloop
  endfacet
  facet normal 0.466723 0.532202 -0.70635
    outer loop
      vertex 3.55805 2.9692 0
      vertex 4.29792 4.29792 1.49
      vertex 4.46511 4.1513 1.49
    endloop
  endfacet
  facet normal 0.466732 0.532196 -0.706349
    outer loop
      vertex 4.29792 4.29792 1.49
      vertex 3.55805 2.9692 0
      vertex 3.24433 3.24433 0
    endloop
  endfacet
  facet normal 0.393269 -0.588567 -0.706349
    outer loop
      vertex 4.46511 6.8487 1.49
      vertex 3.905 8.26262 0
      vertex 4.65 6.97224 1.49
    endloop
  endfacet
  facet normal 0.393262 -0.58857 -0.70635
    outer loop
      vertex 3.905 8.26262 0
      vertex 4.46511 6.8487 1.49
      vertex 3.55805 8.0308 0
    endloop
  endfacet
  facet normal 0.313072 -0.634866 -0.706351
    outer loop
      vertex 4.65 6.97224 1.49
      vertex 4.27924 8.44718 0
      vertex 4.84944 7.07059 1.49
    endloop
  endfacet
  facet normal 0.313087 -0.63486 -0.706349
    outer loop
      vertex 4.27924 8.44718 0
      vertex 4.65 6.97224 1.49
      vertex 3.905 8.26262 0
    endloop
  endfacet
  facet normal -0.393262 0.58857 -0.70635
    outer loop
      vertex 7.095 2.73738 0
      vertex 6.53489 4.1513 1.49
      vertex 7.44195 2.9692 0
    endloop
  endfacet
  facet normal -0.393269 0.588567 -0.706349
    outer loop
      vertex 6.53489 4.1513 1.49
      vertex 7.095 2.73738 0
      vertex 6.35 4.02776 1.49
    endloop
  endfacet
  facet normal -0.588571 -0.393263 -0.706349
    outer loop
      vertex 6.97224 6.35 1.49
      vertex 8.0308 7.44195 0
      vertex 8.26262 7.095 0
    endloop
  endfacet
  facet normal -0.588566 -0.393268 -0.70635
    outer loop
      vertex 8.0308 7.44195 0
      vertex 6.97224 6.35 1.49
      vertex 6.8487 6.53489 1.49
    endloop
  endfacet
  facet normal 0.0462856 0.706349 -0.706349
    outer loop
      vertex 5.5 2.31 0
      vertex 5.27811 3.81454 1.49
      vertex 5.5 3.8 1.49
    endloop
  endfacet
  facet normal 0.0462949 0.706349 -0.706348
    outer loop
      vertex 5.27811 3.81454 1.49
      vertex 5.5 2.31 0
      vertex 5.08362 2.33729 0
    endloop
  endfacet
  facet normal -0.694262 -0.138106 -0.706348
    outer loop
      vertex 7.18546 5.72189 1.49
      vertex 8.5813 6.32563 0
      vertex 8.66271 5.91638 0
    endloop
  endfacet
  facet normal -0.694258 -0.138119 -0.706349
    outer loop
      vertex 8.5813 6.32563 0
      vertex 7.18546 5.72189 1.49
      vertex 7.14207 5.93999 1.49
    endloop
  endfacet
  facet normal -0.532195 -0.466731 -0.70635
    outer loop
      vertex 6.8487 6.53489 1.49
      vertex 7.75567 7.75567 0
      vertex 8.0308 7.44195 0
    endloop
  endfacet
  facet normal -0.532203 -0.466724 -0.706349
    outer loop
      vertex 7.75567 7.75567 0
      vertex 6.8487 6.53489 1.49
      vertex 6.70208 6.70208 1.49
    endloop
  endfacet
  facet normal 0.532203 0.466724 -0.706349
    outer loop
      vertex 3.24433 3.24433 0
      vertex 4.1513 4.46511 1.49
      vertex 4.29792 4.29792 1.49
    endloop
  endfacet
  facet normal 0.532195 0.466731 -0.70635
    outer loop
      vertex 4.1513 4.46511 1.49
      vertex 3.24433 3.24433 0
      vertex 2.9692 3.55805 0
    endloop
  endfacet
  facet normal 0.694258 -0.138119 -0.706349
    outer loop
      vertex 3.81454 5.72189 1.49
      vertex 2.4187 6.32563 0
      vertex 3.85793 5.93999 1.49
    endloop
  endfacet
  facet normal 0.694262 -0.138106 -0.706348
    outer loop
      vertex 2.4187 6.32563 0
      vertex 3.81454 5.72189 1.49
      vertex 2.33729 5.91638 0
    endloop
  endfacet
  facet normal 0.0462856 -0.706349 -0.706349
    outer loop
      vertex 5.27811 7.18546 1.49
      vertex 5.5 8.69 0
      vertex 5.5 7.2 1.49
    endloop
  endfacet
  facet normal 0.0462949 -0.706349 -0.706348
    outer loop
      vertex 5.5 8.69 0
      vertex 5.27811 7.18546 1.49
      vertex 5.08362 8.66271 0
    endloop
  endfacet
  facet normal 0.694258 0.138119 -0.706349
    outer loop
      vertex 2.4187 4.67437 0
      vertex 3.81454 5.27811 1.49
      vertex 3.85793 5.06001 1.49
    endloop
  endfacet
  facet normal 0.694262 0.138106 -0.706348
    outer loop
      vertex 3.81454 5.27811 1.49
      vertex 2.4187 4.67437 0
      vertex 2.33729 5.08362 0
    endloop
  endfacet
  facet normal 0.670295 0.227538 -0.706351
    outer loop
      vertex 2.55282 4.27924 0
      vertex 3.85793 5.06001 1.49
      vertex 3.92941 4.84944 1.49
    endloop
  endfacet
  facet normal 0.670302 0.227522 -0.706349
    outer loop
      vertex 3.85793 5.06001 1.49
      vertex 2.55282 4.27924 0
      vertex 2.4187 4.67437 0
    endloop
  endfacet
  facet normal 0.588566 0.393268 -0.70635
    outer loop
      vertex 2.9692 3.55805 0
      vertex 4.02776 4.65 1.49
      vertex 4.1513 4.46511 1.49
    endloop
  endfacet
  facet normal 0.588571 0.393263 -0.706349
    outer loop
      vertex 4.02776 4.65 1.49
      vertex 2.9692 3.55805 0
      vertex 2.73738 3.905 0
    endloop
  endfacet
  facet normal 0.13812 -0.694259 -0.706347
    outer loop
      vertex 5.06001 7.14207 1.49
      vertex 5.08362 8.66271 0
      vertex 5.27811 7.18546 1.49
    endloop
  endfacet
  facet normal 0.138106 -0.694261 -0.706349
    outer loop
      vertex 5.08362 8.66271 0
      vertex 5.06001 7.14207 1.49
      vertex 4.67437 8.5813 0
    endloop
  endfacet
  facet normal -0.138106 0.694261 -0.706349
    outer loop
      vertex 5.91638 2.33729 0
      vertex 5.93999 3.85793 1.49
      vertex 6.32563 2.4187 0
    endloop
  endfacet
  facet normal -0.13812 0.694259 -0.706347
    outer loop
      vertex 5.93999 3.85793 1.49
      vertex 5.91638 2.33729 0
      vertex 5.72189 3.81454 1.49
    endloop
  endfacet
  facet normal -0.227522 -0.670301 -0.70635
    outer loop
      vertex 6.15056 7.07059 1.49
      vertex 6.32563 8.5813 0
      vertex 6.72076 8.44718 0
    endloop
  endfacet
  facet normal -0.227539 -0.670297 -0.706349
    outer loop
      vertex 6.32563 8.5813 0
      vertex 6.15056 7.07059 1.49
      vertex 5.93999 7.14207 1.49
    endloop
  endfacet
  facet normal -0.313087 -0.63486 -0.706349
    outer loop
      vertex 6.35 6.97224 1.49
      vertex 6.72076 8.44718 0
      vertex 7.095 8.26262 0
    endloop
  endfacet
  facet normal -0.313072 -0.634866 -0.706351
    outer loop
      vertex 6.72076 8.44718 0
      vertex 6.35 6.97224 1.49
      vertex 6.15056 7.07059 1.49
    endloop
  endfacet
  facet normal -0.706349 0.0462949 -0.706349
    outer loop
      vertex 8.66271 5.08362 0
      vertex 7.2 5.5 1.49
      vertex 8.69 5.5 0
    endloop
  endfacet
  facet normal -0.70635 0.0462857 -0.706348
    outer loop
      vertex 7.2 5.5 1.49
      vertex 8.66271 5.08362 0
      vertex 7.18546 5.27811 1.49
    endloop
  endfacet
  facet normal -0.694262 0.138106 -0.706348
    outer loop
      vertex 8.5813 4.67437 0
      vertex 7.18546 5.27811 1.49
      vertex 8.66271 5.08362 0
    endloop
  endfacet
  facet normal -0.694258 0.138119 -0.706349
    outer loop
      vertex 7.18546 5.27811 1.49
      vertex 8.5813 4.67437 0
      vertex 7.14207 5.06001 1.49
    endloop
  endfacet
  facet normal -0.670302 -0.227522 -0.706349
    outer loop
      vertex 7.14207 5.93999 1.49
      vertex 8.44718 6.72076 0
      vertex 8.5813 6.32563 0
    endloop
  endfacet
  facet normal -0.670295 -0.227538 -0.706351
    outer loop
      vertex 8.44718 6.72076 0
      vertex 7.14207 5.93999 1.49
      vertex 7.07059 6.15056 1.49
    endloop
  endfacet
  facet normal 0.13812 0.694259 -0.706347
    outer loop
      vertex 5.08362 2.33729 0
      vertex 5.06001 3.85793 1.49
      vertex 5.27811 3.81454 1.49
    endloop
  endfacet
  facet normal 0.138106 0.694261 -0.706349
    outer loop
      vertex 5.06001 3.85793 1.49
      vertex 5.08362 2.33729 0
      vertex 4.67437 2.4187 0
    endloop
  endfacet
  facet normal 0.313072 0.634866 -0.706351
    outer loop
      vertex 4.27924 2.55282 0
      vertex 4.65 4.02776 1.49
      vertex 4.84944 3.92941 1.49
    endloop
  endfacet
  facet normal 0.313087 0.63486 -0.706349
    outer loop
      vertex 4.65 4.02776 1.49
      vertex 4.27924 2.55282 0
      vertex 3.905 2.73738 0
    endloop
  endfacet
  facet normal 0.393269 0.588567 -0.706349
    outer loop
      vertex 3.905 2.73738 0
      vertex 4.46511 4.1513 1.49
      vertex 4.65 4.02776 1.49
    endloop
  endfacet
  facet normal 0.393262 0.58857 -0.70635
    outer loop
      vertex 4.46511 4.1513 1.49
      vertex 3.905 2.73738 0
      vertex 3.55805 2.9692 0
    endloop
  endfacet
  facet normal 0.706349 0.0462856 -0.706349
    outer loop
      vertex 3.81454 5.27811 1.49
      vertex 2.31 5.5 0
      vertex 3.8 5.5 1.49
    endloop
  endfacet
  facet normal 0.706349 0.0462949 -0.706348
    outer loop
      vertex 2.31 5.5 0
      vertex 3.81454 5.27811 1.49
      vertex 2.33729 5.08362 0
    endloop
  endfacet
  facet normal -0.98077 -0.195165 0
    outer loop
      vertex 94.5855 5.72189 1.49
      vertex 94.5421 5.93999 3
      vertex 94.5421 5.93999 1.49
    endloop
  endfacet
  facet normal -0.98077 -0.195165 0
    outer loop
      vertex 94.5421 5.93999 3
      vertex 94.5855 5.72189 1.49
      vertex 94.5855 5.72189 3
    endloop
  endfacet
  facet normal -0.997872 -0.0652086 0
    outer loop
      vertex 94.6 5.5 1.49
      vertex 94.5855 5.72189 3
      vertex 94.5855 5.72189 1.49
    endloop
  endfacet
  facet normal -0.997872 -0.0652086 0
    outer loop
      vertex 94.5855 5.72189 3
      vertex 94.6 5.5 1.49
      vertex 94.6 5.5 3
    endloop
  endfacet
  facet normal -0.0653848 0.99786 0
    outer loop
      vertex 93.1219 3.81454 1.49
      vertex 92.9 3.8 3
      vertex 93.1219 3.81454 3
    endloop
  endfacet
  facet normal -0.0653848 0.99786 0
    outer loop
      vertex 92.9 3.8 3
      vertex 93.1219 3.81454 1.49
      vertex 92.9 3.8 1.49
    endloop
  endfacet
  facet normal 0.659319 -0.751863 0
    outer loop
      vertex 91.6979 6.70208 1.49
      vertex 91.8651 6.8487 3
      vertex 91.6979 6.70208 3
    endloop
  endfacet
  facet normal 0.659319 -0.751863 0
    outer loop
      vertex 91.8651 6.8487 3
      vertex 91.6979 6.70208 1.49
      vertex 91.8651 6.8487 1.49
    endloop
  endfacet
  facet normal 0.831552 0.555447 0
    outer loop
      vertex 91.5513 4.46511 3
      vertex 91.4278 4.65 1.49
      vertex 91.4278 4.65 3
    endloop
  endfacet
  facet normal 0.831552 0.555447 0
    outer loop
      vertex 91.4278 4.65 1.49
      vertex 91.5513 4.46511 3
      vertex 91.5513 4.46511 1.49
    endloop
  endfacet
  facet normal 0.195122 0.980779 -0
    outer loop
      vertex 92.6781 3.81454 1.49
      vertex 92.46 3.85793 3
      vertex 92.6781 3.81454 3
    endloop
  endfacet
  facet normal 0.195122 0.980779 0
    outer loop
      vertex 92.46 3.85793 3
      vertex 92.6781 3.81454 1.49
      vertex 92.46 3.85793 1.49
    endloop
  endfacet
  facet normal -0.659319 -0.751863 0
    outer loop
      vertex 93.9349 6.8487 3
      vertex 94.1021 6.70208 1.49
      vertex 94.1021 6.70208 3
    endloop
  endfacet
  facet normal -0.659319 -0.751863 0
    outer loop
      vertex 94.1021 6.70208 1.49
      vertex 93.9349 6.8487 3
      vertex 93.9349 6.8487 1.49
    endloop
  endfacet
  facet normal -0.946901 0.321525 0
    outer loop
      vertex 94.4706 4.84944 1.49
      vertex 94.5421 5.06001 3
      vertex 94.5421 5.06001 1.49
    endloop
  endfacet
  facet normal -0.946901 0.321525 0
    outer loop
      vertex 94.5421 5.06001 3
      vertex 94.4706 4.84944 1.49
      vertex 94.4706 4.84944 3
    endloop
  endfacet
  facet normal -0.751888 0.659291 0
    outer loop
      vertex 94.1021 4.29792 1.49
      vertex 94.2487 4.46511 3
      vertex 94.2487 4.46511 1.49
    endloop
  endfacet
  facet normal -0.751888 0.659291 0
    outer loop
      vertex 94.2487 4.46511 3
      vertex 94.1021 4.29792 1.49
      vertex 94.1021 4.29792 3
    endloop
  endfacet
  facet normal -0.751888 -0.659291 0
    outer loop
      vertex 94.2487 6.53489 1.49
      vertex 94.1021 6.70208 3
      vertex 94.1021 6.70208 1.49
    endloop
  endfacet
  facet normal -0.751888 -0.659291 0
    outer loop
      vertex 94.1021 6.70208 3
      vertex 94.2487 6.53489 1.49
      vertex 94.2487 6.53489 3
    endloop
  endfacet
  facet normal 0.946901 0.321525 0
    outer loop
      vertex 91.3294 4.84944 3
      vertex 91.2579 5.06001 1.49
      vertex 91.2579 5.06001 3
    endloop
  endfacet
  facet normal 0.946901 0.321525 0
    outer loop
      vertex 91.2579 5.06001 1.49
      vertex 91.3294 4.84944 3
      vertex 91.3294 4.84944 1.49
    endloop
  endfacet
  facet normal -0.321403 0.946943 0
    outer loop
      vertex 93.5506 3.92941 1.49
      vertex 93.34 3.85793 3
      vertex 93.5506 3.92941 3
    endloop
  endfacet
  facet normal -0.321403 0.946943 0
    outer loop
      vertex 93.34 3.85793 3
      vertex 93.5506 3.92941 1.49
      vertex 93.34 3.85793 1.49
    endloop
  endfacet
  facet normal 0.0653848 0.99786 0
    outer loop
      vertex 92.9 3.8 3
      vertex 92.6781 3.81454 1.49
      vertex 92.6781 3.81454 3
    endloop
  endfacet
  facet normal 0.0653848 0.99786 0
    outer loop
      vertex 92.6781 3.81454 1.49
      vertex 92.9 3.8 3
      vertex 92.9 3.8 1.49
    endloop
  endfacet
  facet normal 0.321403 -0.946943 0
    outer loop
      vertex 92.2494 7.07059 1.49
      vertex 92.46 7.14207 3
      vertex 92.2494 7.07059 3
    endloop
  endfacet
  facet normal 0.321403 -0.946943 0
    outer loop
      vertex 92.46 7.14207 3
      vertex 92.2494 7.07059 1.49
      vertex 92.46 7.14207 1.49
    endloop
  endfacet
  facet normal -0.946901 -0.321525 0
    outer loop
      vertex 94.5421 5.93999 1.49
      vertex 94.4706 6.15056 3
      vertex 94.4706 6.15056 1.49
    endloop
  endfacet
  facet normal -0.946901 -0.321525 0
    outer loop
      vertex 94.4706 6.15056 3
      vertex 94.5421 5.93999 1.49
      vertex 94.5421 5.93999 3
    endloop
  endfacet
  facet normal 0.751888 -0.659291 0
    outer loop
      vertex 91.5513 6.53489 3
      vertex 91.6979 6.70208 1.49
      vertex 91.6979 6.70208 3
    endloop
  endfacet
  facet normal 0.751888 -0.659291 0
    outer loop
      vertex 91.6979 6.70208 1.49
      vertex 91.5513 6.53489 3
      vertex 91.5513 6.53489 1.49
    endloop
  endfacet
  facet normal 0.442349 0.896843 0
    outer loop
      vertex 92.2494 3.92941 3
      vertex 92.05 4.02776 1.49
      vertex 92.05 4.02776 3
    endloop
  endfacet
  facet normal 0.442349 0.896843 0
    outer loop
      vertex 92.05 4.02776 1.49
      vertex 92.2494 3.92941 3
      vertex 92.2494 3.92941 1.49
    endloop
  endfacet
  facet normal 0.0653848 -0.99786 0
    outer loop
      vertex 92.6781 7.18546 1.49
      vertex 92.9 7.2 3
      vertex 92.6781 7.18546 3
    endloop
  endfacet
  facet normal 0.0653848 -0.99786 0
    outer loop
      vertex 92.9 7.2 3
      vertex 92.6781 7.18546 1.49
      vertex 92.9 7.2 1.49
    endloop
  endfacet
  facet normal -0.896789 0.442459 0
    outer loop
      vertex 94.3722 4.65 1.49
      vertex 94.4706 4.84944 3
      vertex 94.4706 4.84944 1.49
    endloop
  endfacet
  facet normal -0.896789 0.442459 0
    outer loop
      vertex 94.4706 4.84944 3
      vertex 94.3722 4.65 1.49
      vertex 94.3722 4.65 3
    endloop
  endfacet
  facet normal -0.555551 0.831483 0
    outer loop
      vertex 93.9349 4.1513 3
      vertex 93.75 4.02776 1.49
      vertex 93.75 4.02776 3
    endloop
  endfacet
  facet normal -0.555551 0.831483 0
    outer loop
      vertex 93.75 4.02776 1.49
      vertex 93.9349 4.1513 3
      vertex 93.9349 4.1513 1.49
    endloop
  endfacet
  facet normal 0.98077 0.195165 0
    outer loop
      vertex 91.2579 5.06001 3
      vertex 91.2145 5.27811 1.49
      vertex 91.2145 5.27811 3
    endloop
  endfacet
  facet normal 0.98077 0.195165 0
    outer loop
      vertex 91.2145 5.27811 1.49
      vertex 91.2579 5.06001 3
      vertex 91.2579 5.06001 1.49
    endloop
  endfacet
  facet normal 0.751888 0.659291 0
    outer loop
      vertex 91.6979 4.29792 3
      vertex 91.5513 4.46511 1.49
      vertex 91.5513 4.46511 3
    endloop
  endfacet
  facet normal 0.751888 0.659291 0
    outer loop
      vertex 91.5513 4.46511 1.49
      vertex 91.6979 4.29792 3
      vertex 91.6979 4.29792 1.49
    endloop
  endfacet
  facet normal -0.195122 -0.980779 0
    outer loop
      vertex 93.1219 7.18546 1.49
      vertex 93.34 7.14207 3
      vertex 93.1219 7.18546 3
    endloop
  endfacet
  facet normal -0.195122 -0.980779 -0
    outer loop
      vertex 93.34 7.14207 3
      vertex 93.1219 7.18546 1.49
      vertex 93.34 7.14207 1.49
    endloop
  endfacet
  facet normal -0.831552 -0.555447 0
    outer loop
      vertex 94.3722 6.35 1.49
      vertex 94.2487 6.53489 3
      vertex 94.2487 6.53489 1.49
    endloop
  endfacet
  facet normal -0.831552 -0.555447 0
    outer loop
      vertex 94.2487 6.53489 3
      vertex 94.3722 6.35 1.49
      vertex 94.3722 6.35 3
    endloop
  endfacet
  facet normal -0.997872 0.0652086 0
    outer loop
      vertex 94.5855 5.27811 1.49
      vertex 94.6 5.5 3
      vertex 94.6 5.5 1.49
    endloop
  endfacet
  facet normal -0.997872 0.0652086 0
    outer loop
      vertex 94.6 5.5 3
      vertex 94.5855 5.27811 1.49
      vertex 94.5855 5.27811 3
    endloop
  endfacet
  facet normal -0.321403 -0.946943 0
    outer loop
      vertex 93.34 7.14207 3
      vertex 93.5506 7.07059 1.49
      vertex 93.5506 7.07059 3
    endloop
  endfacet
  facet normal -0.321403 -0.946943 0
    outer loop
      vertex 93.5506 7.07059 1.49
      vertex 93.34 7.14207 3
      vertex 93.34 7.14207 1.49
    endloop
  endfacet
  facet normal -0.555551 -0.831483 0
    outer loop
      vertex 93.75 6.97224 1.49
      vertex 93.9349 6.8487 3
      vertex 93.75 6.97224 3
    endloop
  endfacet
  facet normal -0.555551 -0.831483 -0
    outer loop
      vertex 93.9349 6.8487 3
      vertex 93.75 6.97224 1.49
      vertex 93.9349 6.8487 1.49
    endloop
  endfacet
  facet normal 0.195122 -0.980779 0
    outer loop
      vertex 92.46 7.14207 3
      vertex 92.6781 7.18546 1.49
      vertex 92.6781 7.18546 3
    endloop
  endfacet
  facet normal 0.195122 -0.980779 0
    outer loop
      vertex 92.6781 7.18546 1.49
      vertex 92.46 7.14207 3
      vertex 92.46 7.14207 1.49
    endloop
  endfacet
  facet normal -0.659319 0.751863 0
    outer loop
      vertex 94.1021 4.29792 1.49
      vertex 93.9349 4.1513 3
      vertex 94.1021 4.29792 3
    endloop
  endfacet
  facet normal -0.659319 0.751863 0
    outer loop
      vertex 93.9349 4.1513 3
      vertex 94.1021 4.29792 1.49
      vertex 93.9349 4.1513 1.49
    endloop
  endfacet
  facet normal 0.896789 -0.442459 0
    outer loop
      vertex 91.3294 6.15056 3
      vertex 91.4278 6.35 1.49
      vertex 91.4278 6.35 3
    endloop
  endfacet
  facet normal 0.896789 -0.442459 0
    outer loop
      vertex 91.4278 6.35 1.49
      vertex 91.3294 6.15056 3
      vertex 91.3294 6.15056 1.49
    endloop
  endfacet
  facet normal -0.98077 0.195165 0
    outer loop
      vertex 94.5421 5.06001 1.49
      vertex 94.5855 5.27811 3
      vertex 94.5855 5.27811 1.49
    endloop
  endfacet
  facet normal -0.98077 0.195165 0
    outer loop
      vertex 94.5855 5.27811 3
      vertex 94.5421 5.06001 1.49
      vertex 94.5421 5.06001 3
    endloop
  endfacet
  facet normal -0.195122 0.980779 0
    outer loop
      vertex 93.34 3.85793 3
      vertex 93.1219 3.81454 1.49
      vertex 93.1219 3.81454 3
    endloop
  endfacet
  facet normal -0.195122 0.980779 0
    outer loop
      vertex 93.1219 3.81454 1.49
      vertex 93.34 3.85793 3
      vertex 93.34 3.85793 1.49
    endloop
  endfacet
  facet normal 0.659319 0.751863 0
    outer loop
      vertex 91.8651 4.1513 3
      vertex 91.6979 4.29792 1.49
      vertex 91.6979 4.29792 3
    endloop
  endfacet
  facet normal 0.659319 0.751863 0
    outer loop
      vertex 91.6979 4.29792 1.49
      vertex 91.8651 4.1513 3
      vertex 91.8651 4.1513 1.49
    endloop
  endfacet
  facet normal -0.0653848 -0.99786 0
    outer loop
      vertex 92.9 7.2 3
      vertex 93.1219 7.18546 1.49
      vertex 93.1219 7.18546 3
    endloop
  endfacet
  facet normal -0.0653848 -0.99786 0
    outer loop
      vertex 93.1219 7.18546 1.49
      vertex 92.9 7.2 3
      vertex 92.9 7.2 1.49
    endloop
  endfacet
  facet normal -0.442349 -0.896843 0
    outer loop
      vertex 93.5506 7.07059 3
      vertex 93.75 6.97224 1.49
      vertex 93.75 6.97224 3
    endloop
  endfacet
  facet normal -0.442349 -0.896843 0
    outer loop
      vertex 93.75 6.97224 1.49
      vertex 93.5506 7.07059 3
      vertex 93.5506 7.07059 1.49
    endloop
  endfacet
  facet normal -0.831552 0.555447 0
    outer loop
      vertex 94.2487 4.46511 1.49
      vertex 94.3722 4.65 3
      vertex 94.3722 4.65 1.49
    endloop
  endfacet
  facet normal -0.831552 0.555447 0
    outer loop
      vertex 94.3722 4.65 3
      vertex 94.2487 4.46511 1.49
      vertex 94.2487 4.46511 3
    endloop
  endfacet
  facet normal 0.997872 0.0652086 0
    outer loop
      vertex 91.2145 5.27811 3
      vertex 91.2 5.5 1.49
      vertex 91.2 5.5 3
    endloop
  endfacet
  facet normal 0.997872 0.0652086 0
    outer loop
      vertex 91.2 5.5 1.49
      vertex 91.2145 5.27811 3
      vertex 91.2145 5.27811 1.49
    endloop
  endfacet
  facet normal -0.442349 0.896843 0
    outer loop
      vertex 93.75 4.02776 1.49
      vertex 93.5506 3.92941 3
      vertex 93.75 4.02776 3
    endloop
  endfacet
  facet normal -0.442349 0.896843 0
    outer loop
      vertex 93.5506 3.92941 3
      vertex 93.75 4.02776 1.49
      vertex 93.5506 3.92941 1.49
    endloop
  endfacet
  facet normal 0.98077 -0.195165 0
    outer loop
      vertex 91.2145 5.72189 3
      vertex 91.2579 5.93999 1.49
      vertex 91.2579 5.93999 3
    endloop
  endfacet
  facet normal 0.98077 -0.195165 0
    outer loop
      vertex 91.2579 5.93999 1.49
      vertex 91.2145 5.72189 3
      vertex 91.2145 5.72189 1.49
    endloop
  endfacet
  facet normal 0.896789 0.442459 0
    outer loop
      vertex 91.4278 4.65 3
      vertex 91.3294 4.84944 1.49
      vertex 91.3294 4.84944 3
    endloop
  endfacet
  facet normal 0.896789 0.442459 0
    outer loop
      vertex 91.3294 4.84944 1.49
      vertex 91.4278 4.65 3
      vertex 91.4278 4.65 1.49
    endloop
  endfacet
  facet normal 0.946901 -0.321525 0
    outer loop
      vertex 91.2579 5.93999 3
      vertex 91.3294 6.15056 1.49
      vertex 91.3294 6.15056 3
    endloop
  endfacet
  facet normal 0.946901 -0.321525 0
    outer loop
      vertex 91.3294 6.15056 1.49
      vertex 91.2579 5.93999 3
      vertex 91.2579 5.93999 1.49
    endloop
  endfacet
  facet normal -0.896789 -0.442459 0
    outer loop
      vertex 94.4706 6.15056 1.49
      vertex 94.3722 6.35 3
      vertex 94.3722 6.35 1.49
    endloop
  endfacet
  facet normal -0.896789 -0.442459 0
    outer loop
      vertex 94.3722 6.35 3
      vertex 94.4706 6.15056 1.49
      vertex 94.4706 6.15056 3
    endloop
  endfacet
  facet normal 0.997872 -0.0652086 0
    outer loop
      vertex 91.2 5.5 3
      vertex 91.2145 5.72189 1.49
      vertex 91.2145 5.72189 3
    endloop
  endfacet
  facet normal 0.997872 -0.0652086 0
    outer loop
      vertex 91.2145 5.72189 1.49
      vertex 91.2 5.5 3
      vertex 91.2 5.5 1.49
    endloop
  endfacet
  facet normal 0.321403 0.946943 0
    outer loop
      vertex 92.46 3.85793 3
      vertex 92.2494 3.92941 1.49
      vertex 92.2494 3.92941 3
    endloop
  endfacet
  facet normal 0.321403 0.946943 0
    outer loop
      vertex 92.2494 3.92941 1.49
      vertex 92.46 3.85793 3
      vertex 92.46 3.85793 1.49
    endloop
  endfacet
  facet normal 0.442349 -0.896843 0
    outer loop
      vertex 92.05 6.97224 1.49
      vertex 92.2494 7.07059 3
      vertex 92.05 6.97224 3
    endloop
  endfacet
  facet normal 0.442349 -0.896843 0
    outer loop
      vertex 92.2494 7.07059 3
      vertex 92.05 6.97224 1.49
      vertex 92.2494 7.07059 1.49
    endloop
  endfacet
  facet normal 0.555551 -0.831483 0
    outer loop
      vertex 91.8651 6.8487 3
      vertex 92.05 6.97224 1.49
      vertex 92.05 6.97224 3
    endloop
  endfacet
  facet normal 0.555551 -0.831483 0
    outer loop
      vertex 92.05 6.97224 1.49
      vertex 91.8651 6.8487 3
      vertex 91.8651 6.8487 1.49
    endloop
  endfacet
  facet normal 0.831552 -0.555447 0
    outer loop
      vertex 91.4278 6.35 3
      vertex 91.5513 6.53489 1.49
      vertex 91.5513 6.53489 3
    endloop
  endfacet
  facet normal 0.831552 -0.555447 0
    outer loop
      vertex 91.5513 6.53489 1.49
      vertex 91.4278 6.35 3
      vertex 91.4278 6.35 1.49
    endloop
  endfacet
  facet normal 0.555551 0.831483 -0
    outer loop
      vertex 92.05 4.02776 1.49
      vertex 91.8651 4.1513 3
      vertex 92.05 4.02776 3
    endloop
  endfacet
  facet normal 0.555551 0.831483 0
    outer loop
      vertex 91.8651 4.1513 3
      vertex 92.05 4.02776 1.49
      vertex 91.8651 4.1513 1.49
    endloop
  endfacet
  facet normal -0.706359 -0.0463125 -0.706337
    outer loop
      vertex 96.09 5.5 0
      vertex 94.5855 5.72189 1.49
      vertex 96.0627 5.91638 0
    endloop
  endfacet
  facet normal -0.706353 -0.0461585 -0.706353
    outer loop
      vertex 94.5855 5.72189 1.49
      vertex 96.09 5.5 0
      vertex 94.6 5.5 1.49
    endloop
  endfacet
  facet normal 0.588627 -0.393182 -0.706347
    outer loop
      vertex 91.4278 6.35 1.49
      vertex 90.3692 7.44195 0
      vertex 91.5513 6.53489 1.49
    endloop
  endfacet
  facet normal 0.588582 -0.393236 -0.706354
    outer loop
      vertex 90.3692 7.44195 0
      vertex 91.4278 6.35 1.49
      vertex 90.1374 7.095 0
    endloop
  endfacet
  facet normal -0.466665 -0.532256 -0.706348
    outer loop
      vertex 94.1021 6.70208 1.49
      vertex 94.8419 8.0308 0
      vertex 95.1557 7.75567 0
    endloop
  endfacet
  facet normal -0.466713 -0.532222 -0.706341
    outer loop
      vertex 94.8419 8.0308 0
      vertex 94.1021 6.70208 1.49
      vertex 93.9349 6.8487 1.49
    endloop
  endfacet
  facet normal -0.466665 0.532256 -0.706348
    outer loop
      vertex 94.8419 2.9692 0
      vertex 94.1021 4.29792 1.49
      vertex 95.1557 3.24433 0
    endloop
  endfacet
  facet normal -0.466713 0.532222 -0.706341
    outer loop
      vertex 94.1021 4.29792 1.49
      vertex 94.8419 2.9692 0
      vertex 93.9349 4.1513 1.49
    endloop
  endfacet
  facet normal -0.138122 -0.694259 -0.706348
    outer loop
      vertex 93.34 7.14207 1.49
      vertex 93.3164 8.66271 0
      vertex 93.7256 8.5813 0
    endloop
  endfacet
  facet normal -0.13812 -0.694259 -0.706348
    outer loop
      vertex 93.3164 8.66271 0
      vertex 93.34 7.14207 1.49
      vertex 93.1219 7.18546 1.49
    endloop
  endfacet
  facet normal -0.588582 0.393236 -0.706354
    outer loop
      vertex 95.4308 3.55805 0
      vertex 94.3722 4.65 1.49
      vertex 95.6626 3.905 0
    endloop
  endfacet
  facet normal -0.588627 0.393182 -0.706347
    outer loop
      vertex 94.3722 4.65 1.49
      vertex 95.4308 3.55805 0
      vertex 94.2487 4.46511 1.49
    endloop
  endfacet
  facet normal 0.634796 0.313197 -0.706358
    outer loop
      vertex 90.1374 3.905 0
      vertex 91.3294 4.84944 1.49
      vertex 91.4278 4.65 1.49
    endloop
  endfacet
  facet normal 0.634832 0.313141 -0.706351
    outer loop
      vertex 91.3294 4.84944 1.49
      vertex 90.1374 3.905 0
      vertex 89.9528 4.27924 0
    endloop
  endfacet
  facet normal 0.634796 -0.313197 -0.706358
    outer loop
      vertex 91.3294 6.15056 1.49
      vertex 90.1374 7.095 0
      vertex 91.4278 6.35 1.49
    endloop
  endfacet
  facet normal 0.634832 -0.313141 -0.706351
    outer loop
      vertex 90.1374 7.095 0
      vertex 91.3294 6.15056 1.49
      vertex 89.9528 6.72076 0
    endloop
  endfacet
  facet normal 0.532234 -0.466688 -0.706349
    outer loop
      vertex 91.5513 6.53489 1.49
      vertex 90.6443 7.75567 0
      vertex 91.6979 6.70208 1.49
    endloop
  endfacet
  facet normal 0.53222 -0.466702 -0.706351
    outer loop
      vertex 90.6443 7.75567 0
      vertex 91.5513 6.53489 1.49
      vertex 90.3692 7.44195 0
    endloop
  endfacet
  facet normal -0.634832 -0.313141 -0.706351
    outer loop
      vertex 94.4706 6.15056 1.49
      vertex 95.6626 7.095 0
      vertex 95.8472 6.72076 0
    endloop
  endfacet
  facet normal -0.634796 -0.313197 -0.706358
    outer loop
      vertex 95.6626 7.095 0
      vertex 94.4706 6.15056 1.49
      vertex 94.3722 6.35 1.49
    endloop
  endfacet
  facet normal -0.0462927 0.706349 -0.706348
    outer loop
      vertex 92.9 2.31 0
      vertex 93.1219 3.81454 1.49
      vertex 93.3164 2.33729 0
    endloop
  endfacet
  facet normal -0.0462835 0.706349 -0.706349
    outer loop
      vertex 93.1219 3.81454 1.49
      vertex 92.9 2.31 0
      vertex 92.9 3.8 1.49
    endloop
  endfacet
  facet normal -0.313114 0.634846 -0.70635
    outer loop
      vertex 94.1208 2.55282 0
      vertex 93.75 4.02776 1.49
      vertex 94.495 2.73738 0
    endloop
  endfacet
  facet normal -0.313123 0.634842 -0.706349
    outer loop
      vertex 93.75 4.02776 1.49
      vertex 94.1208 2.55282 0
      vertex 93.5506 3.92941 1.49
    endloop
  endfacet
  facet normal -0.53222 0.466702 -0.706351
    outer loop
      vertex 95.1557 3.24433 0
      vertex 94.2487 4.46511 1.49
      vertex 95.4308 3.55805 0
    endloop
  endfacet
  facet normal -0.532234 0.466688 -0.706349
    outer loop
      vertex 94.2487 4.46511 1.49
      vertex 95.1557 3.24433 0
      vertex 94.1021 4.29792 1.49
    endloop
  endfacet
  facet normal -0.670318 0.227494 -0.706343
    outer loop
      vertex 95.8472 4.27924 0
      vertex 94.5421 5.06001 1.49
      vertex 95.9813 4.67437 0
    endloop
  endfacet
  facet normal -0.670271 0.227594 -0.706355
    outer loop
      vertex 94.5421 5.06001 1.49
      vertex 95.8472 4.27924 0
      vertex 94.4706 4.84944 1.49
    endloop
  endfacet
  facet normal 0.22751 0.670309 -0.706347
    outer loop
      vertex 92.0744 2.4187 0
      vertex 92.2494 3.92941 1.49
      vertex 92.46 3.85793 1.49
    endloop
  endfacet
  facet normal 0.227486 0.670314 -0.706349
    outer loop
      vertex 92.2494 3.92941 1.49
      vertex 92.0744 2.4187 0
      vertex 91.6792 2.55282 0
    endloop
  endfacet
  facet normal 0.670271 -0.227594 -0.706355
    outer loop
      vertex 91.2579 5.93999 1.49
      vertex 89.9528 6.72076 0
      vertex 91.3294 6.15056 1.49
    endloop
  endfacet
  facet normal 0.670318 -0.227494 -0.706343
    outer loop
      vertex 89.9528 6.72076 0
      vertex 91.2579 5.93999 1.49
      vertex 89.8187 6.32563 0
    endloop
  endfacet
  facet normal 0.22751 -0.670309 -0.706347
    outer loop
      vertex 92.2494 7.07059 1.49
      vertex 92.0744 8.5813 0
      vertex 92.46 7.14207 1.49
    endloop
  endfacet
  facet normal 0.227486 -0.670314 -0.706349
    outer loop
      vertex 92.0744 8.5813 0
      vertex 92.2494 7.07059 1.49
      vertex 91.6792 8.44718 0
    endloop
  endfacet
  facet normal 0.706375 -0.0461599 -0.706332
    outer loop
      vertex 91.2 5.5 1.49
      vertex 89.7373 5.91638 0
      vertex 91.2145 5.72189 1.49
    endloop
  endfacet
  facet normal 0.706348 -0.0463118 -0.706348
    outer loop
      vertex 89.7373 5.91638 0
      vertex 91.2 5.5 1.49
      vertex 89.71 5.5 0
    endloop
  endfacet
  facet normal -0.634832 0.313141 -0.706351
    outer loop
      vertex 95.6626 3.905 0
      vertex 94.4706 4.84944 1.49
      vertex 95.8472 4.27924 0
    endloop
  endfacet
  facet normal -0.634796 0.313197 -0.706358
    outer loop
      vertex 94.4706 4.84944 1.49
      vertex 95.6626 3.905 0
      vertex 94.3722 4.65 1.49
    endloop
  endfacet
  facet normal 0.466713 -0.532222 -0.706341
    outer loop
      vertex 91.6979 6.70208 1.49
      vertex 90.9581 8.0308 0
      vertex 91.8651 6.8487 1.49
    endloop
  endfacet
  facet normal 0.466665 -0.532256 -0.706348
    outer loop
      vertex 90.9581 8.0308 0
      vertex 91.6979 6.70208 1.49
      vertex 90.6443 7.75567 0
    endloop
  endfacet
  facet normal -0.393305 -0.588549 -0.706343
    outer loop
      vertex 93.9349 6.8487 1.49
      vertex 94.495 8.26262 0
      vertex 94.8419 8.0308 0
    endloop
  endfacet
  facet normal -0.393254 -0.588576 -0.70635
    outer loop
      vertex 94.495 8.26262 0
      vertex 93.9349 6.8487 1.49
      vertex 93.75 6.97224 1.49
    endloop
  endfacet
  facet normal -0.0462835 -0.706349 -0.706349
    outer loop
      vertex 92.9 8.69 0
      vertex 93.1219 7.18546 1.49
      vertex 92.9 7.2 1.49
    endloop
  endfacet
  facet normal -0.0462927 -0.706349 -0.706348
    outer loop
      vertex 93.1219 7.18546 1.49
      vertex 92.9 8.69 0
      vertex 93.3164 8.66271 0
    endloop
  endfacet
  facet normal -0.227486 0.670314 -0.706349
    outer loop
      vertex 93.7256 2.4187 0
      vertex 93.5506 3.92941 1.49
      vertex 94.1208 2.55282 0
    endloop
  endfacet
  facet normal -0.22751 0.670309 -0.706347
    outer loop
      vertex 93.5506 3.92941 1.49
      vertex 93.7256 2.4187 0
      vertex 93.34 3.85793 1.49
    endloop
  endfacet
  facet normal 0.466713 0.532222 -0.706341
    outer loop
      vertex 90.9581 2.9692 0
      vertex 91.6979 4.29792 1.49
      vertex 91.8651 4.1513 1.49
    endloop
  endfacet
  facet normal 0.466665 0.532256 -0.706348
    outer loop
      vertex 91.6979 4.29792 1.49
      vertex 90.9581 2.9692 0
      vertex 90.6443 3.24433 0
    endloop
  endfacet
  facet normal 0.393254 -0.588576 -0.70635
    outer loop
      vertex 91.8651 6.8487 1.49
      vertex 91.305 8.26262 0
      vertex 92.05 6.97224 1.49
    endloop
  endfacet
  facet normal 0.393305 -0.588549 -0.706343
    outer loop
      vertex 91.305 8.26262 0
      vertex 91.8651 6.8487 1.49
      vertex 90.9581 8.0308 0
    endloop
  endfacet
  facet normal 0.313123 -0.634842 -0.706349
    outer loop
      vertex 92.05 6.97224 1.49
      vertex 91.6792 8.44718 0
      vertex 92.2494 7.07059 1.49
    endloop
  endfacet
  facet normal 0.313114 -0.634846 -0.70635
    outer loop
      vertex 91.6792 8.44718 0
      vertex 92.05 6.97224 1.49
      vertex 91.305 8.26262 0
    endloop
  endfacet
  facet normal -0.393305 0.588549 -0.706343
    outer loop
      vertex 94.495 2.73738 0
      vertex 93.9349 4.1513 1.49
      vertex 94.8419 2.9692 0
    endloop
  endfacet
  facet normal -0.393254 0.588576 -0.70635
    outer loop
      vertex 93.9349 4.1513 1.49
      vertex 94.495 2.73738 0
      vertex 93.75 4.02776 1.49
    endloop
  endfacet
  facet normal -0.588582 -0.393236 -0.706354
    outer loop
      vertex 94.3722 6.35 1.49
      vertex 95.4308 7.44195 0
      vertex 95.6626 7.095 0
    endloop
  endfacet
  facet normal -0.588627 -0.393182 -0.706347
    outer loop
      vertex 95.4308 7.44195 0
      vertex 94.3722 6.35 1.49
      vertex 94.2487 6.53489 1.49
    endloop
  endfacet
  facet normal 0.0462835 0.706349 -0.706349
    outer loop
      vertex 92.9 2.31 0
      vertex 92.6781 3.81454 1.49
      vertex 92.9 3.8 1.49
    endloop
  endfacet
  facet normal 0.0462927 0.706349 -0.706348
    outer loop
      vertex 92.6781 3.81454 1.49
      vertex 92.9 2.31 0
      vertex 92.4836 2.33729 0
    endloop
  endfacet
  facet normal -0.694276 -0.138092 -0.706337
    outer loop
      vertex 94.5855 5.72189 1.49
      vertex 95.9813 6.32563 0
      vertex 96.0627 5.91638 0
    endloop
  endfacet
  facet normal -0.694257 -0.138151 -0.706343
    outer loop
      vertex 95.9813 6.32563 0
      vertex 94.5855 5.72189 1.49
      vertex 94.5421 5.93999 1.49
    endloop
  endfacet
  facet normal -0.53222 -0.466702 -0.706351
    outer loop
      vertex 94.2487 6.53489 1.49
      vertex 95.1557 7.75567 0
      vertex 95.4308 7.44195 0
    endloop
  endfacet
  facet normal -0.532234 -0.466688 -0.706349
    outer loop
      vertex 95.1557 7.75567 0
      vertex 94.2487 6.53489 1.49
      vertex 94.1021 6.70208 1.49
    endloop
  endfacet
  facet normal 0.532234 0.466688 -0.706349
    outer loop
      vertex 90.6443 3.24433 0
      vertex 91.5513 4.46511 1.49
      vertex 91.6979 4.29792 1.49
    endloop
  endfacet
  facet normal 0.53222 0.466702 -0.706351
    outer loop
      vertex 91.5513 4.46511 1.49
      vertex 90.6443 3.24433 0
      vertex 90.3692 3.55805 0
    endloop
  endfacet
  facet normal 0.694257 -0.138151 -0.706343
    outer loop
      vertex 91.2145 5.72189 1.49
      vertex 89.8187 6.32563 0
      vertex 91.2579 5.93999 1.49
    endloop
  endfacet
  facet normal 0.694276 -0.138092 -0.706337
    outer loop
      vertex 89.8187 6.32563 0
      vertex 91.2145 5.72189 1.49
      vertex 89.7373 5.91638 0
    endloop
  endfacet
  facet normal 0.0462835 -0.706349 -0.706349
    outer loop
      vertex 92.6781 7.18546 1.49
      vertex 92.9 8.69 0
      vertex 92.9 7.2 1.49
    endloop
  endfacet
  facet normal 0.0462927 -0.706349 -0.706348
    outer loop
      vertex 92.9 8.69 0
      vertex 92.6781 7.18546 1.49
      vertex 92.4836 8.66271 0
    endloop
  endfacet
  facet normal 0.694257 0.138151 -0.706343
    outer loop
      vertex 89.8187 4.67437 0
      vertex 91.2145 5.27811 1.49
      vertex 91.2579 5.06001 1.49
    endloop
  endfacet
  facet normal 0.694276 0.138092 -0.706337
    outer loop
      vertex 91.2145 5.27811 1.49
      vertex 89.8187 4.67437 0
      vertex 89.7373 5.08362 0
    endloop
  endfacet
  facet normal 0.670271 0.227594 -0.706355
    outer loop
      vertex 89.9528 4.27924 0
      vertex 91.2579 5.06001 1.49
      vertex 91.3294 4.84944 1.49
    endloop
  endfacet
  facet normal 0.670318 0.227494 -0.706343
    outer loop
      vertex 91.2579 5.06001 1.49
      vertex 89.9528 4.27924 0
      vertex 89.8187 4.67437 0
    endloop
  endfacet
  facet normal 0.588627 0.393182 -0.706347
    outer loop
      vertex 90.3692 3.55805 0
      vertex 91.4278 4.65 1.49
      vertex 91.5513 4.46511 1.49
    endloop
  endfacet
  facet normal 0.588582 0.393236 -0.706354
    outer loop
      vertex 91.4278 4.65 1.49
      vertex 90.3692 3.55805 0
      vertex 90.1374 3.905 0
    endloop
  endfacet
  facet normal 0.13812 -0.694259 -0.706348
    outer loop
      vertex 92.46 7.14207 1.49
      vertex 92.4836 8.66271 0
      vertex 92.6781 7.18546 1.49
    endloop
  endfacet
  facet normal 0.138122 -0.694259 -0.706348
    outer loop
      vertex 92.4836 8.66271 0
      vertex 92.46 7.14207 1.49
      vertex 92.0744 8.5813 0
    endloop
  endfacet
  facet normal -0.138122 0.694259 -0.706348
    outer loop
      vertex 93.3164 2.33729 0
      vertex 93.34 3.85793 1.49
      vertex 93.7256 2.4187 0
    endloop
  endfacet
  facet normal -0.13812 0.694259 -0.706348
    outer loop
      vertex 93.34 3.85793 1.49
      vertex 93.3164 2.33729 0
      vertex 93.1219 3.81454 1.49
    endloop
  endfacet
  facet normal -0.227486 -0.670314 -0.706349
    outer loop
      vertex 93.5506 7.07059 1.49
      vertex 93.7256 8.5813 0
      vertex 94.1208 8.44718 0
    endloop
  endfacet
  facet normal -0.22751 -0.670309 -0.706347
    outer loop
      vertex 93.7256 8.5813 0
      vertex 93.5506 7.07059 1.49
      vertex 93.34 7.14207 1.49
    endloop
  endfacet
  facet normal -0.313114 -0.634846 -0.70635
    outer loop
      vertex 93.75 6.97224 1.49
      vertex 94.1208 8.44718 0
      vertex 94.495 8.26262 0
    endloop
  endfacet
  facet normal -0.313123 -0.634842 -0.706349
    outer loop
      vertex 94.1208 8.44718 0
      vertex 93.75 6.97224 1.49
      vertex 93.5506 7.07059 1.49
    endloop
  endfacet
  facet normal -0.706353 0.0461585 -0.706353
    outer loop
      vertex 96.09 5.5 0
      vertex 94.5855 5.27811 1.49
      vertex 94.6 5.5 1.49
    endloop
  endfacet
  facet normal -0.706359 0.0463125 -0.706337
    outer loop
      vertex 94.5855 5.27811 1.49
      vertex 96.09 5.5 0
      vertex 96.0627 5.08362 0
    endloop
  endfacet
  facet normal -0.694276 0.138092 -0.706337
    outer loop
      vertex 95.9813 4.67437 0
      vertex 94.5855 5.27811 1.49
      vertex 96.0627 5.08362 0
    endloop
  endfacet
  facet normal -0.694257 0.138151 -0.706343
    outer loop
      vertex 94.5855 5.27811 1.49
      vertex 95.9813 4.67437 0
      vertex 94.5421 5.06001 1.49
    endloop
  endfacet
  facet normal -0.670318 -0.227494 -0.706343
    outer loop
      vertex 94.5421 5.93999 1.49
      vertex 95.8472 6.72076 0
      vertex 95.9813 6.32563 0
    endloop
  endfacet
  facet normal -0.670271 -0.227594 -0.706355
    outer loop
      vertex 95.8472 6.72076 0
      vertex 94.5421 5.93999 1.49
      vertex 94.4706 6.15056 1.49
    endloop
  endfacet
  facet normal 0.13812 0.694259 -0.706348
    outer loop
      vertex 92.4836 2.33729 0
      vertex 92.46 3.85793 1.49
      vertex 92.6781 3.81454 1.49
    endloop
  endfacet
  facet normal 0.138122 0.694259 -0.706348
    outer loop
      vertex 92.46 3.85793 1.49
      vertex 92.4836 2.33729 0
      vertex 92.0744 2.4187 0
    endloop
  endfacet
  facet normal 0.313123 0.634842 -0.706349
    outer loop
      vertex 91.6792 2.55282 0
      vertex 92.05 4.02776 1.49
      vertex 92.2494 3.92941 1.49
    endloop
  endfacet
  facet normal 0.313114 0.634846 -0.70635
    outer loop
      vertex 92.05 4.02776 1.49
      vertex 91.6792 2.55282 0
      vertex 91.305 2.73738 0
    endloop
  endfacet
  facet normal 0.393254 0.588576 -0.70635
    outer loop
      vertex 91.305 2.73738 0
      vertex 91.8651 4.1513 1.49
      vertex 92.05 4.02776 1.49
    endloop
  endfacet
  facet normal 0.393305 0.588549 -0.706343
    outer loop
      vertex 91.8651 4.1513 1.49
      vertex 91.305 2.73738 0
      vertex 90.9581 2.9692 0
    endloop
  endfacet
  facet normal 0.706375 0.0461599 -0.706332
    outer loop
      vertex 89.7373 5.08362 0
      vertex 91.2 5.5 1.49
      vertex 91.2145 5.27811 1.49
    endloop
  endfacet
  facet normal 0.706348 0.0463118 -0.706348
    outer loop
      vertex 91.2 5.5 1.49
      vertex 89.7373 5.08362 0
      vertex 89.71 5.5 0
    endloop
  endfacet
  facet normal -0.980762 -0.195208 0
    outer loop
      vertex 7.18546 100.122 1.49
      vertex 7.14207 100.34 3
      vertex 7.14207 100.34 1.49
    endloop
  endfacet
  facet normal -0.980762 -0.195208 0
    outer loop
      vertex 7.14207 100.34 3
      vertex 7.18546 100.122 1.49
      vertex 7.18546 100.122 3
    endloop
  endfacet
  facet normal 0.660306 -0.750997 0
    outer loop
      vertex 4.29792 101.102 1.49
      vertex 4.46511 101.249 3
      vertex 4.29792 101.102 3
    endloop
  endfacet
  facet normal 0.660306 -0.750997 0
    outer loop
      vertex 4.46511 101.249 3
      vertex 4.29792 101.102 1.49
      vertex 4.46511 101.249 1.49
    endloop
  endfacet
  facet normal -0.89649 -0.443064 0
    outer loop
      vertex 7.07059 100.551 1.49
      vertex 6.97224 100.75 3
      vertex 6.97224 100.75 1.49
    endloop
  endfacet
  facet normal -0.89649 -0.443064 0
    outer loop
      vertex 6.97224 100.75 3
      vertex 7.07059 100.551 1.49
      vertex 7.07059 100.551 3
    endloop
  endfacet
  facet normal -0.751863 0.659319 0
    outer loop
      vertex 6.70208 98.6979 1.49
      vertex 6.8487 98.8651 3
      vertex 6.8487 98.8651 1.49
    endloop
  endfacet
  facet normal -0.751863 0.659319 0
    outer loop
      vertex 6.8487 98.8651 3
      vertex 6.70208 98.6979 1.49
      vertex 6.70208 98.6979 3
    endloop
  endfacet
  facet normal -0.555447 0.831552 0
    outer loop
      vertex 6.53489 98.5513 3
      vertex 6.35 98.4278 1.49
      vertex 6.35 98.4278 3
    endloop
  endfacet
  facet normal -0.555447 0.831552 0
    outer loop
      vertex 6.35 98.4278 1.49
      vertex 6.53489 98.5513 3
      vertex 6.53489 98.5513 1.49
    endloop
  endfacet
  facet normal 0.321525 0.946901 0
    outer loop
      vertex 5.06001 98.2579 3
      vertex 4.84944 98.3294 1.49
      vertex 4.84944 98.3294 3
    endloop
  endfacet
  facet normal 0.321525 0.946901 0
    outer loop
      vertex 4.84944 98.3294 1.49
      vertex 5.06001 98.2579 3
      vertex 5.06001 98.2579 1.49
    endloop
  endfacet
  facet normal -0.660306 -0.750997 0
    outer loop
      vertex 6.53489 101.249 3
      vertex 6.70208 101.102 1.49
      vertex 6.70208 101.102 3
    endloop
  endfacet
  facet normal -0.660306 -0.750997 0
    outer loop
      vertex 6.70208 101.102 1.49
      vertex 6.53489 101.249 3
      vertex 6.53489 101.249 1.49
    endloop
  endfacet
  facet normal -0.997862 -0.0653555 0
    outer loop
      vertex 7.2 99.9 1.49
      vertex 7.18546 100.122 3
      vertex 7.18546 100.122 1.49
    endloop
  endfacet
  facet normal -0.997862 -0.0653555 0
    outer loop
      vertex 7.18546 100.122 3
      vertex 7.2 99.9 1.49
      vertex 7.2 99.9 3
    endloop
  endfacet
  facet normal 0.442459 0.896789 0
    outer loop
      vertex 4.84944 98.3294 3
      vertex 4.65 98.4278 1.49
      vertex 4.65 98.4278 3
    endloop
  endfacet
  facet normal 0.442459 0.896789 0
    outer loop
      vertex 4.65 98.4278 1.49
      vertex 4.84944 98.3294 3
      vertex 4.84944 98.3294 1.49
    endloop
  endfacet
  facet normal 0.980779 0.195122 0
    outer loop
      vertex 3.85793 99.46 3
      vertex 3.81454 99.6781 1.49
      vertex 3.81454 99.6781 3
    endloop
  endfacet
  facet normal 0.980779 0.195122 0
    outer loop
      vertex 3.81454 99.6781 1.49
      vertex 3.85793 99.46 3
      vertex 3.85793 99.46 1.49
    endloop
  endfacet
  facet normal 0.444625 -0.895717 0
    outer loop
      vertex 4.65 101.372 1.49
      vertex 4.84944 101.471 3
      vertex 4.65 101.372 3
    endloop
  endfacet
  facet normal 0.444625 -0.895717 0
    outer loop
      vertex 4.84944 101.471 3
      vertex 4.65 101.372 1.49
      vertex 4.84944 101.471 1.49
    endloop
  endfacet
  facet normal -0.0652086 0.997872 0
    outer loop
      vertex 5.72189 98.2145 1.49
      vertex 5.5 98.2 3
      vertex 5.72189 98.2145 3
    endloop
  endfacet
  facet normal -0.0652086 0.997872 0
    outer loop
      vertex 5.5 98.2 3
      vertex 5.72189 98.2145 1.49
      vertex 5.5 98.2 1.49
    endloop
  endfacet
  facet normal -0.319506 -0.947584 0
    outer loop
      vertex 5.93999 101.542 3
      vertex 6.15056 101.471 1.49
      vertex 6.15056 101.471 3
    endloop
  endfacet
  facet normal -0.319506 -0.947584 0
    outer loop
      vertex 6.15056 101.471 1.49
      vertex 5.93999 101.542 3
      vertex 5.93999 101.542 1.49
    endloop
  endfacet
  facet normal 0.0674471 -0.997723 0
    outer loop
      vertex 5.27811 101.585 1.49
      vertex 5.5 101.6 3
      vertex 5.27811 101.585 3
    endloop
  endfacet
  facet normal 0.0674471 -0.997723 0
    outer loop
      vertex 5.5 101.6 3
      vertex 5.27811 101.585 1.49
      vertex 5.5 101.6 1.49
    endloop
  endfacet
  facet normal 0.946943 0.321403 0
    outer loop
      vertex 3.92941 99.2494 3
      vertex 3.85793 99.46 1.49
      vertex 3.85793 99.46 3
    endloop
  endfacet
  facet normal 0.946943 0.321403 0
    outer loop
      vertex 3.85793 99.46 1.49
      vertex 3.92941 99.2494 3
      vertex 3.92941 99.2494 1.49
    endloop
  endfacet
  facet normal 0.319506 -0.947584 0
    outer loop
      vertex 4.84944 101.471 1.49
      vertex 5.06001 101.542 3
      vertex 4.84944 101.471 3
    endloop
  endfacet
  facet normal 0.319506 -0.947584 0
    outer loop
      vertex 5.06001 101.542 3
      vertex 4.84944 101.471 1.49
      vertex 5.06001 101.542 1.49
    endloop
  endfacet
  facet normal -0.946943 0.321403 0
    outer loop
      vertex 7.07059 99.2494 1.49
      vertex 7.14207 99.46 3
      vertex 7.14207 99.46 1.49
    endloop
  endfacet
  facet normal -0.946943 0.321403 0
    outer loop
      vertex 7.14207 99.46 3
      vertex 7.07059 99.2494 1.49
      vertex 7.07059 99.2494 3
    endloop
  endfacet
  facet normal -0.193434 -0.981113 0
    outer loop
      vertex 5.72189 101.585 1.49
      vertex 5.93999 101.542 3
      vertex 5.72189 101.585 3
    endloop
  endfacet
  facet normal -0.193434 -0.981113 -0
    outer loop
      vertex 5.93999 101.542 3
      vertex 5.72189 101.585 1.49
      vertex 5.93999 101.542 1.49
    endloop
  endfacet
  facet normal -0.99786 0.0653848 0
    outer loop
      vertex 7.18546 99.6781 1.49
      vertex 7.2 99.9 3
      vertex 7.2 99.9 1.49
    endloop
  endfacet
  facet normal -0.99786 0.0653848 0
    outer loop
      vertex 7.2 99.9 3
      vertex 7.18546 99.6781 1.49
      vertex 7.18546 99.6781 3
    endloop
  endfacet
  facet normal -0.659291 0.751888 0
    outer loop
      vertex 6.70208 98.6979 1.49
      vertex 6.53489 98.5513 3
      vertex 6.70208 98.6979 3
    endloop
  endfacet
  facet normal -0.659291 0.751888 0
    outer loop
      vertex 6.53489 98.5513 3
      vertex 6.70208 98.6979 1.49
      vertex 6.53489 98.5513 1.49
    endloop
  endfacet
  facet normal -0.553889 -0.83259 0
    outer loop
      vertex 6.35 101.372 1.49
      vertex 6.53489 101.249 3
      vertex 6.35 101.372 3
    endloop
  endfacet
  facet normal -0.553889 -0.83259 -0
    outer loop
      vertex 6.53489 101.249 3
      vertex 6.35 101.372 1.49
      vertex 6.53489 101.249 1.49
    endloop
  endfacet
  facet normal -0.751472 -0.659765 0
    outer loop
      vertex 6.8487 100.935 1.49
      vertex 6.70208 101.102 3
      vertex 6.70208 101.102 1.49
    endloop
  endfacet
  facet normal -0.751472 -0.659765 0
    outer loop
      vertex 6.70208 101.102 3
      vertex 6.8487 100.935 1.49
      vertex 6.8487 100.935 3
    endloop
  endfacet
  facet normal -0.321525 0.946901 0
    outer loop
      vertex 6.15056 98.3294 1.49
      vertex 5.93999 98.2579 3
      vertex 6.15056 98.3294 3
    endloop
  endfacet
  facet normal -0.321525 0.946901 0
    outer loop
      vertex 5.93999 98.2579 3
      vertex 6.15056 98.3294 1.49
      vertex 5.93999 98.2579 1.49
    endloop
  endfacet
  facet normal -0.831621 -0.555343 0
    outer loop
      vertex 6.97224 100.75 1.49
      vertex 6.8487 100.935 3
      vertex 6.8487 100.935 1.49
    endloop
  endfacet
  facet normal -0.831621 -0.555343 0
    outer loop
      vertex 6.8487 100.935 3
      vertex 6.97224 100.75 1.49
      vertex 6.97224 100.75 3
    endloop
  endfacet
  facet normal 0.997862 -0.0653555 0
    outer loop
      vertex 3.8 99.9 3
      vertex 3.81454 100.122 1.49
      vertex 3.81454 100.122 3
    endloop
  endfacet
  facet normal 0.997862 -0.0653555 0
    outer loop
      vertex 3.81454 100.122 1.49
      vertex 3.8 99.9 3
      vertex 3.8 99.9 1.49
    endloop
  endfacet
  facet normal 0.195165 0.98077 -0
    outer loop
      vertex 5.27811 98.2145 1.49
      vertex 5.06001 98.2579 3
      vertex 5.27811 98.2145 3
    endloop
  endfacet
  facet normal 0.195165 0.98077 0
    outer loop
      vertex 5.06001 98.2579 3
      vertex 5.27811 98.2145 1.49
      vertex 5.06001 98.2579 1.49
    endloop
  endfacet
  facet normal 0.659291 0.751888 0
    outer loop
      vertex 4.46511 98.5513 3
      vertex 4.29792 98.6979 1.49
      vertex 4.29792 98.6979 3
    endloop
  endfacet
  facet normal 0.659291 0.751888 0
    outer loop
      vertex 4.29792 98.6979 1.49
      vertex 4.46511 98.5513 3
      vertex 4.46511 98.5513 1.49
    endloop
  endfacet
  facet normal 0.947128 -0.320856 0
    outer loop
      vertex 3.85793 100.34 3
      vertex 3.92941 100.551 1.49
      vertex 3.92941 100.551 3
    endloop
  endfacet
  facet normal 0.947128 -0.320856 0
    outer loop
      vertex 3.92941 100.551 1.49
      vertex 3.85793 100.34 3
      vertex 3.85793 100.34 1.49
    endloop
  endfacet
  facet normal -0.444625 -0.895717 0
    outer loop
      vertex 6.15056 101.471 3
      vertex 6.35 101.372 1.49
      vertex 6.35 101.372 3
    endloop
  endfacet
  facet normal -0.444625 -0.895717 0
    outer loop
      vertex 6.35 101.372 1.49
      vertex 6.15056 101.471 3
      vertex 6.15056 101.471 1.49
    endloop
  endfacet
  facet normal 0.193434 -0.981113 0
    outer loop
      vertex 5.06001 101.542 3
      vertex 5.27811 101.585 1.49
      vertex 5.27811 101.585 3
    endloop
  endfacet
  facet normal 0.193434 -0.981113 0
    outer loop
      vertex 5.27811 101.585 1.49
      vertex 5.06001 101.542 3
      vertex 5.06001 101.542 1.49
    endloop
  endfacet
  facet normal 0.89649 -0.443064 0
    outer loop
      vertex 3.92941 100.551 3
      vertex 4.02776 100.75 1.49
      vertex 4.02776 100.75 3
    endloop
  endfacet
  facet normal 0.89649 -0.443064 0
    outer loop
      vertex 4.02776 100.75 1.49
      vertex 3.92941 100.551 3
      vertex 3.92941 100.551 1.49
    endloop
  endfacet
  facet normal -0.442459 0.896789 0
    outer loop
      vertex 6.35 98.4278 1.49
      vertex 6.15056 98.3294 3
      vertex 6.35 98.4278 3
    endloop
  endfacet
  facet normal -0.442459 0.896789 0
    outer loop
      vertex 6.15056 98.3294 3
      vertex 6.35 98.4278 1.49
      vertex 6.15056 98.3294 1.49
    endloop
  endfacet
  facet normal -0.947128 -0.320856 0
    outer loop
      vertex 7.14207 100.34 1.49
      vertex 7.07059 100.551 3
      vertex 7.07059 100.551 1.49
    endloop
  endfacet
  facet normal -0.947128 -0.320856 0
    outer loop
      vertex 7.07059 100.551 3
      vertex 7.14207 100.34 1.49
      vertex 7.14207 100.34 3
    endloop
  endfacet
  facet normal 0.751863 0.659319 0
    outer loop
      vertex 4.29792 98.6979 3
      vertex 4.1513 98.8651 1.49
      vertex 4.1513 98.8651 3
    endloop
  endfacet
  facet normal 0.751863 0.659319 0
    outer loop
      vertex 4.1513 98.8651 1.49
      vertex 4.29792 98.6979 3
      vertex 4.29792 98.6979 1.49
    endloop
  endfacet
  facet normal -0.195165 0.98077 0
    outer loop
      vertex 5.93999 98.2579 3
      vertex 5.72189 98.2145 1.49
      vertex 5.72189 98.2145 3
    endloop
  endfacet
  facet normal -0.195165 0.98077 0
    outer loop
      vertex 5.72189 98.2145 1.49
      vertex 5.93999 98.2579 3
      vertex 5.93999 98.2579 1.49
    endloop
  endfacet
  facet normal -0.896843 0.442349 0
    outer loop
      vertex 6.97224 99.05 1.49
      vertex 7.07059 99.2494 3
      vertex 7.07059 99.2494 1.49
    endloop
  endfacet
  facet normal -0.896843 0.442349 0
    outer loop
      vertex 7.07059 99.2494 3
      vertex 6.97224 99.05 1.49
      vertex 6.97224 99.05 3
    endloop
  endfacet
  facet normal -0.831483 0.555551 0
    outer loop
      vertex 6.8487 98.8651 1.49
      vertex 6.97224 99.05 3
      vertex 6.97224 99.05 1.49
    endloop
  endfacet
  facet normal -0.831483 0.555551 0
    outer loop
      vertex 6.97224 99.05 3
      vertex 6.8487 98.8651 1.49
      vertex 6.8487 98.8651 3
    endloop
  endfacet
  facet normal -0.980779 0.195122 0
    outer loop
      vertex 7.14207 99.46 1.49
      vertex 7.18546 99.6781 3
      vertex 7.18546 99.6781 1.49
    endloop
  endfacet
  facet normal -0.980779 0.195122 0
    outer loop
      vertex 7.18546 99.6781 3
      vertex 7.14207 99.46 1.49
      vertex 7.14207 99.46 3
    endloop
  endfacet
  facet normal -0.0674471 -0.997723 0
    outer loop
      vertex 5.5 101.6 3
      vertex 5.72189 101.585 1.49
      vertex 5.72189 101.585 3
    endloop
  endfacet
  facet normal -0.0674471 -0.997723 0
    outer loop
      vertex 5.72189 101.585 1.49
      vertex 5.5 101.6 3
      vertex 5.5 101.6 1.49
    endloop
  endfacet
  facet normal 0.980762 -0.195208 0
    outer loop
      vertex 3.81454 100.122 3
      vertex 3.85793 100.34 1.49
      vertex 3.85793 100.34 3
    endloop
  endfacet
  facet normal 0.980762 -0.195208 0
    outer loop
      vertex 3.85793 100.34 1.49
      vertex 3.81454 100.122 3
      vertex 3.81454 100.122 1.49
    endloop
  endfacet
  facet normal 0.751472 -0.659765 0
    outer loop
      vertex 4.1513 100.935 3
      vertex 4.29792 101.102 1.49
      vertex 4.29792 101.102 3
    endloop
  endfacet
  facet normal 0.751472 -0.659765 0
    outer loop
      vertex 4.29792 101.102 1.49
      vertex 4.1513 100.935 3
      vertex 4.1513 100.935 1.49
    endloop
  endfacet
  facet normal 0.831621 -0.555343 0
    outer loop
      vertex 4.02776 100.75 3
      vertex 4.1513 100.935 1.49
      vertex 4.1513 100.935 3
    endloop
  endfacet
  facet normal 0.831621 -0.555343 0
    outer loop
      vertex 4.1513 100.935 1.49
      vertex 4.02776 100.75 3
      vertex 4.02776 100.75 1.49
    endloop
  endfacet
  facet normal 0.0652086 0.997872 0
    outer loop
      vertex 5.5 98.2 3
      vertex 5.27811 98.2145 1.49
      vertex 5.27811 98.2145 3
    endloop
  endfacet
  facet normal 0.0652086 0.997872 0
    outer loop
      vertex 5.27811 98.2145 1.49
      vertex 5.5 98.2 3
      vertex 5.5 98.2 1.49
    endloop
  endfacet
  facet normal 0.896843 0.442349 0
    outer loop
      vertex 4.02776 99.05 3
      vertex 3.92941 99.2494 1.49
      vertex 3.92941 99.2494 3
    endloop
  endfacet
  facet normal 0.896843 0.442349 0
    outer loop
      vertex 3.92941 99.2494 1.49
      vertex 4.02776 99.05 3
      vertex 4.02776 99.05 1.49
    endloop
  endfacet
  facet normal 0.831483 0.555551 0
    outer loop
      vertex 4.1513 98.8651 3
      vertex 4.02776 99.05 1.49
      vertex 4.02776 99.05 3
    endloop
  endfacet
  facet normal 0.831483 0.555551 0
    outer loop
      vertex 4.02776 99.05 1.49
      vertex 4.1513 98.8651 3
      vertex 4.1513 98.8651 1.49
    endloop
  endfacet
  facet normal 0.99786 0.0653848 0
    outer loop
      vertex 3.81454 99.6781 3
      vertex 3.8 99.9 1.49
      vertex 3.8 99.9 3
    endloop
  endfacet
  facet normal 0.99786 0.0653848 0
    outer loop
      vertex 3.8 99.9 1.49
      vertex 3.81454 99.6781 3
      vertex 3.81454 99.6781 1.49
    endloop
  endfacet
  facet normal 0.553889 -0.83259 0
    outer loop
      vertex 4.46511 101.249 3
      vertex 4.65 101.372 1.49
      vertex 4.65 101.372 3
    endloop
  endfacet
  facet normal 0.553889 -0.83259 0
    outer loop
      vertex 4.65 101.372 1.49
      vertex 4.46511 101.249 3
      vertex 4.46511 101.249 1.49
    endloop
  endfacet
  facet normal 0.555447 0.831552 -0
    outer loop
      vertex 4.65 98.4278 1.49
      vertex 4.46511 98.5513 3
      vertex 4.65 98.4278 3
    endloop
  endfacet
  facet normal 0.555447 0.831552 0
    outer loop
      vertex 4.46511 98.5513 3
      vertex 4.65 98.4278 1.49
      vertex 4.46511 98.5513 1.49
    endloop
  endfacet
  facet normal -0.706353 -0.0463374 -0.706342
    outer loop
      vertex 8.69 99.9 0
      vertex 7.18546 100.122 1.49
      vertex 8.66271 100.316 0
    endloop
  endfacet
  facet normal -0.70635 -0.0462627 -0.70635
    outer loop
      vertex 7.18546 100.122 1.49
      vertex 8.69 99.9 0
      vertex 7.2 99.9 1.49
    endloop
  endfacet
  facet normal 0.588686 -0.393115 -0.706336
    outer loop
      vertex 4.02776 100.75 1.49
      vertex 2.9692 101.842 0
      vertex 4.1513 100.935 1.49
    endloop
  endfacet
  facet normal 0.588596 -0.393223 -0.706351
    outer loop
      vertex 2.9692 101.842 0
      vertex 4.02776 100.75 1.49
      vertex 2.73738 101.495 0
    endloop
  endfacet
  facet normal -0.466562 -0.532254 -0.706417
    outer loop
      vertex 6.70208 101.102 1.49
      vertex 7.44195 102.431 0
      vertex 7.75567 102.156 0
    endloop
  endfacet
  facet normal -0.467437 -0.531638 -0.706302
    outer loop
      vertex 7.44195 102.431 0
      vertex 6.70208 101.102 1.49
      vertex 6.53489 101.249 1.49
    endloop
  endfacet
  facet normal -0.466703 0.532221 -0.70635
    outer loop
      vertex 7.44195 97.3692 0
      vertex 6.70208 98.6979 1.49
      vertex 7.75567 97.6443 0
    endloop
  endfacet
  facet normal -0.466686 0.532232 -0.706352
    outer loop
      vertex 6.70208 98.6979 1.49
      vertex 7.44195 97.3692 0
      vertex 6.53489 98.5513 1.49
    endloop
  endfacet
  facet normal -0.139072 -0.69409 -0.706327
    outer loop
      vertex 5.93999 101.542 1.49
      vertex 5.91638 103.063 0
      vertex 6.32563 102.981 0
    endloop
  endfacet
  facet normal -0.136884 -0.694286 -0.706562
    outer loop
      vertex 5.91638 103.063 0
      vertex 5.93999 101.542 1.49
      vertex 5.72189 101.585 1.49
    endloop
  endfacet
  facet normal -0.588546 0.393303 -0.706348
    outer loop
      vertex 8.0308 97.9581 0
      vertex 6.97224 99.05 1.49
      vertex 8.26262 98.305 0
    endloop
  endfacet
  facet normal -0.588583 0.393258 -0.706342
    outer loop
      vertex 6.97224 99.05 1.49
      vertex 8.0308 97.9581 0
      vertex 6.8487 98.8651 1.49
    endloop
  endfacet
  facet normal 0.634841 0.313122 -0.706351
    outer loop
      vertex 2.73738 98.305 0
      vertex 3.92941 99.2494 1.49
      vertex 4.02776 99.05 1.49
    endloop
  endfacet
  facet normal 0.634846 0.313114 -0.70635
    outer loop
      vertex 3.92941 99.2494 1.49
      vertex 2.73738 98.305 0
      vertex 2.55282 98.6792 0
    endloop
  endfacet
  facet normal 0.634575 -0.31362 -0.706369
    outer loop
      vertex 3.92941 100.551 1.49
      vertex 2.73738 101.495 0
      vertex 4.02776 100.75 1.49
    endloop
  endfacet
  facet normal 0.634803 -0.31326 -0.706324
    outer loop
      vertex 2.73738 101.495 0
      vertex 3.92941 100.551 1.49
      vertex 2.55282 101.121 0
    endloop
  endfacet
  facet normal 0.531882 -0.466973 -0.706426
    outer loop
      vertex 4.1513 100.935 1.49
      vertex 3.24433 102.156 0
      vertex 4.29792 101.102 1.49
    endloop
  endfacet
  facet normal 0.532401 -0.466495 -0.706351
    outer loop
      vertex 3.24433 102.156 0
      vertex 4.1513 100.935 1.49
      vertex 2.9692 101.842 0
    endloop
  endfacet
  facet normal -0.634803 -0.31326 -0.706324
    outer loop
      vertex 7.07059 100.551 1.49
      vertex 8.26262 101.495 0
      vertex 8.44718 101.121 0
    endloop
  endfacet
  facet normal -0.634575 -0.31362 -0.706369
    outer loop
      vertex 8.26262 101.495 0
      vertex 7.07059 100.551 1.49
      vertex 6.97224 100.75 1.49
    endloop
  endfacet
  facet normal -0.0463125 0.706359 -0.706337
    outer loop
      vertex 5.5 96.71 0
      vertex 5.72189 98.2145 1.49
      vertex 5.91638 96.7373 0
    endloop
  endfacet
  facet normal -0.0461585 0.706353 -0.706353
    outer loop
      vertex 5.72189 98.2145 1.49
      vertex 5.5 96.71 0
      vertex 5.5 98.2 1.49
    endloop
  endfacet
  facet normal -0.313139 0.634827 -0.706356
    outer loop
      vertex 6.72076 96.9528 0
      vertex 6.35 98.4278 1.49
      vertex 7.095 97.1374 0
    endloop
  endfacet
  facet normal -0.313201 0.634805 -0.706349
    outer loop
      vertex 6.35 98.4278 1.49
      vertex 6.72076 96.9528 0
      vertex 6.15056 98.3294 1.49
    endloop
  endfacet
  facet normal -0.532259 0.466668 -0.706343
    outer loop
      vertex 7.75567 97.6443 0
      vertex 6.8487 98.8651 1.49
      vertex 8.0308 97.9581 0
    endloop
  endfacet
  facet normal -0.532216 0.466708 -0.70635
    outer loop
      vertex 6.8487 98.8651 1.49
      vertex 7.75567 97.6443 0
      vertex 6.70208 98.6979 1.49
    endloop
  endfacet
  facet normal -0.670316 0.227487 -0.706347
    outer loop
      vertex 8.44718 98.6792 0
      vertex 7.14207 99.46 1.49
      vertex 8.5813 99.0744 0
    endloop
  endfacet
  facet normal -0.670305 0.227509 -0.70635
    outer loop
      vertex 7.14207 99.46 1.49
      vertex 8.44718 98.6792 0
      vertex 7.07059 99.2494 1.49
    endloop
  endfacet
  facet normal 0.227599 0.670286 -0.70634
    outer loop
      vertex 4.67437 96.8187 0
      vertex 4.84944 98.3294 1.49
      vertex 5.06001 98.2579 1.49
    endloop
  endfacet
  facet normal 0.227491 0.67031 -0.706352
    outer loop
      vertex 4.84944 98.3294 1.49
      vertex 4.67437 96.8187 0
      vertex 4.27924 96.9528 0
    endloop
  endfacet
  facet normal 0.670464 -0.227132 -0.706321
    outer loop
      vertex 3.85793 100.34 1.49
      vertex 2.55282 101.121 0
      vertex 3.92941 100.551 1.49
    endloop
  endfacet
  facet normal 0.670255 -0.227581 -0.706374
    outer loop
      vertex 2.55282 101.121 0
      vertex 3.85793 100.34 1.49
      vertex 2.4187 100.726 0
    endloop
  endfacet
  facet normal 0.226169 -0.670766 -0.706343
    outer loop
      vertex 4.84944 101.471 1.49
      vertex 4.67437 102.981 0
      vertex 5.06001 101.542 1.49
    endloop
  endfacet
  facet normal 0.227384 -0.670494 -0.706211
    outer loop
      vertex 4.67437 102.981 0
      vertex 4.84944 101.471 1.49
      vertex 4.27924 102.847 0
    endloop
  endfacet
  facet normal 0.70635 -0.0462627 -0.70635
    outer loop
      vertex 2.31 99.9 0
      vertex 3.81454 100.122 1.49
      vertex 3.8 99.9 1.49
    endloop
  endfacet
  facet normal 0.706353 -0.0463374 -0.706342
    outer loop
      vertex 3.81454 100.122 1.49
      vertex 2.31 99.9 0
      vertex 2.33729 100.316 0
    endloop
  endfacet
  facet normal -0.634846 0.313114 -0.70635
    outer loop
      vertex 8.26262 98.305 0
      vertex 7.07059 99.2494 1.49
      vertex 8.44718 98.6792 0
    endloop
  endfacet
  facet normal -0.634841 0.313122 -0.706351
    outer loop
      vertex 7.07059 99.2494 1.49
      vertex 8.26262 98.305 0
      vertex 6.97224 99.05 1.49
    endloop
  endfacet
  facet normal 0.467437 -0.531638 -0.706302
    outer loop
      vertex 4.29792 101.102 1.49
      vertex 3.55805 102.431 0
      vertex 4.46511 101.249 1.49
    endloop
  endfacet
  facet normal 0.466562 -0.532254 -0.706417
    outer loop
      vertex 3.55805 102.431 0
      vertex 4.29792 101.102 1.49
      vertex 3.24433 102.156 0
    endloop
  endfacet
  facet normal -0.39348 -0.588439 -0.706338
    outer loop
      vertex 6.53489 101.249 1.49
      vertex 7.095 102.663 0
      vertex 7.44195 102.431 0
    endloop
  endfacet
  facet normal -0.391985 -0.58922 -0.706518
    outer loop
      vertex 7.095 102.663 0
      vertex 6.53489 101.249 1.49
      vertex 6.35 101.372 1.49
    endloop
  endfacet
  facet normal -0.0477467 -0.7063 -0.7063
    outer loop
      vertex 5.5 103.09 0
      vertex 5.72189 101.585 1.49
      vertex 5.5 101.6 1.49
    endloop
  endfacet
  facet normal -0.0457946 -0.70622 -0.70651
    outer loop
      vertex 5.72189 101.585 1.49
      vertex 5.5 103.09 0
      vertex 5.91638 103.063 0
    endloop
  endfacet
  facet normal -0.227491 0.67031 -0.706352
    outer loop
      vertex 6.32563 96.8187 0
      vertex 6.15056 98.3294 1.49
      vertex 6.72076 96.9528 0
    endloop
  endfacet
  facet normal -0.227599 0.670286 -0.70634
    outer loop
      vertex 6.15056 98.3294 1.49
      vertex 6.32563 96.8187 0
      vertex 5.93999 98.2579 1.49
    endloop
  endfacet
  facet normal 0.466686 0.532232 -0.706352
    outer loop
      vertex 3.55805 97.3692 0
      vertex 4.29792 98.6979 1.49
      vertex 4.46511 98.5513 1.49
    endloop
  endfacet
  facet normal 0.466703 0.532221 -0.70635
    outer loop
      vertex 4.29792 98.6979 1.49
      vertex 3.55805 97.3692 0
      vertex 3.24433 97.6443 0
    endloop
  endfacet
  facet normal 0.391985 -0.58922 -0.706518
    outer loop
      vertex 4.46511 101.249 1.49
      vertex 3.905 102.663 0
      vertex 4.65 101.372 1.49
    endloop
  endfacet
  facet normal 0.39348 -0.588439 -0.706338
    outer loop
      vertex 3.905 102.663 0
      vertex 4.46511 101.249 1.49
      vertex 3.55805 102.431 0
    endloop
  endfacet
  facet normal 0.314816 -0.634212 -0.706163
    outer loop
      vertex 4.65 101.372 1.49
      vertex 4.27924 102.847 0
      vertex 4.84944 101.471 1.49
    endloop
  endfacet
  facet normal 0.312276 -0.635143 -0.706454
    outer loop
      vertex 4.27924 102.847 0
      vertex 4.65 101.372 1.49
      vertex 3.905 102.663 0
    endloop
  endfacet
  facet normal -0.393239 0.588587 -0.706349
    outer loop
      vertex 7.095 97.1374 0
      vertex 6.53489 98.5513 1.49
      vertex 7.44195 97.3692 0
    endloop
  endfacet
  facet normal -0.393177 0.588619 -0.706356
    outer loop
      vertex 6.53489 98.5513 1.49
      vertex 7.095 97.1374 0
      vertex 6.35 98.4278 1.49
    endloop
  endfacet
  facet normal -0.588596 -0.393223 -0.706351
    outer loop
      vertex 6.97224 100.75 1.49
      vertex 8.0308 101.842 0
      vertex 8.26262 101.495 0
    endloop
  endfacet
  facet normal -0.588686 -0.393115 -0.706336
    outer loop
      vertex 8.0308 101.842 0
      vertex 6.97224 100.75 1.49
      vertex 6.8487 100.935 1.49
    endloop
  endfacet
  facet normal 0.0461585 0.706353 -0.706353
    outer loop
      vertex 5.5 96.71 0
      vertex 5.27811 98.2145 1.49
      vertex 5.5 98.2 1.49
    endloop
  endfacet
  facet normal 0.0463125 0.706359 -0.706337
    outer loop
      vertex 5.27811 98.2145 1.49
      vertex 5.5 96.71 0
      vertex 5.08362 96.7373 0
    endloop
  endfacet
  facet normal -0.694324 -0.137866 -0.706333
    outer loop
      vertex 7.18546 100.122 1.49
      vertex 8.5813 100.726 0
      vertex 8.66271 100.316 0
    endloop
  endfacet
  facet normal -0.694227 -0.138177 -0.706368
    outer loop
      vertex 8.5813 100.726 0
      vertex 7.18546 100.122 1.49
      vertex 7.14207 100.34 1.49
    endloop
  endfacet
  facet normal -0.532401 -0.466495 -0.706351
    outer loop
      vertex 6.8487 100.935 1.49
      vertex 7.75567 102.156 0
      vertex 8.0308 101.842 0
    endloop
  endfacet
  facet normal -0.531882 -0.466973 -0.706426
    outer loop
      vertex 7.75567 102.156 0
      vertex 6.8487 100.935 1.49
      vertex 6.70208 101.102 1.49
    endloop
  endfacet
  facet normal 0.532216 0.466708 -0.70635
    outer loop
      vertex 3.24433 97.6443 0
      vertex 4.1513 98.8651 1.49
      vertex 4.29792 98.6979 1.49
    endloop
  endfacet
  facet normal 0.532259 0.466668 -0.706343
    outer loop
      vertex 4.1513 98.8651 1.49
      vertex 3.24433 97.6443 0
      vertex 2.9692 97.9581 0
    endloop
  endfacet
  facet normal 0.694227 -0.138177 -0.706368
    outer loop
      vertex 3.81454 100.122 1.49
      vertex 2.4187 100.726 0
      vertex 3.85793 100.34 1.49
    endloop
  endfacet
  facet normal 0.694324 -0.137866 -0.706333
    outer loop
      vertex 2.4187 100.726 0
      vertex 3.81454 100.122 1.49
      vertex 2.33729 100.316 0
    endloop
  endfacet
  facet normal 0.0457946 -0.70622 -0.70651
    outer loop
      vertex 5.5 103.09 0
      vertex 5.27811 101.585 1.49
      vertex 5.08362 103.063 0
    endloop
  endfacet
  facet normal 0.0477467 -0.7063 -0.7063
    outer loop
      vertex 5.27811 101.585 1.49
      vertex 5.5 103.09 0
      vertex 5.5 101.6 1.49
    endloop
  endfacet
  facet normal 0.694259 0.13812 -0.706348
    outer loop
      vertex 2.4187 99.0744 0
      vertex 3.81454 99.6781 1.49
      vertex 3.85793 99.46 1.49
    endloop
  endfacet
  facet normal 0.694259 0.138122 -0.706348
    outer loop
      vertex 3.81454 99.6781 1.49
      vertex 2.4187 99.0744 0
      vertex 2.33729 99.4836 0
    endloop
  endfacet
  facet normal 0.670305 0.227509 -0.70635
    outer loop
      vertex 2.55282 98.6792 0
      vertex 3.85793 99.46 1.49
      vertex 3.92941 99.2494 1.49
    endloop
  endfacet
  facet normal 0.670316 0.227487 -0.706347
    outer loop
      vertex 3.85793 99.46 1.49
      vertex 2.55282 98.6792 0
      vertex 2.4187 99.0744 0
    endloop
  endfacet
  facet normal 0.588583 0.393258 -0.706342
    outer loop
      vertex 2.9692 97.9581 0
      vertex 4.02776 99.05 1.49
      vertex 4.1513 98.8651 1.49
    endloop
  endfacet
  facet normal 0.588546 0.393303 -0.706348
    outer loop
      vertex 4.02776 99.05 1.49
      vertex 2.9692 97.9581 0
      vertex 2.73738 98.305 0
    endloop
  endfacet
  facet normal 0.136884 -0.694286 -0.706562
    outer loop
      vertex 5.06001 101.542 1.49
      vertex 5.08362 103.063 0
      vertex 5.27811 101.585 1.49
    endloop
  endfacet
  facet normal 0.139072 -0.69409 -0.706327
    outer loop
      vertex 5.08362 103.063 0
      vertex 5.06001 101.542 1.49
      vertex 4.67437 102.981 0
    endloop
  endfacet
  facet normal -0.138091 0.694271 -0.706341
    outer loop
      vertex 5.91638 96.7373 0
      vertex 5.93999 98.2579 1.49
      vertex 6.32563 96.8187 0
    endloop
  endfacet
  facet normal -0.138153 0.694266 -0.706335
    outer loop
      vertex 5.93999 98.2579 1.49
      vertex 5.91638 96.7373 0
      vertex 5.72189 98.2145 1.49
    endloop
  endfacet
  facet normal -0.227384 -0.670494 -0.706211
    outer loop
      vertex 6.15056 101.471 1.49
      vertex 6.32563 102.981 0
      vertex 6.72076 102.847 0
    endloop
  endfacet
  facet normal -0.226169 -0.670766 -0.706343
    outer loop
      vertex 6.32563 102.981 0
      vertex 6.15056 101.471 1.49
      vertex 5.93999 101.542 1.49
    endloop
  endfacet
  facet normal -0.312276 -0.635143 -0.706454
    outer loop
      vertex 6.35 101.372 1.49
      vertex 6.72076 102.847 0
      vertex 7.095 102.663 0
    endloop
  endfacet
  facet normal -0.314816 -0.634212 -0.706163
    outer loop
      vertex 6.72076 102.847 0
      vertex 6.35 101.372 1.49
      vertex 6.15056 101.471 1.49
    endloop
  endfacet
  facet normal -0.706349 0.0462926 -0.706349
    outer loop
      vertex 8.66271 99.4836 0
      vertex 7.2 99.9 1.49
      vertex 8.69 99.9 0
    endloop
  endfacet
  facet normal -0.70635 0.0462836 -0.706348
    outer loop
      vertex 7.2 99.9 1.49
      vertex 8.66271 99.4836 0
      vertex 7.18546 99.6781 1.49
    endloop
  endfacet
  facet normal -0.694259 0.138122 -0.706348
    outer loop
      vertex 8.5813 99.0744 0
      vertex 7.18546 99.6781 1.49
      vertex 8.66271 99.4836 0
    endloop
  endfacet
  facet normal -0.694259 0.13812 -0.706348
    outer loop
      vertex 7.18546 99.6781 1.49
      vertex 8.5813 99.0744 0
      vertex 7.14207 99.46 1.49
    endloop
  endfacet
  facet normal -0.670255 -0.227581 -0.706374
    outer loop
      vertex 7.14207 100.34 1.49
      vertex 8.44718 101.121 0
      vertex 8.5813 100.726 0
    endloop
  endfacet
  facet normal -0.670464 -0.227132 -0.706321
    outer loop
      vertex 8.44718 101.121 0
      vertex 7.14207 100.34 1.49
      vertex 7.07059 100.551 1.49
    endloop
  endfacet
  facet normal 0.138153 0.694266 -0.706335
    outer loop
      vertex 5.08362 96.7373 0
      vertex 5.06001 98.2579 1.49
      vertex 5.27811 98.2145 1.49
    endloop
  endfacet
  facet normal 0.138091 0.694271 -0.706341
    outer loop
      vertex 5.06001 98.2579 1.49
      vertex 5.08362 96.7373 0
      vertex 4.67437 96.8187 0
    endloop
  endfacet
  facet normal 0.313201 0.634805 -0.706349
    outer loop
      vertex 4.27924 96.9528 0
      vertex 4.65 98.4278 1.49
      vertex 4.84944 98.3294 1.49
    endloop
  endfacet
  facet normal 0.313139 0.634827 -0.706356
    outer loop
      vertex 4.65 98.4278 1.49
      vertex 4.27924 96.9528 0
      vertex 3.905 97.1374 0
    endloop
  endfacet
  facet normal 0.393177 0.588619 -0.706356
    outer loop
      vertex 3.905 97.1374 0
      vertex 4.46511 98.5513 1.49
      vertex 4.65 98.4278 1.49
    endloop
  endfacet
  facet normal 0.393239 0.588587 -0.706349
    outer loop
      vertex 4.46511 98.5513 1.49
      vertex 3.905 97.1374 0
      vertex 3.55805 97.3692 0
    endloop
  endfacet
  facet normal 0.70635 0.0462836 -0.706348
    outer loop
      vertex 2.33729 99.4836 0
      vertex 3.8 99.9 1.49
      vertex 3.81454 99.6781 1.49
    endloop
  endfacet
  facet normal 0.706349 0.0462926 -0.706349
    outer loop
      vertex 3.8 99.9 1.49
      vertex 2.33729 99.4836 0
      vertex 2.31 99.9 0
    endloop
  endfacet
  facet normal -0.980753 -0.195251 0
    outer loop
      vertex 94.5855 100.122 1.49
      vertex 94.5421 100.34 3
      vertex 94.5421 100.34 1.49
    endloop
  endfacet
  facet normal -0.980753 -0.195251 0
    outer loop
      vertex 94.5421 100.34 3
      vertex 94.5855 100.122 1.49
      vertex 94.5855 100.122 3
    endloop
  endfacet
  facet normal -0.997874 -0.0651764 0
    outer loop
      vertex 94.6 99.9 1.49
      vertex 94.5855 100.122 3
      vertex 94.5855 100.122 1.49
    endloop
  endfacet
  facet normal -0.997874 -0.0651764 0
    outer loop
      vertex 94.5855 100.122 3
      vertex 94.6 99.9 1.49
      vertex 94.6 99.9 3
    endloop
  endfacet
  facet normal -0.0652057 0.997872 0
    outer loop
      vertex 93.1219 98.2145 1.49
      vertex 92.9 98.2 3
      vertex 93.1219 98.2145 3
    endloop
  endfacet
  facet normal -0.0652057 0.997872 0
    outer loop
      vertex 92.9 98.2 3
      vertex 93.1219 98.2145 1.49
      vertex 92.9 98.2 1.49
    endloop
  endfacet
  facet normal 0.660284 -0.751016 0
    outer loop
      vertex 91.6979 101.102 1.49
      vertex 91.8651 101.249 3
      vertex 91.6979 101.102 3
    endloop
  endfacet
  facet normal 0.660284 -0.751016 0
    outer loop
      vertex 91.8651 101.249 3
      vertex 91.6979 101.102 1.49
      vertex 91.8651 101.249 1.49
    endloop
  endfacet
  facet normal 0.831566 0.555426 0
    outer loop
      vertex 91.5513 98.8651 3
      vertex 91.4278 99.05 1.49
      vertex 91.4278 99.05 3
    endloop
  endfacet
  facet normal 0.831566 0.555426 0
    outer loop
      vertex 91.4278 99.05 1.49
      vertex 91.5513 98.8651 3
      vertex 91.5513 98.8651 1.49
    endloop
  endfacet
  facet normal 0.195165 0.98077 -0
    outer loop
      vertex 92.6781 98.2145 1.49
      vertex 92.46 98.2579 3
      vertex 92.6781 98.2145 3
    endloop
  endfacet
  facet normal 0.195165 0.98077 0
    outer loop
      vertex 92.46 98.2579 3
      vertex 92.6781 98.2145 1.49
      vertex 92.46 98.2579 1.49
    endloop
  endfacet
  facet normal -0.660284 -0.751016 0
    outer loop
      vertex 93.9349 101.249 3
      vertex 94.1021 101.102 1.49
      vertex 94.1021 101.102 3
    endloop
  endfacet
  facet normal -0.660284 -0.751016 0
    outer loop
      vertex 94.1021 101.102 1.49
      vertex 93.9349 101.249 3
      vertex 93.9349 101.249 1.49
    endloop
  endfacet
  facet normal -0.946915 0.321484 0
    outer loop
      vertex 94.4706 99.2494 1.49
      vertex 94.5421 99.46 3
      vertex 94.5421 99.46 1.49
    endloop
  endfacet
  facet normal -0.946915 0.321484 0
    outer loop
      vertex 94.5421 99.46 3
      vertex 94.4706 99.2494 1.49
      vertex 94.4706 99.2494 3
    endloop
  endfacet
  facet normal -0.751908 0.659268 0
    outer loop
      vertex 94.1021 98.6979 1.49
      vertex 94.2487 98.8651 3
      vertex 94.2487 98.8651 1.49
    endloop
  endfacet
  facet normal -0.751908 0.659268 0
    outer loop
      vertex 94.2487 98.8651 3
      vertex 94.1021 98.6979 1.49
      vertex 94.1021 98.6979 3
    endloop
  endfacet
  facet normal -0.751516 -0.659714 0
    outer loop
      vertex 94.2487 100.935 1.49
      vertex 94.1021 101.102 3
      vertex 94.1021 101.102 1.49
    endloop
  endfacet
  facet normal -0.751516 -0.659714 0
    outer loop
      vertex 94.1021 101.102 3
      vertex 94.2487 100.935 1.49
      vertex 94.2487 100.935 3
    endloop
  endfacet
  facet normal 0.946915 0.321484 0
    outer loop
      vertex 91.3294 99.2494 3
      vertex 91.2579 99.46 1.49
      vertex 91.2579 99.46 3
    endloop
  endfacet
  facet normal 0.946915 0.321484 0
    outer loop
      vertex 91.2579 99.46 1.49
      vertex 91.3294 99.2494 3
      vertex 91.3294 99.2494 1.49
    endloop
  endfacet
  facet normal -0.321484 0.946915 0
    outer loop
      vertex 93.5506 98.3294 1.49
      vertex 93.34 98.2579 3
      vertex 93.5506 98.3294 3
    endloop
  endfacet
  facet normal -0.321484 0.946915 0
    outer loop
      vertex 93.34 98.2579 3
      vertex 93.5506 98.3294 1.49
      vertex 93.34 98.2579 1.49
    endloop
  endfacet
  facet normal 0.0652057 0.997872 0
    outer loop
      vertex 92.9 98.2 3
      vertex 92.6781 98.2145 1.49
      vertex 92.6781 98.2145 3
    endloop
  endfacet
  facet normal 0.0652057 0.997872 0
    outer loop
      vertex 92.6781 98.2145 1.49
      vertex 92.9 98.2 3
      vertex 92.9 98.2 1.49
    endloop
  endfacet
  facet normal 0.319466 -0.947598 0
    outer loop
      vertex 92.2494 101.471 1.49
      vertex 92.46 101.542 3
      vertex 92.2494 101.471 3
    endloop
  endfacet
  facet normal 0.319466 -0.947598 0
    outer loop
      vertex 92.46 101.542 3
      vertex 92.2494 101.471 1.49
      vertex 92.46 101.542 1.49
    endloop
  endfacet
  facet normal -0.947101 -0.320937 0
    outer loop
      vertex 94.5421 100.34 1.49
      vertex 94.4706 100.551 3
      vertex 94.4706 100.551 1.49
    endloop
  endfacet
  facet normal -0.947101 -0.320937 0
    outer loop
      vertex 94.4706 100.551 3
      vertex 94.5421 100.34 1.49
      vertex 94.5421 100.34 3
    endloop
  endfacet
  facet normal 0.751516 -0.659714 0
    outer loop
      vertex 91.5513 100.935 3
      vertex 91.6979 101.102 1.49
      vertex 91.6979 101.102 3
    endloop
  endfacet
  facet normal 0.751516 -0.659714 0
    outer loop
      vertex 91.6979 101.102 1.49
      vertex 91.5513 100.935 3
      vertex 91.5513 100.935 1.49
    endloop
  endfacet
  facet normal 0.44253 0.896754 0
    outer loop
      vertex 92.2494 98.3294 3
      vertex 92.05 98.4278 1.49
      vertex 92.05 98.4278 3
    endloop
  endfacet
  facet normal 0.44253 0.896754 0
    outer loop
      vertex 92.05 98.4278 1.49
      vertex 92.2494 98.3294 3
      vertex 92.2494 98.3294 1.49
    endloop
  endfacet
  facet normal 0.0674441 -0.997723 0
    outer loop
      vertex 92.6781 101.585 1.49
      vertex 92.9 101.6 3
      vertex 92.6781 101.585 3
    endloop
  endfacet
  facet normal 0.0674441 -0.997723 0
    outer loop
      vertex 92.9 101.6 3
      vertex 92.6781 101.585 1.49
      vertex 92.9 101.6 1.49
    endloop
  endfacet
  facet normal -0.896754 0.44253 0
    outer loop
      vertex 94.3722 99.05 1.49
      vertex 94.4706 99.2494 3
      vertex 94.4706 99.2494 1.49
    endloop
  endfacet
  facet normal -0.896754 0.44253 0
    outer loop
      vertex 94.4706 99.2494 3
      vertex 94.3722 99.05 1.49
      vertex 94.3722 99.05 3
    endloop
  endfacet
  facet normal -0.555426 0.831566 0
    outer loop
      vertex 93.9349 98.5513 3
      vertex 93.75 98.4278 1.49
      vertex 93.75 98.4278 3
    endloop
  endfacet
  facet normal -0.555426 0.831566 0
    outer loop
      vertex 93.75 98.4278 1.49
      vertex 93.9349 98.5513 3
      vertex 93.9349 98.5513 1.49
    endloop
  endfacet
  facet normal 0.98077 0.195165 0
    outer loop
      vertex 91.2579 99.46 3
      vertex 91.2145 99.6781 1.49
      vertex 91.2145 99.6781 3
    endloop
  endfacet
  facet normal 0.98077 0.195165 0
    outer loop
      vertex 91.2145 99.6781 1.49
      vertex 91.2579 99.46 3
      vertex 91.2579 99.46 1.49
    endloop
  endfacet
  facet normal -0.193434 -0.981113 0
    outer loop
      vertex 93.1219 101.585 1.49
      vertex 93.34 101.542 3
      vertex 93.1219 101.585 3
    endloop
  endfacet
  facet normal -0.193434 -0.981113 -0
    outer loop
      vertex 93.34 101.542 3
      vertex 93.1219 101.585 1.49
      vertex 93.34 101.542 1.49
    endloop
  endfacet
  facet normal -0.831704 -0.555219 0
    outer loop
      vertex 94.3722 100.75 1.49
      vertex 94.2487 100.935 3
      vertex 94.2487 100.935 1.49
    endloop
  endfacet
  facet normal -0.831704 -0.555219 0
    outer loop
      vertex 94.2487 100.935 3
      vertex 94.3722 100.75 1.49
      vertex 94.3722 100.75 3
    endloop
  endfacet
  facet normal -0.997872 0.0652057 0
    outer loop
      vertex 94.5855 99.6781 1.49
      vertex 94.6 99.9 3
      vertex 94.6 99.9 1.49
    endloop
  endfacet
  facet normal -0.997872 0.0652057 0
    outer loop
      vertex 94.6 99.9 3
      vertex 94.5855 99.6781 1.49
      vertex 94.5855 99.6781 3
    endloop
  endfacet
  facet normal -0.319466 -0.947598 0
    outer loop
      vertex 93.34 101.542 3
      vertex 93.5506 101.471 1.49
      vertex 93.5506 101.471 3
    endloop
  endfacet
  facet normal -0.319466 -0.947598 0
    outer loop
      vertex 93.5506 101.471 1.49
      vertex 93.34 101.542 3
      vertex 93.34 101.542 1.49
    endloop
  endfacet
  facet normal -0.553869 -0.832604 0
    outer loop
      vertex 93.75 101.372 1.49
      vertex 93.9349 101.249 3
      vertex 93.75 101.372 3
    endloop
  endfacet
  facet normal -0.553869 -0.832604 -0
    outer loop
      vertex 93.9349 101.249 3
      vertex 93.75 101.372 1.49
      vertex 93.9349 101.249 1.49
    endloop
  endfacet
  facet normal 0.193434 -0.981113 0
    outer loop
      vertex 92.46 101.542 3
      vertex 92.6781 101.585 1.49
      vertex 92.6781 101.585 3
    endloop
  endfacet
  facet normal 0.193434 -0.981113 0
    outer loop
      vertex 92.6781 101.585 1.49
      vertex 92.46 101.542 3
      vertex 92.46 101.542 1.49
    endloop
  endfacet
  facet normal -0.659268 0.751908 0
    outer loop
      vertex 94.1021 98.6979 1.49
      vertex 93.9349 98.5513 3
      vertex 94.1021 98.6979 3
    endloop
  endfacet
  facet normal -0.659268 0.751908 0
    outer loop
      vertex 93.9349 98.5513 3
      vertex 94.1021 98.6979 1.49
      vertex 93.9349 98.5513 1.49
    endloop
  endfacet
  facet normal 0.8964 -0.443245 0
    outer loop
      vertex 91.3294 100.551 3
      vertex 91.4278 100.75 1.49
      vertex 91.4278 100.75 3
    endloop
  endfacet
  facet normal 0.8964 -0.443245 0
    outer loop
      vertex 91.4278 100.75 1.49
      vertex 91.3294 100.551 3
      vertex 91.3294 100.551 1.49
    endloop
  endfacet
  facet normal -0.98077 0.195165 0
    outer loop
      vertex 94.5421 99.46 1.49
      vertex 94.5855 99.6781 3
      vertex 94.5855 99.6781 1.49
    endloop
  endfacet
  facet normal -0.98077 0.195165 0
    outer loop
      vertex 94.5855 99.6781 3
      vertex 94.5421 99.46 1.49
      vertex 94.5421 99.46 3
    endloop
  endfacet
  facet normal -0.195165 0.98077 0
    outer loop
      vertex 93.34 98.2579 3
      vertex 93.1219 98.2145 1.49
      vertex 93.1219 98.2145 3
    endloop
  endfacet
  facet normal -0.195165 0.98077 0
    outer loop
      vertex 93.1219 98.2145 1.49
      vertex 93.34 98.2579 3
      vertex 93.34 98.2579 1.49
    endloop
  endfacet
  facet normal 0.659268 0.751908 0
    outer loop
      vertex 91.8651 98.5513 3
      vertex 91.6979 98.6979 1.49
      vertex 91.6979 98.6979 3
    endloop
  endfacet
  facet normal 0.659268 0.751908 0
    outer loop
      vertex 91.6979 98.6979 1.49
      vertex 91.8651 98.5513 3
      vertex 91.8651 98.5513 1.49
    endloop
  endfacet
  facet normal 0.751908 0.659268 0
    outer loop
      vertex 91.6979 98.6979 3
      vertex 91.5513 98.8651 1.49
      vertex 91.5513 98.8651 3
    endloop
  endfacet
  facet normal 0.751908 0.659268 0
    outer loop
      vertex 91.5513 98.8651 1.49
      vertex 91.6979 98.6979 3
      vertex 91.6979 98.6979 1.49
    endloop
  endfacet
  facet normal -0.0674441 -0.997723 0
    outer loop
      vertex 92.9 101.6 3
      vertex 93.1219 101.585 1.49
      vertex 93.1219 101.585 3
    endloop
  endfacet
  facet normal -0.0674441 -0.997723 0
    outer loop
      vertex 93.1219 101.585 1.49
      vertex 92.9 101.6 3
      vertex 92.9 101.6 1.49
    endloop
  endfacet
  facet normal -0.444696 -0.895681 0
    outer loop
      vertex 93.5506 101.471 3
      vertex 93.75 101.372 1.49
      vertex 93.75 101.372 3
    endloop
  endfacet
  facet normal -0.444696 -0.895681 0
    outer loop
      vertex 93.75 101.372 1.49
      vertex 93.5506 101.471 3
      vertex 93.5506 101.471 1.49
    endloop
  endfacet
  facet normal -0.831566 0.555426 0
    outer loop
      vertex 94.2487 98.8651 1.49
      vertex 94.3722 99.05 3
      vertex 94.3722 99.05 1.49
    endloop
  endfacet
  facet normal -0.831566 0.555426 0
    outer loop
      vertex 94.3722 99.05 3
      vertex 94.2487 98.8651 1.49
      vertex 94.2487 98.8651 3
    endloop
  endfacet
  facet normal 0.997872 0.0652057 0
    outer loop
      vertex 91.2145 99.6781 3
      vertex 91.2 99.9 1.49
      vertex 91.2 99.9 3
    endloop
  endfacet
  facet normal 0.997872 0.0652057 0
    outer loop
      vertex 91.2 99.9 1.49
      vertex 91.2145 99.6781 3
      vertex 91.2145 99.6781 1.49
    endloop
  endfacet
  facet normal -0.44253 0.896754 0
    outer loop
      vertex 93.75 98.4278 1.49
      vertex 93.5506 98.3294 3
      vertex 93.75 98.4278 3
    endloop
  endfacet
  facet normal -0.44253 0.896754 0
    outer loop
      vertex 93.5506 98.3294 3
      vertex 93.75 98.4278 1.49
      vertex 93.5506 98.3294 1.49
    endloop
  endfacet
  facet normal 0.980753 -0.195251 0
    outer loop
      vertex 91.2145 100.122 3
      vertex 91.2579 100.34 1.49
      vertex 91.2579 100.34 3
    endloop
  endfacet
  facet normal 0.980753 -0.195251 0
    outer loop
      vertex 91.2579 100.34 1.49
      vertex 91.2145 100.122 3
      vertex 91.2145 100.122 1.49
    endloop
  endfacet
  facet normal 0.896754 0.44253 0
    outer loop
      vertex 91.4278 99.05 3
      vertex 91.3294 99.2494 1.49
      vertex 91.3294 99.2494 3
    endloop
  endfacet
  facet normal 0.896754 0.44253 0
    outer loop
      vertex 91.3294 99.2494 1.49
      vertex 91.4278 99.05 3
      vertex 91.4278 99.05 1.49
    endloop
  endfacet
  facet normal 0.947101 -0.320937 0
    outer loop
      vertex 91.2579 100.34 3
      vertex 91.3294 100.551 1.49
      vertex 91.3294 100.551 3
    endloop
  endfacet
  facet normal 0.947101 -0.320937 0
    outer loop
      vertex 91.3294 100.551 1.49
      vertex 91.2579 100.34 3
      vertex 91.2579 100.34 1.49
    endloop
  endfacet
  facet normal 0.553869 -0.832604 0
    outer loop
      vertex 91.8651 101.249 3
      vertex 92.05 101.372 1.49
      vertex 92.05 101.372 3
    endloop
  endfacet
  facet normal 0.553869 -0.832604 0
    outer loop
      vertex 92.05 101.372 1.49
      vertex 91.8651 101.249 3
      vertex 91.8651 101.249 1.49
    endloop
  endfacet
  facet normal -0.8964 -0.443245 0
    outer loop
      vertex 94.4706 100.551 1.49
      vertex 94.3722 100.75 3
      vertex 94.3722 100.75 1.49
    endloop
  endfacet
  facet normal -0.8964 -0.443245 0
    outer loop
      vertex 94.3722 100.75 3
      vertex 94.4706 100.551 1.49
      vertex 94.4706 100.551 3
    endloop
  endfacet
  facet normal 0.997874 -0.0651764 0
    outer loop
      vertex 91.2 99.9 3
      vertex 91.2145 100.122 1.49
      vertex 91.2145 100.122 3
    endloop
  endfacet
  facet normal 0.997874 -0.0651764 0
    outer loop
      vertex 91.2145 100.122 1.49
      vertex 91.2 99.9 3
      vertex 91.2 99.9 1.49
    endloop
  endfacet
  facet normal 0.321484 0.946915 0
    outer loop
      vertex 92.46 98.2579 3
      vertex 92.2494 98.3294 1.49
      vertex 92.2494 98.3294 3
    endloop
  endfacet
  facet normal 0.321484 0.946915 0
    outer loop
      vertex 92.2494 98.3294 1.49
      vertex 92.46 98.2579 3
      vertex 92.46 98.2579 1.49
    endloop
  endfacet
  facet normal 0.444696 -0.895681 0
    outer loop
      vertex 92.05 101.372 1.49
      vertex 92.2494 101.471 3
      vertex 92.05 101.372 3
    endloop
  endfacet
  facet normal 0.444696 -0.895681 0
    outer loop
      vertex 92.2494 101.471 3
      vertex 92.05 101.372 1.49
      vertex 92.2494 101.471 1.49
    endloop
  endfacet
  facet normal 0.831704 -0.555219 0
    outer loop
      vertex 91.4278 100.75 3
      vertex 91.5513 100.935 1.49
      vertex 91.5513 100.935 3
    endloop
  endfacet
  facet normal 0.831704 -0.555219 0
    outer loop
      vertex 91.5513 100.935 1.49
      vertex 91.4278 100.75 3
      vertex 91.4278 100.75 1.49
    endloop
  endfacet
  facet normal 0.555426 0.831566 -0
    outer loop
      vertex 92.05 98.4278 1.49
      vertex 91.8651 98.5513 3
      vertex 92.05 98.4278 3
    endloop
  endfacet
  facet normal 0.555426 0.831566 0
    outer loop
      vertex 91.8651 98.5513 3
      vertex 92.05 98.4278 1.49
      vertex 91.8651 98.5513 1.49
    endloop
  endfacet
  facet normal -0.706363 -0.0463551 -0.70633
    outer loop
      vertex 96.09 99.9 0
      vertex 94.5855 100.122 1.49
      vertex 96.0627 100.316 0
    endloop
  endfacet
  facet normal -0.706354 -0.0461357 -0.706354
    outer loop
      vertex 94.5855 100.122 1.49
      vertex 96.09 99.9 0
      vertex 94.6 99.9 1.49
    endloop
  endfacet
  facet normal 0.588747 -0.393029 -0.706332
    outer loop
      vertex 91.4278 100.75 1.49
      vertex 90.3692 101.842 0
      vertex 91.5513 100.935 1.49
    endloop
  endfacet
  facet normal 0.588607 -0.393196 -0.706356
    outer loop
      vertex 90.3692 101.842 0
      vertex 91.4278 100.75 1.49
      vertex 90.1374 101.495 0
    endloop
  endfacet
  facet normal -0.466496 -0.532314 -0.706416
    outer loop
      vertex 94.1021 101.102 1.49
      vertex 94.8419 102.431 0
      vertex 95.1557 102.156 0
    endloop
  endfacet
  facet normal -0.467427 -0.531659 -0.706294
    outer loop
      vertex 94.8419 102.431 0
      vertex 94.1021 101.102 1.49
      vertex 93.9349 101.249 1.49
    endloop
  endfacet
  facet normal -0.466636 0.532281 -0.706348
    outer loop
      vertex 94.8419 97.3692 0
      vertex 94.1021 98.6979 1.49
      vertex 95.1557 97.6443 0
    endloop
  endfacet
  facet normal -0.466676 0.532253 -0.706343
    outer loop
      vertex 94.1021 98.6979 1.49
      vertex 94.8419 97.3692 0
      vertex 93.9349 98.5513 1.49
    endloop
  endfacet
  facet normal -0.139089 -0.694088 -0.706326
    outer loop
      vertex 93.34 101.542 1.49
      vertex 93.3164 103.063 0
      vertex 93.7256 102.981 0
    endloop
  endfacet
  facet normal -0.136883 -0.694286 -0.706562
    outer loop
      vertex 93.3164 103.063 0
      vertex 93.34 101.542 1.49
      vertex 93.1219 101.585 1.49
    endloop
  endfacet
  facet normal -0.588557 0.393276 -0.706353
    outer loop
      vertex 95.4308 97.9581 0
      vertex 94.3722 99.05 1.49
      vertex 95.6626 98.305 0
    endloop
  endfacet
  facet normal -0.588644 0.393172 -0.706338
    outer loop
      vertex 94.3722 99.05 1.49
      vertex 95.4308 97.9581 0
      vertex 94.2487 98.8651 1.49
    endloop
  endfacet
  facet normal 0.63477 0.313247 -0.70636
    outer loop
      vertex 90.1374 98.305 0
      vertex 91.3294 99.2494 1.49
      vertex 91.4278 99.05 1.49
    endloop
  endfacet
  facet normal 0.634819 0.313169 -0.70635
    outer loop
      vertex 91.3294 99.2494 1.49
      vertex 90.1374 98.305 0
      vertex 89.9528 98.6792 0
    endloop
  endfacet
  facet normal 0.634504 -0.313744 -0.706378
    outer loop
      vertex 91.3294 100.551 1.49
      vertex 90.1374 101.495 0
      vertex 91.4278 100.75 1.49
    endloop
  endfacet
  facet normal 0.634776 -0.313315 -0.706324
    outer loop
      vertex 90.1374 101.495 0
      vertex 91.3294 100.551 1.49
      vertex 89.9528 101.121 0
    endloop
  endfacet
  facet normal 0.531913 -0.466937 -0.706426
    outer loop
      vertex 91.5513 100.935 1.49
      vertex 90.6443 102.156 0
      vertex 91.6979 101.102 1.49
    endloop
  endfacet
  facet normal 0.532425 -0.466466 -0.706352
    outer loop
      vertex 90.6443 102.156 0
      vertex 91.5513 100.935 1.49
      vertex 90.3692 101.842 0
    endloop
  endfacet
  facet normal -0.634776 -0.313315 -0.706324
    outer loop
      vertex 94.4706 100.551 1.49
      vertex 95.6626 101.495 0
      vertex 95.8472 101.121 0
    endloop
  endfacet
  facet normal -0.634504 -0.313744 -0.706378
    outer loop
      vertex 95.6626 101.495 0
      vertex 94.4706 100.551 1.49
      vertex 94.3722 100.75 1.49
    endloop
  endfacet
  facet normal -0.0463103 0.70636 -0.706337
    outer loop
      vertex 92.9 96.71 0
      vertex 93.1219 98.2145 1.49
      vertex 93.3164 96.7373 0
    endloop
  endfacet
  facet normal -0.0461565 0.706353 -0.706353
    outer loop
      vertex 93.1219 98.2145 1.49
      vertex 92.9 96.71 0
      vertex 92.9 98.2 1.49
    endloop
  endfacet
  facet normal -0.313165 0.634813 -0.706357
    outer loop
      vertex 94.1208 96.9528 0
      vertex 93.75 98.4278 1.49
      vertex 94.495 97.1374 0
    endloop
  endfacet
  facet normal -0.313252 0.634781 -0.706347
    outer loop
      vertex 93.75 98.4278 1.49
      vertex 94.1208 96.9528 0
      vertex 93.5506 98.3294 1.49
    endloop
  endfacet
  facet normal -0.532283 0.466639 -0.706345
    outer loop
      vertex 95.1557 97.6443 0
      vertex 94.2487 98.8651 1.49
      vertex 95.4308 97.9581 0
    endloop
  endfacet
  facet normal -0.532248 0.466672 -0.70635
    outer loop
      vertex 94.2487 98.8651 1.49
      vertex 95.1557 97.6443 0
      vertex 94.1021 98.6979 1.49
    endloop
  endfacet
  facet normal -0.670332 0.227458 -0.706342
    outer loop
      vertex 95.8472 98.6792 0
      vertex 94.5421 99.46 1.49
      vertex 95.9813 99.0744 0
    endloop
  endfacet
  facet normal -0.670282 0.227565 -0.706354
    outer loop
      vertex 94.5421 99.46 1.49
      vertex 95.8472 98.6792 0
      vertex 94.4706 99.2494 1.49
    endloop
  endfacet
  facet normal 0.22757 0.670298 -0.706338
    outer loop
      vertex 92.0744 96.8187 0
      vertex 92.2494 98.3294 1.49
      vertex 92.46 98.2579 1.49
    endloop
  endfacet
  facet normal 0.227455 0.670323 -0.70635
    outer loop
      vertex 92.2494 98.3294 1.49
      vertex 92.0744 96.8187 0
      vertex 91.6792 96.9528 0
    endloop
  endfacet
  facet normal 0.67044 -0.227187 -0.706325
    outer loop
      vertex 91.2579 100.34 1.49
      vertex 89.9528 101.121 0
      vertex 91.3294 100.551 1.49
    endloop
  endfacet
  facet normal 0.670271 -0.227553 -0.706369
    outer loop
      vertex 89.9528 101.121 0
      vertex 91.2579 100.34 1.49
      vertex 89.8187 100.726 0
    endloop
  endfacet
  facet normal 0.226141 -0.670777 -0.706341
    outer loop
      vertex 92.2494 101.471 1.49
      vertex 92.0744 102.981 0
      vertex 92.46 101.542 1.49
    endloop
  endfacet
  facet normal 0.227348 -0.670508 -0.70621
    outer loop
      vertex 92.0744 102.981 0
      vertex 92.2494 101.471 1.49
      vertex 91.6792 102.847 0
    endloop
  endfacet
  facet normal 0.706384 -0.0461377 -0.706323
    outer loop
      vertex 91.2 99.9 1.49
      vertex 89.7373 100.316 0
      vertex 91.2145 100.122 1.49
    endloop
  endfacet
  facet normal 0.706347 -0.046354 -0.706347
    outer loop
      vertex 89.7373 100.316 0
      vertex 91.2 99.9 1.49
      vertex 89.71 99.9 0
    endloop
  endfacet
  facet normal -0.634819 0.313169 -0.70635
    outer loop
      vertex 95.6626 98.305 0
      vertex 94.4706 99.2494 1.49
      vertex 95.8472 98.6792 0
    endloop
  endfacet
  facet normal -0.63477 0.313247 -0.70636
    outer loop
      vertex 94.4706 99.2494 1.49
      vertex 95.6626 98.305 0
      vertex 94.3722 99.05 1.49
    endloop
  endfacet
  facet normal 0.467427 -0.531659 -0.706294
    outer loop
      vertex 91.6979 101.102 1.49
      vertex 90.9581 102.431 0
      vertex 91.8651 101.249 1.49
    endloop
  endfacet
  facet normal 0.466496 -0.532314 -0.706416
    outer loop
      vertex 90.9581 102.431 0
      vertex 91.6979 101.102 1.49
      vertex 90.6443 102.156 0
    endloop
  endfacet
  facet normal -0.393522 -0.588418 -0.706332
    outer loop
      vertex 93.9349 101.249 1.49
      vertex 94.495 102.663 0
      vertex 94.8419 102.431 0
    endloop
  endfacet
  facet normal -0.39197 -0.589229 -0.706519
    outer loop
      vertex 94.495 102.663 0
      vertex 93.9349 101.249 1.49
      vertex 93.75 101.372 1.49
    endloop
  endfacet
  facet normal -0.0477445 -0.7063 -0.7063
    outer loop
      vertex 92.9 103.09 0
      vertex 93.1219 101.585 1.49
      vertex 92.9 101.6 1.49
    endloop
  endfacet
  facet normal -0.0457924 -0.70622 -0.70651
    outer loop
      vertex 93.1219 101.585 1.49
      vertex 92.9 103.09 0
      vertex 93.3164 103.063 0
    endloop
  endfacet
  facet normal -0.227455 0.670323 -0.70635
    outer loop
      vertex 93.7256 96.8187 0
      vertex 93.5506 98.3294 1.49
      vertex 94.1208 96.9528 0
    endloop
  endfacet
  facet normal -0.22757 0.670298 -0.706338
    outer loop
      vertex 93.5506 98.3294 1.49
      vertex 93.7256 96.8187 0
      vertex 93.34 98.2579 1.49
    endloop
  endfacet
  facet normal 0.466676 0.532253 -0.706343
    outer loop
      vertex 90.9581 97.3692 0
      vertex 91.6979 98.6979 1.49
      vertex 91.8651 98.5513 1.49
    endloop
  endfacet
  facet normal 0.466636 0.532281 -0.706348
    outer loop
      vertex 91.6979 98.6979 1.49
      vertex 90.9581 97.3692 0
      vertex 90.6443 97.6443 0
    endloop
  endfacet
  facet normal 0.39197 -0.589229 -0.706519
    outer loop
      vertex 91.8651 101.249 1.49
      vertex 91.305 102.663 0
      vertex 92.05 101.372 1.49
    endloop
  endfacet
  facet normal 0.393522 -0.588418 -0.706332
    outer loop
      vertex 91.305 102.663 0
      vertex 91.8651 101.249 1.49
      vertex 90.9581 102.431 0
    endloop
  endfacet
  facet normal 0.314868 -0.634188 -0.706161
    outer loop
      vertex 92.05 101.372 1.49
      vertex 91.6792 102.847 0
      vertex 92.2494 101.471 1.49
    endloop
  endfacet
  facet normal 0.312303 -0.635129 -0.706455
    outer loop
      vertex 91.6792 102.847 0
      vertex 92.05 101.372 1.49
      vertex 91.305 102.663 0
    endloop
  endfacet
  facet normal -0.393282 0.588566 -0.706342
    outer loop
      vertex 94.495 97.1374 0
      vertex 93.9349 98.5513 1.49
      vertex 94.8419 97.3692 0
    endloop
  endfacet
  facet normal -0.393162 0.588629 -0.706357
    outer loop
      vertex 93.9349 98.5513 1.49
      vertex 94.495 97.1374 0
      vertex 93.75 98.4278 1.49
    endloop
  endfacet
  facet normal -0.588607 -0.393196 -0.706356
    outer loop
      vertex 94.3722 100.75 1.49
      vertex 95.4308 101.842 0
      vertex 95.6626 101.495 0
    endloop
  endfacet
  facet normal -0.588747 -0.393029 -0.706332
    outer loop
      vertex 95.4308 101.842 0
      vertex 94.3722 100.75 1.49
      vertex 94.2487 100.935 1.49
    endloop
  endfacet
  facet normal 0.0461565 0.706353 -0.706353
    outer loop
      vertex 92.9 96.71 0
      vertex 92.6781 98.2145 1.49
      vertex 92.9 98.2 1.49
    endloop
  endfacet
  facet normal 0.0463103 0.70636 -0.706337
    outer loop
      vertex 92.6781 98.2145 1.49
      vertex 92.9 96.71 0
      vertex 92.4836 96.7373 0
    endloop
  endfacet
  facet normal -0.694338 -0.137852 -0.706322
    outer loop
      vertex 94.5855 100.122 1.49
      vertex 95.9813 100.726 0
      vertex 96.0627 100.316 0
    endloop
  endfacet
  facet normal -0.694227 -0.138208 -0.706362
    outer loop
      vertex 95.9813 100.726 0
      vertex 94.5855 100.122 1.49
      vertex 94.5421 100.34 1.49
    endloop
  endfacet
  facet normal -0.532425 -0.466466 -0.706352
    outer loop
      vertex 94.2487 100.935 1.49
      vertex 95.1557 102.156 0
      vertex 95.4308 101.842 0
    endloop
  endfacet
  facet normal -0.531913 -0.466937 -0.706426
    outer loop
      vertex 95.1557 102.156 0
      vertex 94.2487 100.935 1.49
      vertex 94.1021 101.102 1.49
    endloop
  endfacet
  facet normal 0.532248 0.466672 -0.70635
    outer loop
      vertex 90.6443 97.6443 0
      vertex 91.5513 98.8651 1.49
      vertex 91.6979 98.6979 1.49
    endloop
  endfacet
  facet normal 0.532283 0.466639 -0.706345
    outer loop
      vertex 91.5513 98.8651 1.49
      vertex 90.6443 97.6443 0
      vertex 90.3692 97.9581 0
    endloop
  endfacet
  facet normal 0.694227 -0.138208 -0.706362
    outer loop
      vertex 91.2145 100.122 1.49
      vertex 89.8187 100.726 0
      vertex 91.2579 100.34 1.49
    endloop
  endfacet
  facet normal 0.694338 -0.137852 -0.706322
    outer loop
      vertex 89.8187 100.726 0
      vertex 91.2145 100.122 1.49
      vertex 89.7373 100.316 0
    endloop
  endfacet
  facet normal 0.0457924 -0.70622 -0.70651
    outer loop
      vertex 92.9 103.09 0
      vertex 92.6781 101.585 1.49
      vertex 92.4836 103.063 0
    endloop
  endfacet
  facet normal 0.0477445 -0.7063 -0.7063
    outer loop
      vertex 92.6781 101.585 1.49
      vertex 92.9 103.09 0
      vertex 92.9 101.6 1.49
    endloop
  endfacet
  facet normal 0.694259 0.138152 -0.706342
    outer loop
      vertex 89.8187 99.0744 0
      vertex 91.2145 99.6781 1.49
      vertex 91.2579 99.46 1.49
    endloop
  endfacet
  facet normal 0.694273 0.138108 -0.706337
    outer loop
      vertex 91.2145 99.6781 1.49
      vertex 89.8187 99.0744 0
      vertex 89.7373 99.4836 0
    endloop
  endfacet
  facet normal 0.670282 0.227565 -0.706354
    outer loop
      vertex 89.9528 98.6792 0
      vertex 91.2579 99.46 1.49
      vertex 91.3294 99.2494 1.49
    endloop
  endfacet
  facet normal 0.670332 0.227458 -0.706342
    outer loop
      vertex 91.2579 99.46 1.49
      vertex 89.9528 98.6792 0
      vertex 89.8187 99.0744 0
    endloop
  endfacet
  facet normal 0.588644 0.393172 -0.706338
    outer loop
      vertex 90.3692 97.9581 0
      vertex 91.4278 99.05 1.49
      vertex 91.5513 98.8651 1.49
    endloop
  endfacet
  facet normal 0.588557 0.393276 -0.706353
    outer loop
      vertex 91.4278 99.05 1.49
      vertex 90.3692 97.9581 0
      vertex 90.1374 98.305 0
    endloop
  endfacet
  facet normal 0.136883 -0.694286 -0.706562
    outer loop
      vertex 92.46 101.542 1.49
      vertex 92.4836 103.063 0
      vertex 92.6781 101.585 1.49
    endloop
  endfacet
  facet normal 0.139089 -0.694088 -0.706326
    outer loop
      vertex 92.4836 103.063 0
      vertex 92.46 101.542 1.49
      vertex 92.0744 102.981 0
    endloop
  endfacet
  facet normal -0.138107 0.694269 -0.70634
    outer loop
      vertex 93.3164 96.7373 0
      vertex 93.34 98.2579 1.49
      vertex 93.7256 96.8187 0
    endloop
  endfacet
  facet normal -0.138153 0.694265 -0.706335
    outer loop
      vertex 93.34 98.2579 1.49
      vertex 93.3164 96.7373 0
      vertex 93.1219 98.2145 1.49
    endloop
  endfacet
  facet normal -0.227348 -0.670508 -0.70621
    outer loop
      vertex 93.5506 101.471 1.49
      vertex 93.7256 102.981 0
      vertex 94.1208 102.847 0
    endloop
  endfacet
  facet normal -0.226141 -0.670777 -0.706341
    outer loop
      vertex 93.7256 102.981 0
      vertex 93.5506 101.471 1.49
      vertex 93.34 101.542 1.49
    endloop
  endfacet
  facet normal -0.312303 -0.635129 -0.706455
    outer loop
      vertex 93.75 101.372 1.49
      vertex 94.1208 102.847 0
      vertex 94.495 102.663 0
    endloop
  endfacet
  facet normal -0.314868 -0.634188 -0.706161
    outer loop
      vertex 94.1208 102.847 0
      vertex 93.75 101.372 1.49
      vertex 93.5506 101.471 1.49
    endloop
  endfacet
  facet normal -0.706353 0.0461565 -0.706353
    outer loop
      vertex 96.09 99.9 0
      vertex 94.5855 99.6781 1.49
      vertex 94.6 99.9 1.49
    endloop
  endfacet
  facet normal -0.70636 0.0463103 -0.706337
    outer loop
      vertex 94.5855 99.6781 1.49
      vertex 96.09 99.9 0
      vertex 96.0627 99.4836 0
    endloop
  endfacet
  facet normal -0.694273 0.138108 -0.706337
    outer loop
      vertex 95.9813 99.0744 0
      vertex 94.5855 99.6781 1.49
      vertex 96.0627 99.4836 0
    endloop
  endfacet
  facet normal -0.694259 0.138152 -0.706342
    outer loop
      vertex 94.5855 99.6781 1.49
      vertex 95.9813 99.0744 0
      vertex 94.5421 99.46 1.49
    endloop
  endfacet
  facet normal -0.670271 -0.227553 -0.706369
    outer loop
      vertex 94.5421 100.34 1.49
      vertex 95.8472 101.121 0
      vertex 95.9813 100.726 0
    endloop
  endfacet
  facet normal -0.67044 -0.227187 -0.706325
    outer loop
      vertex 95.8472 101.121 0
      vertex 94.5421 100.34 1.49
      vertex 94.4706 100.551 1.49
    endloop
  endfacet
  facet normal 0.138153 0.694265 -0.706335
    outer loop
      vertex 92.4836 96.7373 0
      vertex 92.46 98.2579 1.49
      vertex 92.6781 98.2145 1.49
    endloop
  endfacet
  facet normal 0.138107 0.694269 -0.70634
    outer loop
      vertex 92.46 98.2579 1.49
      vertex 92.4836 96.7373 0
      vertex 92.0744 96.8187 0
    endloop
  endfacet
  facet normal 0.313252 0.634781 -0.706347
    outer loop
      vertex 91.6792 96.9528 0
      vertex 92.05 98.4278 1.49
      vertex 92.2494 98.3294 1.49
    endloop
  endfacet
  facet normal 0.313165 0.634813 -0.706357
    outer loop
      vertex 92.05 98.4278 1.49
      vertex 91.6792 96.9528 0
      vertex 91.305 97.1374 0
    endloop
  endfacet
  facet normal 0.393162 0.588629 -0.706357
    outer loop
      vertex 91.305 97.1374 0
      vertex 91.8651 98.5513 1.49
      vertex 92.05 98.4278 1.49
    endloop
  endfacet
  facet normal 0.393282 0.588566 -0.706342
    outer loop
      vertex 91.8651 98.5513 1.49
      vertex 91.305 97.1374 0
      vertex 90.9581 97.3692 0
    endloop
  endfacet
  facet normal 0.706375 0.0461579 -0.706332
    outer loop
      vertex 89.7373 99.4836 0
      vertex 91.2 99.9 1.49
      vertex 91.2145 99.6781 1.49
    endloop
  endfacet
  facet normal 0.706348 0.0463096 -0.706348
    outer loop
      vertex 91.2 99.9 1.49
      vertex 89.7373 99.4836 0
      vertex 89.71 99.9 0
    endloop
  endfacet
endsolid OpenSCAD_Model
