solid OpenSCAD_Model
  facet normal 0.980728 0.195379 0
    outer loop
      vertex 98.3743 142.792 23.5
      vertex 98.2978 143.176 0
      vertex 98.2978 143.176 23.5
    endloop
  endfacet
  facet normal 0.980728 0.195379 0
    outer loop
      vertex 98.2978 143.176 0
      vertex 98.3743 142.792 23.5
      vertex 98.3743 142.792 0
    endloop
  endfacet
  facet normal 0.321194 0.947013 -0
    outer loop
      vertex 96.548 145.172 0
      vertex 96.1765 145.298 23.5
      vertex 96.548 145.172 23.5
    endloop
  endfacet
  facet normal 0.321194 0.947013 0
    outer loop
      vertex 96.1765 145.298 23.5
      vertex 96.548 145.172 0
      vertex 96.1765 145.298 0
    endloop
  endfacet
  facet normal 0.896961 0.44211 0
    outer loop
      vertex 98.1716 143.548 23.5
      vertex 97.9981 143.9 0
      vertex 97.9981 143.9 23.5
    endloop
  endfacet
  facet normal 0.896961 0.44211 0
    outer loop
      vertex 97.9981 143.9 0
      vertex 98.1716 143.548 23.5
      vertex 98.1716 143.548 0
    endloop
  endfacet
  facet normal 0 1 -0
    outer loop
      vertex 95.4 145.4 0
      vertex 3 145.4 23.5
      vertex 95.4 145.4 23.5
    endloop
  endfacet
  facet normal 0 1 0
    outer loop
      vertex 3 145.4 23.5
      vertex 95.4 145.4 0
      vertex 3 145.4 0
    endloop
  endfacet
  facet normal 0.193714 0.981058 -0
    outer loop
      vertex 96.1765 145.298 0
      vertex 95.7916 145.374 23.5
      vertex 96.1765 145.298 23.5
    endloop
  endfacet
  facet normal 0.193714 0.981058 0
    outer loop
      vertex 95.7916 145.374 23.5
      vertex 96.1765 145.298 0
      vertex 95.7916 145.374 0
    endloop
  endfacet
  facet normal -0.946928 -0.321446 0
    outer loop
      vertex 0.228363 1.85195 0
      vertex 0.102219 2.22355 23.5
      vertex 0.102219 2.22355 0
    endloop
  endfacet
  facet normal -0.946928 -0.321446 0
    outer loop
      vertex 0.102219 2.22355 23.5
      vertex 0.228363 1.85195 0
      vertex 0.228363 1.85195 23.5
    endloop
  endfacet
  facet normal 0.0662484 0.997803 -0
    outer loop
      vertex 95.7916 145.374 0
      vertex 95.4 145.4 23.5
      vertex 95.7916 145.374 23.5
    endloop
  endfacet
  facet normal 0.0662484 0.997803 0
    outer loop
      vertex 95.4 145.4 23.5
      vertex 95.7916 145.374 0
      vertex 95.4 145.4 0
    endloop
  endfacet
  facet normal -0.831245 0.555906 0
    outer loop
      vertex 0.401917 143.9 0
      vertex 0.619934 144.226 23.5
      vertex 0.619934 144.226 0
    endloop
  endfacet
  facet normal -0.831245 0.555906 0
    outer loop
      vertex 0.619934 144.226 23.5
      vertex 0.401917 143.9 0
      vertex 0.401917 143.9 23.5
    endloop
  endfacet
  facet normal -0.751796 0.659396 0
    outer loop
      vertex 0.619934 144.226 0
      vertex 0.878677 144.521 23.5
      vertex 0.878677 144.521 0
    endloop
  endfacet
  facet normal -0.751796 0.659396 0
    outer loop
      vertex 0.878677 144.521 23.5
      vertex 0.619934 144.226 0
      vertex 0.619934 144.226 23.5
    endloop
  endfacet
  facet normal -0.443195 0.896425 0
    outer loop
      vertex 1.85194 145.172 0
      vertex 1.5 144.998 23.5
      vertex 1.85194 145.172 23.5
    endloop
  endfacet
  facet normal -0.443195 0.896425 0
    outer loop
      vertex 1.5 144.998 23.5
      vertex 1.85194 145.172 0
      vertex 1.5 144.998 0
    endloop
  endfacet
  facet normal -0.0654043 -0.997859 0
    outer loop
      vertex 2.60843 0.0256714 0
      vertex 3 6.10352e-06 23.5
      vertex 2.60843 0.0256714 23.5
    endloop
  endfacet
  facet normal -0.0654043 -0.997859 -0
    outer loop
      vertex 3 6.10352e-06 23.5
      vertex 2.60843 0.0256714 0
      vertex 3 6.10352e-06 0
    endloop
  endfacet
  facet normal 1 -0 0
    outer loop
      vertex 98.4 3.00001 23.5
      vertex 98.4 142.4 0
      vertex 98.4 142.4 23.5
    endloop
  endfacet
  facet normal 1 0 0
    outer loop
      vertex 98.4 142.4 0
      vertex 98.4 3.00001 23.5
      vertex 98.4 3.00001 0
    endloop
  endfacet
  facet normal -1 0 0
    outer loop
      vertex 0 3.00001 0
      vertex 0 142.4 23.5
      vertex 0 142.4 0
    endloop
  endfacet
  facet normal -1 -0 0
    outer loop
      vertex 0 142.4 23.5
      vertex 0 3.00001 0
      vertex 0 3.00001 23.5
    endloop
  endfacet
  facet normal -0.442281 -0.896876 0
    outer loop
      vertex 1.5 0.401923 0
      vertex 1.85194 0.228369 23.5
      vertex 1.5 0.401923 23.5
    endloop
  endfacet
  facet normal -0.442281 -0.896876 -0
    outer loop
      vertex 1.85194 0.228369 23.5
      vertex 1.5 0.401923 0
      vertex 1.85194 0.228369 0
    endloop
  endfacet
  facet normal 0.831265 0.555877 0
    outer loop
      vertex 97.9981 143.9 23.5
      vertex 97.7801 144.226 0
      vertex 97.7801 144.226 23.5
    endloop
  endfacet
  facet normal 0.831265 0.555877 0
    outer loop
      vertex 97.7801 144.226 0
      vertex 97.9981 143.9 23.5
      vertex 97.9981 143.9 0
    endloop
  endfacet
  facet normal -0.659342 -0.751843 0
    outer loop
      vertex 0.878677 0.878683 0
      vertex 1.17372 0.61994 23.5
      vertex 0.878677 0.878683 23.5
    endloop
  endfacet
  facet normal -0.659342 -0.751843 -0
    outer loop
      vertex 1.17372 0.61994 23.5
      vertex 0.878677 0.878683 0
      vertex 1.17372 0.61994 0
    endloop
  endfacet
  facet normal 0.321523 -0.946902 0
    outer loop
      vertex 96.1765 0.102225 0
      vertex 96.548 0.228369 23.5
      vertex 96.1765 0.102225 23.5
    endloop
  endfacet
  facet normal 0.321523 -0.946902 0
    outer loop
      vertex 96.548 0.228369 23.5
      vertex 96.1765 0.102225 0
      vertex 96.548 0.228369 0
    endloop
  endfacet
  facet normal -0.980788 -0.195076 0
    outer loop
      vertex 0.102219 2.22355 0
      vertex 0.0256653 2.60844 23.5
      vertex 0.0256653 2.60844 0
    endloop
  endfacet
  facet normal -0.980788 -0.195076 0
    outer loop
      vertex 0.0256653 2.60844 23.5
      vertex 0.102219 2.22355 0
      vertex 0.102219 2.22355 23.5
    endloop
  endfacet
  facet normal 0.997853 -0.0654923 0
    outer loop
      vertex 98.3743 2.60844 23.5
      vertex 98.4 3.00001 0
      vertex 98.4 3.00001 23.5
    endloop
  endfacet
  facet normal 0.997853 -0.0654923 0
    outer loop
      vertex 98.4 3.00001 0
      vertex 98.3743 2.60844 23.5
      vertex 98.3743 2.60844 0
    endloop
  endfacet
  facet normal 0 -1 0
    outer loop
      vertex 55.4112 6.10352e-06 20.6231
      vertex 73 6.10352e-06 20.65
      vertex 55 6.10352e-06 20.65
    endloop
  endfacet
  facet normal 0 -1 0
    outer loop
      vertex 55.4112 6.10352e-06 20.6231
      vertex 72.5888 6.10352e-06 20.6231
      vertex 73 6.10352e-06 20.65
    endloop
  endfacet
  facet normal 0 -1 0
    outer loop
      vertex 55.8153 6.10352e-06 20.5427
      vertex 72.5888 6.10352e-06 20.6231
      vertex 55.4112 6.10352e-06 20.6231
    endloop
  endfacet
  facet normal 0 -1 0
    outer loop
      vertex 55.8153 6.10352e-06 20.5427
      vertex 72.1847 6.10352e-06 20.5427
      vertex 72.5888 6.10352e-06 20.6231
    endloop
  endfacet
  facet normal 0 -1 0
    outer loop
      vertex 56.2055 6.10352e-06 20.4102
      vertex 72.1847 6.10352e-06 20.5427
      vertex 55.8153 6.10352e-06 20.5427
    endloop
  endfacet
  facet normal 0 -1 0
    outer loop
      vertex 56.2055 6.10352e-06 20.4102
      vertex 71.7945 6.10352e-06 20.4102
      vertex 72.1847 6.10352e-06 20.5427
    endloop
  endfacet
  facet normal 0 -1 0
    outer loop
      vertex 56.575 6.10352e-06 20.228
      vertex 71.7945 6.10352e-06 20.4102
      vertex 56.2055 6.10352e-06 20.4102
    endloop
  endfacet
  facet normal 0 -1 0
    outer loop
      vertex 56.575 6.10352e-06 20.228
      vertex 71.425 6.10352e-06 20.228
      vertex 71.7945 6.10352e-06 20.4102
    endloop
  endfacet
  facet normal 0 -1 0
    outer loop
      vertex 56.9176 6.10352e-06 19.9991
      vertex 71.425 6.10352e-06 20.228
      vertex 56.575 6.10352e-06 20.228
    endloop
  endfacet
  facet normal 0 -1 0
    outer loop
      vertex 56.9176 6.10352e-06 19.9991
      vertex 71.0824 6.10352e-06 19.9991
      vertex 71.425 6.10352e-06 20.228
    endloop
  endfacet
  facet normal 0 -1 0
    outer loop
      vertex 57.2274 6.10352e-06 19.7274
      vertex 71.0824 6.10352e-06 19.9991
      vertex 56.9176 6.10352e-06 19.9991
    endloop
  endfacet
  facet normal 0 -1 0
    outer loop
      vertex 57.2274 6.10352e-06 19.7274
      vertex 70.7726 6.10352e-06 19.7274
      vertex 71.0824 6.10352e-06 19.9991
    endloop
  endfacet
  facet normal 0 -1 0
    outer loop
      vertex 57.4991 6.10352e-06 19.4176
      vertex 70.7726 6.10352e-06 19.7274
      vertex 57.2274 6.10352e-06 19.7274
    endloop
  endfacet
  facet normal 0 -1 0
    outer loop
      vertex 57.4991 6.10352e-06 19.4176
      vertex 70.5009 6.10352e-06 19.4176
      vertex 70.7726 6.10352e-06 19.7274
    endloop
  endfacet
  facet normal 0 -1 0
    outer loop
      vertex 57.728 6.10352e-06 19.075
      vertex 70.5009 6.10352e-06 19.4176
      vertex 57.4991 6.10352e-06 19.4176
    endloop
  endfacet
  facet normal 0 -1 0
    outer loop
      vertex 57.728 6.10352e-06 19.075
      vertex 70.272 6.10352e-06 19.075
      vertex 70.5009 6.10352e-06 19.4176
    endloop
  endfacet
  facet normal 0 -1 0
    outer loop
      vertex 57.9102 6.10352e-06 18.7055
      vertex 70.272 6.10352e-06 19.075
      vertex 57.728 6.10352e-06 19.075
    endloop
  endfacet
  facet normal 0 -1 0
    outer loop
      vertex 57.9102 6.10352e-06 18.7055
      vertex 70.0898 6.10352e-06 18.7055
      vertex 70.272 6.10352e-06 19.075
    endloop
  endfacet
  facet normal 0 -1 0
    outer loop
      vertex 58.0427 6.10352e-06 18.3153
      vertex 70.0898 6.10352e-06 18.7055
      vertex 57.9102 6.10352e-06 18.7055
    endloop
  endfacet
  facet normal 0 -1 0
    outer loop
      vertex 58.0427 6.10352e-06 18.3153
      vertex 69.9573 6.10352e-06 18.3153
      vertex 70.0898 6.10352e-06 18.7055
    endloop
  endfacet
  facet normal 0 -1 0
    outer loop
      vertex 58.1231 6.10352e-06 17.9112
      vertex 69.9573 6.10352e-06 18.3153
      vertex 58.0427 6.10352e-06 18.3153
    endloop
  endfacet
  facet normal 0 -1 0
    outer loop
      vertex 58.1231 6.10352e-06 17.9112
      vertex 69.8769 6.10352e-06 17.9112
      vertex 69.9573 6.10352e-06 18.3153
    endloop
  endfacet
  facet normal 0 -1 0
    outer loop
      vertex 58.15 6.10352e-06 17.5
      vertex 69.8769 6.10352e-06 17.9112
      vertex 58.1231 6.10352e-06 17.9112
    endloop
  endfacet
  facet normal 0 -1 0
    outer loop
      vertex 58.15 6.10352e-06 17.5
      vertex 69.85 6.10352e-06 17.5
      vertex 69.8769 6.10352e-06 17.9112
    endloop
  endfacet
  facet normal 0 -1 0
    outer loop
      vertex 58.1231 6.10352e-06 17.0888
      vertex 69.85 6.10352e-06 17.5
      vertex 58.15 6.10352e-06 17.5
    endloop
  endfacet
  facet normal 0 -1 0
    outer loop
      vertex 58.1231 6.10352e-06 17.0888
      vertex 69.8769 6.10352e-06 17.0888
      vertex 69.85 6.10352e-06 17.5
    endloop
  endfacet
  facet normal 0 -1 0
    outer loop
      vertex 58.0427 6.10352e-06 16.6847
      vertex 69.8769 6.10352e-06 17.0888
      vertex 58.1231 6.10352e-06 17.0888
    endloop
  endfacet
  facet normal 0 -1 0
    outer loop
      vertex 58.0427 6.10352e-06 16.6847
      vertex 69.9573 6.10352e-06 16.6847
      vertex 69.8769 6.10352e-06 17.0888
    endloop
  endfacet
  facet normal 0 -1 0
    outer loop
      vertex 57.9102 6.10352e-06 16.2945
      vertex 69.9573 6.10352e-06 16.6847
      vertex 58.0427 6.10352e-06 16.6847
    endloop
  endfacet
  facet normal 0 -1 0
    outer loop
      vertex 57.9102 6.10352e-06 16.2945
      vertex 70.0898 6.10352e-06 16.2945
      vertex 69.9573 6.10352e-06 16.6847
    endloop
  endfacet
  facet normal 0 -1 0
    outer loop
      vertex 57.728 6.10352e-06 15.925
      vertex 70.0898 6.10352e-06 16.2945
      vertex 57.9102 6.10352e-06 16.2945
    endloop
  endfacet
  facet normal 0 -1 0
    outer loop
      vertex 57.728 6.10352e-06 15.925
      vertex 70.272 6.10352e-06 15.925
      vertex 70.0898 6.10352e-06 16.2945
    endloop
  endfacet
  facet normal 0 -1 0
    outer loop
      vertex 57.4991 6.10352e-06 15.5824
      vertex 70.272 6.10352e-06 15.925
      vertex 57.728 6.10352e-06 15.925
    endloop
  endfacet
  facet normal 0 -1 0
    outer loop
      vertex 57.4991 6.10352e-06 15.5824
      vertex 70.5009 6.10352e-06 15.5824
      vertex 70.272 6.10352e-06 15.925
    endloop
  endfacet
  facet normal 0 -1 0
    outer loop
      vertex 57.2274 6.10352e-06 15.2726
      vertex 70.5009 6.10352e-06 15.5824
      vertex 57.4991 6.10352e-06 15.5824
    endloop
  endfacet
  facet normal 0 -1 0
    outer loop
      vertex 57.2274 6.10352e-06 15.2726
      vertex 70.7726 6.10352e-06 15.2726
      vertex 70.5009 6.10352e-06 15.5824
    endloop
  endfacet
  facet normal 0 -1 0
    outer loop
      vertex 56.9176 6.10352e-06 15.0009
      vertex 70.7726 6.10352e-06 15.2726
      vertex 57.2274 6.10352e-06 15.2726
    endloop
  endfacet
  facet normal 0 -1 0
    outer loop
      vertex 56.9176 6.10352e-06 15.0009
      vertex 71.0824 6.10352e-06 15.0009
      vertex 70.7726 6.10352e-06 15.2726
    endloop
  endfacet
  facet normal 0 -1 0
    outer loop
      vertex 56.575 6.10352e-06 14.772
      vertex 71.0824 6.10352e-06 15.0009
      vertex 56.9176 6.10352e-06 15.0009
    endloop
  endfacet
  facet normal 0 -1 0
    outer loop
      vertex 56.575 6.10352e-06 14.772
      vertex 71.425 6.10352e-06 14.772
      vertex 71.0824 6.10352e-06 15.0009
    endloop
  endfacet
  facet normal 0 -1 0
    outer loop
      vertex 56.2055 6.10352e-06 14.5898
      vertex 71.425 6.10352e-06 14.772
      vertex 56.575 6.10352e-06 14.772
    endloop
  endfacet
  facet normal 0 -1 0
    outer loop
      vertex 56.2055 6.10352e-06 14.5898
      vertex 71.7945 6.10352e-06 14.5898
      vertex 71.425 6.10352e-06 14.772
    endloop
  endfacet
  facet normal 0 -1 0
    outer loop
      vertex 55.8153 6.10352e-06 14.4573
      vertex 71.7945 6.10352e-06 14.5898
      vertex 56.2055 6.10352e-06 14.5898
    endloop
  endfacet
  facet normal 0 -1 0
    outer loop
      vertex 55.8153 6.10352e-06 14.4573
      vertex 72.1847 6.10352e-06 14.4573
      vertex 71.7945 6.10352e-06 14.5898
    endloop
  endfacet
  facet normal 0 -1 0
    outer loop
      vertex 95.4 6.10352e-06 0
      vertex 55.8153 6.10352e-06 14.4573
      vertex 55.4112 6.10352e-06 14.3769
    endloop
  endfacet
  facet normal 0 -1 0
    outer loop
      vertex 55.8153 6.10352e-06 14.4573
      vertex 95.4 6.10352e-06 0
      vertex 72.1847 6.10352e-06 14.4573
    endloop
  endfacet
  facet normal 0 -1 0
    outer loop
      vertex 95.4 6.10352e-06 0
      vertex 55.4112 6.10352e-06 14.3769
      vertex 55 6.10352e-06 14.35
    endloop
  endfacet
  facet normal 0 -1 0
    outer loop
      vertex 72.1847 6.10352e-06 14.4573
      vertex 95.4 6.10352e-06 0
      vertex 72.5888 6.10352e-06 14.3769
    endloop
  endfacet
  facet normal 0 -1 0
    outer loop
      vertex 31.25 6.10352e-06 22.6
      vertex 54.5888 6.10352e-06 20.6231
      vertex 55 6.10352e-06 20.65
    endloop
  endfacet
  facet normal 0 -1 0
    outer loop
      vertex 31.25 6.10352e-06 22.6
      vertex 54.1847 6.10352e-06 20.5427
      vertex 54.5888 6.10352e-06 20.6231
    endloop
  endfacet
  facet normal 0 -1 0
    outer loop
      vertex 31.25 6.10352e-06 22.6
      vertex 53.7945 6.10352e-06 20.4102
      vertex 54.1847 6.10352e-06 20.5427
    endloop
  endfacet
  facet normal 0 -1 0
    outer loop
      vertex 31.25 6.10352e-06 22.6
      vertex 53.425 6.10352e-06 20.228
      vertex 53.7945 6.10352e-06 20.4102
    endloop
  endfacet
  facet normal 0 -1 0
    outer loop
      vertex 31.25 6.10352e-06 22.6
      vertex 53.0824 6.10352e-06 19.9991
      vertex 53.425 6.10352e-06 20.228
    endloop
  endfacet
  facet normal 0 -1 0
    outer loop
      vertex 31.25 6.10352e-06 22.6
      vertex 52.7726 6.10352e-06 19.7274
      vertex 53.0824 6.10352e-06 19.9991
    endloop
  endfacet
  facet normal 0 -1 0
    outer loop
      vertex 31.25 6.10352e-06 22.6
      vertex 52.5009 6.10352e-06 19.4176
      vertex 52.7726 6.10352e-06 19.7274
    endloop
  endfacet
  facet normal 0 -1 0
    outer loop
      vertex 31.25 6.10352e-06 22.6
      vertex 52.272 6.10352e-06 19.075
      vertex 52.5009 6.10352e-06 19.4176
    endloop
  endfacet
  facet normal 0 -1 0
    outer loop
      vertex 31.25 6.10352e-06 22.6
      vertex 52.0898 6.10352e-06 18.7055
      vertex 52.272 6.10352e-06 19.075
    endloop
  endfacet
  facet normal 0 -1 0
    outer loop
      vertex 31.25 6.10352e-06 22.6
      vertex 51.9573 6.10352e-06 18.3153
      vertex 52.0898 6.10352e-06 18.7055
    endloop
  endfacet
  facet normal 0 -1 0
    outer loop
      vertex 31.25 6.10352e-06 22.6
      vertex 51.8769 6.10352e-06 17.9112
      vertex 51.9573 6.10352e-06 18.3153
    endloop
  endfacet
  facet normal 0 -1 0
    outer loop
      vertex 31.25 6.10352e-06 15.6
      vertex 51.8769 6.10352e-06 17.9112
      vertex 31.25 6.10352e-06 22.6
    endloop
  endfacet
  facet normal 0 -1 0
    outer loop
      vertex 51.8769 6.10352e-06 17.9112
      vertex 31.25 6.10352e-06 15.6
      vertex 51.85 6.10352e-06 17.5
    endloop
  endfacet
  facet normal 0 -1 -0
    outer loop
      vertex 51.85 6.10352e-06 17.5
      vertex 31.25 6.10352e-06 15.6
      vertex 51.8769 6.10352e-06 17.0888
    endloop
  endfacet
  facet normal 0 -1 -0
    outer loop
      vertex 51.8769 6.10352e-06 17.0888
      vertex 31.25 6.10352e-06 15.6
      vertex 51.9573 6.10352e-06 16.6847
    endloop
  endfacet
  facet normal 0 -1 -0
    outer loop
      vertex 51.9573 6.10352e-06 16.6847
      vertex 31.25 6.10352e-06 15.6
      vertex 52.0898 6.10352e-06 16.2945
    endloop
  endfacet
  facet normal 0 -1 -0
    outer loop
      vertex 52.0898 6.10352e-06 16.2945
      vertex 31.25 6.10352e-06 15.6
      vertex 52.272 6.10352e-06 15.925
    endloop
  endfacet
  facet normal 0 -1 -0
    outer loop
      vertex 52.272 6.10352e-06 15.925
      vertex 31.25 6.10352e-06 15.6
      vertex 52.5009 6.10352e-06 15.5824
    endloop
  endfacet
  facet normal 0 -1 0
    outer loop
      vertex 31.25 6.10352e-06 22.6
      vertex 3 6.10352e-06 23.5
      vertex 18.75 6.10352e-06 22.6
    endloop
  endfacet
  facet normal 0 -1 0
    outer loop
      vertex 3 6.10352e-06 23.5
      vertex 18.75 6.10352e-06 15.6
      vertex 18.75 6.10352e-06 22.6
    endloop
  endfacet
  facet normal 0 -1 0
    outer loop
      vertex 3 6.10352e-06 0
      vertex 31.25 6.10352e-06 15.6
      vertex 18.75 6.10352e-06 15.6
    endloop
  endfacet
  facet normal 0 -1 0
    outer loop
      vertex 31.25 6.10352e-06 15.6
      vertex 52.7726 6.10352e-06 15.2726
      vertex 52.5009 6.10352e-06 15.5824
    endloop
  endfacet
  facet normal 0 -1 0
    outer loop
      vertex 31.25 6.10352e-06 15.6
      vertex 53.0824 6.10352e-06 15.0009
      vertex 52.7726 6.10352e-06 15.2726
    endloop
  endfacet
  facet normal 0 -1 0
    outer loop
      vertex 31.25 6.10352e-06 15.6
      vertex 53.425 6.10352e-06 14.772
      vertex 53.0824 6.10352e-06 15.0009
    endloop
  endfacet
  facet normal -0 -1 0
    outer loop
      vertex 54.1847 6.10352e-06 14.4573
      vertex 31.25 6.10352e-06 15.6
      vertex 3 6.10352e-06 0
    endloop
  endfacet
  facet normal 0 -1 0
    outer loop
      vertex 31.25 6.10352e-06 15.6
      vertex 53.7945 6.10352e-06 14.5898
      vertex 53.425 6.10352e-06 14.772
    endloop
  endfacet
  facet normal 0 -1 0
    outer loop
      vertex 31.25 6.10352e-06 15.6
      vertex 54.1847 6.10352e-06 14.4573
      vertex 53.7945 6.10352e-06 14.5898
    endloop
  endfacet
  facet normal 0 -1 -0
    outer loop
      vertex 54.1847 6.10352e-06 14.4573
      vertex 3 6.10352e-06 0
      vertex 54.5888 6.10352e-06 14.3769
    endloop
  endfacet
  facet normal 0 -1 0
    outer loop
      vertex 95.4 6.10352e-06 0
      vertex 55 6.10352e-06 14.35
      vertex 3 6.10352e-06 0
    endloop
  endfacet
  facet normal 0 -1 -0
    outer loop
      vertex 54.5888 6.10352e-06 14.3769
      vertex 3 6.10352e-06 0
      vertex 55 6.10352e-06 14.35
    endloop
  endfacet
  facet normal 0 -1 0
    outer loop
      vertex 3 6.10352e-06 0
      vertex 18.75 6.10352e-06 15.6
      vertex 3 6.10352e-06 23.5
    endloop
  endfacet
  facet normal 0 -1 0
    outer loop
      vertex 3 6.10352e-06 23.5
      vertex 31.25 6.10352e-06 22.6
      vertex 95.4 6.10352e-06 23.5
    endloop
  endfacet
  facet normal 0 -1 0
    outer loop
      vertex 55 6.10352e-06 20.65
      vertex 95.4 6.10352e-06 23.5
      vertex 31.25 6.10352e-06 22.6
    endloop
  endfacet
  facet normal 0 -1 0
    outer loop
      vertex 73 6.10352e-06 20.65
      vertex 95.4 6.10352e-06 23.5
      vertex 55 6.10352e-06 20.65
    endloop
  endfacet
  facet normal 0 -1 0
    outer loop
      vertex 73.4112 6.10352e-06 20.6231
      vertex 95.4 6.10352e-06 23.5
      vertex 73 6.10352e-06 20.65
    endloop
  endfacet
  facet normal 0 -1 0
    outer loop
      vertex 73.8153 6.10352e-06 20.5427
      vertex 95.4 6.10352e-06 23.5
      vertex 73.4112 6.10352e-06 20.6231
    endloop
  endfacet
  facet normal 0 -1 0
    outer loop
      vertex 74.2055 6.10352e-06 20.4102
      vertex 95.4 6.10352e-06 23.5
      vertex 73.8153 6.10352e-06 20.5427
    endloop
  endfacet
  facet normal 0 -1 0
    outer loop
      vertex 74.575 6.10352e-06 20.228
      vertex 95.4 6.10352e-06 23.5
      vertex 74.2055 6.10352e-06 20.4102
    endloop
  endfacet
  facet normal 0 -1 0
    outer loop
      vertex 74.9176 6.10352e-06 19.9991
      vertex 95.4 6.10352e-06 23.5
      vertex 74.575 6.10352e-06 20.228
    endloop
  endfacet
  facet normal 0 -1 0
    outer loop
      vertex 75.2274 6.10352e-06 19.7274
      vertex 95.4 6.10352e-06 23.5
      vertex 74.9176 6.10352e-06 19.9991
    endloop
  endfacet
  facet normal 0 -1 0
    outer loop
      vertex 75.4991 6.10352e-06 19.4176
      vertex 95.4 6.10352e-06 23.5
      vertex 75.2274 6.10352e-06 19.7274
    endloop
  endfacet
  facet normal 0 -1 0
    outer loop
      vertex 75.728 6.10352e-06 19.075
      vertex 95.4 6.10352e-06 23.5
      vertex 75.4991 6.10352e-06 19.4176
    endloop
  endfacet
  facet normal 0 -1 0
    outer loop
      vertex 75.9102 6.10352e-06 18.7055
      vertex 95.4 6.10352e-06 23.5
      vertex 75.728 6.10352e-06 19.075
    endloop
  endfacet
  facet normal 0 -1 0
    outer loop
      vertex 76.0427 6.10352e-06 18.3153
      vertex 95.4 6.10352e-06 23.5
      vertex 75.9102 6.10352e-06 18.7055
    endloop
  endfacet
  facet normal 0 -1 0
    outer loop
      vertex 76.123 6.10352e-06 17.9112
      vertex 95.4 6.10352e-06 23.5
      vertex 76.0427 6.10352e-06 18.3153
    endloop
  endfacet
  facet normal 0 -1 0
    outer loop
      vertex 76.15 6.10352e-06 17.5
      vertex 95.4 6.10352e-06 23.5
      vertex 76.123 6.10352e-06 17.9112
    endloop
  endfacet
  facet normal 0 -1 0
    outer loop
      vertex 76.123 6.10352e-06 17.0888
      vertex 95.4 6.10352e-06 23.5
      vertex 76.15 6.10352e-06 17.5
    endloop
  endfacet
  facet normal 0 -1 0
    outer loop
      vertex 76.0427 6.10352e-06 16.6847
      vertex 95.4 6.10352e-06 23.5
      vertex 76.123 6.10352e-06 17.0888
    endloop
  endfacet
  facet normal 0 -1 0
    outer loop
      vertex 75.9102 6.10352e-06 16.2945
      vertex 95.4 6.10352e-06 23.5
      vertex 76.0427 6.10352e-06 16.6847
    endloop
  endfacet
  facet normal 0 -1 0
    outer loop
      vertex 95.4 6.10352e-06 0
      vertex 75.9102 6.10352e-06 16.2945
      vertex 75.728 6.10352e-06 15.925
    endloop
  endfacet
  facet normal 0 -1 0
    outer loop
      vertex 95.4 6.10352e-06 0
      vertex 75.728 6.10352e-06 15.925
      vertex 75.4991 6.10352e-06 15.5824
    endloop
  endfacet
  facet normal 0 -1 0
    outer loop
      vertex 95.4 6.10352e-06 0
      vertex 75.4991 6.10352e-06 15.5824
      vertex 75.2274 6.10352e-06 15.2726
    endloop
  endfacet
  facet normal 0 -1 0
    outer loop
      vertex 95.4 6.10352e-06 0
      vertex 75.2274 6.10352e-06 15.2726
      vertex 74.9176 6.10352e-06 15.0009
    endloop
  endfacet
  facet normal 0 -1 0
    outer loop
      vertex 95.4 6.10352e-06 0
      vertex 74.9176 6.10352e-06 15.0009
      vertex 74.575 6.10352e-06 14.772
    endloop
  endfacet
  facet normal 0 -1 0
    outer loop
      vertex 95.4 6.10352e-06 0
      vertex 74.575 6.10352e-06 14.772
      vertex 74.2055 6.10352e-06 14.5898
    endloop
  endfacet
  facet normal 0 -1 0
    outer loop
      vertex 72.5888 6.10352e-06 14.3769
      vertex 95.4 6.10352e-06 0
      vertex 73 6.10352e-06 14.35
    endloop
  endfacet
  facet normal 0 -1 0
    outer loop
      vertex 73 6.10352e-06 14.35
      vertex 95.4 6.10352e-06 0
      vertex 73.4112 6.10352e-06 14.3769
    endloop
  endfacet
  facet normal 0 -1 0
    outer loop
      vertex 75.9102 6.10352e-06 16.2945
      vertex 95.4 6.10352e-06 0
      vertex 95.4 6.10352e-06 23.5
    endloop
  endfacet
  facet normal 0 -1 0
    outer loop
      vertex 73.8153 6.10352e-06 14.4573
      vertex 95.4 6.10352e-06 0
      vertex 74.2055 6.10352e-06 14.5898
    endloop
  endfacet
  facet normal 0 -1 0
    outer loop
      vertex 73.4112 6.10352e-06 14.3769
      vertex 95.4 6.10352e-06 0
      vertex 73.8153 6.10352e-06 14.4573
    endloop
  endfacet
  facet normal 0.659766 0.751471 -0
    outer loop
      vertex 97.5213 144.521 0
      vertex 97.2263 144.78 23.5
      vertex 97.5213 144.521 23.5
    endloop
  endfacet
  facet normal 0.659766 0.751471 0
    outer loop
      vertex 97.2263 144.78 23.5
      vertex 97.5213 144.521 0
      vertex 97.2263 144.78 0
    endloop
  endfacet
  facet normal -0.321446 -0.946928 0
    outer loop
      vertex 1.85194 0.228369 0
      vertex 2.22354 0.102225 23.5
      vertex 1.85194 0.228369 23.5
    endloop
  endfacet
  facet normal -0.321446 -0.946928 -0
    outer loop
      vertex 2.22354 0.102225 23.5
      vertex 1.85194 0.228369 0
      vertex 2.22354 0.102225 0
    endloop
  endfacet
  facet normal -0.896876 -0.442281 0
    outer loop
      vertex 0.401917 1.50001 0
      vertex 0.228363 1.85195 23.5
      vertex 0.228363 1.85195 0
    endloop
  endfacet
  facet normal -0.896876 -0.442281 0
    outer loop
      vertex 0.228363 1.85195 23.5
      vertex 0.401917 1.50001 0
      vertex 0.401917 1.50001 23.5
    endloop
  endfacet
  facet normal -0.831465 -0.555577 0
    outer loop
      vertex 0.619934 1.17373 0
      vertex 0.401917 1.50001 23.5
      vertex 0.401917 1.50001 0
    endloop
  endfacet
  facet normal -0.831465 -0.555577 0
    outer loop
      vertex 0.401917 1.50001 23.5
      vertex 0.619934 1.17373 0
      vertex 0.619934 1.17373 23.5
    endloop
  endfacet
  facet normal -0.555577 -0.831465 0
    outer loop
      vertex 1.17372 0.61994 0
      vertex 1.5 0.401923 23.5
      vertex 1.17372 0.61994 23.5
    endloop
  endfacet
  facet normal -0.555577 -0.831465 -0
    outer loop
      vertex 1.5 0.401923 23.5
      vertex 1.17372 0.61994 0
      vertex 1.5 0.401923 0
    endloop
  endfacet
  facet normal 0 0 1
    outer loop
      vertex 7.5 5.5 23.5
      vertex 9 5.5 23.5
      vertex 8.97006 5.95684 23.5
    endloop
  endfacet
  facet normal 0 0 1
    outer loop
      vertex 7.48289 5.76105 23.5
      vertex 8.97006 5.95684 23.5
      vertex 8.88074 6.40587 23.5
    endloop
  endfacet
  facet normal 0 0 1
    outer loop
      vertex 9 5.5 23.5
      vertex 7.5 5.5 23.5
      vertex 8.97006 5.04316 23.5
    endloop
  endfacet
  facet normal 0 0 1
    outer loop
      vertex 7.43185 6.01764 23.5
      vertex 8.88074 6.40587 23.5
      vertex 8.73358 6.83939 23.5
    endloop
  endfacet
  facet normal -0 0 1
    outer loop
      vertex 7.48289 5.23895 23.5
      vertex 8.97006 5.04316 23.5
      vertex 7.5 5.5 23.5
    endloop
  endfacet
  facet normal 0 0 1
    outer loop
      vertex 7.34776 6.26537 23.5
      vertex 8.73358 6.83939 23.5
      vertex 8.53109 7.25 23.5
    endloop
  endfacet
  facet normal 0 0 1
    outer loop
      vertex 8.97006 5.04316 23.5
      vertex 7.48289 5.23895 23.5
      vertex 8.88074 4.59413 23.5
    endloop
  endfacet
  facet normal 0 0 1
    outer loop
      vertex 7.23205 6.5 23.5
      vertex 8.53109 7.25 23.5
      vertex 8.27674 7.63066 23.5
    endloop
  endfacet
  facet normal -0 0 1
    outer loop
      vertex 7.43185 4.98236 23.5
      vertex 8.88074 4.59413 23.5
      vertex 7.48289 5.23895 23.5
    endloop
  endfacet
  facet normal 0 0 1
    outer loop
      vertex 7.08671 6.71752 23.5
      vertex 8.27674 7.63066 23.5
      vertex 7.97487 7.97487 23.5
    endloop
  endfacet
  facet normal 0 0 1
    outer loop
      vertex 8.88074 4.59413 23.5
      vertex 7.43185 4.98236 23.5
      vertex 8.73358 4.16061 23.5
    endloop
  endfacet
  facet normal 0 0 1
    outer loop
      vertex 6.91421 6.91421 23.5
      vertex 7.97487 7.97487 23.5
      vertex 7.63066 8.27674 23.5
    endloop
  endfacet
  facet normal -0 0 1
    outer loop
      vertex 7.34776 4.73463 23.5
      vertex 8.73358 4.16061 23.5
      vertex 7.43185 4.98236 23.5
    endloop
  endfacet
  facet normal 0 0 1
    outer loop
      vertex 8.73358 4.16061 23.5
      vertex 7.34776 4.73463 23.5
      vertex 8.53109 3.75 23.5
    endloop
  endfacet
  facet normal 0 0 1
    outer loop
      vertex 8.97006 5.95684 23.5
      vertex 7.48289 5.76105 23.5
      vertex 7.5 5.5 23.5
    endloop
  endfacet
  facet normal 0 0 1
    outer loop
      vertex 8.88074 6.40587 23.5
      vertex 7.43185 6.01764 23.5
      vertex 7.48289 5.76105 23.5
    endloop
  endfacet
  facet normal 0 0 1
    outer loop
      vertex 8.73358 6.83939 23.5
      vertex 7.34776 6.26537 23.5
      vertex 7.43185 6.01764 23.5
    endloop
  endfacet
  facet normal 0 0 1
    outer loop
      vertex 6.71752 7.08671 23.5
      vertex 7.63066 8.27674 23.5
      vertex 7.25 8.53109 23.5
    endloop
  endfacet
  facet normal 0 0 1
    outer loop
      vertex 8.53109 7.25 23.5
      vertex 7.23205 6.5 23.5
      vertex 7.34776 6.26537 23.5
    endloop
  endfacet
  facet normal 0 0 1
    outer loop
      vertex 8.27674 7.63066 23.5
      vertex 7.08671 6.71752 23.5
      vertex 7.23205 6.5 23.5
    endloop
  endfacet
  facet normal 0 0 1
    outer loop
      vertex 7.97487 7.97487 23.5
      vertex 6.91421 6.91421 23.5
      vertex 7.08671 6.71752 23.5
    endloop
  endfacet
  facet normal 0 0 1
    outer loop
      vertex 6.5 7.23205 23.5
      vertex 7.25 8.53109 23.5
      vertex 6.83939 8.73358 23.5
    endloop
  endfacet
  facet normal 0 0 1
    outer loop
      vertex 7.63066 8.27674 23.5
      vertex 6.71752 7.08671 23.5
      vertex 6.91421 6.91421 23.5
    endloop
  endfacet
  facet normal 0 0 1
    outer loop
      vertex 7.25 8.53109 23.5
      vertex 6.5 7.23205 23.5
      vertex 6.71752 7.08671 23.5
    endloop
  endfacet
  facet normal 0 0 1
    outer loop
      vertex 6.26537 7.34776 23.5
      vertex 6.83939 8.73358 23.5
      vertex 6.40587 8.88074 23.5
    endloop
  endfacet
  facet normal 0 0 1
    outer loop
      vertex 6.83939 8.73358 23.5
      vertex 6.26537 7.34776 23.5
      vertex 6.5 7.23205 23.5
    endloop
  endfacet
  facet normal 0 0 1
    outer loop
      vertex 6.40587 8.88074 23.5
      vertex 6.01764 7.43185 23.5
      vertex 6.26537 7.34776 23.5
    endloop
  endfacet
  facet normal 0 0 1
    outer loop
      vertex 5.95684 8.97006 23.5
      vertex 6.01764 7.43185 23.5
      vertex 6.40587 8.88074 23.5
    endloop
  endfacet
  facet normal 0 0 1
    outer loop
      vertex 5.95684 8.97006 23.5
      vertex 5.76105 7.48289 23.5
      vertex 6.01764 7.43185 23.5
    endloop
  endfacet
  facet normal 0 0 1
    outer loop
      vertex 5.5 9 23.5
      vertex 5.76105 7.48289 23.5
      vertex 5.95684 8.97006 23.5
    endloop
  endfacet
  facet normal 0 0 1
    outer loop
      vertex 5.5 9 23.5
      vertex 5.5 7.5 23.5
      vertex 5.76105 7.48289 23.5
    endloop
  endfacet
  facet normal 0 0 1
    outer loop
      vertex 5.5 9 23.5
      vertex 5.23895 7.48289 23.5
      vertex 5.5 7.5 23.5
    endloop
  endfacet
  facet normal -0 0 1
    outer loop
      vertex 5.04316 8.97006 23.5
      vertex 5.23895 7.48289 23.5
      vertex 5.5 9 23.5
    endloop
  endfacet
  facet normal 0 0 1
    outer loop
      vertex 5.04316 8.97006 23.5
      vertex 4.98236 7.43185 23.5
      vertex 5.23895 7.48289 23.5
    endloop
  endfacet
  facet normal -0 0 1
    outer loop
      vertex 4.59413 8.88074 23.5
      vertex 4.98236 7.43185 23.5
      vertex 5.04316 8.97006 23.5
    endloop
  endfacet
  facet normal 0 0 1
    outer loop
      vertex 4.98236 7.43185 23.5
      vertex 4.59413 8.88074 23.5
      vertex 4.73463 7.34776 23.5
    endloop
  endfacet
  facet normal -0 0 1
    outer loop
      vertex 4.16061 8.73358 23.5
      vertex 4.73463 7.34776 23.5
      vertex 4.59413 8.88074 23.5
    endloop
  endfacet
  facet normal 0 0 1
    outer loop
      vertex 4.73463 7.34776 23.5
      vertex 4.16061 8.73358 23.5
      vertex 4.5 7.23205 23.5
    endloop
  endfacet
  facet normal -0 0 1
    outer loop
      vertex 3.75 8.53109 23.5
      vertex 4.5 7.23205 23.5
      vertex 4.16061 8.73358 23.5
    endloop
  endfacet
  facet normal 0 0 1
    outer loop
      vertex 4.5 7.23205 23.5
      vertex 3.75 8.53109 23.5
      vertex 4.28248 7.08671 23.5
    endloop
  endfacet
  facet normal -0 0 1
    outer loop
      vertex 3.36934 8.27674 23.5
      vertex 4.28248 7.08671 23.5
      vertex 3.75 8.53109 23.5
    endloop
  endfacet
  facet normal 0 0 1
    outer loop
      vertex 4.28248 7.08671 23.5
      vertex 3.36934 8.27674 23.5
      vertex 4.08579 6.91421 23.5
    endloop
  endfacet
  facet normal -0 0 1
    outer loop
      vertex 3.02513 7.97487 23.5
      vertex 4.08579 6.91421 23.5
      vertex 3.36934 8.27674 23.5
    endloop
  endfacet
  facet normal 0 0 1
    outer loop
      vertex 4.08579 6.91421 23.5
      vertex 3.02513 7.97487 23.5
      vertex 3.91329 6.71752 23.5
    endloop
  endfacet
  facet normal -0 0 1
    outer loop
      vertex 2.72326 7.63066 23.5
      vertex 3.91329 6.71752 23.5
      vertex 3.02513 7.97487 23.5
    endloop
  endfacet
  facet normal 0 0 1
    outer loop
      vertex 3.91329 6.71752 23.5
      vertex 2.72326 7.63066 23.5
      vertex 3.76795 6.5 23.5
    endloop
  endfacet
  facet normal 0 0 1
    outer loop
      vertex 3.76795 6.5 23.5
      vertex 2.46891 7.25 23.5
      vertex 3.65224 6.26537 23.5
    endloop
  endfacet
  facet normal -0 0 1
    outer loop
      vertex 2.46891 7.25 23.5
      vertex 3.76795 6.5 23.5
      vertex 2.72326 7.63066 23.5
    endloop
  endfacet
  facet normal -0 0 1
    outer loop
      vertex 7.23205 4.5 23.5
      vertex 8.53109 3.75 23.5
      vertex 7.34776 4.73463 23.5
    endloop
  endfacet
  facet normal 0 0 1
    outer loop
      vertex 8.53109 3.75 23.5
      vertex 7.23205 4.5 23.5
      vertex 8.27674 3.36934 23.5
    endloop
  endfacet
  facet normal -0 0 1
    outer loop
      vertex 7.08671 4.28248 23.5
      vertex 8.27674 3.36934 23.5
      vertex 7.23205 4.5 23.5
    endloop
  endfacet
  facet normal 0 0 1
    outer loop
      vertex 8.27674 3.36934 23.5
      vertex 7.08671 4.28248 23.5
      vertex 7.97487 3.02513 23.5
    endloop
  endfacet
  facet normal -0 0 1
    outer loop
      vertex 6.91421 4.08579 23.5
      vertex 7.97487 3.02513 23.5
      vertex 7.08671 4.28248 23.5
    endloop
  endfacet
  facet normal 0 0 1
    outer loop
      vertex 7.97487 3.02513 23.5
      vertex 6.91421 4.08579 23.5
      vertex 7.63066 2.72326 23.5
    endloop
  endfacet
  facet normal -0 0 1
    outer loop
      vertex 6.71752 3.91329 23.5
      vertex 7.63066 2.72326 23.5
      vertex 6.91421 4.08579 23.5
    endloop
  endfacet
  facet normal 0 0 1
    outer loop
      vertex 7.63066 2.72326 23.5
      vertex 6.71752 3.91329 23.5
      vertex 7.25 2.46891 23.5
    endloop
  endfacet
  facet normal -0 0 1
    outer loop
      vertex 6.5 3.76795 23.5
      vertex 7.25 2.46891 23.5
      vertex 6.71752 3.91329 23.5
    endloop
  endfacet
  facet normal 0 0 1
    outer loop
      vertex 7.25 2.46891 23.5
      vertex 6.5 3.76795 23.5
      vertex 6.83939 2.26642 23.5
    endloop
  endfacet
  facet normal -0 0 1
    outer loop
      vertex 6.26537 3.65224 23.5
      vertex 6.83939 2.26642 23.5
      vertex 6.5 3.76795 23.5
    endloop
  endfacet
  facet normal 0 0 1
    outer loop
      vertex 6.83939 2.26642 23.5
      vertex 6.26537 3.65224 23.5
      vertex 6.40587 2.11926 23.5
    endloop
  endfacet
  facet normal -0 0 1
    outer loop
      vertex 6.01764 3.56815 23.5
      vertex 6.40587 2.11926 23.5
      vertex 6.26537 3.65224 23.5
    endloop
  endfacet
  facet normal 0 0 1
    outer loop
      vertex 6.01764 3.56815 23.5
      vertex 5.95684 2.02994 23.5
      vertex 6.40587 2.11926 23.5
    endloop
  endfacet
  facet normal -0 0 1
    outer loop
      vertex 5.76105 3.51711 23.5
      vertex 5.95684 2.02994 23.5
      vertex 6.01764 3.56815 23.5
    endloop
  endfacet
  facet normal 0 0 1
    outer loop
      vertex 5.76105 3.51711 23.5
      vertex 5.50009 2.00001 23.5
      vertex 5.95684 2.02994 23.5
    endloop
  endfacet
  facet normal 0 -0 1
    outer loop
      vertex 5.50009 2.00001 23.5
      vertex 5.76105 3.51711 23.5
      vertex 5.5 3.5 23.5
    endloop
  endfacet
  facet normal 0 0 1
    outer loop
      vertex 7.5 139.9 23.5
      vertex 9 139.9 23.5
      vertex 8.97006 140.357 23.5
    endloop
  endfacet
  facet normal 0 0 1
    outer loop
      vertex 7.48289 140.161 23.5
      vertex 8.97006 140.357 23.5
      vertex 8.88074 140.806 23.5
    endloop
  endfacet
  facet normal 0 0 1
    outer loop
      vertex 9 139.9 23.5
      vertex 7.5 139.9 23.5
      vertex 8.97006 139.443 23.5
    endloop
  endfacet
  facet normal 0 0 1
    outer loop
      vertex 7.43185 140.418 23.5
      vertex 8.88074 140.806 23.5
      vertex 8.73358 141.239 23.5
    endloop
  endfacet
  facet normal -0 0 1
    outer loop
      vertex 7.48289 139.639 23.5
      vertex 8.97006 139.443 23.5
      vertex 7.5 139.9 23.5
    endloop
  endfacet
  facet normal 0 0 1
    outer loop
      vertex 7.34776 140.665 23.5
      vertex 8.73358 141.239 23.5
      vertex 8.53109 141.65 23.5
    endloop
  endfacet
  facet normal 0 0 1
    outer loop
      vertex 8.97006 139.443 23.5
      vertex 7.48289 139.639 23.5
      vertex 8.88074 138.994 23.5
    endloop
  endfacet
  facet normal 0 0 1
    outer loop
      vertex 7.23205 140.9 23.5
      vertex 8.53109 141.65 23.5
      vertex 8.27674 142.031 23.5
    endloop
  endfacet
  facet normal -0 0 1
    outer loop
      vertex 7.43185 139.382 23.5
      vertex 8.88074 138.994 23.5
      vertex 7.48289 139.639 23.5
    endloop
  endfacet
  facet normal 0 0 1
    outer loop
      vertex 7.08671 141.118 23.5
      vertex 8.27674 142.031 23.5
      vertex 7.97487 142.375 23.5
    endloop
  endfacet
  facet normal 0 0 1
    outer loop
      vertex 8.88074 138.994 23.5
      vertex 7.43185 139.382 23.5
      vertex 8.73358 138.561 23.5
    endloop
  endfacet
  facet normal 0 0 1
    outer loop
      vertex 6.91421 141.314 23.5
      vertex 7.97487 142.375 23.5
      vertex 7.63066 142.677 23.5
    endloop
  endfacet
  facet normal -0 0 1
    outer loop
      vertex 7.34776 139.135 23.5
      vertex 8.73358 138.561 23.5
      vertex 7.43185 139.382 23.5
    endloop
  endfacet
  facet normal 0 0 1
    outer loop
      vertex 8.73358 138.561 23.5
      vertex 7.34776 139.135 23.5
      vertex 8.53109 138.15 23.5
    endloop
  endfacet
  facet normal 0 0 1
    outer loop
      vertex 8.97006 140.357 23.5
      vertex 7.48289 140.161 23.5
      vertex 7.5 139.9 23.5
    endloop
  endfacet
  facet normal 0 0 1
    outer loop
      vertex 8.88074 140.806 23.5
      vertex 7.43185 140.418 23.5
      vertex 7.48289 140.161 23.5
    endloop
  endfacet
  facet normal 0 0 1
    outer loop
      vertex 8.73358 141.239 23.5
      vertex 7.34776 140.665 23.5
      vertex 7.43185 140.418 23.5
    endloop
  endfacet
  facet normal 0 0 1
    outer loop
      vertex 6.71752 141.487 23.5
      vertex 7.63066 142.677 23.5
      vertex 7.25 142.931 23.5
    endloop
  endfacet
  facet normal 0 0 1
    outer loop
      vertex 8.53109 141.65 23.5
      vertex 7.23205 140.9 23.5
      vertex 7.34776 140.665 23.5
    endloop
  endfacet
  facet normal 0 0 1
    outer loop
      vertex 8.27674 142.031 23.5
      vertex 7.08671 141.118 23.5
      vertex 7.23205 140.9 23.5
    endloop
  endfacet
  facet normal 0 0 1
    outer loop
      vertex 7.97487 142.375 23.5
      vertex 6.91421 141.314 23.5
      vertex 7.08671 141.118 23.5
    endloop
  endfacet
  facet normal 0 0 1
    outer loop
      vertex 6.5 141.632 23.5
      vertex 7.25 142.931 23.5
      vertex 6.83939 143.134 23.5
    endloop
  endfacet
  facet normal 0 0 1
    outer loop
      vertex 7.63066 142.677 23.5
      vertex 6.71752 141.487 23.5
      vertex 6.91421 141.314 23.5
    endloop
  endfacet
  facet normal 0 0 1
    outer loop
      vertex 7.25 142.931 23.5
      vertex 6.5 141.632 23.5
      vertex 6.71752 141.487 23.5
    endloop
  endfacet
  facet normal 0 0 1
    outer loop
      vertex 6.26537 141.748 23.5
      vertex 6.83939 143.134 23.5
      vertex 6.40587 143.281 23.5
    endloop
  endfacet
  facet normal 0 0 1
    outer loop
      vertex 6.83939 143.134 23.5
      vertex 6.26537 141.748 23.5
      vertex 6.5 141.632 23.5
    endloop
  endfacet
  facet normal 0 0 1
    outer loop
      vertex 6.40587 143.281 23.5
      vertex 6.01764 141.832 23.5
      vertex 6.26537 141.748 23.5
    endloop
  endfacet
  facet normal 0 0 1
    outer loop
      vertex 5.95684 143.37 23.5
      vertex 6.01764 141.832 23.5
      vertex 6.40587 143.281 23.5
    endloop
  endfacet
  facet normal 0 0 1
    outer loop
      vertex 5.95684 143.37 23.5
      vertex 5.76105 141.883 23.5
      vertex 6.01764 141.832 23.5
    endloop
  endfacet
  facet normal 0 0 1
    outer loop
      vertex 5.5 143.4 23.5
      vertex 5.76105 141.883 23.5
      vertex 5.95684 143.37 23.5
    endloop
  endfacet
  facet normal 0 0 1
    outer loop
      vertex 5.76105 141.883 23.5
      vertex 5.5 143.4 23.5
      vertex 5.5 141.9 23.5
    endloop
  endfacet
  facet normal -0 0 1
    outer loop
      vertex 7.23205 138.9 23.5
      vertex 8.53109 138.15 23.5
      vertex 7.34776 139.135 23.5
    endloop
  endfacet
  facet normal 0 0 1
    outer loop
      vertex 8.53109 138.15 23.5
      vertex 7.23205 138.9 23.5
      vertex 8.27674 137.769 23.5
    endloop
  endfacet
  facet normal -0 0 1
    outer loop
      vertex 7.08671 138.682 23.5
      vertex 8.27674 137.769 23.5
      vertex 7.23205 138.9 23.5
    endloop
  endfacet
  facet normal 0 0 1
    outer loop
      vertex 8.27674 137.769 23.5
      vertex 7.08671 138.682 23.5
      vertex 7.97487 137.425 23.5
    endloop
  endfacet
  facet normal -0 0 1
    outer loop
      vertex 6.91421 138.486 23.5
      vertex 7.97487 137.425 23.5
      vertex 7.08671 138.682 23.5
    endloop
  endfacet
  facet normal 0 0 1
    outer loop
      vertex 7.97487 137.425 23.5
      vertex 6.91421 138.486 23.5
      vertex 7.63066 137.123 23.5
    endloop
  endfacet
  facet normal -0 0 1
    outer loop
      vertex 6.71752 138.313 23.5
      vertex 7.63066 137.123 23.5
      vertex 6.91421 138.486 23.5
    endloop
  endfacet
  facet normal 0 0 1
    outer loop
      vertex 7.63066 137.123 23.5
      vertex 6.71752 138.313 23.5
      vertex 7.25 136.869 23.5
    endloop
  endfacet
  facet normal -0 0 1
    outer loop
      vertex 6.5 138.168 23.5
      vertex 7.25 136.869 23.5
      vertex 6.71752 138.313 23.5
    endloop
  endfacet
  facet normal 0 0 1
    outer loop
      vertex 7.25 136.869 23.5
      vertex 6.5 138.168 23.5
      vertex 6.83939 136.666 23.5
    endloop
  endfacet
  facet normal -0 0 1
    outer loop
      vertex 6.26537 138.052 23.5
      vertex 6.83939 136.666 23.5
      vertex 6.5 138.168 23.5
    endloop
  endfacet
  facet normal 0 0 1
    outer loop
      vertex 6.83939 136.666 23.5
      vertex 6.26537 138.052 23.5
      vertex 6.40587 136.519 23.5
    endloop
  endfacet
  facet normal -0 0 1
    outer loop
      vertex 6.01764 137.968 23.5
      vertex 6.40587 136.519 23.5
      vertex 6.26537 138.052 23.5
    endloop
  endfacet
  facet normal 0 0 1
    outer loop
      vertex 6.01764 137.968 23.5
      vertex 5.95684 136.43 23.5
      vertex 6.40587 136.519 23.5
    endloop
  endfacet
  facet normal -0 0 1
    outer loop
      vertex 5.76105 137.917 23.5
      vertex 5.95684 136.43 23.5
      vertex 6.01764 137.968 23.5
    endloop
  endfacet
  facet normal -0 0 1
    outer loop
      vertex 5.5 137.9 23.5
      vertex 5.95684 136.43 23.5
      vertex 5.76105 137.917 23.5
    endloop
  endfacet
  facet normal 0 0 1
    outer loop
      vertex 5.5 137.9 23.5
      vertex 5.5 136.4 23.5
      vertex 5.95684 136.43 23.5
    endloop
  endfacet
  facet normal 0 0 1
    outer loop
      vertex 5.23895 137.917 23.5
      vertex 5.5 136.4 23.5
      vertex 5.5 137.9 23.5
    endloop
  endfacet
  facet normal 0 0 1
    outer loop
      vertex 5.23895 137.917 23.5
      vertex 5.04316 136.43 23.5
      vertex 5.5 136.4 23.5
    endloop
  endfacet
  facet normal 0 0 1
    outer loop
      vertex 4.98236 137.968 23.5
      vertex 5.04316 136.43 23.5
      vertex 5.23895 137.917 23.5
    endloop
  endfacet
  facet normal 0 0 1
    outer loop
      vertex 4.59413 136.519 23.5
      vertex 4.98236 137.968 23.5
      vertex 4.73463 138.052 23.5
    endloop
  endfacet
  facet normal 0 0 1
    outer loop
      vertex 4.98236 137.968 23.5
      vertex 4.59413 136.519 23.5
      vertex 5.04316 136.43 23.5
    endloop
  endfacet
  facet normal 0 0 1
    outer loop
      vertex 4.16061 136.666 23.5
      vertex 4.73463 138.052 23.5
      vertex 4.5 138.168 23.5
    endloop
  endfacet
  facet normal 0 0 1
    outer loop
      vertex 3.75 136.869 23.5
      vertex 4.5 138.168 23.5
      vertex 4.28248 138.313 23.5
    endloop
  endfacet
  facet normal 0 0 1
    outer loop
      vertex 4.73463 138.052 23.5
      vertex 4.16061 136.666 23.5
      vertex 4.59413 136.519 23.5
    endloop
  endfacet
  facet normal 0 0 1
    outer loop
      vertex 3.36934 137.123 23.5
      vertex 4.28248 138.313 23.5
      vertex 4.08579 138.486 23.5
    endloop
  endfacet
  facet normal 0 0 1
    outer loop
      vertex 3.02513 137.425 23.5
      vertex 4.08579 138.486 23.5
      vertex 3.91329 138.682 23.5
    endloop
  endfacet
  facet normal 0 0 1
    outer loop
      vertex 2.72326 137.769 23.5
      vertex 3.91329 138.682 23.5
      vertex 3.76795 138.9 23.5
    endloop
  endfacet
  facet normal 0 0 1
    outer loop
      vertex 4.5 138.168 23.5
      vertex 3.75 136.869 23.5
      vertex 4.16061 136.666 23.5
    endloop
  endfacet
  facet normal 0 0 1
    outer loop
      vertex 2.46891 138.15 23.5
      vertex 3.76795 138.9 23.5
      vertex 3.65224 139.135 23.5
    endloop
  endfacet
  facet normal 0 0 1
    outer loop
      vertex 2.26642 138.561 23.5
      vertex 3.65224 139.135 23.5
      vertex 3.56815 139.382 23.5
    endloop
  endfacet
  facet normal 0 0 1
    outer loop
      vertex 2.11926 138.994 23.5
      vertex 3.56815 139.382 23.5
      vertex 3.51711 139.639 23.5
    endloop
  endfacet
  facet normal 0 0 1
    outer loop
      vertex 4.28248 138.313 23.5
      vertex 3.36934 137.123 23.5
      vertex 3.75 136.869 23.5
    endloop
  endfacet
  facet normal 0 0 1
    outer loop
      vertex 2.02994 139.443 23.5
      vertex 3.51711 139.639 23.5
      vertex 3.5 139.9 23.5
    endloop
  endfacet
  facet normal 0 0 1
    outer loop
      vertex 92.6389 3.51711 23.5
      vertex 92.8999 2.00001 23.5
      vertex 92.9 3.5 23.5
    endloop
  endfacet
  facet normal 0 0 1
    outer loop
      vertex 92.6389 3.51711 23.5
      vertex 92.4432 2.02994 23.5
      vertex 92.8999 2.00001 23.5
    endloop
  endfacet
  facet normal 0 0 1
    outer loop
      vertex 92.3824 3.56815 23.5
      vertex 92.4432 2.02994 23.5
      vertex 92.6389 3.51711 23.5
    endloop
  endfacet
  facet normal 0 0 1
    outer loop
      vertex 91.9941 2.11926 23.5
      vertex 92.3824 3.56815 23.5
      vertex 92.1346 3.65224 23.5
    endloop
  endfacet
  facet normal 0 0 1
    outer loop
      vertex 92.3824 3.56815 23.5
      vertex 91.9941 2.11926 23.5
      vertex 92.4432 2.02994 23.5
    endloop
  endfacet
  facet normal 0 0 1
    outer loop
      vertex 91.5606 2.26642 23.5
      vertex 92.1346 3.65224 23.5
      vertex 91.9 3.76795 23.5
    endloop
  endfacet
  facet normal 0 0 1
    outer loop
      vertex 91.15 2.46891 23.5
      vertex 91.9 3.76795 23.5
      vertex 91.6825 3.91329 23.5
    endloop
  endfacet
  facet normal 0 0 1
    outer loop
      vertex 92.1346 3.65224 23.5
      vertex 91.5606 2.26642 23.5
      vertex 91.9941 2.11926 23.5
    endloop
  endfacet
  facet normal 0 0 1
    outer loop
      vertex 90.7693 2.72326 23.5
      vertex 91.6825 3.91329 23.5
      vertex 91.4858 4.08579 23.5
    endloop
  endfacet
  facet normal 0 0 1
    outer loop
      vertex 90.4251 3.02513 23.5
      vertex 91.4858 4.08579 23.5
      vertex 91.3133 4.28248 23.5
    endloop
  endfacet
  facet normal 0 0 1
    outer loop
      vertex 90.1233 3.36934 23.5
      vertex 91.3133 4.28248 23.5
      vertex 91.1679 4.5 23.5
    endloop
  endfacet
  facet normal 0 0 1
    outer loop
      vertex 91.9 3.76795 23.5
      vertex 91.15 2.46891 23.5
      vertex 91.5606 2.26642 23.5
    endloop
  endfacet
  facet normal 0 0 1
    outer loop
      vertex 89.8689 3.75 23.5
      vertex 91.1679 4.5 23.5
      vertex 91.0522 4.73463 23.5
    endloop
  endfacet
  facet normal 0 0 1
    outer loop
      vertex 89.6664 4.16061 23.5
      vertex 91.0522 4.73463 23.5
      vertex 90.9681 4.98236 23.5
    endloop
  endfacet
  facet normal 0 0 1
    outer loop
      vertex 89.5193 4.59413 23.5
      vertex 90.9681 4.98236 23.5
      vertex 90.9171 5.23895 23.5
    endloop
  endfacet
  facet normal 0 0 1
    outer loop
      vertex 91.6825 3.91329 23.5
      vertex 90.7693 2.72326 23.5
      vertex 91.15 2.46891 23.5
    endloop
  endfacet
  facet normal 0 0 1
    outer loop
      vertex 89.4299 5.04316 23.5
      vertex 90.9171 5.23895 23.5
      vertex 90.9 5.5 23.5
    endloop
  endfacet
  facet normal -0 0 1
    outer loop
      vertex 89.6664 6.83939 23.5
      vertex 91.0522 6.26537 23.5
      vertex 89.8689 7.25 23.5
    endloop
  endfacet
  facet normal 0 0 1
    outer loop
      vertex 91.0522 6.26537 23.5
      vertex 89.6664 6.83939 23.5
      vertex 90.9681 6.01764 23.5
    endloop
  endfacet
  facet normal 0 0 1
    outer loop
      vertex 91.4858 4.08579 23.5
      vertex 90.4251 3.02513 23.5
      vertex 90.7693 2.72326 23.5
    endloop
  endfacet
  facet normal -0 0 1
    outer loop
      vertex 89.5193 6.40587 23.5
      vertex 90.9681 6.01764 23.5
      vertex 89.6664 6.83939 23.5
    endloop
  endfacet
  facet normal 0 0 1
    outer loop
      vertex 91.3133 4.28248 23.5
      vertex 90.1233 3.36934 23.5
      vertex 90.4251 3.02513 23.5
    endloop
  endfacet
  facet normal 0 0 1
    outer loop
      vertex 90.9681 6.01764 23.5
      vertex 89.5193 6.40587 23.5
      vertex 90.9171 5.76105 23.5
    endloop
  endfacet
  facet normal 0 0 1
    outer loop
      vertex 91.1679 4.5 23.5
      vertex 89.8689 3.75 23.5
      vertex 90.1233 3.36934 23.5
    endloop
  endfacet
  facet normal -0 0 1
    outer loop
      vertex 89.4299 5.95684 23.5
      vertex 90.9171 5.76105 23.5
      vertex 89.5193 6.40587 23.5
    endloop
  endfacet
  facet normal 0 0 1
    outer loop
      vertex 91.0522 4.73463 23.5
      vertex 89.6664 4.16061 23.5
      vertex 89.8689 3.75 23.5
    endloop
  endfacet
  facet normal 0 0 1
    outer loop
      vertex 90.9171 5.76105 23.5
      vertex 89.4299 5.95684 23.5
      vertex 90.9 5.5 23.5
    endloop
  endfacet
  facet normal 0 0 1
    outer loop
      vertex 90.9681 4.98236 23.5
      vertex 89.5193 4.59413 23.5
      vertex 89.6664 4.16061 23.5
    endloop
  endfacet
  facet normal 0 0 1
    outer loop
      vertex 89.4 5.5 23.5
      vertex 90.9 5.5 23.5
      vertex 89.4299 5.95684 23.5
    endloop
  endfacet
  facet normal 0 0 1
    outer loop
      vertex 90.9171 5.23895 23.5
      vertex 89.4299 5.04316 23.5
      vertex 89.5193 4.59413 23.5
    endloop
  endfacet
  facet normal 0 0 1
    outer loop
      vertex 90.9 5.5 23.5
      vertex 89.4 5.5 23.5
      vertex 89.4299 5.04316 23.5
    endloop
  endfacet
  facet normal 0 0 1
    outer loop
      vertex 96.3701 5.95684 23.5
      vertex 94.8829 5.76105 23.5
      vertex 94.9 5.5 23.5
    endloop
  endfacet
  facet normal 0 0 1
    outer loop
      vertex 95.3749 7.97487 23.5
      vertex 94.8318 6.01764 23.5
      vertex 94.8829 5.76105 23.5
    endloop
  endfacet
  facet normal 0 0 1
    outer loop
      vertex 95.3749 7.97487 23.5
      vertex 94.7478 6.26537 23.5
      vertex 94.8318 6.01764 23.5
    endloop
  endfacet
  facet normal 0 0 1
    outer loop
      vertex 94.1175 7.08671 23.5
      vertex 95.0307 8.27674 23.5
      vertex 94.65 8.53109 23.5
    endloop
  endfacet
  facet normal 0 0 1
    outer loop
      vertex 95.3749 7.97487 23.5
      vertex 94.632 6.5 23.5
      vertex 94.7478 6.26537 23.5
    endloop
  endfacet
  facet normal 0 0 1
    outer loop
      vertex 95.3749 7.97487 23.5
      vertex 94.4867 6.71752 23.5
      vertex 94.632 6.5 23.5
    endloop
  endfacet
  facet normal 0 0 1
    outer loop
      vertex 95.3749 7.97487 23.5
      vertex 94.3142 6.91421 23.5
      vertex 94.4867 6.71752 23.5
    endloop
  endfacet
  facet normal 0 0 1
    outer loop
      vertex 93.9 7.23205 23.5
      vertex 94.65 8.53109 23.5
      vertex 94.2394 8.73358 23.5
    endloop
  endfacet
  facet normal 0 0 1
    outer loop
      vertex 95.0307 8.27674 23.5
      vertex 94.1175 7.08671 23.5
      vertex 94.3142 6.91421 23.5
    endloop
  endfacet
  facet normal 0 0 1
    outer loop
      vertex 94.65 8.53109 23.5
      vertex 93.9 7.23205 23.5
      vertex 94.1175 7.08671 23.5
    endloop
  endfacet
  facet normal 0 0 1
    outer loop
      vertex 93.6654 7.34776 23.5
      vertex 94.2394 8.73358 23.5
      vertex 93.8059 8.88074 23.5
    endloop
  endfacet
  facet normal 0 0 1
    outer loop
      vertex 94.2394 8.73358 23.5
      vertex 93.6654 7.34776 23.5
      vertex 93.9 7.23205 23.5
    endloop
  endfacet
  facet normal 0 0 1
    outer loop
      vertex 93.8059 8.88074 23.5
      vertex 93.4176 7.43185 23.5
      vertex 93.6654 7.34776 23.5
    endloop
  endfacet
  facet normal 0 0 1
    outer loop
      vertex 93.3568 8.97006 23.5
      vertex 93.4176 7.43185 23.5
      vertex 93.8059 8.88074 23.5
    endloop
  endfacet
  facet normal 0 0 1
    outer loop
      vertex 93.3568 8.97006 23.5
      vertex 93.161 7.48289 23.5
      vertex 93.4176 7.43185 23.5
    endloop
  endfacet
  facet normal 0 0 1
    outer loop
      vertex 92.9 9 23.5
      vertex 93.161 7.48289 23.5
      vertex 93.3568 8.97006 23.5
    endloop
  endfacet
  facet normal 0 0 1
    outer loop
      vertex 92.9 9 23.5
      vertex 92.9 7.5 23.5
      vertex 93.161 7.48289 23.5
    endloop
  endfacet
  facet normal 0 0 1
    outer loop
      vertex 92.9 9 23.5
      vertex 92.6389 7.48289 23.5
      vertex 92.9 7.5 23.5
    endloop
  endfacet
  facet normal -0 0 1
    outer loop
      vertex 92.4432 8.97006 23.5
      vertex 92.6389 7.48289 23.5
      vertex 92.9 9 23.5
    endloop
  endfacet
  facet normal 0 0 1
    outer loop
      vertex 92.4432 8.97006 23.5
      vertex 92.3824 7.43185 23.5
      vertex 92.6389 7.48289 23.5
    endloop
  endfacet
  facet normal -0 0 1
    outer loop
      vertex 91.9941 8.88074 23.5
      vertex 92.3824 7.43185 23.5
      vertex 92.4432 8.97006 23.5
    endloop
  endfacet
  facet normal 0 0 1
    outer loop
      vertex 92.3824 7.43185 23.5
      vertex 91.9941 8.88074 23.5
      vertex 92.1346 7.34776 23.5
    endloop
  endfacet
  facet normal -0 0 1
    outer loop
      vertex 91.5606 8.73358 23.5
      vertex 92.1346 7.34776 23.5
      vertex 91.9941 8.88074 23.5
    endloop
  endfacet
  facet normal 0 0 1
    outer loop
      vertex 92.1346 7.34776 23.5
      vertex 91.5606 8.73358 23.5
      vertex 91.9 7.23205 23.5
    endloop
  endfacet
  facet normal -0 0 1
    outer loop
      vertex 91.15 8.53109 23.5
      vertex 91.9 7.23205 23.5
      vertex 91.5606 8.73358 23.5
    endloop
  endfacet
  facet normal 0 0 1
    outer loop
      vertex 91.9 7.23205 23.5
      vertex 91.15 8.53109 23.5
      vertex 91.6825 7.08671 23.5
    endloop
  endfacet
  facet normal -0 0 1
    outer loop
      vertex 90.7693 8.27674 23.5
      vertex 91.6825 7.08671 23.5
      vertex 91.15 8.53109 23.5
    endloop
  endfacet
  facet normal 0 0 1
    outer loop
      vertex 91.6825 7.08671 23.5
      vertex 90.7693 8.27674 23.5
      vertex 91.4858 6.91421 23.5
    endloop
  endfacet
  facet normal -0 0 1
    outer loop
      vertex 90.4251 7.97487 23.5
      vertex 91.4858 6.91421 23.5
      vertex 90.7693 8.27674 23.5
    endloop
  endfacet
  facet normal 0 0 1
    outer loop
      vertex 91.4858 6.91421 23.5
      vertex 90.4251 7.97487 23.5
      vertex 91.3133 6.71752 23.5
    endloop
  endfacet
  facet normal -0 0 1
    outer loop
      vertex 90.1233 7.63066 23.5
      vertex 91.3133 6.71752 23.5
      vertex 90.4251 7.97487 23.5
    endloop
  endfacet
  facet normal 0 0 1
    outer loop
      vertex 91.3133 6.71752 23.5
      vertex 90.1233 7.63066 23.5
      vertex 91.1679 6.5 23.5
    endloop
  endfacet
  facet normal 0 0 1
    outer loop
      vertex 91.1679 6.5 23.5
      vertex 89.8689 7.25 23.5
      vertex 91.0522 6.26537 23.5
    endloop
  endfacet
  facet normal -0 0 1
    outer loop
      vertex 89.8689 7.25 23.5
      vertex 91.1679 6.5 23.5
      vertex 90.1233 7.63066 23.5
    endloop
  endfacet
  facet normal 0 0 1
    outer loop
      vertex 94.4867 141.118 23.5
      vertex 98.4 142.4 23.5
      vertex 98.3743 142.792 23.5
    endloop
  endfacet
  facet normal 0 0 1
    outer loop
      vertex 98.4 142.4 23.5
      vertex 96.4 139.9 23.5
      vertex 98.4 3.00001 23.5
    endloop
  endfacet
  facet normal 0 0 1
    outer loop
      vertex 94.4867 141.118 23.5
      vertex 98.3743 142.792 23.5
      vertex 98.2978 143.176 23.5
    endloop
  endfacet
  facet normal -0 0 1
    outer loop
      vertex 96.4 5.50009 23.5
      vertex 98.4 3.00001 23.5
      vertex 96.4 139.9 23.5
    endloop
  endfacet
  facet normal 0 0 1
    outer loop
      vertex 94.4867 141.118 23.5
      vertex 98.2978 143.176 23.5
      vertex 98.1716 143.548 23.5
    endloop
  endfacet
  facet normal -0 0 1
    outer loop
      vertex 94.632 4.5 23.5
      vertex 98.4 3.00001 23.5
      vertex 96.4 5.50009 23.5
    endloop
  endfacet
  facet normal 0 0 1
    outer loop
      vertex 94.3142 141.314 23.5
      vertex 98.1716 143.548 23.5
      vertex 97.9981 143.9 23.5
    endloop
  endfacet
  facet normal -0 0 1
    outer loop
      vertex 94.4867 4.28248 23.5
      vertex 98.4 3.00001 23.5
      vertex 94.632 4.5 23.5
    endloop
  endfacet
  facet normal 0 0 1
    outer loop
      vertex 94.3142 141.314 23.5
      vertex 97.9981 143.9 23.5
      vertex 97.7801 144.226 23.5
    endloop
  endfacet
  facet normal 0 0 1
    outer loop
      vertex 98.4 3.00001 23.5
      vertex 94.4867 4.28248 23.5
      vertex 98.3743 2.60844 23.5
    endloop
  endfacet
  facet normal 0 0 1
    outer loop
      vertex 94.3142 141.314 23.5
      vertex 97.7801 144.226 23.5
      vertex 97.5213 144.521 23.5
    endloop
  endfacet
  facet normal 0 0 1
    outer loop
      vertex 98.3743 2.60844 23.5
      vertex 94.4867 4.28248 23.5
      vertex 98.2978 2.22355 23.5
    endloop
  endfacet
  facet normal 0 0 1
    outer loop
      vertex 94.3142 141.314 23.5
      vertex 97.5213 144.521 23.5
      vertex 97.2263 144.78 23.5
    endloop
  endfacet
  facet normal 0 0 1
    outer loop
      vertex 98.2978 2.22355 23.5
      vertex 94.4867 4.28248 23.5
      vertex 98.1716 1.85195 23.5
    endloop
  endfacet
  facet normal 0 0 1
    outer loop
      vertex 94.3142 141.314 23.5
      vertex 97.2263 144.78 23.5
      vertex 96.9 144.998 23.5
    endloop
  endfacet
  facet normal -0 0 1
    outer loop
      vertex 94.3142 4.08579 23.5
      vertex 98.1716 1.85195 23.5
      vertex 94.4867 4.28248 23.5
    endloop
  endfacet
  facet normal 0 0 1
    outer loop
      vertex 94.3142 141.314 23.5
      vertex 96.9 144.998 23.5
      vertex 96.548 145.172 23.5
    endloop
  endfacet
  facet normal 0 0 1
    outer loop
      vertex 98.1716 1.85195 23.5
      vertex 94.3142 4.08579 23.5
      vertex 97.9981 1.50001 23.5
    endloop
  endfacet
  facet normal 0 0 1
    outer loop
      vertex 97.7801 1.17373 23.5
      vertex 94.3142 4.08579 23.5
      vertex 97.5213 0.878683 23.5
    endloop
  endfacet
  facet normal 0 0 1
    outer loop
      vertex 98.4 142.4 23.5
      vertex 94.4867 141.118 23.5
      vertex 94.632 140.9 23.5
    endloop
  endfacet
  facet normal -0 -0 1
    outer loop
      vertex 94.7478 140.665 23.5
      vertex 96.4 139.9 23.5
      vertex 94.632 140.9 23.5
    endloop
  endfacet
  facet normal 0 0 1
    outer loop
      vertex 94.1175 141.487 23.5
      vertex 96.548 145.172 23.5
      vertex 96.1765 145.298 23.5
    endloop
  endfacet
  facet normal -0 -0 1
    outer loop
      vertex 94.8829 140.161 23.5
      vertex 96.4 139.9 23.5
      vertex 94.8318 140.418 23.5
    endloop
  endfacet
  facet normal 0 0 1
    outer loop
      vertex 96.4 139.9 23.5
      vertex 94.9 139.9 23.5
      vertex 96.3701 139.443 23.5
    endloop
  endfacet
  facet normal 0 0 1
    outer loop
      vertex 94.1175 141.487 23.5
      vertex 96.1765 145.298 23.5
      vertex 95.7916 145.374 23.5
    endloop
  endfacet
  facet normal -0 0 1
    outer loop
      vertex 94.8829 139.639 23.5
      vertex 96.3701 139.443 23.5
      vertex 94.9 139.9 23.5
    endloop
  endfacet
  facet normal 0 0 1
    outer loop
      vertex 94.1175 141.487 23.5
      vertex 95.7916 145.374 23.5
      vertex 95.4 145.4 23.5
    endloop
  endfacet
  facet normal -0 0 1
    outer loop
      vertex 94.8318 139.382 23.5
      vertex 96.2807 138.994 23.5
      vertex 94.8829 139.639 23.5
    endloop
  endfacet
  facet normal 0 0 1
    outer loop
      vertex 96.2807 138.994 23.5
      vertex 94.8318 139.382 23.5
      vertex 96.1336 138.561 23.5
    endloop
  endfacet
  facet normal 0 0 1
    outer loop
      vertex 96.1336 138.561 23.5
      vertex 94.7478 139.135 23.5
      vertex 95.9311 138.15 23.5
    endloop
  endfacet
  facet normal -0 0 1
    outer loop
      vertex 94.7478 139.135 23.5
      vertex 96.1336 138.561 23.5
      vertex 94.8318 139.382 23.5
    endloop
  endfacet
  facet normal 0 0 1
    outer loop
      vertex 96.3701 139.443 23.5
      vertex 94.8829 139.639 23.5
      vertex 96.2807 138.994 23.5
    endloop
  endfacet
  facet normal 0 -0 1
    outer loop
      vertex 94.9 139.9 23.5
      vertex 96.4 139.9 23.5
      vertex 94.8829 140.161 23.5
    endloop
  endfacet
  facet normal -0 -0 1
    outer loop
      vertex 94.8318 140.418 23.5
      vertex 96.4 139.9 23.5
      vertex 94.7478 140.665 23.5
    endloop
  endfacet
  facet normal 0 0 1
    outer loop
      vertex 98.4 142.4 23.5
      vertex 94.632 140.9 23.5
      vertex 96.4 139.9 23.5
    endloop
  endfacet
  facet normal 0 0 1
    outer loop
      vertex 98.1716 143.548 23.5
      vertex 94.3142 141.314 23.5
      vertex 94.4867 141.118 23.5
    endloop
  endfacet
  facet normal 0 0 1
    outer loop
      vertex 96.548 145.172 23.5
      vertex 94.1175 141.487 23.5
      vertex 94.3142 141.314 23.5
    endloop
  endfacet
  facet normal 0 0 1
    outer loop
      vertex 95.4 145.4 23.5
      vertex 93.9 141.632 23.5
      vertex 94.1175 141.487 23.5
    endloop
  endfacet
  facet normal -0 0 1
    outer loop
      vertex 92.9 143.4 23.5
      vertex 93.9 141.632 23.5
      vertex 95.4 145.4 23.5
    endloop
  endfacet
  facet normal 0 0 1
    outer loop
      vertex 93.9 141.632 23.5
      vertex 92.9 143.4 23.5
      vertex 93.6654 141.748 23.5
    endloop
  endfacet
  facet normal 0 0 1
    outer loop
      vertex 93.6654 141.748 23.5
      vertex 92.9 143.4 23.5
      vertex 93.4176 141.832 23.5
    endloop
  endfacet
  facet normal 0 0 1
    outer loop
      vertex 93.4176 141.832 23.5
      vertex 92.9 143.4 23.5
      vertex 93.161 141.883 23.5
    endloop
  endfacet
  facet normal 0 0 1
    outer loop
      vertex 95.4 145.4 23.5
      vertex 5.5 143.4 23.5
      vertex 92.9 143.4 23.5
    endloop
  endfacet
  facet normal 0 0 1
    outer loop
      vertex 5.5 143.4 23.5
      vertex 5.23895 141.883 23.5
      vertex 5.5 141.9 23.5
    endloop
  endfacet
  facet normal 0 0 1
    outer loop
      vertex 5.5 143.4 23.5
      vertex 4.98236 141.832 23.5
      vertex 5.23895 141.883 23.5
    endloop
  endfacet
  facet normal 0 0 1
    outer loop
      vertex 5.5 143.4 23.5
      vertex 4.73463 141.748 23.5
      vertex 4.98236 141.832 23.5
    endloop
  endfacet
  facet normal 0 0 1
    outer loop
      vertex 5.5 143.4 23.5
      vertex 4.5 141.632 23.5
      vertex 4.73463 141.748 23.5
    endloop
  endfacet
  facet normal 0 0 1
    outer loop
      vertex 3 145.4 23.5
      vertex 4.5 141.632 23.5
      vertex 5.5 143.4 23.5
    endloop
  endfacet
  facet normal 0 0 1
    outer loop
      vertex 4.5 141.632 23.5
      vertex 3 145.4 23.5
      vertex 4.28248 141.487 23.5
    endloop
  endfacet
  facet normal -0 0 1
    outer loop
      vertex 2.60843 145.374 23.5
      vertex 4.28248 141.487 23.5
      vertex 3 145.4 23.5
    endloop
  endfacet
  facet normal 0 0 1
    outer loop
      vertex 4.08579 138.486 23.5
      vertex 3.02513 137.425 23.5
      vertex 3.36934 137.123 23.5
    endloop
  endfacet
  facet normal 0 0 1
    outer loop
      vertex 2 139.9 23.5
      vertex 3.5 139.9 23.5
      vertex 3.51711 140.161 23.5
    endloop
  endfacet
  facet normal -0 0 1
    outer loop
      vertex 3 145.4 23.5
      vertex 5.5 143.4 23.5
      vertex 95.4 145.4 23.5
    endloop
  endfacet
  facet normal -0 0 1
    outer loop
      vertex 2.22354 145.298 23.5
      vertex 4.28248 141.487 23.5
      vertex 2.60843 145.374 23.5
    endloop
  endfacet
  facet normal -0 0 1
    outer loop
      vertex 1.85194 145.172 23.5
      vertex 4.28248 141.487 23.5
      vertex 2.22354 145.298 23.5
    endloop
  endfacet
  facet normal 0 0 1
    outer loop
      vertex 4.28248 141.487 23.5
      vertex 1.85194 145.172 23.5
      vertex 4.08579 141.314 23.5
    endloop
  endfacet
  facet normal -0 0 1
    outer loop
      vertex 1.5 144.998 23.5
      vertex 4.08579 141.314 23.5
      vertex 1.85194 145.172 23.5
    endloop
  endfacet
  facet normal -0 0 1
    outer loop
      vertex 1.17372 144.78 23.5
      vertex 4.08579 141.314 23.5
      vertex 1.5 144.998 23.5
    endloop
  endfacet
  facet normal -0 0 1
    outer loop
      vertex 0.878677 144.521 23.5
      vertex 4.08579 141.314 23.5
      vertex 1.17372 144.78 23.5
    endloop
  endfacet
  facet normal 0 0 1
    outer loop
      vertex 3.5 139.9 23.5
      vertex 2 139.9 23.5
      vertex 2.02994 139.443 23.5
    endloop
  endfacet
  facet normal -0 0 1
    outer loop
      vertex 0.619934 144.226 23.5
      vertex 4.08579 141.314 23.5
      vertex 0.878677 144.521 23.5
    endloop
  endfacet
  facet normal 0 0 1
    outer loop
      vertex 3.91329 138.682 23.5
      vertex 2.72326 137.769 23.5
      vertex 3.02513 137.425 23.5
    endloop
  endfacet
  facet normal 0 0 1
    outer loop
      vertex 3.76795 138.9 23.5
      vertex 2.46891 138.15 23.5
      vertex 2.72326 137.769 23.5
    endloop
  endfacet
  facet normal -0 0 1
    outer loop
      vertex 0.401917 143.9 23.5
      vertex 4.08579 141.314 23.5
      vertex 0.619934 144.226 23.5
    endloop
  endfacet
  facet normal 0 0 1
    outer loop
      vertex 3.65224 139.135 23.5
      vertex 2.26642 138.561 23.5
      vertex 2.46891 138.15 23.5
    endloop
  endfacet
  facet normal 0 0 1
    outer loop
      vertex 3.56815 139.382 23.5
      vertex 2.11926 138.994 23.5
      vertex 2.26642 138.561 23.5
    endloop
  endfacet
  facet normal 0 0 1
    outer loop
      vertex 3.51711 139.639 23.5
      vertex 2.02994 139.443 23.5
      vertex 2.11926 138.994 23.5
    endloop
  endfacet
  facet normal 0 0 1
    outer loop
      vertex 4.08579 141.314 23.5
      vertex 0.228363 143.548 23.5
      vertex 3.91329 141.118 23.5
    endloop
  endfacet
  facet normal -0 0 1
    outer loop
      vertex 0.228363 143.548 23.5
      vertex 4.08579 141.314 23.5
      vertex 0.401917 143.9 23.5
    endloop
  endfacet
  facet normal 0 0 1
    outer loop
      vertex 97.5213 0.878683 23.5
      vertex 94.3142 4.08579 23.5
      vertex 97.2263 0.61994 23.5
    endloop
  endfacet
  facet normal 0 0 1
    outer loop
      vertex 94.9 5.5 23.5
      vertex 96.4 5.50009 23.5
      vertex 96.3701 5.95684 23.5
    endloop
  endfacet
  facet normal 0 0 1
    outer loop
      vertex 94.8829 5.76105 23.5
      vertex 96.3701 5.95684 23.5
      vertex 96.2807 6.40587 23.5
    endloop
  endfacet
  facet normal 0 0 1
    outer loop
      vertex 96.4 5.50009 23.5
      vertex 94.7478 4.73463 23.5
      vertex 94.632 4.5 23.5
    endloop
  endfacet
  facet normal 0 0 1
    outer loop
      vertex 94.8829 5.76105 23.5
      vertex 96.2807 6.40587 23.5
      vertex 96.1336 6.83939 23.5
    endloop
  endfacet
  facet normal 0 0 1
    outer loop
      vertex 94.8829 5.76105 23.5
      vertex 96.1336 6.83939 23.5
      vertex 95.9311 7.25 23.5
    endloop
  endfacet
  facet normal 0 0 1
    outer loop
      vertex 96.4 5.50009 23.5
      vertex 94.8318 4.98236 23.5
      vertex 94.7478 4.73463 23.5
    endloop
  endfacet
  facet normal 0 0 1
    outer loop
      vertex 94.8829 5.76105 23.5
      vertex 95.9311 7.25 23.5
      vertex 95.6767 7.63066 23.5
    endloop
  endfacet
  facet normal 0 0 1
    outer loop
      vertex 96.4 5.50009 23.5
      vertex 94.8829 5.23895 23.5
      vertex 94.8318 4.98236 23.5
    endloop
  endfacet
  facet normal 0 0 1
    outer loop
      vertex 94.8829 5.76105 23.5
      vertex 95.6767 7.63066 23.5
      vertex 95.3749 7.97487 23.5
    endloop
  endfacet
  facet normal 0 0 1
    outer loop
      vertex 94.3142 6.91421 23.5
      vertex 95.3749 7.97487 23.5
      vertex 95.0307 8.27674 23.5
    endloop
  endfacet
  facet normal 0 0 1
    outer loop
      vertex 96.4 5.50009 23.5
      vertex 94.9 5.5 23.5
      vertex 94.8829 5.23895 23.5
    endloop
  endfacet
  facet normal 0 0 1
    outer loop
      vertex 97.9981 1.50001 23.5
      vertex 94.3142 4.08579 23.5
      vertex 97.7801 1.17373 23.5
    endloop
  endfacet
  facet normal 0 0 1
    outer loop
      vertex 97.2263 0.61994 23.5
      vertex 94.3142 4.08579 23.5
      vertex 96.9 0.401923 23.5
    endloop
  endfacet
  facet normal 0 0 1
    outer loop
      vertex 96.9 0.401923 23.5
      vertex 94.3142 4.08579 23.5
      vertex 96.548 0.228369 23.5
    endloop
  endfacet
  facet normal -0 0 1
    outer loop
      vertex 94.1175 3.91329 23.5
      vertex 96.548 0.228369 23.5
      vertex 94.3142 4.08579 23.5
    endloop
  endfacet
  facet normal 0 0 1
    outer loop
      vertex 96.548 0.228369 23.5
      vertex 94.1175 3.91329 23.5
      vertex 96.1765 0.102225 23.5
    endloop
  endfacet
  facet normal 0 0 1
    outer loop
      vertex 96.1765 0.102225 23.5
      vertex 94.1175 3.91329 23.5
      vertex 95.7916 0.0256714 23.5
    endloop
  endfacet
  facet normal 0 0 1
    outer loop
      vertex 95.7916 0.0256714 23.5
      vertex 94.1175 3.91329 23.5
      vertex 95.4 6.10352e-06 23.5
    endloop
  endfacet
  facet normal -0 0 1
    outer loop
      vertex 93.9 3.76795 23.5
      vertex 95.4 6.10352e-06 23.5
      vertex 94.1175 3.91329 23.5
    endloop
  endfacet
  facet normal 0 0 1
    outer loop
      vertex 92.8999 2.00001 23.5
      vertex 93.9 3.76795 23.5
      vertex 93.6654 3.65224 23.5
    endloop
  endfacet
  facet normal 0 0 1
    outer loop
      vertex 92.8999 2.00001 23.5
      vertex 93.6654 3.65224 23.5
      vertex 93.4176 3.56815 23.5
    endloop
  endfacet
  facet normal 0 0 1
    outer loop
      vertex 92.8999 2.00001 23.5
      vertex 93.4176 3.56815 23.5
      vertex 93.161 3.51711 23.5
    endloop
  endfacet
  facet normal 0 0 1
    outer loop
      vertex 92.8999 2.00001 23.5
      vertex 93.161 3.51711 23.5
      vertex 92.9 3.5 23.5
    endloop
  endfacet
  facet normal 0 0 1
    outer loop
      vertex 93.9 3.76795 23.5
      vertex 92.8999 2.00001 23.5
      vertex 95.4 6.10352e-06 23.5
    endloop
  endfacet
  facet normal -0 0 1
    outer loop
      vertex 5.50009 2.00001 23.5
      vertex 95.4 6.10352e-06 23.5
      vertex 92.8999 2.00001 23.5
    endloop
  endfacet
  facet normal 0 0 1
    outer loop
      vertex 5.23895 3.51711 23.5
      vertex 5.50009 2.00001 23.5
      vertex 5.5 3.5 23.5
    endloop
  endfacet
  facet normal 0 0 1
    outer loop
      vertex 4.98236 3.56815 23.5
      vertex 5.50009 2.00001 23.5
      vertex 5.23895 3.51711 23.5
    endloop
  endfacet
  facet normal 0 0 1
    outer loop
      vertex 4.73463 3.65224 23.5
      vertex 5.50009 2.00001 23.5
      vertex 4.98236 3.56815 23.5
    endloop
  endfacet
  facet normal 0 0 1
    outer loop
      vertex 4.5 3.76795 23.5
      vertex 5.50009 2.00001 23.5
      vertex 4.73463 3.65224 23.5
    endloop
  endfacet
  facet normal 0 0 1
    outer loop
      vertex 3 6.10352e-06 23.5
      vertex 4.5 3.76795 23.5
      vertex 4.28248 3.91329 23.5
    endloop
  endfacet
  facet normal 0 0 1
    outer loop
      vertex 1.85194 0.228369 23.5
      vertex 4.28248 3.91329 23.5
      vertex 4.08579 4.08579 23.5
    endloop
  endfacet
  facet normal 0 0 1
    outer loop
      vertex 0.228363 1.85195 23.5
      vertex 4.08579 4.08579 23.5
      vertex 3.91329 4.28248 23.5
    endloop
  endfacet
  facet normal -0 0 1
    outer loop
      vertex 2.26642 6.83939 23.5
      vertex 3.65224 6.26537 23.5
      vertex 2.46891 7.25 23.5
    endloop
  endfacet
  facet normal 0 0 1
    outer loop
      vertex 3.65224 6.26537 23.5
      vertex 2.26642 6.83939 23.5
      vertex 3.56815 6.01764 23.5
    endloop
  endfacet
  facet normal 0 0 1
    outer loop
      vertex 5.50009 2.00001 23.5
      vertex 3 6.10352e-06 23.5
      vertex 95.4 6.10352e-06 23.5
    endloop
  endfacet
  facet normal 0 0 1
    outer loop
      vertex 4.5 3.76795 23.5
      vertex 3 6.10352e-06 23.5
      vertex 5.50009 2.00001 23.5
    endloop
  endfacet
  facet normal 0 0 1
    outer loop
      vertex 0 3.00001 23.5
      vertex 3.91329 4.28248 23.5
      vertex 3.76795 4.5 23.5
    endloop
  endfacet
  facet normal 0 0 1
    outer loop
      vertex 2 5.5 23.5
      vertex 3.76795 4.5 23.5
      vertex 3.65224 4.73463 23.5
    endloop
  endfacet
  facet normal 0 0 1
    outer loop
      vertex 2 5.5 23.5
      vertex 3.65224 4.73463 23.5
      vertex 3.56815 4.98236 23.5
    endloop
  endfacet
  facet normal 0 0 1
    outer loop
      vertex 2 5.5 23.5
      vertex 3.56815 4.98236 23.5
      vertex 3.51711 5.23895 23.5
    endloop
  endfacet
  facet normal -0 0 1
    outer loop
      vertex 2.11926 6.40587 23.5
      vertex 3.56815 6.01764 23.5
      vertex 2.26642 6.83939 23.5
    endloop
  endfacet
  facet normal 0 0 1
    outer loop
      vertex 3.56815 6.01764 23.5
      vertex 2.11926 6.40587 23.5
      vertex 3.51711 5.76105 23.5
    endloop
  endfacet
  facet normal 0 0 1
    outer loop
      vertex 3.76795 4.5 23.5
      vertex 2 5.5 23.5
      vertex 0 3.00001 23.5
    endloop
  endfacet
  facet normal -0 0 1
    outer loop
      vertex 2.02994 5.95684 23.5
      vertex 3.51711 5.76105 23.5
      vertex 2.11926 6.40587 23.5
    endloop
  endfacet
  facet normal 0 0 1
    outer loop
      vertex 3.51711 5.76105 23.5
      vertex 2.02994 5.95684 23.5
      vertex 3.5 5.5 23.5
    endloop
  endfacet
  facet normal 0 0 1
    outer loop
      vertex 4.28248 3.91329 23.5
      vertex 2.60843 0.0256714 23.5
      vertex 3 6.10352e-06 23.5
    endloop
  endfacet
  facet normal 0 0 1
    outer loop
      vertex 2 5.5 23.5
      vertex 3.5 5.5 23.5
      vertex 2.02994 5.95684 23.5
    endloop
  endfacet
  facet normal 0 0 1
    outer loop
      vertex 3.5 5.5 23.5
      vertex 2 5.5 23.5
      vertex 3.51711 5.23895 23.5
    endloop
  endfacet
  facet normal 0 0 1
    outer loop
      vertex 4.28248 3.91329 23.5
      vertex 2.22354 0.102225 23.5
      vertex 2.60843 0.0256714 23.5
    endloop
  endfacet
  facet normal 0 0 1
    outer loop
      vertex 4.28248 3.91329 23.5
      vertex 1.85194 0.228369 23.5
      vertex 2.22354 0.102225 23.5
    endloop
  endfacet
  facet normal 0 0 1
    outer loop
      vertex 2 139.9 23.5
      vertex 0 142.4 23.5
      vertex 2 5.5 23.5
    endloop
  endfacet
  facet normal -0 0 1
    outer loop
      vertex 0.102219 143.176 23.5
      vertex 3.91329 141.118 23.5
      vertex 0.228363 143.548 23.5
    endloop
  endfacet
  facet normal 0 0 1
    outer loop
      vertex 0 3.00001 23.5
      vertex 2 5.5 23.5
      vertex 0 142.4 23.5
    endloop
  endfacet
  facet normal -0 0 1
    outer loop
      vertex 0.0256653 142.792 23.5
      vertex 3.91329 141.118 23.5
      vertex 0.102219 143.176 23.5
    endloop
  endfacet
  facet normal 0 0 1
    outer loop
      vertex 3.91329 4.28248 23.5
      vertex 0 3.00001 23.5
      vertex 0.0256653 2.60844 23.5
    endloop
  endfacet
  facet normal -0 0 1
    outer loop
      vertex 0 142.4 23.5
      vertex 3.91329 141.118 23.5
      vertex 0.0256653 142.792 23.5
    endloop
  endfacet
  facet normal 0 0 1
    outer loop
      vertex 4.08579 4.08579 23.5
      vertex 1.5 0.401923 23.5
      vertex 1.85194 0.228369 23.5
    endloop
  endfacet
  facet normal 0 0 1
    outer loop
      vertex 3.91329 141.118 23.5
      vertex 0 142.4 23.5
      vertex 3.76795 140.9 23.5
    endloop
  endfacet
  facet normal 0 0 1
    outer loop
      vertex 4.08579 4.08579 23.5
      vertex 1.17372 0.61994 23.5
      vertex 1.5 0.401923 23.5
    endloop
  endfacet
  facet normal 0 -0 1
    outer loop
      vertex 2 139.9 23.5
      vertex 3.76795 140.9 23.5
      vertex 0 142.4 23.5
    endloop
  endfacet
  facet normal 0 0 1
    outer loop
      vertex 4.08579 4.08579 23.5
      vertex 0.878677 0.878683 23.5
      vertex 1.17372 0.61994 23.5
    endloop
  endfacet
  facet normal 0 0 1
    outer loop
      vertex 3.76795 140.9 23.5
      vertex 2 139.9 23.5
      vertex 3.65224 140.665 23.5
    endloop
  endfacet
  facet normal 0 0 1
    outer loop
      vertex 4.08579 4.08579 23.5
      vertex 0.619934 1.17373 23.5
      vertex 0.878677 0.878683 23.5
    endloop
  endfacet
  facet normal 0 0 1
    outer loop
      vertex 3.65224 140.665 23.5
      vertex 2 139.9 23.5
      vertex 3.56815 140.418 23.5
    endloop
  endfacet
  facet normal 0 0 1
    outer loop
      vertex 4.08579 4.08579 23.5
      vertex 0.401917 1.50001 23.5
      vertex 0.619934 1.17373 23.5
    endloop
  endfacet
  facet normal 0 0 1
    outer loop
      vertex 3.56815 140.418 23.5
      vertex 2 139.9 23.5
      vertex 3.51711 140.161 23.5
    endloop
  endfacet
  facet normal 0 0 1
    outer loop
      vertex 4.08579 4.08579 23.5
      vertex 0.228363 1.85195 23.5
      vertex 0.401917 1.50001 23.5
    endloop
  endfacet
  facet normal 0 0 1
    outer loop
      vertex 3.91329 4.28248 23.5
      vertex 0.102219 2.22355 23.5
      vertex 0.228363 1.85195 23.5
    endloop
  endfacet
  facet normal 0 0 1
    outer loop
      vertex 3.91329 4.28248 23.5
      vertex 0.0256653 2.60844 23.5
      vertex 0.102219 2.22355 23.5
    endloop
  endfacet
  facet normal -0 0 1
    outer loop
      vertex 94.632 138.9 23.5
      vertex 95.9311 138.15 23.5
      vertex 94.7478 139.135 23.5
    endloop
  endfacet
  facet normal 0 0 1
    outer loop
      vertex 95.9311 138.15 23.5
      vertex 94.632 138.9 23.5
      vertex 95.6767 137.769 23.5
    endloop
  endfacet
  facet normal -0 0 1
    outer loop
      vertex 94.4867 138.682 23.5
      vertex 95.6767 137.769 23.5
      vertex 94.632 138.9 23.5
    endloop
  endfacet
  facet normal 0 0 1
    outer loop
      vertex 95.6767 137.769 23.5
      vertex 94.4867 138.682 23.5
      vertex 95.3749 137.425 23.5
    endloop
  endfacet
  facet normal -0 0 1
    outer loop
      vertex 94.3142 138.486 23.5
      vertex 95.3749 137.425 23.5
      vertex 94.4867 138.682 23.5
    endloop
  endfacet
  facet normal 0 0 1
    outer loop
      vertex 95.3749 137.425 23.5
      vertex 94.3142 138.486 23.5
      vertex 95.0307 137.123 23.5
    endloop
  endfacet
  facet normal -0 0 1
    outer loop
      vertex 94.1175 138.313 23.5
      vertex 95.0307 137.123 23.5
      vertex 94.3142 138.486 23.5
    endloop
  endfacet
  facet normal 0 0 1
    outer loop
      vertex 95.0307 137.123 23.5
      vertex 94.1175 138.313 23.5
      vertex 94.65 136.869 23.5
    endloop
  endfacet
  facet normal -0 0 1
    outer loop
      vertex 93.9 138.168 23.5
      vertex 94.65 136.869 23.5
      vertex 94.1175 138.313 23.5
    endloop
  endfacet
  facet normal 0 0 1
    outer loop
      vertex 94.65 136.869 23.5
      vertex 93.9 138.168 23.5
      vertex 94.2394 136.666 23.5
    endloop
  endfacet
  facet normal -0 0 1
    outer loop
      vertex 93.6654 138.052 23.5
      vertex 94.2394 136.666 23.5
      vertex 93.9 138.168 23.5
    endloop
  endfacet
  facet normal 0 0 1
    outer loop
      vertex 94.2394 136.666 23.5
      vertex 93.6654 138.052 23.5
      vertex 93.8059 136.519 23.5
    endloop
  endfacet
  facet normal -0 0 1
    outer loop
      vertex 93.4176 137.968 23.5
      vertex 93.8059 136.519 23.5
      vertex 93.6654 138.052 23.5
    endloop
  endfacet
  facet normal 0 0 1
    outer loop
      vertex 93.4176 137.968 23.5
      vertex 93.3568 136.43 23.5
      vertex 93.8059 136.519 23.5
    endloop
  endfacet
  facet normal -0 0 1
    outer loop
      vertex 93.161 137.917 23.5
      vertex 93.3568 136.43 23.5
      vertex 93.4176 137.968 23.5
    endloop
  endfacet
  facet normal -0 0 1
    outer loop
      vertex 92.9 137.9 23.5
      vertex 93.3568 136.43 23.5
      vertex 93.161 137.917 23.5
    endloop
  endfacet
  facet normal 0 0 1
    outer loop
      vertex 92.9 137.9 23.5
      vertex 92.9 136.4 23.5
      vertex 93.3568 136.43 23.5
    endloop
  endfacet
  facet normal 0 0 1
    outer loop
      vertex 92.6389 137.917 23.5
      vertex 92.9 136.4 23.5
      vertex 92.9 137.9 23.5
    endloop
  endfacet
  facet normal 0 0 1
    outer loop
      vertex 92.6389 137.917 23.5
      vertex 92.4432 136.43 23.5
      vertex 92.9 136.4 23.5
    endloop
  endfacet
  facet normal 0 0 1
    outer loop
      vertex 92.3824 137.968 23.5
      vertex 92.4432 136.43 23.5
      vertex 92.6389 137.917 23.5
    endloop
  endfacet
  facet normal 0 0 1
    outer loop
      vertex 91.9941 136.519 23.5
      vertex 92.3824 137.968 23.5
      vertex 92.1346 138.052 23.5
    endloop
  endfacet
  facet normal 0 0 1
    outer loop
      vertex 92.3824 137.968 23.5
      vertex 91.9941 136.519 23.5
      vertex 92.4432 136.43 23.5
    endloop
  endfacet
  facet normal 0 0 1
    outer loop
      vertex 91.5606 136.666 23.5
      vertex 92.1346 138.052 23.5
      vertex 91.9 138.168 23.5
    endloop
  endfacet
  facet normal 0 0 1
    outer loop
      vertex 91.15 136.869 23.5
      vertex 91.9 138.168 23.5
      vertex 91.6825 138.313 23.5
    endloop
  endfacet
  facet normal 0 0 1
    outer loop
      vertex 92.1346 138.052 23.5
      vertex 91.5606 136.666 23.5
      vertex 91.9941 136.519 23.5
    endloop
  endfacet
  facet normal 0 0 1
    outer loop
      vertex 90.7693 137.123 23.5
      vertex 91.6825 138.313 23.5
      vertex 91.4858 138.486 23.5
    endloop
  endfacet
  facet normal 0 0 1
    outer loop
      vertex 90.4251 137.425 23.5
      vertex 91.4858 138.486 23.5
      vertex 91.3133 138.682 23.5
    endloop
  endfacet
  facet normal 0 0 1
    outer loop
      vertex 90.1233 137.769 23.5
      vertex 91.3133 138.682 23.5
      vertex 91.1679 138.9 23.5
    endloop
  endfacet
  facet normal 0 0 1
    outer loop
      vertex 91.9 138.168 23.5
      vertex 91.15 136.869 23.5
      vertex 91.5606 136.666 23.5
    endloop
  endfacet
  facet normal 0 0 1
    outer loop
      vertex 89.8689 138.15 23.5
      vertex 91.1679 138.9 23.5
      vertex 91.0522 139.135 23.5
    endloop
  endfacet
  facet normal 0 0 1
    outer loop
      vertex 89.6664 138.561 23.5
      vertex 91.0522 139.135 23.5
      vertex 90.9681 139.382 23.5
    endloop
  endfacet
  facet normal 0 0 1
    outer loop
      vertex 89.5193 138.994 23.5
      vertex 90.9681 139.382 23.5
      vertex 90.9171 139.639 23.5
    endloop
  endfacet
  facet normal 0 0 1
    outer loop
      vertex 91.6825 138.313 23.5
      vertex 90.7693 137.123 23.5
      vertex 91.15 136.869 23.5
    endloop
  endfacet
  facet normal 0 0 1
    outer loop
      vertex 89.4299 139.443 23.5
      vertex 90.9171 139.639 23.5
      vertex 90.9 139.9 23.5
    endloop
  endfacet
  facet normal -0 0 1
    outer loop
      vertex 89.6664 141.239 23.5
      vertex 91.0522 140.665 23.5
      vertex 89.8689 141.65 23.5
    endloop
  endfacet
  facet normal 0 0 1
    outer loop
      vertex 91.0522 140.665 23.5
      vertex 89.6664 141.239 23.5
      vertex 90.9681 140.418 23.5
    endloop
  endfacet
  facet normal 0 0 1
    outer loop
      vertex 91.4858 138.486 23.5
      vertex 90.4251 137.425 23.5
      vertex 90.7693 137.123 23.5
    endloop
  endfacet
  facet normal -0 0 1
    outer loop
      vertex 89.5193 140.806 23.5
      vertex 90.9681 140.418 23.5
      vertex 89.6664 141.239 23.5
    endloop
  endfacet
  facet normal 0 0 1
    outer loop
      vertex 91.3133 138.682 23.5
      vertex 90.1233 137.769 23.5
      vertex 90.4251 137.425 23.5
    endloop
  endfacet
  facet normal 0 0 1
    outer loop
      vertex 90.9681 140.418 23.5
      vertex 89.5193 140.806 23.5
      vertex 90.9171 140.161 23.5
    endloop
  endfacet
  facet normal 0 0 1
    outer loop
      vertex 91.1679 138.9 23.5
      vertex 89.8689 138.15 23.5
      vertex 90.1233 137.769 23.5
    endloop
  endfacet
  facet normal -0 0 1
    outer loop
      vertex 89.4299 140.357 23.5
      vertex 90.9171 140.161 23.5
      vertex 89.5193 140.806 23.5
    endloop
  endfacet
  facet normal 0 0 1
    outer loop
      vertex 91.0522 139.135 23.5
      vertex 89.6664 138.561 23.5
      vertex 89.8689 138.15 23.5
    endloop
  endfacet
  facet normal 0 0 1
    outer loop
      vertex 90.9171 140.161 23.5
      vertex 89.4299 140.357 23.5
      vertex 90.9 139.9 23.5
    endloop
  endfacet
  facet normal 0 0 1
    outer loop
      vertex 90.9681 139.382 23.5
      vertex 89.5193 138.994 23.5
      vertex 89.6664 138.561 23.5
    endloop
  endfacet
  facet normal 0 0 1
    outer loop
      vertex 89.4 139.9 23.5
      vertex 90.9 139.9 23.5
      vertex 89.4299 140.357 23.5
    endloop
  endfacet
  facet normal 0 0 1
    outer loop
      vertex 90.9171 139.639 23.5
      vertex 89.4299 139.443 23.5
      vertex 89.5193 138.994 23.5
    endloop
  endfacet
  facet normal 0 0 1
    outer loop
      vertex 90.9 139.9 23.5
      vertex 89.4 139.9 23.5
      vertex 89.4299 139.443 23.5
    endloop
  endfacet
  facet normal 0 0 1
    outer loop
      vertex 92.9 143.4 23.5
      vertex 92.9 141.9 23.5
      vertex 93.161 141.883 23.5
    endloop
  endfacet
  facet normal 0 0 1
    outer loop
      vertex 92.9 143.4 23.5
      vertex 92.6389 141.883 23.5
      vertex 92.9 141.9 23.5
    endloop
  endfacet
  facet normal -0 0 1
    outer loop
      vertex 92.4432 143.37 23.5
      vertex 92.6389 141.883 23.5
      vertex 92.9 143.4 23.5
    endloop
  endfacet
  facet normal 0 0 1
    outer loop
      vertex 92.4432 143.37 23.5
      vertex 92.3824 141.832 23.5
      vertex 92.6389 141.883 23.5
    endloop
  endfacet
  facet normal -0 0 1
    outer loop
      vertex 91.9941 143.281 23.5
      vertex 92.3824 141.832 23.5
      vertex 92.4432 143.37 23.5
    endloop
  endfacet
  facet normal 0 0 1
    outer loop
      vertex 92.3824 141.832 23.5
      vertex 91.9941 143.281 23.5
      vertex 92.1346 141.748 23.5
    endloop
  endfacet
  facet normal -0 0 1
    outer loop
      vertex 91.5606 143.134 23.5
      vertex 92.1346 141.748 23.5
      vertex 91.9941 143.281 23.5
    endloop
  endfacet
  facet normal 0 0 1
    outer loop
      vertex 92.1346 141.748 23.5
      vertex 91.5606 143.134 23.5
      vertex 91.9 141.632 23.5
    endloop
  endfacet
  facet normal -0 0 1
    outer loop
      vertex 91.15 142.931 23.5
      vertex 91.9 141.632 23.5
      vertex 91.5606 143.134 23.5
    endloop
  endfacet
  facet normal 0 0 1
    outer loop
      vertex 91.9 141.632 23.5
      vertex 91.15 142.931 23.5
      vertex 91.6825 141.487 23.5
    endloop
  endfacet
  facet normal -0 0 1
    outer loop
      vertex 90.7693 142.677 23.5
      vertex 91.6825 141.487 23.5
      vertex 91.15 142.931 23.5
    endloop
  endfacet
  facet normal 0 0 1
    outer loop
      vertex 91.6825 141.487 23.5
      vertex 90.7693 142.677 23.5
      vertex 91.4858 141.314 23.5
    endloop
  endfacet
  facet normal -0 0 1
    outer loop
      vertex 90.4251 142.375 23.5
      vertex 91.4858 141.314 23.5
      vertex 90.7693 142.677 23.5
    endloop
  endfacet
  facet normal 0 0 1
    outer loop
      vertex 91.4858 141.314 23.5
      vertex 90.4251 142.375 23.5
      vertex 91.3133 141.118 23.5
    endloop
  endfacet
  facet normal -0 0 1
    outer loop
      vertex 90.1233 142.031 23.5
      vertex 91.3133 141.118 23.5
      vertex 90.4251 142.375 23.5
    endloop
  endfacet
  facet normal 0 0 1
    outer loop
      vertex 91.3133 141.118 23.5
      vertex 90.1233 142.031 23.5
      vertex 91.1679 140.9 23.5
    endloop
  endfacet
  facet normal 0 0 1
    outer loop
      vertex 91.1679 140.9 23.5
      vertex 89.8689 141.65 23.5
      vertex 91.0522 140.665 23.5
    endloop
  endfacet
  facet normal -0 0 1
    outer loop
      vertex 89.8689 141.65 23.5
      vertex 91.1679 140.9 23.5
      vertex 90.1233 142.031 23.5
    endloop
  endfacet
  facet normal -0.193719 0.981057 0
    outer loop
      vertex 2.60843 145.374 0
      vertex 2.22354 145.298 23.5
      vertex 2.60843 145.374 23.5
    endloop
  endfacet
  facet normal -0.193719 0.981057 0
    outer loop
      vertex 2.22354 145.298 23.5
      vertex 2.60843 145.374 0
      vertex 2.22354 145.298 0
    endloop
  endfacet
  facet normal -0.751848 -0.659337 0
    outer loop
      vertex 0.878677 0.878683 0
      vertex 0.619934 1.17373 23.5
      vertex 0.619934 1.17373 0
    endloop
  endfacet
  facet normal -0.751848 -0.659337 0
    outer loop
      vertex 0.619934 1.17373 23.5
      vertex 0.878677 0.878683 0
      vertex 0.878677 0.878683 23.5
    endloop
  endfacet
  facet normal -0.980701 0.195511 0
    outer loop
      vertex 0.0256653 142.792 0
      vertex 0.102219 143.176 23.5
      vertex 0.102219 143.176 0
    endloop
  endfacet
  facet normal -0.980701 0.195511 0
    outer loop
      vertex 0.102219 143.176 23.5
      vertex 0.0256653 142.792 0
      vertex 0.0256653 142.792 23.5
    endloop
  endfacet
  facet normal -0.195076 -0.980788 0
    outer loop
      vertex 2.22354 0.102225 0
      vertex 2.60843 0.0256714 23.5
      vertex 2.22354 0.102225 23.5
    endloop
  endfacet
  facet normal -0.195076 -0.980788 -0
    outer loop
      vertex 2.60843 0.0256714 23.5
      vertex 2.22354 0.102225 0
      vertex 2.60843 0.0256714 0
    endloop
  endfacet
  facet normal 0.94699 0.321264 0
    outer loop
      vertex 98.2978 143.176 23.5
      vertex 98.1716 143.548 0
      vertex 98.1716 143.548 23.5
    endloop
  endfacet
  facet normal 0.94699 0.321264 0
    outer loop
      vertex 98.1716 143.548 0
      vertex 98.2978 143.176 23.5
      vertex 98.2978 143.176 0
    endloop
  endfacet
  facet normal 0.980814 -0.194945 0
    outer loop
      vertex 98.2978 2.22355 23.5
      vertex 98.3743 2.60844 0
      vertex 98.3743 2.60844 23.5
    endloop
  endfacet
  facet normal 0.980814 -0.194945 0
    outer loop
      vertex 98.3743 2.60844 0
      vertex 98.2978 2.22355 23.5
      vertex 98.2978 2.22355 0
    endloop
  endfacet
  facet normal -0.947033 0.321136 0
    outer loop
      vertex 0.102219 143.176 0
      vertex 0.228363 143.548 23.5
      vertex 0.228363 143.548 0
    endloop
  endfacet
  facet normal -0.947033 0.321136 0
    outer loop
      vertex 0.228363 143.548 23.5
      vertex 0.102219 143.176 0
      vertex 0.102219 143.176 23.5
    endloop
  endfacet
  facet normal 0.659396 -0.751796 0
    outer loop
      vertex 97.2263 0.61994 0
      vertex 97.5213 0.878683 23.5
      vertex 97.2263 0.61994 23.5
    endloop
  endfacet
  facet normal 0.659396 -0.751796 0
    outer loop
      vertex 97.5213 0.878683 23.5
      vertex 97.2263 0.61994 0
      vertex 97.5213 0.878683 0
    endloop
  endfacet
  facet normal 0.442221 -0.896906 0
    outer loop
      vertex 96.548 0.228369 0
      vertex 96.9 0.401923 23.5
      vertex 96.548 0.228369 23.5
    endloop
  endfacet
  facet normal 0.442221 -0.896906 0
    outer loop
      vertex 96.9 0.401923 23.5
      vertex 96.548 0.228369 0
      vertex 96.9 0.401923 0
    endloop
  endfacet
  facet normal -0.659712 0.751519 0
    outer loop
      vertex 1.17372 144.78 0
      vertex 0.878677 144.521 23.5
      vertex 1.17372 144.78 23.5
    endloop
  endfacet
  facet normal -0.659712 0.751519 0
    outer loop
      vertex 0.878677 144.521 23.5
      vertex 1.17372 144.78 0
      vertex 0.878677 144.521 0
    endloop
  endfacet
  facet normal -0.555547 0.831485 0
    outer loop
      vertex 1.5 144.998 0
      vertex 1.17372 144.78 23.5
      vertex 1.5 144.998 23.5
    endloop
  endfacet
  facet normal -0.555547 0.831485 0
    outer loop
      vertex 1.17372 144.78 23.5
      vertex 1.5 144.998 0
      vertex 1.17372 144.78 0
    endloop
  endfacet
  facet normal -0.0662535 0.997803 0
    outer loop
      vertex 3 145.4 0
      vertex 2.60843 145.374 23.5
      vertex 3 145.4 23.5
    endloop
  endfacet
  facet normal -0.0662535 0.997803 0
    outer loop
      vertex 2.60843 145.374 23.5
      vertex 3 145.4 0
      vertex 2.60843 145.374 0
    endloop
  endfacet
  facet normal -0.321117 0.94704 0
    outer loop
      vertex 2.22354 145.298 0
      vertex 1.85194 145.172 23.5
      vertex 2.22354 145.298 23.5
    endloop
  endfacet
  facet normal -0.321117 0.94704 0
    outer loop
      vertex 1.85194 145.172 23.5
      vertex 2.22354 145.298 0
      vertex 1.85194 145.172 0
    endloop
  endfacet
  facet normal 0.831485 -0.555547 0
    outer loop
      vertex 97.7801 1.17373 23.5
      vertex 97.9981 1.50001 0
      vertex 97.9981 1.50001 23.5
    endloop
  endfacet
  facet normal 0.831485 -0.555547 0
    outer loop
      vertex 97.9981 1.50001 0
      vertex 97.7801 1.17373 23.5
      vertex 97.7801 1.17373 0
    endloop
  endfacet
  facet normal -0.997859 -0.0654043 0
    outer loop
      vertex 0.0256653 2.60844 0
      vertex 0 3.00001 23.5
      vertex 0 3.00001 0
    endloop
  endfacet
  facet normal -0.997859 -0.0654043 0
    outer loop
      vertex 0 3.00001 23.5
      vertex 0.0256653 2.60844 0
      vertex 0.0256653 2.60844 23.5
    endloop
  endfacet
  facet normal 0.896931 -0.442171 0
    outer loop
      vertex 97.9981 1.50001 23.5
      vertex 98.1716 1.85195 0
      vertex 98.1716 1.85195 23.5
    endloop
  endfacet
  facet normal 0.896931 -0.442171 0
    outer loop
      vertex 98.1716 1.85195 0
      vertex 97.9981 1.50001 23.5
      vertex 97.9981 1.50001 0
    endloop
  endfacet
  facet normal 0.946885 -0.321574 0
    outer loop
      vertex 98.1716 1.85195 23.5
      vertex 98.2978 2.22355 0
      vertex 98.2978 2.22355 23.5
    endloop
  endfacet
  facet normal 0.946885 -0.321574 0
    outer loop
      vertex 98.2978 2.22355 0
      vertex 98.1716 1.85195 23.5
      vertex 98.1716 1.85195 0
    endloop
  endfacet
  facet normal -0.997864 0.0653328 0
    outer loop
      vertex 0 142.4 0
      vertex 0.0256653 142.792 23.5
      vertex 0.0256653 142.792 0
    endloop
  endfacet
  facet normal -0.997864 0.0653328 0
    outer loop
      vertex 0.0256653 142.792 23.5
      vertex 0 142.4 0
      vertex 0 142.4 23.5
    endloop
  endfacet
  facet normal 0.751776 -0.659419 0
    outer loop
      vertex 97.5213 0.878683 23.5
      vertex 97.7801 1.17373 0
      vertex 97.7801 1.17373 23.5
    endloop
  endfacet
  facet normal 0.751776 -0.659419 0
    outer loop
      vertex 97.7801 1.17373 0
      vertex 97.5213 0.878683 23.5
      vertex 97.5213 0.878683 0
    endloop
  endfacet
  facet normal 0.751724 0.659478 0
    outer loop
      vertex 97.7801 144.226 23.5
      vertex 97.5213 144.521 0
      vertex 97.5213 144.521 23.5
    endloop
  endfacet
  facet normal 0.751724 0.659478 0
    outer loop
      vertex 97.5213 144.521 0
      vertex 97.7801 144.226 23.5
      vertex 97.7801 144.226 0
    endloop
  endfacet
  facet normal 0.195071 -0.980789 0
    outer loop
      vertex 95.7916 0.0256714 0
      vertex 96.1765 0.102225 23.5
      vertex 95.7916 0.0256714 23.5
    endloop
  endfacet
  facet normal 0.195071 -0.980789 0
    outer loop
      vertex 96.1765 0.102225 23.5
      vertex 95.7916 0.0256714 0
      vertex 96.1765 0.102225 0
    endloop
  endfacet
  facet normal 0.555553 -0.831481 0
    outer loop
      vertex 96.9 0.401923 0
      vertex 97.2263 0.61994 23.5
      vertex 96.9 0.401923 23.5
    endloop
  endfacet
  facet normal 0.555553 -0.831481 0
    outer loop
      vertex 97.2263 0.61994 23.5
      vertex 96.9 0.401923 0
      vertex 97.2263 0.61994 0
    endloop
  endfacet
  facet normal -0.896906 0.442221 0
    outer loop
      vertex 0.228363 143.548 0
      vertex 0.401917 143.9 23.5
      vertex 0.401917 143.9 0
    endloop
  endfacet
  facet normal -0.896906 0.442221 0
    outer loop
      vertex 0.401917 143.9 23.5
      vertex 0.228363 143.548 0
      vertex 0.228363 143.548 23.5
    endloop
  endfacet
  facet normal 0.0653993 -0.997859 0
    outer loop
      vertex 95.4 6.10352e-06 0
      vertex 95.7916 0.0256714 23.5
      vertex 95.4 6.10352e-06 23.5
    endloop
  endfacet
  facet normal 0.0653993 -0.997859 0
    outer loop
      vertex 95.7916 0.0256714 23.5
      vertex 95.4 6.10352e-06 0
      vertex 95.7916 0.0256714 0
    endloop
  endfacet
  facet normal 0 0 -1
    outer loop
      vertex 13.7 116.4 0
      vertex 27.7 121.4 0
      vertex 27.7 116.4 0
    endloop
  endfacet
  facet normal -0 0 -1
    outer loop
      vertex 27.7 121.4 0
      vertex 13.7 116.4 0
      vertex 13.7 121.4 0
    endloop
  endfacet
  facet normal 0 0 -1
    outer loop
      vertex 13.7 97.4 0
      vertex 27.7 102.4 0
      vertex 27.7 97.4 0
    endloop
  endfacet
  facet normal -0 0 -1
    outer loop
      vertex 27.7 102.4 0
      vertex 13.7 97.4 0
      vertex 13.7 102.4 0
    endloop
  endfacet
  facet normal 0 0 -1
    outer loop
      vertex 32.7 116.4 0
      vertex 46.7 121.4 0
      vertex 46.7 116.4 0
    endloop
  endfacet
  facet normal -0 0 -1
    outer loop
      vertex 46.7 121.4 0
      vertex 32.7 116.4 0
      vertex 32.7 121.4 0
    endloop
  endfacet
  facet normal 0 0 -1
    outer loop
      vertex 32.7 97.4 0
      vertex 46.7 102.4 0
      vertex 46.7 97.4 0
    endloop
  endfacet
  facet normal -0 0 -1
    outer loop
      vertex 46.7 102.4 0
      vertex 32.7 97.4 0
      vertex 32.7 102.4 0
    endloop
  endfacet
  facet normal 0 0 -1
    outer loop
      vertex 51.7 116.4 0
      vertex 65.7 121.4 0
      vertex 65.7 116.4 0
    endloop
  endfacet
  facet normal -0 0 -1
    outer loop
      vertex 65.7 121.4 0
      vertex 51.7 116.4 0
      vertex 51.7 121.4 0
    endloop
  endfacet
  facet normal 0 0 -1
    outer loop
      vertex 70.7 116.4 0
      vertex 84.7 121.4 0
      vertex 84.7 116.4 0
    endloop
  endfacet
  facet normal -0 0 -1
    outer loop
      vertex 84.7 121.4 0
      vertex 70.7 116.4 0
      vertex 70.7 121.4 0
    endloop
  endfacet
  facet normal 0 0 -1
    outer loop
      vertex 94.4 70.4 0
      vertex 81.3 90.4 0
      vertex 84.7 102.4 0
    endloop
  endfacet
  facet normal 0 0 -1
    outer loop
      vertex 94.4 70.4 0
      vertex 81.2692 89.9301 0
      vertex 81.3 90.4 0
    endloop
  endfacet
  facet normal 0 0 -1
    outer loop
      vertex 94.4 70.4 0
      vertex 81.1773 89.4683 0
      vertex 81.2692 89.9301 0
    endloop
  endfacet
  facet normal 0 0 -1
    outer loop
      vertex 94.4 70.4 0
      vertex 81.026 89.0223 0
      vertex 81.1773 89.4683 0
    endloop
  endfacet
  facet normal 0 0 -1
    outer loop
      vertex 94.4 70.4 0
      vertex 80.8177 88.6 0
      vertex 81.026 89.0223 0
    endloop
  endfacet
  facet normal 0 0 -1
    outer loop
      vertex 94.4 70.4 0
      vertex 80.5561 88.2085 0
      vertex 80.8177 88.6 0
    endloop
  endfacet
  facet normal 0 0 -1
    outer loop
      vertex 94.4 70.4 0
      vertex 80.2456 87.8544 0
      vertex 80.5561 88.2085 0
    endloop
  endfacet
  facet normal 0 0 -1
    outer loop
      vertex 94.4 70.4 0
      vertex 79.8915 87.5439 0
      vertex 80.2456 87.8544 0
    endloop
  endfacet
  facet normal 0 0 -1
    outer loop
      vertex 94.4 70.4 0
      vertex 79.5 87.2823 0
      vertex 79.8915 87.5439 0
    endloop
  endfacet
  facet normal 0 0 -1
    outer loop
      vertex 94.4 70.4 0
      vertex 79.0777 87.074 0
      vertex 79.5 87.2823 0
    endloop
  endfacet
  facet normal 0 0 -1
    outer loop
      vertex 94.4 70.4 0
      vertex 78.6317 86.9227 0
      vertex 79.0777 87.074 0
    endloop
  endfacet
  facet normal 0 0 -1
    outer loop
      vertex 94.4 70.4 0
      vertex 78.1699 86.8308 0
      vertex 78.6317 86.9227 0
    endloop
  endfacet
  facet normal 0 0 -1
    outer loop
      vertex 94.4 70.4 0
      vertex 77.7 86.8 0
      vertex 78.1699 86.8308 0
    endloop
  endfacet
  facet normal 0 0 -1
    outer loop
      vertex 94.4 70.4 0
      vertex 77.2301 86.8308 0
      vertex 77.7 86.8 0
    endloop
  endfacet
  facet normal 0 0 -1
    outer loop
      vertex 94.4 70.4 0
      vertex 76.7682 86.9227 0
      vertex 77.2301 86.8308 0
    endloop
  endfacet
  facet normal 0 0 -1
    outer loop
      vertex 94.4 70.4 0
      vertex 76.3223 87.074 0
      vertex 76.7682 86.9227 0
    endloop
  endfacet
  facet normal 0 0 -1
    outer loop
      vertex 46.7 83.4 0
      vertex 76.3223 87.074 0
      vertex 94.4 70.4 0
    endloop
  endfacet
  facet normal -0 0 -1
    outer loop
      vertex 76.3223 87.074 0
      vertex 46.7 83.4 0
      vertex 75.9 87.2823 0
    endloop
  endfacet
  facet normal -0 0 -1
    outer loop
      vertex 75.9 87.2823 0
      vertex 46.7 83.4 0
      vertex 75.5085 87.5439 0
    endloop
  endfacet
  facet normal 0 0 -1
    outer loop
      vertex 65.7 102.4 0
      vertex 74.1 90.4 0
      vertex 74.1308 89.9301 0
    endloop
  endfacet
  facet normal 0 0 -1
    outer loop
      vertex 46.7 83.4 0
      vertex 74.1308 89.9301 0
      vertex 74.2227 89.4683 0
    endloop
  endfacet
  facet normal 0 0 -1
    outer loop
      vertex 65.7 116.4 0
      vertex 70.7 116.4 0
      vertex 70.7 102.4 0
    endloop
  endfacet
  facet normal 0 0 -1
    outer loop
      vertex 70.7 116.4 0
      vertex 65.7 116.4 0
      vertex 70.7 121.4 0
    endloop
  endfacet
  facet normal 0 0 -1
    outer loop
      vertex 65.7 116.4 0
      vertex 70.7 102.4 0
      vertex 65.7 102.4 0
    endloop
  endfacet
  facet normal 0 0 -1
    outer loop
      vertex 74.1 90.4 0
      vertex 65.7 102.4 0
      vertex 70.7 102.4 0
    endloop
  endfacet
  facet normal 0 0 -1
    outer loop
      vertex 46.7 83.4 0
      vertex 74.2227 89.4683 0
      vertex 74.374 89.0223 0
    endloop
  endfacet
  facet normal 0 0 -1
    outer loop
      vertex 46.7 83.4 0
      vertex 74.374 89.0223 0
      vertex 74.5823 88.6 0
    endloop
  endfacet
  facet normal -0 0 -1
    outer loop
      vertex 74.1308 89.9301 0
      vertex 46.7 83.4 0
      vertex 65.7 102.4 0
    endloop
  endfacet
  facet normal 0 0 -1
    outer loop
      vertex 46.7 83.4 0
      vertex 74.5823 88.6 0
      vertex 74.8439 88.2085 0
    endloop
  endfacet
  facet normal 0 0 -1
    outer loop
      vertex 46.7 83.4 0
      vertex 74.8439 88.2085 0
      vertex 75.1544 87.8544 0
    endloop
  endfacet
  facet normal -0 0 -1
    outer loop
      vertex 75.5085 87.5439 0
      vertex 46.7 83.4 0
      vertex 75.1544 87.8544 0
    endloop
  endfacet
  facet normal 0 0 -1
    outer loop
      vertex 46.7 116.4 0
      vertex 51.7 116.4 0
      vertex 51.7 102.4 0
    endloop
  endfacet
  facet normal 0 0 -1
    outer loop
      vertex 51.7 116.4 0
      vertex 46.7 116.4 0
      vertex 51.7 121.4 0
    endloop
  endfacet
  facet normal 0 0 -1
    outer loop
      vertex 46.7 97.4 0
      vertex 51.7 102.4 0
      vertex 46.7 83.4 0
    endloop
  endfacet
  facet normal -0 0 -1
    outer loop
      vertex 65.7 102.4 0
      vertex 46.7 83.4 0
      vertex 51.7 102.4 0
    endloop
  endfacet
  facet normal 0 0 -1
    outer loop
      vertex 4 70.4 0
      vertex 46.7 83.4 0
      vertex 94.4 70.4 0
    endloop
  endfacet
  facet normal 0 0 -1
    outer loop
      vertex 27.7 97.4 0
      vertex 32.7 97.4 0
      vertex 32.7 83.4 0
    endloop
  endfacet
  facet normal 0 0 -1
    outer loop
      vertex 32.7 97.4 0
      vertex 27.7 97.4 0
      vertex 32.7 102.4 0
    endloop
  endfacet
  facet normal 0 0 -1
    outer loop
      vertex 32.7 102.4 0
      vertex 27.7 102.4 0
      vertex 32.7 116.4 0
    endloop
  endfacet
  facet normal 0 0 -1
    outer loop
      vertex 27.7 116.4 0
      vertex 32.7 116.4 0
      vertex 27.7 102.4 0
    endloop
  endfacet
  facet normal 0 0 -1
    outer loop
      vertex 27.7 97.4 0
      vertex 32.7 83.4 0
      vertex 27.7 83.4 0
    endloop
  endfacet
  facet normal -0 0 -1
    outer loop
      vertex 46.7 83.4 0
      vertex 4 70.4 0
      vertex 32.7 83.4 0
    endloop
  endfacet
  facet normal -0 0 -1
    outer loop
      vertex 32.7 83.4 0
      vertex 4 70.4 0
      vertex 27.7 83.4 0
    endloop
  endfacet
  facet normal 0 0 -1
    outer loop
      vertex 4 70.4 0
      vertex 13.7 97.4 0
      vertex 13.7 83.4 0
    endloop
  endfacet
  facet normal -0 0 -1
    outer loop
      vertex 13.7 97.4 0
      vertex 4 70.4 0
      vertex 13.7 102.4 0
    endloop
  endfacet
  facet normal 0 0 -1
    outer loop
      vertex 0 142.4 0
      vertex 13.7 102.4 0
      vertex 4 70.4 0
    endloop
  endfacet
  facet normal 0 0 -1
    outer loop
      vertex 13.7 102.4 0
      vertex 0 142.4 0
      vertex 13.7 116.4 0
    endloop
  endfacet
  facet normal 0 0 -1
    outer loop
      vertex 13.7 116.4 0
      vertex 0 142.4 0
      vertex 13.7 121.4 0
    endloop
  endfacet
  facet normal -0 0 -1
    outer loop
      vertex 27.7 83.4 0
      vertex 4 70.4 0
      vertex 13.7 83.4 0
    endloop
  endfacet
  facet normal 0 0 -1
    outer loop
      vertex 95.4 6.10352e-06 0
      vertex 98.4 3.00001 0
      vertex 98.3743 2.60844 0
    endloop
  endfacet
  facet normal 0 0 -1
    outer loop
      vertex 98.4 3.00001 0
      vertex 94.4 70.4 0
      vertex 98.4 142.4 0
    endloop
  endfacet
  facet normal 0 0 -1
    outer loop
      vertex 95.4 6.10352e-06 0
      vertex 98.3743 2.60844 0
      vertex 98.2978 2.22355 0
    endloop
  endfacet
  facet normal 0 0 -1
    outer loop
      vertex 84.7 102.4 0
      vertex 98.4 142.4 0
      vertex 94.4 70.4 0
    endloop
  endfacet
  facet normal 0 0 -1
    outer loop
      vertex 95.4 6.10352e-06 0
      vertex 98.2978 2.22355 0
      vertex 98.1716 1.85195 0
    endloop
  endfacet
  facet normal 0 0 -1
    outer loop
      vertex 84.7 116.4 0
      vertex 98.4 142.4 0
      vertex 84.7 102.4 0
    endloop
  endfacet
  facet normal 0 0 -1
    outer loop
      vertex 95.4 6.10352e-06 0
      vertex 98.1716 1.85195 0
      vertex 97.9981 1.50001 0
    endloop
  endfacet
  facet normal 0 0 -1
    outer loop
      vertex 84.7 121.4 0
      vertex 98.4 142.4 0
      vertex 84.7 116.4 0
    endloop
  endfacet
  facet normal 0 0 -1
    outer loop
      vertex 95.4 6.10352e-06 0
      vertex 97.9981 1.50001 0
      vertex 97.7801 1.17373 0
    endloop
  endfacet
  facet normal 0 0 -1
    outer loop
      vertex 84.7 135.4 0
      vertex 98.4 142.4 0
      vertex 84.7 121.4 0
    endloop
  endfacet
  facet normal 0 0 -1
    outer loop
      vertex 95.4 6.10352e-06 0
      vertex 97.7801 1.17373 0
      vertex 97.5213 0.878683 0
    endloop
  endfacet
  facet normal 0 -0 -1
    outer loop
      vertex 95.4 145.4 0
      vertex 98.4 142.4 0
      vertex 84.7 135.4 0
    endloop
  endfacet
  facet normal 0 0 -1
    outer loop
      vertex 95.4 6.10352e-06 0
      vertex 97.5213 0.878683 0
      vertex 97.2263 0.61994 0
    endloop
  endfacet
  facet normal 0 0 -1
    outer loop
      vertex 98.4 142.4 0
      vertex 95.4 145.4 0
      vertex 98.3743 142.792 0
    endloop
  endfacet
  facet normal 0 0 -1
    outer loop
      vertex 95.4 6.10352e-06 0
      vertex 97.2263 0.61994 0
      vertex 96.9 0.401923 0
    endloop
  endfacet
  facet normal 0 0 -1
    outer loop
      vertex 98.3743 142.792 0
      vertex 95.4 145.4 0
      vertex 98.2978 143.176 0
    endloop
  endfacet
  facet normal 0 0 -1
    outer loop
      vertex 95.4 6.10352e-06 0
      vertex 96.9 0.401923 0
      vertex 96.548 0.228369 0
    endloop
  endfacet
  facet normal 0 0 -1
    outer loop
      vertex 98.2978 143.176 0
      vertex 95.4 145.4 0
      vertex 98.1716 143.548 0
    endloop
  endfacet
  facet normal 0 0 -1
    outer loop
      vertex 95.4 6.10352e-06 0
      vertex 96.548 0.228369 0
      vertex 96.1765 0.102225 0
    endloop
  endfacet
  facet normal 0 0 -1
    outer loop
      vertex 98.1716 143.548 0
      vertex 95.4 145.4 0
      vertex 97.9981 143.9 0
    endloop
  endfacet
  facet normal 0 0 -1
    outer loop
      vertex 95.4 6.10352e-06 0
      vertex 96.1765 0.102225 0
      vertex 95.7916 0.0256714 0
    endloop
  endfacet
  facet normal 0 0 -1
    outer loop
      vertex 97.9981 143.9 0
      vertex 95.4 145.4 0
      vertex 97.7801 144.226 0
    endloop
  endfacet
  facet normal -0 0 -1
    outer loop
      vertex 98.4 3.00001 0
      vertex 95.4 6.10352e-06 0
      vertex 94.4 12 0
    endloop
  endfacet
  facet normal 0 0 -1
    outer loop
      vertex 97.7801 144.226 0
      vertex 95.4 145.4 0
      vertex 97.5213 144.521 0
    endloop
  endfacet
  facet normal 0 0 -1
    outer loop
      vertex 98.4 3.00001 0
      vertex 94.4 12 0
      vertex 94.4 70.4 0
    endloop
  endfacet
  facet normal 0 0 -1
    outer loop
      vertex 95.4 6.10352e-06 0
      vertex 4 12 0
      vertex 94.4 12 0
    endloop
  endfacet
  facet normal 0 0 -1
    outer loop
      vertex 0 3.00001 0
      vertex 4 12 0
      vertex 3 6.10352e-06 0
    endloop
  endfacet
  facet normal 0 0 -1
    outer loop
      vertex 3 6.10352e-06 0
      vertex 4 12 0
      vertex 95.4 6.10352e-06 0
    endloop
  endfacet
  facet normal 0 0 -1
    outer loop
      vertex 97.5213 144.521 0
      vertex 95.4 145.4 0
      vertex 97.2263 144.78 0
    endloop
  endfacet
  facet normal 0 0 -1
    outer loop
      vertex 97.2263 144.78 0
      vertex 95.4 145.4 0
      vertex 96.9 144.998 0
    endloop
  endfacet
  facet normal 0 0 -1
    outer loop
      vertex 96.9 144.998 0
      vertex 95.4 145.4 0
      vertex 96.548 145.172 0
    endloop
  endfacet
  facet normal 0 0 -1
    outer loop
      vertex 96.548 145.172 0
      vertex 95.4 145.4 0
      vertex 96.1765 145.298 0
    endloop
  endfacet
  facet normal 0 0 -1
    outer loop
      vertex 96.1765 145.298 0
      vertex 95.4 145.4 0
      vertex 95.7916 145.374 0
    endloop
  endfacet
  facet normal 0 0 -1
    outer loop
      vertex 70.7 135.4 0
      vertex 95.4 145.4 0
      vertex 84.7 135.4 0
    endloop
  endfacet
  facet normal 0 0 -1
    outer loop
      vertex 65.7 121.4 0
      vertex 70.7 121.4 0
      vertex 65.7 116.4 0
    endloop
  endfacet
  facet normal 0 0 -1
    outer loop
      vertex 70.7 121.4 0
      vertex 65.7 121.4 0
      vertex 70.7 135.4 0
    endloop
  endfacet
  facet normal 0 0 -1
    outer loop
      vertex 65.7 135.4 0
      vertex 70.7 135.4 0
      vertex 65.7 121.4 0
    endloop
  endfacet
  facet normal 0 0 -1
    outer loop
      vertex 65.7 135.4 0
      vertex 95.4 145.4 0
      vertex 70.7 135.4 0
    endloop
  endfacet
  facet normal 0 0 -1
    outer loop
      vertex 51.7 135.4 0
      vertex 95.4 145.4 0
      vertex 65.7 135.4 0
    endloop
  endfacet
  facet normal 0 0 -1
    outer loop
      vertex 46.7 102.4 0
      vertex 51.7 102.4 0
      vertex 46.7 97.4 0
    endloop
  endfacet
  facet normal 0 0 -1
    outer loop
      vertex 46.7 116.4 0
      vertex 51.7 102.4 0
      vertex 46.7 102.4 0
    endloop
  endfacet
  facet normal 0 0 -1
    outer loop
      vertex 46.7 121.4 0
      vertex 51.7 121.4 0
      vertex 46.7 116.4 0
    endloop
  endfacet
  facet normal 0 0 -1
    outer loop
      vertex 51.7 121.4 0
      vertex 46.7 121.4 0
      vertex 51.7 135.4 0
    endloop
  endfacet
  facet normal 0 0 -1
    outer loop
      vertex 46.7 135.4 0
      vertex 51.7 135.4 0
      vertex 46.7 121.4 0
    endloop
  endfacet
  facet normal 0 0 -1
    outer loop
      vertex 46.7 135.4 0
      vertex 95.4 145.4 0
      vertex 51.7 135.4 0
    endloop
  endfacet
  facet normal 0 0 -1
    outer loop
      vertex 3 145.4 0
      vertex 46.7 135.4 0
      vertex 32.7 135.4 0
    endloop
  endfacet
  facet normal -0 0 -1
    outer loop
      vertex 32.7 102.4 0
      vertex 27.7 97.4 0
      vertex 27.7 102.4 0
    endloop
  endfacet
  facet normal 0 0 -1
    outer loop
      vertex 32.7 116.4 0
      vertex 27.7 116.4 0
      vertex 32.7 121.4 0
    endloop
  endfacet
  facet normal 0 0 -1
    outer loop
      vertex 27.7 121.4 0
      vertex 32.7 121.4 0
      vertex 27.7 116.4 0
    endloop
  endfacet
  facet normal 0 0 -1
    outer loop
      vertex 32.7 121.4 0
      vertex 27.7 121.4 0
      vertex 32.7 135.4 0
    endloop
  endfacet
  facet normal 0 0 -1
    outer loop
      vertex 27.7 135.4 0
      vertex 32.7 135.4 0
      vertex 27.7 121.4 0
    endloop
  endfacet
  facet normal 0 0 -1
    outer loop
      vertex 3 145.4 0
      vertex 32.7 135.4 0
      vertex 27.7 135.4 0
    endloop
  endfacet
  facet normal 0 0 -1
    outer loop
      vertex 3 145.4 0
      vertex 27.7 135.4 0
      vertex 13.7 135.4 0
    endloop
  endfacet
  facet normal 0 0 -1
    outer loop
      vertex 46.7 135.4 0
      vertex 3 145.4 0
      vertex 95.4 145.4 0
    endloop
  endfacet
  facet normal 0 0 -1
    outer loop
      vertex 13.7 121.4 0
      vertex 0 142.4 0
      vertex 13.7 135.4 0
    endloop
  endfacet
  facet normal -0 0 -1
    outer loop
      vertex 4 12 0
      vertex 0 3.00001 0
      vertex 4 70.4 0
    endloop
  endfacet
  facet normal 0 0 -1
    outer loop
      vertex 0 3.00001 0
      vertex 3 6.10352e-06 0
      vertex 2.60843 0.0256714 0
    endloop
  endfacet
  facet normal 0 0 -1
    outer loop
      vertex 0 142.4 0
      vertex 4 70.4 0
      vertex 0 3.00001 0
    endloop
  endfacet
  facet normal 0 0 -1
    outer loop
      vertex 0 3.00001 0
      vertex 2.60843 0.0256714 0
      vertex 2.22354 0.102225 0
    endloop
  endfacet
  facet normal 0 0 -1
    outer loop
      vertex 13.7 135.4 0
      vertex 0 142.4 0
      vertex 3 145.4 0
    endloop
  endfacet
  facet normal 0 0 -1
    outer loop
      vertex 0 3.00001 0
      vertex 2.22354 0.102225 0
      vertex 1.85194 0.228369 0
    endloop
  endfacet
  facet normal 0 0 -1
    outer loop
      vertex 3 145.4 0
      vertex 0 142.4 0
      vertex 2.60843 145.374 0
    endloop
  endfacet
  facet normal 0 0 -1
    outer loop
      vertex 0 3.00001 0
      vertex 1.85194 0.228369 0
      vertex 1.5 0.401923 0
    endloop
  endfacet
  facet normal 0 0 -1
    outer loop
      vertex 2.60843 145.374 0
      vertex 0 142.4 0
      vertex 2.22354 145.298 0
    endloop
  endfacet
  facet normal 0 0 -1
    outer loop
      vertex 0 3.00001 0
      vertex 1.5 0.401923 0
      vertex 1.17372 0.61994 0
    endloop
  endfacet
  facet normal 0 0 -1
    outer loop
      vertex 2.22354 145.298 0
      vertex 0 142.4 0
      vertex 1.85194 145.172 0
    endloop
  endfacet
  facet normal 0 0 -1
    outer loop
      vertex 0 3.00001 0
      vertex 1.17372 0.61994 0
      vertex 0.878677 0.878683 0
    endloop
  endfacet
  facet normal 0 0 -1
    outer loop
      vertex 1.85194 145.172 0
      vertex 0 142.4 0
      vertex 1.5 144.998 0
    endloop
  endfacet
  facet normal 0 0 -1
    outer loop
      vertex 0 3.00001 0
      vertex 0.878677 0.878683 0
      vertex 0.619934 1.17373 0
    endloop
  endfacet
  facet normal 0 0 -1
    outer loop
      vertex 1.5 144.998 0
      vertex 0 142.4 0
      vertex 1.17372 144.78 0
    endloop
  endfacet
  facet normal 0 0 -1
    outer loop
      vertex 0 3.00001 0
      vertex 0.619934 1.17373 0
      vertex 0.401917 1.50001 0
    endloop
  endfacet
  facet normal 0 0 -1
    outer loop
      vertex 1.17372 144.78 0
      vertex 0 142.4 0
      vertex 0.878677 144.521 0
    endloop
  endfacet
  facet normal 0 0 -1
    outer loop
      vertex 0 3.00001 0
      vertex 0.401917 1.50001 0
      vertex 0.228363 1.85195 0
    endloop
  endfacet
  facet normal 0 0 -1
    outer loop
      vertex 0.878677 144.521 0
      vertex 0 142.4 0
      vertex 0.619934 144.226 0
    endloop
  endfacet
  facet normal 0 0 -1
    outer loop
      vertex 0 3.00001 0
      vertex 0.228363 1.85195 0
      vertex 0.102219 2.22355 0
    endloop
  endfacet
  facet normal 0 0 -1
    outer loop
      vertex 0.619934 144.226 0
      vertex 0 142.4 0
      vertex 0.401917 143.9 0
    endloop
  endfacet
  facet normal 0 0 -1
    outer loop
      vertex 0 3.00001 0
      vertex 0.102219 2.22355 0
      vertex 0.0256653 2.60844 0
    endloop
  endfacet
  facet normal 0 0 -1
    outer loop
      vertex 0.401917 143.9 0
      vertex 0 142.4 0
      vertex 0.228363 143.548 0
    endloop
  endfacet
  facet normal 0 0 -1
    outer loop
      vertex 0.228363 143.548 0
      vertex 0 142.4 0
      vertex 0.102219 143.176 0
    endloop
  endfacet
  facet normal 0 0 -1
    outer loop
      vertex 0.102219 143.176 0
      vertex 0 142.4 0
      vertex 0.0256653 142.792 0
    endloop
  endfacet
  facet normal 0 0 -1
    outer loop
      vertex 81.2692 90.8699 0
      vertex 84.7 102.4 0
      vertex 81.3 90.4 0
    endloop
  endfacet
  facet normal 0 0 -1
    outer loop
      vertex 81.1773 91.3317 0
      vertex 84.7 102.4 0
      vertex 81.2692 90.8699 0
    endloop
  endfacet
  facet normal 0 0 -1
    outer loop
      vertex 81.026 91.7777 0
      vertex 84.7 102.4 0
      vertex 81.1773 91.3317 0
    endloop
  endfacet
  facet normal 0 0 -1
    outer loop
      vertex 80.8177 92.2 0
      vertex 84.7 102.4 0
      vertex 81.026 91.7777 0
    endloop
  endfacet
  facet normal 0 0 -1
    outer loop
      vertex 80.5561 92.5915 0
      vertex 84.7 102.4 0
      vertex 80.8177 92.2 0
    endloop
  endfacet
  facet normal 0 0 -1
    outer loop
      vertex 80.2456 92.9456 0
      vertex 84.7 102.4 0
      vertex 80.5561 92.5915 0
    endloop
  endfacet
  facet normal 0 0 -1
    outer loop
      vertex 79.8915 93.2561 0
      vertex 84.7 102.4 0
      vertex 80.2456 92.9456 0
    endloop
  endfacet
  facet normal 0 0 -1
    outer loop
      vertex 79.5 93.5177 0
      vertex 84.7 102.4 0
      vertex 79.8915 93.2561 0
    endloop
  endfacet
  facet normal 0 0 -1
    outer loop
      vertex 79.0777 93.726 0
      vertex 84.7 102.4 0
      vertex 79.5 93.5177 0
    endloop
  endfacet
  facet normal 0 0 -1
    outer loop
      vertex 78.6317 93.8773 0
      vertex 84.7 102.4 0
      vertex 79.0777 93.726 0
    endloop
  endfacet
  facet normal 0 0 -1
    outer loop
      vertex 78.1699 93.9692 0
      vertex 84.7 102.4 0
      vertex 78.6317 93.8773 0
    endloop
  endfacet
  facet normal 0 0 -1
    outer loop
      vertex 77.7 94 0
      vertex 84.7 102.4 0
      vertex 78.1699 93.9692 0
    endloop
  endfacet
  facet normal 0 0 -1
    outer loop
      vertex 70.7 102.4 0
      vertex 77.7 94 0
      vertex 77.2301 93.9692 0
    endloop
  endfacet
  facet normal 0 0 -1
    outer loop
      vertex 70.7 102.4 0
      vertex 77.2301 93.9692 0
      vertex 76.7682 93.8773 0
    endloop
  endfacet
  facet normal 0 0 -1
    outer loop
      vertex 70.7 102.4 0
      vertex 76.7682 93.8773 0
      vertex 76.3223 93.726 0
    endloop
  endfacet
  facet normal 0 0 -1
    outer loop
      vertex 70.7 102.4 0
      vertex 76.3223 93.726 0
      vertex 75.9 93.5177 0
    endloop
  endfacet
  facet normal 0 0 -1
    outer loop
      vertex 70.7 102.4 0
      vertex 75.9 93.5177 0
      vertex 75.5085 93.2561 0
    endloop
  endfacet
  facet normal 0 0 -1
    outer loop
      vertex 70.7 102.4 0
      vertex 75.5085 93.2561 0
      vertex 75.1544 92.9456 0
    endloop
  endfacet
  facet normal 0 0 -1
    outer loop
      vertex 77.7 94 0
      vertex 70.7 102.4 0
      vertex 84.7 102.4 0
    endloop
  endfacet
  facet normal 0 0 -1
    outer loop
      vertex 74.8439 92.5915 0
      vertex 70.7 102.4 0
      vertex 75.1544 92.9456 0
    endloop
  endfacet
  facet normal 0 0 -1
    outer loop
      vertex 74.5823 92.2 0
      vertex 70.7 102.4 0
      vertex 74.8439 92.5915 0
    endloop
  endfacet
  facet normal 0 0 -1
    outer loop
      vertex 74.374 91.7777 0
      vertex 70.7 102.4 0
      vertex 74.5823 92.2 0
    endloop
  endfacet
  facet normal 0 0 -1
    outer loop
      vertex 74.2227 91.3317 0
      vertex 70.7 102.4 0
      vertex 74.374 91.7777 0
    endloop
  endfacet
  facet normal 0 0 -1
    outer loop
      vertex 74.1308 90.8699 0
      vertex 70.7 102.4 0
      vertex 74.2227 91.3317 0
    endloop
  endfacet
  facet normal 0 0 -1
    outer loop
      vertex 70.7 102.4 0
      vertex 74.1308 90.8699 0
      vertex 74.1 90.4 0
    endloop
  endfacet
  facet normal 0.997858 0.0654208 0
    outer loop
      vertex 98.4 142.4 23.5
      vertex 98.3743 142.792 0
      vertex 98.3743 142.792 23.5
    endloop
  endfacet
  facet normal 0.997858 0.0654208 0
    outer loop
      vertex 98.3743 142.792 0
      vertex 98.4 142.4 23.5
      vertex 98.4 142.4 0
    endloop
  endfacet
  facet normal 0.443134 0.896455 -0
    outer loop
      vertex 96.9 144.998 0
      vertex 96.548 145.172 23.5
      vertex 96.9 144.998 23.5
    endloop
  endfacet
  facet normal 0.443134 0.896455 0
    outer loop
      vertex 96.548 145.172 23.5
      vertex 96.9 144.998 0
      vertex 96.548 145.172 0
    endloop
  endfacet
  facet normal 0.555523 0.831501 -0
    outer loop
      vertex 97.2263 144.78 0
      vertex 96.9 144.998 23.5
      vertex 97.2263 144.78 23.5
    endloop
  endfacet
  facet normal 0.555523 0.831501 0
    outer loop
      vertex 96.9 144.998 23.5
      vertex 97.2263 144.78 0
      vertex 96.9 144.998 0
    endloop
  endfacet
  facet normal 0 -1 0
    outer loop
      vertex 5.5 143.4 2.5
      vertex 92.9 143.4 23.5
      vertex 5.5 143.4 23.5
    endloop
  endfacet
  facet normal 0 -1 -0
    outer loop
      vertex 92.9 143.4 23.5
      vertex 5.5 143.4 2.5
      vertex 92.9 143.4 2.5
    endloop
  endfacet
  facet normal -1 0 0
    outer loop
      vertex 96.4 5.50009 2.5
      vertex 96.4 139.9 23.5
      vertex 96.4 139.9 2.5
    endloop
  endfacet
  facet normal -1 -0 0
    outer loop
      vertex 96.4 139.9 23.5
      vertex 96.4 5.50009 2.5
      vertex 96.4 5.50009 23.5
    endloop
  endfacet
  facet normal 1 -0 0
    outer loop
      vertex 2 5.5 23.5
      vertex 2 139.9 2.5
      vertex 2 139.9 23.5
    endloop
  endfacet
  facet normal 1 0 0
    outer loop
      vertex 2 139.9 2.5
      vertex 2 5.5 23.5
      vertex 2 5.5 2.5
    endloop
  endfacet
  facet normal 0 1 -0
    outer loop
      vertex 72.5888 2.00001 20.6231
      vertex 55 2.00001 20.65
      vertex 73 2.00001 20.65
    endloop
  endfacet
  facet normal 0 1 0
    outer loop
      vertex 72.5888 2.00001 20.6231
      vertex 55.4112 2.00001 20.6231
      vertex 55 2.00001 20.65
    endloop
  endfacet
  facet normal 0 1 -0
    outer loop
      vertex 72.1847 2.00001 20.5427
      vertex 55.4112 2.00001 20.6231
      vertex 72.5888 2.00001 20.6231
    endloop
  endfacet
  facet normal 0 1 0
    outer loop
      vertex 72.1847 2.00001 20.5427
      vertex 55.8153 2.00001 20.5427
      vertex 55.4112 2.00001 20.6231
    endloop
  endfacet
  facet normal 0 1 -0
    outer loop
      vertex 71.7945 2.00001 20.4102
      vertex 55.8153 2.00001 20.5427
      vertex 72.1847 2.00001 20.5427
    endloop
  endfacet
  facet normal 0 1 0
    outer loop
      vertex 71.7945 2.00001 20.4102
      vertex 56.2055 2.00001 20.4102
      vertex 55.8153 2.00001 20.5427
    endloop
  endfacet
  facet normal 0 1 -0
    outer loop
      vertex 71.425 2.00001 20.228
      vertex 56.2055 2.00001 20.4102
      vertex 71.7945 2.00001 20.4102
    endloop
  endfacet
  facet normal 0 1 0
    outer loop
      vertex 71.425 2.00001 20.228
      vertex 56.575 2.00001 20.228
      vertex 56.2055 2.00001 20.4102
    endloop
  endfacet
  facet normal 0 1 -0
    outer loop
      vertex 71.0824 2.00001 19.9991
      vertex 56.575 2.00001 20.228
      vertex 71.425 2.00001 20.228
    endloop
  endfacet
  facet normal 0 1 0
    outer loop
      vertex 71.0824 2.00001 19.9991
      vertex 56.9176 2.00001 19.9991
      vertex 56.575 2.00001 20.228
    endloop
  endfacet
  facet normal 0 1 -0
    outer loop
      vertex 70.7726 2.00001 19.7274
      vertex 56.9176 2.00001 19.9991
      vertex 71.0824 2.00001 19.9991
    endloop
  endfacet
  facet normal 0 1 0
    outer loop
      vertex 70.7726 2.00001 19.7274
      vertex 57.2274 2.00001 19.7274
      vertex 56.9176 2.00001 19.9991
    endloop
  endfacet
  facet normal 0 1 -0
    outer loop
      vertex 70.5009 2.00001 19.4176
      vertex 57.2274 2.00001 19.7274
      vertex 70.7726 2.00001 19.7274
    endloop
  endfacet
  facet normal 0 1 0
    outer loop
      vertex 70.5009 2.00001 19.4176
      vertex 57.4991 2.00001 19.4176
      vertex 57.2274 2.00001 19.7274
    endloop
  endfacet
  facet normal 0 1 -0
    outer loop
      vertex 70.272 2.00001 19.075
      vertex 57.4991 2.00001 19.4176
      vertex 70.5009 2.00001 19.4176
    endloop
  endfacet
  facet normal 0 1 0
    outer loop
      vertex 70.272 2.00001 19.075
      vertex 57.728 2.00001 19.075
      vertex 57.4991 2.00001 19.4176
    endloop
  endfacet
  facet normal 0 1 -0
    outer loop
      vertex 70.0898 2.00001 18.7055
      vertex 57.728 2.00001 19.075
      vertex 70.272 2.00001 19.075
    endloop
  endfacet
  facet normal 0 1 0
    outer loop
      vertex 70.0898 2.00001 18.7055
      vertex 57.9102 2.00001 18.7055
      vertex 57.728 2.00001 19.075
    endloop
  endfacet
  facet normal 0 1 -0
    outer loop
      vertex 69.9573 2.00001 18.3153
      vertex 57.9102 2.00001 18.7055
      vertex 70.0898 2.00001 18.7055
    endloop
  endfacet
  facet normal 0 1 0
    outer loop
      vertex 69.9573 2.00001 18.3153
      vertex 58.0427 2.00001 18.3153
      vertex 57.9102 2.00001 18.7055
    endloop
  endfacet
  facet normal 0 1 -0
    outer loop
      vertex 69.8769 2.00001 17.9112
      vertex 58.0427 2.00001 18.3153
      vertex 69.9573 2.00001 18.3153
    endloop
  endfacet
  facet normal 0 1 0
    outer loop
      vertex 69.8769 2.00001 17.9112
      vertex 58.1231 2.00001 17.9112
      vertex 58.0427 2.00001 18.3153
    endloop
  endfacet
  facet normal 0 1 -0
    outer loop
      vertex 69.85 2.00001 17.5
      vertex 58.1231 2.00001 17.9112
      vertex 69.8769 2.00001 17.9112
    endloop
  endfacet
  facet normal 0 1 0
    outer loop
      vertex 69.85 2.00001 17.5
      vertex 58.15 2.00001 17.5
      vertex 58.1231 2.00001 17.9112
    endloop
  endfacet
  facet normal 0 1 0
    outer loop
      vertex 69.8769 2.00001 17.0888
      vertex 58.15 2.00001 17.5
      vertex 69.85 2.00001 17.5
    endloop
  endfacet
  facet normal 0 1 0
    outer loop
      vertex 69.8769 2.00001 17.0888
      vertex 58.1231 2.00001 17.0888
      vertex 58.15 2.00001 17.5
    endloop
  endfacet
  facet normal 0 1 0
    outer loop
      vertex 69.9573 2.00001 16.6847
      vertex 58.1231 2.00001 17.0888
      vertex 69.8769 2.00001 17.0888
    endloop
  endfacet
  facet normal 0 1 0
    outer loop
      vertex 69.9573 2.00001 16.6847
      vertex 58.0427 2.00001 16.6847
      vertex 58.1231 2.00001 17.0888
    endloop
  endfacet
  facet normal 0 1 0
    outer loop
      vertex 70.0898 2.00001 16.2945
      vertex 58.0427 2.00001 16.6847
      vertex 69.9573 2.00001 16.6847
    endloop
  endfacet
  facet normal 0 1 0
    outer loop
      vertex 70.0898 2.00001 16.2945
      vertex 57.9102 2.00001 16.2945
      vertex 58.0427 2.00001 16.6847
    endloop
  endfacet
  facet normal 0 1 0
    outer loop
      vertex 70.272 2.00001 15.925
      vertex 57.9102 2.00001 16.2945
      vertex 70.0898 2.00001 16.2945
    endloop
  endfacet
  facet normal 0 1 0
    outer loop
      vertex 70.272 2.00001 15.925
      vertex 57.728 2.00001 15.925
      vertex 57.9102 2.00001 16.2945
    endloop
  endfacet
  facet normal 0 1 0
    outer loop
      vertex 70.5009 2.00001 15.5824
      vertex 57.728 2.00001 15.925
      vertex 70.272 2.00001 15.925
    endloop
  endfacet
  facet normal 0 1 0
    outer loop
      vertex 70.5009 2.00001 15.5824
      vertex 57.4991 2.00001 15.5824
      vertex 57.728 2.00001 15.925
    endloop
  endfacet
  facet normal 0 1 0
    outer loop
      vertex 70.7726 2.00001 15.2726
      vertex 57.4991 2.00001 15.5824
      vertex 70.5009 2.00001 15.5824
    endloop
  endfacet
  facet normal 0 1 0
    outer loop
      vertex 70.7726 2.00001 15.2726
      vertex 57.2274 2.00001 15.2726
      vertex 57.4991 2.00001 15.5824
    endloop
  endfacet
  facet normal 0 1 0
    outer loop
      vertex 71.0824 2.00001 15.0009
      vertex 57.2274 2.00001 15.2726
      vertex 70.7726 2.00001 15.2726
    endloop
  endfacet
  facet normal 0 1 0
    outer loop
      vertex 71.0824 2.00001 15.0009
      vertex 56.9176 2.00001 15.0009
      vertex 57.2274 2.00001 15.2726
    endloop
  endfacet
  facet normal 0 1 0
    outer loop
      vertex 71.425 2.00001 14.772
      vertex 56.9176 2.00001 15.0009
      vertex 71.0824 2.00001 15.0009
    endloop
  endfacet
  facet normal 0 1 0
    outer loop
      vertex 71.425 2.00001 14.772
      vertex 56.575 2.00001 14.772
      vertex 56.9176 2.00001 15.0009
    endloop
  endfacet
  facet normal 0 1 0
    outer loop
      vertex 71.7945 2.00001 14.5898
      vertex 56.575 2.00001 14.772
      vertex 71.425 2.00001 14.772
    endloop
  endfacet
  facet normal 0 1 0
    outer loop
      vertex 71.7945 2.00001 14.5898
      vertex 56.2055 2.00001 14.5898
      vertex 56.575 2.00001 14.772
    endloop
  endfacet
  facet normal 0 1 0
    outer loop
      vertex 72.1847 2.00001 14.4573
      vertex 56.2055 2.00001 14.5898
      vertex 71.7945 2.00001 14.5898
    endloop
  endfacet
  facet normal 0 1 0
    outer loop
      vertex 72.1847 2.00001 14.4573
      vertex 55.8153 2.00001 14.4573
      vertex 56.2055 2.00001 14.5898
    endloop
  endfacet
  facet normal 0 1 0
    outer loop
      vertex 92.8999 2.00001 2.5
      vertex 72.1847 2.00001 14.4573
      vertex 72.5888 2.00001 14.3769
    endloop
  endfacet
  facet normal 0 1 0
    outer loop
      vertex 72.1847 2.00001 14.4573
      vertex 92.8999 2.00001 2.5
      vertex 55.8153 2.00001 14.4573
    endloop
  endfacet
  facet normal 0 1 0
    outer loop
      vertex 92.8999 2.00001 2.5
      vertex 72.5888 2.00001 14.3769
      vertex 73 2.00001 14.35
    endloop
  endfacet
  facet normal 0 1 0
    outer loop
      vertex 55.8153 2.00001 14.4573
      vertex 92.8999 2.00001 2.5
      vertex 55.4112 2.00001 14.3769
    endloop
  endfacet
  facet normal 0 1 -0
    outer loop
      vertex 55 2.00001 20.65
      vertex 5.50009 2.00001 23.5
      vertex 92.8999 2.00001 23.5
    endloop
  endfacet
  facet normal 0 1 0
    outer loop
      vertex 55 2.00001 20.65
      vertex 92.8999 2.00001 23.5
      vertex 73 2.00001 20.65
    endloop
  endfacet
  facet normal 0 1 0
    outer loop
      vertex 92.8999 2.00001 23.5
      vertex 73.4112 2.00001 20.6231
      vertex 73 2.00001 20.65
    endloop
  endfacet
  facet normal 0 1 0
    outer loop
      vertex 92.8999 2.00001 23.5
      vertex 73.8153 2.00001 20.5427
      vertex 73.4112 2.00001 20.6231
    endloop
  endfacet
  facet normal 0 1 0
    outer loop
      vertex 92.8999 2.00001 23.5
      vertex 74.2055 2.00001 20.4102
      vertex 73.8153 2.00001 20.5427
    endloop
  endfacet
  facet normal 0 1 0
    outer loop
      vertex 92.8999 2.00001 23.5
      vertex 74.575 2.00001 20.228
      vertex 74.2055 2.00001 20.4102
    endloop
  endfacet
  facet normal 0 1 0
    outer loop
      vertex 92.8999 2.00001 23.5
      vertex 74.9176 2.00001 19.9991
      vertex 74.575 2.00001 20.228
    endloop
  endfacet
  facet normal 0 1 0
    outer loop
      vertex 92.8999 2.00001 23.5
      vertex 75.2274 2.00001 19.7274
      vertex 74.9176 2.00001 19.9991
    endloop
  endfacet
  facet normal 0 1 0
    outer loop
      vertex 92.8999 2.00001 23.5
      vertex 75.4991 2.00001 19.4176
      vertex 75.2274 2.00001 19.7274
    endloop
  endfacet
  facet normal 0 1 0
    outer loop
      vertex 92.8999 2.00001 23.5
      vertex 75.728 2.00001 19.075
      vertex 75.4991 2.00001 19.4176
    endloop
  endfacet
  facet normal 0 1 0
    outer loop
      vertex 92.8999 2.00001 23.5
      vertex 75.9102 2.00001 18.7055
      vertex 75.728 2.00001 19.075
    endloop
  endfacet
  facet normal 0 1 0
    outer loop
      vertex 92.8999 2.00001 23.5
      vertex 76.0427 2.00001 18.3153
      vertex 75.9102 2.00001 18.7055
    endloop
  endfacet
  facet normal 0 1 0
    outer loop
      vertex 92.8999 2.00001 23.5
      vertex 76.123 2.00001 17.9112
      vertex 76.0427 2.00001 18.3153
    endloop
  endfacet
  facet normal 0 1 0
    outer loop
      vertex 92.8999 2.00001 23.5
      vertex 76.15 2.00001 17.5
      vertex 76.123 2.00001 17.9112
    endloop
  endfacet
  facet normal 0 1 0
    outer loop
      vertex 92.8999 2.00001 23.5
      vertex 76.123 2.00001 17.0888
      vertex 76.15 2.00001 17.5
    endloop
  endfacet
  facet normal 0 1 0
    outer loop
      vertex 92.8999 2.00001 23.5
      vertex 76.0427 2.00001 16.6847
      vertex 76.123 2.00001 17.0888
    endloop
  endfacet
  facet normal 0 1 -0
    outer loop
      vertex 92.8999 2.00001 2.5
      vertex 76.0427 2.00001 16.6847
      vertex 92.8999 2.00001 23.5
    endloop
  endfacet
  facet normal 0 1 0
    outer loop
      vertex 76.0427 2.00001 16.6847
      vertex 92.8999 2.00001 2.5
      vertex 75.9102 2.00001 16.2945
    endloop
  endfacet
  facet normal 0 1 0
    outer loop
      vertex 75.9102 2.00001 16.2945
      vertex 92.8999 2.00001 2.5
      vertex 75.728 2.00001 15.925
    endloop
  endfacet
  facet normal 0 1 0
    outer loop
      vertex 75.728 2.00001 15.925
      vertex 92.8999 2.00001 2.5
      vertex 75.4991 2.00001 15.5824
    endloop
  endfacet
  facet normal 0 1 0
    outer loop
      vertex 75.4991 2.00001 15.5824
      vertex 92.8999 2.00001 2.5
      vertex 75.2274 2.00001 15.2726
    endloop
  endfacet
  facet normal 0 1 0
    outer loop
      vertex 75.2274 2.00001 15.2726
      vertex 92.8999 2.00001 2.5
      vertex 74.9176 2.00001 15.0009
    endloop
  endfacet
  facet normal 0 1 0
    outer loop
      vertex 74.9176 2.00001 15.0009
      vertex 92.8999 2.00001 2.5
      vertex 74.575 2.00001 14.772
    endloop
  endfacet
  facet normal 0 1 0
    outer loop
      vertex 55.4112 2.00001 14.3769
      vertex 92.8999 2.00001 2.5
      vertex 55 2.00001 14.35
    endloop
  endfacet
  facet normal 0 1 0
    outer loop
      vertex 73.4112 2.00001 14.3769
      vertex 92.8999 2.00001 2.5
      vertex 73 2.00001 14.35
    endloop
  endfacet
  facet normal 0 1 0
    outer loop
      vertex 73.8153 2.00001 14.4573
      vertex 92.8999 2.00001 2.5
      vertex 73.4112 2.00001 14.3769
    endloop
  endfacet
  facet normal 0 1 0
    outer loop
      vertex 74.2055 2.00001 14.5898
      vertex 92.8999 2.00001 2.5
      vertex 73.8153 2.00001 14.4573
    endloop
  endfacet
  facet normal 0 1 0
    outer loop
      vertex 74.575 2.00001 14.772
      vertex 92.8999 2.00001 2.5
      vertex 74.2055 2.00001 14.5898
    endloop
  endfacet
  facet normal 0 1 -0
    outer loop
      vertex 20.4 2.00001 20.8
      vertex 5.50009 2.00001 23.5
      vertex 29.6 2.00001 20.8
    endloop
  endfacet
  facet normal 0 1 -0
    outer loop
      vertex 20.4 2.00001 17.4
      vertex 5.50009 2.00001 23.5
      vertex 20.4 2.00001 20.8
    endloop
  endfacet
  facet normal 0 1 0
    outer loop
      vertex 52.0898 2.00001 16.2945
      vertex 29.6 2.00001 17.4
      vertex 51.9573 2.00001 16.6847
    endloop
  endfacet
  facet normal 0 1 0
    outer loop
      vertex 52.272 2.00001 15.925
      vertex 29.6 2.00001 17.4
      vertex 52.0898 2.00001 16.2945
    endloop
  endfacet
  facet normal 0 1 0
    outer loop
      vertex 52.5009 2.00001 15.5824
      vertex 29.6 2.00001 17.4
      vertex 52.272 2.00001 15.925
    endloop
  endfacet
  facet normal 0 1 0
    outer loop
      vertex 52.7726 2.00001 15.2726
      vertex 29.6 2.00001 17.4
      vertex 52.5009 2.00001 15.5824
    endloop
  endfacet
  facet normal 0 1 0
    outer loop
      vertex 53.0824 2.00001 15.0009
      vertex 29.6 2.00001 17.4
      vertex 52.7726 2.00001 15.2726
    endloop
  endfacet
  facet normal 0 1 0
    outer loop
      vertex 53.425 2.00001 14.772
      vertex 29.6 2.00001 17.4
      vertex 53.0824 2.00001 15.0009
    endloop
  endfacet
  facet normal 0 1 0
    outer loop
      vertex 53.7945 2.00001 14.5898
      vertex 29.6 2.00001 17.4
      vertex 53.425 2.00001 14.772
    endloop
  endfacet
  facet normal 0 1 0
    outer loop
      vertex 29.6 2.00001 17.4
      vertex 53.7945 2.00001 14.5898
      vertex 5.50009 2.00001 2.5
    endloop
  endfacet
  facet normal 0 1 0
    outer loop
      vertex 5.50009 2.00001 2.5
      vertex 53.7945 2.00001 14.5898
      vertex 54.1847 2.00001 14.4573
    endloop
  endfacet
  facet normal 0 1 0
    outer loop
      vertex 5.50009 2.00001 2.5
      vertex 54.1847 2.00001 14.4573
      vertex 54.5888 2.00001 14.3769
    endloop
  endfacet
  facet normal 0 1 0
    outer loop
      vertex 92.8999 2.00001 2.5
      vertex 54.5888 2.00001 14.3769
      vertex 55 2.00001 14.35
    endloop
  endfacet
  facet normal 0 1 0
    outer loop
      vertex 5.50009 2.00001 2.5
      vertex 54.5888 2.00001 14.3769
      vertex 92.8999 2.00001 2.5
    endloop
  endfacet
  facet normal 0 1 0
    outer loop
      vertex 20.4 2.00001 17.4
      vertex 5.50009 2.00001 2.5
      vertex 5.50009 2.00001 23.5
    endloop
  endfacet
  facet normal 0 1 0
    outer loop
      vertex 29.6 2.00001 17.4
      vertex 5.50009 2.00001 2.5
      vertex 20.4 2.00001 17.4
    endloop
  endfacet
  facet normal 0 1 0
    outer loop
      vertex 5.50009 2.00001 23.5
      vertex 55 2.00001 20.65
      vertex 29.6 2.00001 20.8
    endloop
  endfacet
  facet normal 0 1 -0
    outer loop
      vertex 54.5888 2.00001 20.6231
      vertex 29.6 2.00001 20.8
      vertex 55 2.00001 20.65
    endloop
  endfacet
  facet normal 0 1 -0
    outer loop
      vertex 54.1847 2.00001 20.5427
      vertex 29.6 2.00001 20.8
      vertex 54.5888 2.00001 20.6231
    endloop
  endfacet
  facet normal 0 1 -0
    outer loop
      vertex 53.7945 2.00001 20.4102
      vertex 29.6 2.00001 20.8
      vertex 54.1847 2.00001 20.5427
    endloop
  endfacet
  facet normal 0 1 -0
    outer loop
      vertex 53.425 2.00001 20.228
      vertex 29.6 2.00001 20.8
      vertex 53.7945 2.00001 20.4102
    endloop
  endfacet
  facet normal 0 1 -0
    outer loop
      vertex 53.0824 2.00001 19.9991
      vertex 29.6 2.00001 20.8
      vertex 53.425 2.00001 20.228
    endloop
  endfacet
  facet normal 0 1 -0
    outer loop
      vertex 52.7726 2.00001 19.7274
      vertex 29.6 2.00001 20.8
      vertex 53.0824 2.00001 19.9991
    endloop
  endfacet
  facet normal 0 1 -0
    outer loop
      vertex 52.5009 2.00001 19.4176
      vertex 29.6 2.00001 20.8
      vertex 52.7726 2.00001 19.7274
    endloop
  endfacet
  facet normal 0 1 -0
    outer loop
      vertex 52.272 2.00001 19.075
      vertex 29.6 2.00001 20.8
      vertex 52.5009 2.00001 19.4176
    endloop
  endfacet
  facet normal 0 1 -0
    outer loop
      vertex 52.0898 2.00001 18.7055
      vertex 29.6 2.00001 20.8
      vertex 52.272 2.00001 19.075
    endloop
  endfacet
  facet normal 0 1 -0
    outer loop
      vertex 51.9573 2.00001 18.3153
      vertex 29.6 2.00001 20.8
      vertex 52.0898 2.00001 18.7055
    endloop
  endfacet
  facet normal 0 1 -0
    outer loop
      vertex 51.8769 2.00001 17.9112
      vertex 29.6 2.00001 20.8
      vertex 51.9573 2.00001 18.3153
    endloop
  endfacet
  facet normal 0 1 0
    outer loop
      vertex 29.6 2.00001 17.4
      vertex 51.8769 2.00001 17.9112
      vertex 51.85 2.00001 17.5
    endloop
  endfacet
  facet normal 0 1 0
    outer loop
      vertex 51.8769 2.00001 17.9112
      vertex 29.6 2.00001 17.4
      vertex 29.6 2.00001 20.8
    endloop
  endfacet
  facet normal 0 1 0
    outer loop
      vertex 51.9573 2.00001 16.6847
      vertex 29.6 2.00001 17.4
      vertex 51.8769 2.00001 17.0888
    endloop
  endfacet
  facet normal 0 1 0
    outer loop
      vertex 51.8769 2.00001 17.0888
      vertex 29.6 2.00001 17.4
      vertex 51.85 2.00001 17.5
    endloop
  endfacet
  facet normal 0 0 1
    outer loop
      vertex 28.5 82.6 2.5
      vertex 18.4701 76.3568 2.5
      vertex 18.5 75.9 2.5
    endloop
  endfacet
  facet normal 0 0 1
    outer loop
      vertex 28.5 82.6 2.5
      vertex 18.3807 76.8059 2.5
      vertex 18.4701 76.3568 2.5
    endloop
  endfacet
  facet normal 0 0 1
    outer loop
      vertex 28.5 82.6 2.5
      vertex 18.2336 77.2394 2.5
      vertex 18.3807 76.8059 2.5
    endloop
  endfacet
  facet normal 0 0 1
    outer loop
      vertex 28.5 82.6 2.5
      vertex 18.0311 77.65 2.5
      vertex 18.2336 77.2394 2.5
    endloop
  endfacet
  facet normal 0 0 1
    outer loop
      vertex 28.5 82.6 2.5
      vertex 17.7767 78.0307 2.5
      vertex 18.0311 77.65 2.5
    endloop
  endfacet
  facet normal 0 0 1
    outer loop
      vertex 28.5 82.6 2.5
      vertex 17.4749 78.3749 2.5
      vertex 17.7767 78.0307 2.5
    endloop
  endfacet
  facet normal 0 0 1
    outer loop
      vertex 28.5 82.6 2.5
      vertex 17.1307 78.6767 2.5
      vertex 17.4749 78.3749 2.5
    endloop
  endfacet
  facet normal 0 0 1
    outer loop
      vertex 28.5 82.6 2.5
      vertex 16.75 78.9311 2.5
      vertex 17.1307 78.6767 2.5
    endloop
  endfacet
  facet normal -0 0 1
    outer loop
      vertex 12.9 82.6 2.5
      vertex 16.75 78.9311 2.5
      vertex 28.5 82.6 2.5
    endloop
  endfacet
  facet normal 0 0 1
    outer loop
      vertex 16.75 78.9311 2.5
      vertex 12.9 82.6 2.5
      vertex 16.3394 79.1336 2.5
    endloop
  endfacet
  facet normal 0 0 1
    outer loop
      vertex 16.3394 79.1336 2.5
      vertex 12.9 82.6 2.5
      vertex 15.9059 79.2807 2.5
    endloop
  endfacet
  facet normal 0 0 1
    outer loop
      vertex 15.9059 79.2807 2.5
      vertex 12.9 82.6 2.5
      vertex 15.4568 79.3701 2.5
    endloop
  endfacet
  facet normal 0 0 1
    outer loop
      vertex 15.4568 79.3701 2.5
      vertex 12.9 82.6 2.5
      vertex 15 79.4 2.5
    endloop
  endfacet
  facet normal 0 0 1
    outer loop
      vertex 15 79.4 2.5
      vertex 12.9 82.6 2.5
      vertex 14.5432 79.3701 2.5
    endloop
  endfacet
  facet normal 0 0 1
    outer loop
      vertex 14.5432 79.3701 2.5
      vertex 12.9 82.6 2.5
      vertex 14.0941 79.2807 2.5
    endloop
  endfacet
  facet normal 0 0 1
    outer loop
      vertex 12.9 82.6 2.5
      vertex 13.6606 79.1336 2.5
      vertex 14.0941 79.2807 2.5
    endloop
  endfacet
  facet normal 0 0 1
    outer loop
      vertex 12.9 82.6 2.5
      vertex 13.25 78.9311 2.5
      vertex 13.6606 79.1336 2.5
    endloop
  endfacet
  facet normal 0 0 1
    outer loop
      vertex 13.25 78.9311 2.5
      vertex 12.9 82.6 2.5
      vertex 12.8693 78.6767 2.5
    endloop
  endfacet
  facet normal -0 0 1
    outer loop
      vertex 12.9 101.6 2.5
      vertex 28.5 98.2 2.5
      vertex 28.5 101.6 2.5
    endloop
  endfacet
  facet normal 0 0 1
    outer loop
      vertex 28.5 98.2 2.5
      vertex 12.9 101.6 2.5
      vertex 12.9 98.2 2.5
    endloop
  endfacet
  facet normal -0 0 1
    outer loop
      vertex 12.9 120.6 2.5
      vertex 28.5 117.2 2.5
      vertex 28.5 120.6 2.5
    endloop
  endfacet
  facet normal 0 0 1
    outer loop
      vertex 28.5 117.2 2.5
      vertex 12.9 120.6 2.5
      vertex 12.9 117.2 2.5
    endloop
  endfacet
  facet normal -0 0 1
    outer loop
      vertex 31.9 101.6 2.5
      vertex 47.5 98.2 2.5
      vertex 47.5 101.6 2.5
    endloop
  endfacet
  facet normal 0 0 1
    outer loop
      vertex 47.5 98.2 2.5
      vertex 31.9 101.6 2.5
      vertex 31.9 98.2 2.5
    endloop
  endfacet
  facet normal -0 0 1
    outer loop
      vertex 31.9 120.6 2.5
      vertex 47.5 117.2 2.5
      vertex 47.5 120.6 2.5
    endloop
  endfacet
  facet normal 0 0 1
    outer loop
      vertex 47.5 117.2 2.5
      vertex 31.9 120.6 2.5
      vertex 31.9 117.2 2.5
    endloop
  endfacet
  facet normal -0 0 1
    outer loop
      vertex 50.9 120.6 2.5
      vertex 66.5 117.2 2.5
      vertex 66.5 120.6 2.5
    endloop
  endfacet
  facet normal 0 0 1
    outer loop
      vertex 66.5 117.2 2.5
      vertex 50.9 120.6 2.5
      vertex 50.9 117.2 2.5
    endloop
  endfacet
  facet normal -0 0 1
    outer loop
      vertex 69.9 120.6 2.5
      vertex 85.5 117.2 2.5
      vertex 85.5 120.6 2.5
    endloop
  endfacet
  facet normal 0 0 1
    outer loop
      vertex 85.5 117.2 2.5
      vertex 69.9 120.6 2.5
      vertex 69.9 117.2 2.5
    endloop
  endfacet
  facet normal 0 0 1
    outer loop
      vertex 95.4 71.4 2.5
      vertex 96.4 139.9 2.5
      vertex 96.3701 139.443 2.5
    endloop
  endfacet
  facet normal 0 0 1
    outer loop
      vertex 96.4 139.9 2.5
      vertex 95.4 71.4 2.5
      vertex 96.4 5.50009 2.5
    endloop
  endfacet
  facet normal 0 0 1
    outer loop
      vertex 95.4 71.4 2.5
      vertex 96.3701 139.443 2.5
      vertex 96.2807 138.994 2.5
    endloop
  endfacet
  facet normal 0 0 1
    outer loop
      vertex 96.4 5.50009 2.5
      vertex 95.4 71.4 2.5
      vertex 96.3701 5.95684 2.5
    endloop
  endfacet
  facet normal 0 0 1
    outer loop
      vertex 95.4 71.4 2.5
      vertex 96.2807 138.994 2.5
      vertex 96.1336 138.561 2.5
    endloop
  endfacet
  facet normal 0 0 1
    outer loop
      vertex 96.3701 5.95684 2.5
      vertex 95.4 71.4 2.5
      vertex 96.2807 6.40587 2.5
    endloop
  endfacet
  facet normal 0 0 1
    outer loop
      vertex 95.4 71.4 2.5
      vertex 96.1336 138.561 2.5
      vertex 95.9311 138.15 2.5
    endloop
  endfacet
  facet normal -0 0 1
    outer loop
      vertex 95.4 11 2.5
      vertex 96.2807 6.40587 2.5
      vertex 95.4 71.4 2.5
    endloop
  endfacet
  facet normal 0 0 1
    outer loop
      vertex 95.4 71.4 2.5
      vertex 95.9311 138.15 2.5
      vertex 95.6767 137.769 2.5
    endloop
  endfacet
  facet normal 0 0 1
    outer loop
      vertex 96.2807 6.40587 2.5
      vertex 95.4 11 2.5
      vertex 96.1336 6.83939 2.5
    endloop
  endfacet
  facet normal 0 0 1
    outer loop
      vertex 96.1336 6.83939 2.5
      vertex 95.4 11 2.5
      vertex 95.9311 7.25 2.5
    endloop
  endfacet
  facet normal -0 0 1
    outer loop
      vertex 95.3749 137.425 2.5
      vertex 95.4 71.4 2.5
      vertex 95.6767 137.769 2.5
    endloop
  endfacet
  facet normal -0 0 1
    outer loop
      vertex 95.0307 137.123 2.5
      vertex 95.4 71.4 2.5
      vertex 95.3749 137.425 2.5
    endloop
  endfacet
  facet normal -0 0 1
    outer loop
      vertex 94.65 136.869 2.5
      vertex 95.4 71.4 2.5
      vertex 95.0307 137.123 2.5
    endloop
  endfacet
  facet normal -0 0 1
    outer loop
      vertex 94.2394 136.666 2.5
      vertex 95.4 71.4 2.5
      vertex 94.65 136.869 2.5
    endloop
  endfacet
  facet normal 0 0 1
    outer loop
      vertex 85.5 120.6 2.5
      vertex 94.2394 136.666 2.5
      vertex 93.8059 136.519 2.5
    endloop
  endfacet
  facet normal 0 0 1
    outer loop
      vertex 85.5 120.6 2.5
      vertex 93.8059 136.519 2.5
      vertex 93.3568 136.43 2.5
    endloop
  endfacet
  facet normal 0 0 1
    outer loop
      vertex 85.5 120.6 2.5
      vertex 93.3568 136.43 2.5
      vertex 92.9 136.4 2.5
    endloop
  endfacet
  facet normal 0 0 1
    outer loop
      vertex 85.5 120.6 2.5
      vertex 92.9 136.4 2.5
      vertex 92.4432 136.43 2.5
    endloop
  endfacet
  facet normal 0 0 1
    outer loop
      vertex 85.5 120.6 2.5
      vertex 92.4432 136.43 2.5
      vertex 91.9941 136.519 2.5
    endloop
  endfacet
  facet normal 0 0 1
    outer loop
      vertex 85.5 136.2 2.5
      vertex 91.9941 136.519 2.5
      vertex 91.5606 136.666 2.5
    endloop
  endfacet
  facet normal 0 0 1
    outer loop
      vertex 85.5 136.2 2.5
      vertex 91.5606 136.666 2.5
      vertex 91.15 136.869 2.5
    endloop
  endfacet
  facet normal 0 0 1
    outer loop
      vertex 85.5 136.2 2.5
      vertex 91.15 136.869 2.5
      vertex 90.7693 137.123 2.5
    endloop
  endfacet
  facet normal 0 0 1
    outer loop
      vertex 85.5 136.2 2.5
      vertex 90.7693 137.123 2.5
      vertex 90.4251 137.425 2.5
    endloop
  endfacet
  facet normal 0 0 1
    outer loop
      vertex 85.5 136.2 2.5
      vertex 90.4251 137.425 2.5
      vertex 90.1233 137.769 2.5
    endloop
  endfacet
  facet normal 0 0 1
    outer loop
      vertex 85.5 136.2 2.5
      vertex 90.1233 137.769 2.5
      vertex 89.8689 138.15 2.5
    endloop
  endfacet
  facet normal 0 0 1
    outer loop
      vertex 85.5 136.2 2.5
      vertex 89.8689 138.15 2.5
      vertex 89.6664 138.561 2.5
    endloop
  endfacet
  facet normal 0 0 1
    outer loop
      vertex 85.5 136.2 2.5
      vertex 89.6664 138.561 2.5
      vertex 89.5193 138.994 2.5
    endloop
  endfacet
  facet normal 0 0 1
    outer loop
      vertex 85.5 136.2 2.5
      vertex 89.5193 138.994 2.5
      vertex 89.4299 139.443 2.5
    endloop
  endfacet
  facet normal 0 0 1
    outer loop
      vertex 85.5 136.2 2.5
      vertex 89.4299 139.443 2.5
      vertex 89.4 139.9 2.5
    endloop
  endfacet
  facet normal 0 0 1
    outer loop
      vertex 94.2394 136.666 2.5
      vertex 86.8701 76.3568 2.5
      vertex 95.4 71.4 2.5
    endloop
  endfacet
  facet normal -0 0 1
    outer loop
      vertex 86.8701 75.4432 2.5
      vertex 95.4 71.4 2.5
      vertex 86.9 75.9 2.5
    endloop
  endfacet
  facet normal -0 0 1
    outer loop
      vertex 86.7807 74.9941 2.5
      vertex 95.4 71.4 2.5
      vertex 86.8701 75.4432 2.5
    endloop
  endfacet
  facet normal -0 0 1
    outer loop
      vertex 86.6336 74.5606 2.5
      vertex 95.4 71.4 2.5
      vertex 86.7807 74.9941 2.5
    endloop
  endfacet
  facet normal -0 0 1
    outer loop
      vertex 86.4311 74.15 2.5
      vertex 95.4 71.4 2.5
      vertex 86.6336 74.5606 2.5
    endloop
  endfacet
  facet normal -0 0 1
    outer loop
      vertex 86.1767 73.7693 2.5
      vertex 95.4 71.4 2.5
      vertex 86.4311 74.15 2.5
    endloop
  endfacet
  facet normal -0 0 1
    outer loop
      vertex 85.8749 73.4251 2.5
      vertex 95.4 71.4 2.5
      vertex 86.1767 73.7693 2.5
    endloop
  endfacet
  facet normal -0 0 1
    outer loop
      vertex 85.5307 73.1233 2.5
      vertex 95.4 71.4 2.5
      vertex 85.8749 73.4251 2.5
    endloop
  endfacet
  facet normal -0 0 1
    outer loop
      vertex 85.15 72.8689 2.5
      vertex 95.4 71.4 2.5
      vertex 85.5307 73.1233 2.5
    endloop
  endfacet
  facet normal -0 0 1
    outer loop
      vertex 84.7394 72.6664 2.5
      vertex 95.4 71.4 2.5
      vertex 85.15 72.8689 2.5
    endloop
  endfacet
  facet normal -0 0 1
    outer loop
      vertex 84.3059 72.5193 2.5
      vertex 95.4 71.4 2.5
      vertex 84.7394 72.6664 2.5
    endloop
  endfacet
  facet normal -0 0 1
    outer loop
      vertex 83.8568 72.4299 2.5
      vertex 95.4 71.4 2.5
      vertex 84.3059 72.5193 2.5
    endloop
  endfacet
  facet normal -0 0 1
    outer loop
      vertex 83.4 72.4 2.5
      vertex 95.4 71.4 2.5
      vertex 83.8568 72.4299 2.5
    endloop
  endfacet
  facet normal 0 0 1
    outer loop
      vertex 82.9432 72.4299 2.5
      vertex 95.4 71.4 2.5
      vertex 83.4 72.4 2.5
    endloop
  endfacet
  facet normal 0 0 1
    outer loop
      vertex 80.9251 78.3749 2.5
      vertex 77.2301 86.8308 2.5
      vertex 80.6233 78.0307 2.5
    endloop
  endfacet
  facet normal 0 0 1
    outer loop
      vertex 76.7682 86.9227 2.5
      vertex 80.6233 78.0307 2.5
      vertex 77.2301 86.8308 2.5
    endloop
  endfacet
  facet normal 0 0 1
    outer loop
      vertex 80.6233 78.0307 2.5
      vertex 76.7682 86.9227 2.5
      vertex 80.3689 77.65 2.5
    endloop
  endfacet
  facet normal 0 0 1
    outer loop
      vertex 76.3223 87.074 2.5
      vertex 80.3689 77.65 2.5
      vertex 76.7682 86.9227 2.5
    endloop
  endfacet
  facet normal 0 0 1
    outer loop
      vertex 80.3689 77.65 2.5
      vertex 76.3223 87.074 2.5
      vertex 80.1664 77.2394 2.5
    endloop
  endfacet
  facet normal 0 0 1
    outer loop
      vertex 75.9 87.2823 2.5
      vertex 80.1664 77.2394 2.5
      vertex 76.3223 87.074 2.5
    endloop
  endfacet
  facet normal 0 0 1
    outer loop
      vertex 80.1664 77.2394 2.5
      vertex 75.9 87.2823 2.5
      vertex 80.0193 76.8059 2.5
    endloop
  endfacet
  facet normal 0 0 1
    outer loop
      vertex 75.5085 87.5439 2.5
      vertex 80.0193 76.8059 2.5
      vertex 75.9 87.2823 2.5
    endloop
  endfacet
  facet normal 0 0 1
    outer loop
      vertex 80.0193 76.8059 2.5
      vertex 75.5085 87.5439 2.5
      vertex 79.9299 76.3568 2.5
    endloop
  endfacet
  facet normal 0 0 1
    outer loop
      vertex 75.1544 87.8544 2.5
      vertex 79.9299 76.3568 2.5
      vertex 75.5085 87.5439 2.5
    endloop
  endfacet
  facet normal 0 0 1
    outer loop
      vertex 79.9299 76.3568 2.5
      vertex 75.1544 87.8544 2.5
      vertex 79.9 75.9 2.5
    endloop
  endfacet
  facet normal -0 0 1
    outer loop
      vertex 47.5 82.6 2.5
      vertex 79.9 75.9 2.5
      vertex 75.1544 87.8544 2.5
    endloop
  endfacet
  facet normal 0 0 1
    outer loop
      vertex 79.9 75.9 2.5
      vertex 47.5 82.6 2.5
      vertex 79.9299 75.4432 2.5
    endloop
  endfacet
  facet normal 0 0 1
    outer loop
      vertex 79.9299 75.4432 2.5
      vertex 47.5 82.6 2.5
      vertex 80.0193 74.9941 2.5
    endloop
  endfacet
  facet normal 0 0 1
    outer loop
      vertex 47.5 82.6 2.5
      vertex 75.1544 87.8544 2.5
      vertex 74.8439 88.2085 2.5
    endloop
  endfacet
  facet normal 0 0 1
    outer loop
      vertex 47.5 82.6 2.5
      vertex 74.8439 88.2085 2.5
      vertex 74.5823 88.6 2.5
    endloop
  endfacet
  facet normal 0 0 1
    outer loop
      vertex 47.5 82.6 2.5
      vertex 74.5823 88.6 2.5
      vertex 74.374 89.0223 2.5
    endloop
  endfacet
  facet normal 0 0 1
    outer loop
      vertex 74.1308 90.8699 2.5
      vertex 66.5 101.6 2.5
      vertex 74.1 90.4 2.5
    endloop
  endfacet
  facet normal 0 0 1
    outer loop
      vertex 74.1 90.4 2.5
      vertex 66.5 101.6 2.5
      vertex 74.1308 89.9301 2.5
    endloop
  endfacet
  facet normal 0 0 1
    outer loop
      vertex 47.5 82.6 2.5
      vertex 74.1308 89.9301 2.5
      vertex 66.5 101.6 2.5
    endloop
  endfacet
  facet normal 0 0 1
    outer loop
      vertex 66.5 117.2 2.5
      vertex 69.9 117.2 2.5
      vertex 66.5 120.6 2.5
    endloop
  endfacet
  facet normal 0 0 1
    outer loop
      vertex 69.9 117.2 2.5
      vertex 66.5 117.2 2.5
      vertex 69.9 101.6 2.5
    endloop
  endfacet
  facet normal 0 0 1
    outer loop
      vertex 66.5 101.6 2.5
      vertex 69.9 101.6 2.5
      vertex 66.5 117.2 2.5
    endloop
  endfacet
  facet normal 0 0 1
    outer loop
      vertex 74.1308 89.9301 2.5
      vertex 47.5 82.6 2.5
      vertex 74.2227 89.4683 2.5
    endloop
  endfacet
  facet normal 0 0 1
    outer loop
      vertex 74.2227 89.4683 2.5
      vertex 47.5 82.6 2.5
      vertex 74.374 89.0223 2.5
    endloop
  endfacet
  facet normal 0 0 1
    outer loop
      vertex 80.0193 74.9941 2.5
      vertex 47.5 82.6 2.5
      vertex 80.1664 74.5606 2.5
    endloop
  endfacet
  facet normal 0 0 1
    outer loop
      vertex 47.5 82.6 2.5
      vertex 66.5 101.6 2.5
      vertex 50.9 101.6 2.5
    endloop
  endfacet
  facet normal 0 0 1
    outer loop
      vertex 80.1664 74.5606 2.5
      vertex 47.5 82.6 2.5
      vertex 80.3689 74.15 2.5
    endloop
  endfacet
  facet normal 0 0 1
    outer loop
      vertex 80.3689 74.15 2.5
      vertex 47.5 82.6 2.5
      vertex 80.6233 73.7693 2.5
    endloop
  endfacet
  facet normal 0 0 1
    outer loop
      vertex 47.5 117.2 2.5
      vertex 50.9 117.2 2.5
      vertex 47.5 120.6 2.5
    endloop
  endfacet
  facet normal 0 0 1
    outer loop
      vertex 50.9 117.2 2.5
      vertex 47.5 117.2 2.5
      vertex 50.9 101.6 2.5
    endloop
  endfacet
  facet normal 0 0 1
    outer loop
      vertex 47.5 101.6 2.5
      vertex 50.9 101.6 2.5
      vertex 47.5 117.2 2.5
    endloop
  endfacet
  facet normal 0 0 1
    outer loop
      vertex 47.5 98.2 2.5
      vertex 50.9 101.6 2.5
      vertex 47.5 101.6 2.5
    endloop
  endfacet
  facet normal 0 0 1
    outer loop
      vertex 47.5 82.6 2.5
      vertex 50.9 101.6 2.5
      vertex 47.5 98.2 2.5
    endloop
  endfacet
  facet normal 0 0 1
    outer loop
      vertex 80.6233 73.7693 2.5
      vertex 47.5 82.6 2.5
      vertex 80.9251 73.4251 2.5
    endloop
  endfacet
  facet normal 0 0 1
    outer loop
      vertex 80.9251 73.4251 2.5
      vertex 47.5 82.6 2.5
      vertex 81.2693 73.1233 2.5
    endloop
  endfacet
  facet normal 0 0 1
    outer loop
      vertex 47.5 82.6 2.5
      vertex 81.65 72.8689 2.5
      vertex 81.2693 73.1233 2.5
    endloop
  endfacet
  facet normal 0 0 1
    outer loop
      vertex 16.75 72.8689 2.5
      vertex 81.65 72.8689 2.5
      vertex 47.5 82.6 2.5
    endloop
  endfacet
  facet normal 0 0 1
    outer loop
      vertex 81.65 72.8689 2.5
      vertex 16.75 72.8689 2.5
      vertex 82.0606 72.6664 2.5
    endloop
  endfacet
  facet normal 0 0 1
    outer loop
      vertex 17.4749 73.4251 2.5
      vertex 47.5 82.6 2.5
      vertex 31.9 82.6 2.5
    endloop
  endfacet
  facet normal 0 0 1
    outer loop
      vertex 28.5 101.6 2.5
      vertex 31.9 101.6 2.5
      vertex 28.5 117.2 2.5
    endloop
  endfacet
  facet normal 0 0 1
    outer loop
      vertex 31.9 101.6 2.5
      vertex 28.5 101.6 2.5
      vertex 31.9 98.2 2.5
    endloop
  endfacet
  facet normal 0 0 1
    outer loop
      vertex 28.5 98.2 2.5
      vertex 31.9 98.2 2.5
      vertex 28.5 101.6 2.5
    endloop
  endfacet
  facet normal 0 0 1
    outer loop
      vertex 31.9 98.2 2.5
      vertex 28.5 98.2 2.5
      vertex 31.9 82.6 2.5
    endloop
  endfacet
  facet normal 0 0 1
    outer loop
      vertex 28.5 82.6 2.5
      vertex 31.9 82.6 2.5
      vertex 28.5 98.2 2.5
    endloop
  endfacet
  facet normal 0 0 1
    outer loop
      vertex 18.2336 74.5606 2.5
      vertex 31.9 82.6 2.5
      vertex 28.5 82.6 2.5
    endloop
  endfacet
  facet normal 0 0 1
    outer loop
      vertex 17.4749 73.4251 2.5
      vertex 31.9 82.6 2.5
      vertex 17.7767 73.7693 2.5
    endloop
  endfacet
  facet normal 0 0 1
    outer loop
      vertex 18.4701 75.4432 2.5
      vertex 28.5 82.6 2.5
      vertex 18.5 75.9 2.5
    endloop
  endfacet
  facet normal 0 0 1
    outer loop
      vertex 18.3807 74.9941 2.5
      vertex 28.5 82.6 2.5
      vertex 18.4701 75.4432 2.5
    endloop
  endfacet
  facet normal 0 0 1
    outer loop
      vertex 18.2336 74.5606 2.5
      vertex 28.5 82.6 2.5
      vertex 18.3807 74.9941 2.5
    endloop
  endfacet
  facet normal 0 0 1
    outer loop
      vertex 31.9 82.6 2.5
      vertex 18.2336 74.5606 2.5
      vertex 18.0311 74.15 2.5
    endloop
  endfacet
  facet normal 0 0 1
    outer loop
      vertex 31.9 82.6 2.5
      vertex 18.0311 74.15 2.5
      vertex 17.7767 73.7693 2.5
    endloop
  endfacet
  facet normal 0 0 1
    outer loop
      vertex 17.1307 73.1233 2.5
      vertex 47.5 82.6 2.5
      vertex 17.4749 73.4251 2.5
    endloop
  endfacet
  facet normal 0 0 1
    outer loop
      vertex 16.75 72.8689 2.5
      vertex 47.5 82.6 2.5
      vertex 17.1307 73.1233 2.5
    endloop
  endfacet
  facet normal 0 0 1
    outer loop
      vertex 16.3394 72.6664 2.5
      vertex 82.0606 72.6664 2.5
      vertex 16.75 72.8689 2.5
    endloop
  endfacet
  facet normal 0 0 1
    outer loop
      vertex 82.0606 72.6664 2.5
      vertex 16.3394 72.6664 2.5
      vertex 82.4941 72.5193 2.5
    endloop
  endfacet
  facet normal 0 0 1
    outer loop
      vertex 15.9059 72.5193 2.5
      vertex 82.4941 72.5193 2.5
      vertex 16.3394 72.6664 2.5
    endloop
  endfacet
  facet normal 0 0 1
    outer loop
      vertex 82.4941 72.5193 2.5
      vertex 15.9059 72.5193 2.5
      vertex 82.9432 72.4299 2.5
    endloop
  endfacet
  facet normal 0 0 1
    outer loop
      vertex 15.4568 72.4299 2.5
      vertex 82.9432 72.4299 2.5
      vertex 15.9059 72.5193 2.5
    endloop
  endfacet
  facet normal 0 0 1
    outer loop
      vertex 82.9432 72.4299 2.5
      vertex 15.4568 72.4299 2.5
      vertex 95.4 71.4 2.5
    endloop
  endfacet
  facet normal -0 0 1
    outer loop
      vertex 15 72.4 2.5
      vertex 95.4 71.4 2.5
      vertex 15.4568 72.4299 2.5
    endloop
  endfacet
  facet normal -0 0 1
    outer loop
      vertex 7.63066 137.123 2.5
      vertex 12.9 136.2 2.5
      vertex 7.97487 137.425 2.5
    endloop
  endfacet
  facet normal -0 0 1
    outer loop
      vertex 7.25 136.869 2.5
      vertex 12.9 136.2 2.5
      vertex 7.63066 137.123 2.5
    endloop
  endfacet
  facet normal -0 0 1
    outer loop
      vertex 6.83939 136.666 2.5
      vertex 12.9 136.2 2.5
      vertex 7.25 136.869 2.5
    endloop
  endfacet
  facet normal -0 0 1
    outer loop
      vertex 6.40587 136.519 2.5
      vertex 12.9 136.2 2.5
      vertex 6.83939 136.666 2.5
    endloop
  endfacet
  facet normal 0 0 1
    outer loop
      vertex 12.9 136.2 2.5
      vertex 6.40587 136.519 2.5
      vertex 12.9 120.6 2.5
    endloop
  endfacet
  facet normal -0 0 1
    outer loop
      vertex 5.95684 136.43 2.5
      vertex 12.9 120.6 2.5
      vertex 6.40587 136.519 2.5
    endloop
  endfacet
  facet normal -0 0 1
    outer loop
      vertex 5.5 136.4 2.5
      vertex 12.9 120.6 2.5
      vertex 5.95684 136.43 2.5
    endloop
  endfacet
  facet normal 0 0 1
    outer loop
      vertex 5.04316 136.43 2.5
      vertex 12.9 120.6 2.5
      vertex 5.5 136.4 2.5
    endloop
  endfacet
  facet normal 0 0 1
    outer loop
      vertex 4.59413 136.519 2.5
      vertex 12.9 120.6 2.5
      vertex 5.04316 136.43 2.5
    endloop
  endfacet
  facet normal 0 0 1
    outer loop
      vertex 4.16061 136.666 2.5
      vertex 12.9 120.6 2.5
      vertex 4.59413 136.519 2.5
    endloop
  endfacet
  facet normal 0 0 1
    outer loop
      vertex 3.75 136.869 2.5
      vertex 12.9 120.6 2.5
      vertex 4.16061 136.666 2.5
    endloop
  endfacet
  facet normal 0 0 1
    outer loop
      vertex 3.36934 137.123 2.5
      vertex 12.9 120.6 2.5
      vertex 3.75 136.869 2.5
    endloop
  endfacet
  facet normal 0 0 1
    outer loop
      vertex 12.9 120.6 2.5
      vertex 3.36934 137.123 2.5
      vertex 12.9 117.2 2.5
    endloop
  endfacet
  facet normal 0 0 1
    outer loop
      vertex 3.02513 137.425 2.5
      vertex 12.9 117.2 2.5
      vertex 3.36934 137.123 2.5
    endloop
  endfacet
  facet normal 0 0 1
    outer loop
      vertex 12.9 98.2 2.5
      vertex 3 71.4 2.5
      vertex 11.5299 76.3568 2.5
    endloop
  endfacet
  facet normal 0 0 1
    outer loop
      vertex 11.5299 76.3568 2.5
      vertex 3 71.4 2.5
      vertex 11.5 75.9 2.5
    endloop
  endfacet
  facet normal 0 0 1
    outer loop
      vertex 12.9 117.2 2.5
      vertex 3.02513 137.425 2.5
      vertex 12.9 101.6 2.5
    endloop
  endfacet
  facet normal 0 0 1
    outer loop
      vertex 2.72326 137.769 2.5
      vertex 12.9 101.6 2.5
      vertex 3.02513 137.425 2.5
    endloop
  endfacet
  facet normal 0 -0 1
    outer loop
      vertex 3 71.4 2.5
      vertex 12.9 101.6 2.5
      vertex 2.72326 137.769 2.5
    endloop
  endfacet
  facet normal 0 0 1
    outer loop
      vertex 15 72.4 2.5
      vertex 3 71.4 2.5
      vertex 95.4 71.4 2.5
    endloop
  endfacet
  facet normal 0 0 1
    outer loop
      vertex 14.5432 72.4299 2.5
      vertex 3 71.4 2.5
      vertex 15 72.4 2.5
    endloop
  endfacet
  facet normal 0 0 1
    outer loop
      vertex 14.0941 72.5193 2.5
      vertex 3 71.4 2.5
      vertex 14.5432 72.4299 2.5
    endloop
  endfacet
  facet normal 0 0 1
    outer loop
      vertex 13.6606 72.6664 2.5
      vertex 3 71.4 2.5
      vertex 14.0941 72.5193 2.5
    endloop
  endfacet
  facet normal 0 0 1
    outer loop
      vertex 13.25 72.8689 2.5
      vertex 3 71.4 2.5
      vertex 13.6606 72.6664 2.5
    endloop
  endfacet
  facet normal 0 0 1
    outer loop
      vertex 12.8693 73.1233 2.5
      vertex 3 71.4 2.5
      vertex 13.25 72.8689 2.5
    endloop
  endfacet
  facet normal 0 0 1
    outer loop
      vertex 12.5251 73.4251 2.5
      vertex 3 71.4 2.5
      vertex 12.8693 73.1233 2.5
    endloop
  endfacet
  facet normal 0 0 1
    outer loop
      vertex 12.2233 73.7693 2.5
      vertex 3 71.4 2.5
      vertex 12.5251 73.4251 2.5
    endloop
  endfacet
  facet normal 0 0 1
    outer loop
      vertex 11.9689 74.15 2.5
      vertex 3 71.4 2.5
      vertex 12.2233 73.7693 2.5
    endloop
  endfacet
  facet normal 0 0 1
    outer loop
      vertex 11.7664 74.5606 2.5
      vertex 3 71.4 2.5
      vertex 11.9689 74.15 2.5
    endloop
  endfacet
  facet normal 0 0 1
    outer loop
      vertex 11.6193 74.9941 2.5
      vertex 3 71.4 2.5
      vertex 11.7664 74.5606 2.5
    endloop
  endfacet
  facet normal 0 0 1
    outer loop
      vertex 11.5299 75.4432 2.5
      vertex 3 71.4 2.5
      vertex 11.6193 74.9941 2.5
    endloop
  endfacet
  facet normal 0 0 1
    outer loop
      vertex 11.5 75.9 2.5
      vertex 3 71.4 2.5
      vertex 11.5299 75.4432 2.5
    endloop
  endfacet
  facet normal 0 0 1
    outer loop
      vertex 2.46891 138.15 2.5
      vertex 3 71.4 2.5
      vertex 2.72326 137.769 2.5
    endloop
  endfacet
  facet normal 0 0 1
    outer loop
      vertex 12.9 101.6 2.5
      vertex 3 71.4 2.5
      vertex 12.9 98.2 2.5
    endloop
  endfacet
  facet normal 0 0 1
    outer loop
      vertex 95.9311 7.25 2.5
      vertex 95.4 11 2.5
      vertex 95.6767 7.63066 2.5
    endloop
  endfacet
  facet normal 0 0 1
    outer loop
      vertex 95.4 11 2.5
      vertex 95.3749 7.97487 2.5
      vertex 95.6767 7.63066 2.5
    endloop
  endfacet
  facet normal 0 0 1
    outer loop
      vertex 95.4 11 2.5
      vertex 95.0307 8.27674 2.5
      vertex 95.3749 7.97487 2.5
    endloop
  endfacet
  facet normal 0 0 1
    outer loop
      vertex 95.4 11 2.5
      vertex 94.65 8.53109 2.5
      vertex 95.0307 8.27674 2.5
    endloop
  endfacet
  facet normal 0 0 1
    outer loop
      vertex 95.4 11 2.5
      vertex 94.2394 8.73358 2.5
      vertex 94.65 8.53109 2.5
    endloop
  endfacet
  facet normal 0 0 1
    outer loop
      vertex 95.4 11 2.5
      vertex 93.8059 8.88074 2.5
      vertex 94.2394 8.73358 2.5
    endloop
  endfacet
  facet normal 0 0 1
    outer loop
      vertex 95.4 11 2.5
      vertex 93.3568 8.97006 2.5
      vertex 93.8059 8.88074 2.5
    endloop
  endfacet
  facet normal 0 0 1
    outer loop
      vertex 95.4 11 2.5
      vertex 92.9 9 2.5
      vertex 93.3568 8.97006 2.5
    endloop
  endfacet
  facet normal 0 0 1
    outer loop
      vertex 95.4 11 2.5
      vertex 92.4432 8.97006 2.5
      vertex 92.9 9 2.5
    endloop
  endfacet
  facet normal 0 0 1
    outer loop
      vertex 95.4 11 2.5
      vertex 91.9941 8.88074 2.5
      vertex 92.4432 8.97006 2.5
    endloop
  endfacet
  facet normal -0 0 1
    outer loop
      vertex 85.15 9.53109 2.5
      vertex 91.9941 8.88074 2.5
      vertex 95.4 11 2.5
    endloop
  endfacet
  facet normal 0 0 1
    outer loop
      vertex 91.9941 8.88074 2.5
      vertex 85.15 9.53109 2.5
      vertex 91.5606 8.73358 2.5
    endloop
  endfacet
  facet normal -0 0 1
    outer loop
      vertex 86.8701 6.04316 2.5
      vertex 89.4299 5.95684 2.5
      vertex 86.9 6.5 2.5
    endloop
  endfacet
  facet normal 0 0 1
    outer loop
      vertex 89.5193 6.40587 2.5
      vertex 86.9 6.5 2.5
      vertex 89.4299 5.95684 2.5
    endloop
  endfacet
  facet normal 0 0 1
    outer loop
      vertex 86.8701 6.95684 2.5
      vertex 89.5193 6.40587 2.5
      vertex 89.6664 6.83939 2.5
    endloop
  endfacet
  facet normal 0 0 1
    outer loop
      vertex 86.7807 7.40587 2.5
      vertex 89.6664 6.83939 2.5
      vertex 89.8689 7.25 2.5
    endloop
  endfacet
  facet normal 0 0 1
    outer loop
      vertex 86.6336 7.83939 2.5
      vertex 89.8689 7.25 2.5
      vertex 90.1233 7.63066 2.5
    endloop
  endfacet
  facet normal 0 0 1
    outer loop
      vertex 86.4311 8.25 2.5
      vertex 90.1233 7.63066 2.5
      vertex 90.4251 7.97487 2.5
    endloop
  endfacet
  facet normal 0 0 1
    outer loop
      vertex 86.1767 8.63066 2.5
      vertex 90.4251 7.97487 2.5
      vertex 90.7693 8.27674 2.5
    endloop
  endfacet
  facet normal 0 0 1
    outer loop
      vertex 85.8749 8.97487 2.5
      vertex 90.7693 8.27674 2.5
      vertex 91.15 8.53109 2.5
    endloop
  endfacet
  facet normal -0 -0 1
    outer loop
      vertex 85.5307 9.27674 2.5
      vertex 91.5606 8.73358 2.5
      vertex 85.15 9.53109 2.5
    endloop
  endfacet
  facet normal 0 0 1
    outer loop
      vertex 89.5193 6.40587 2.5
      vertex 86.8701 6.95684 2.5
      vertex 86.9 6.5 2.5
    endloop
  endfacet
  facet normal 0 0 1
    outer loop
      vertex 89.6664 6.83939 2.5
      vertex 86.7807 7.40587 2.5
      vertex 86.8701 6.95684 2.5
    endloop
  endfacet
  facet normal 0 0 1
    outer loop
      vertex 89.8689 7.25 2.5
      vertex 86.6336 7.83939 2.5
      vertex 86.7807 7.40587 2.5
    endloop
  endfacet
  facet normal 0 0 1
    outer loop
      vertex 90.1233 7.63066 2.5
      vertex 86.4311 8.25 2.5
      vertex 86.6336 7.83939 2.5
    endloop
  endfacet
  facet normal 0 0 1
    outer loop
      vertex 90.4251 7.97487 2.5
      vertex 86.1767 8.63066 2.5
      vertex 86.4311 8.25 2.5
    endloop
  endfacet
  facet normal 0 0 1
    outer loop
      vertex 90.7693 8.27674 2.5
      vertex 85.8749 8.97487 2.5
      vertex 86.1767 8.63066 2.5
    endloop
  endfacet
  facet normal 0 0 1
    outer loop
      vertex 91.15 8.53109 2.5
      vertex 85.5307 9.27674 2.5
      vertex 85.8749 8.97487 2.5
    endloop
  endfacet
  facet normal 0 0 1
    outer loop
      vertex 91.5606 8.73358 2.5
      vertex 85.5307 9.27674 2.5
      vertex 91.15 8.53109 2.5
    endloop
  endfacet
  facet normal 0 0 1
    outer loop
      vertex 95.4 11 2.5
      vertex 84.7394 9.73358 2.5
      vertex 85.15 9.53109 2.5
    endloop
  endfacet
  facet normal 0 0 1
    outer loop
      vertex 95.4 11 2.5
      vertex 84.3059 9.88074 2.5
      vertex 84.7394 9.73358 2.5
    endloop
  endfacet
  facet normal 0 0 1
    outer loop
      vertex 95.4 11 2.5
      vertex 83.8568 9.97006 2.5
      vertex 84.3059 9.88074 2.5
    endloop
  endfacet
  facet normal 0 0 1
    outer loop
      vertex 95.4 11 2.5
      vertex 83.4 10 2.5
      vertex 83.8568 9.97006 2.5
    endloop
  endfacet
  facet normal 0 0 1
    outer loop
      vertex 95.4 11 2.5
      vertex 82.9432 9.97006 2.5
      vertex 83.4 10 2.5
    endloop
  endfacet
  facet normal 0 0 1
    outer loop
      vertex 79.9299 6.95684 2.5
      vertex 18.5 6.5 2.5
      vertex 79.9 6.5 2.5
    endloop
  endfacet
  facet normal 0 0 1
    outer loop
      vertex 18.4701 6.95684 2.5
      vertex 79.9299 6.95684 2.5
      vertex 80.0193 7.40587 2.5
    endloop
  endfacet
  facet normal 0 0 1
    outer loop
      vertex 18.3807 7.40587 2.5
      vertex 80.0193 7.40587 2.5
      vertex 80.1664 7.83939 2.5
    endloop
  endfacet
  facet normal 0 0 1
    outer loop
      vertex 18.2336 7.83939 2.5
      vertex 80.1664 7.83939 2.5
      vertex 80.3689 8.25 2.5
    endloop
  endfacet
  facet normal 0 0 1
    outer loop
      vertex 18.0311 8.25 2.5
      vertex 80.3689 8.25 2.5
      vertex 80.6233 8.63066 2.5
    endloop
  endfacet
  facet normal 0 0 1
    outer loop
      vertex 17.7767 8.63066 2.5
      vertex 80.6233 8.63066 2.5
      vertex 80.9251 8.97487 2.5
    endloop
  endfacet
  facet normal 0 0 1
    outer loop
      vertex 17.4749 8.97487 2.5
      vertex 80.9251 8.97487 2.5
      vertex 81.2693 9.27674 2.5
    endloop
  endfacet
  facet normal 0 0 1
    outer loop
      vertex 17.1307 9.27674 2.5
      vertex 81.2693 9.27674 2.5
      vertex 81.65 9.53109 2.5
    endloop
  endfacet
  facet normal 0 0 1
    outer loop
      vertex 16.75 9.53109 2.5
      vertex 81.65 9.53109 2.5
      vertex 82.0606 9.73358 2.5
    endloop
  endfacet
  facet normal 0 0 1
    outer loop
      vertex 16.3394 9.73358 2.5
      vertex 82.0606 9.73358 2.5
      vertex 82.4941 9.88074 2.5
    endloop
  endfacet
  facet normal 0 0 1
    outer loop
      vertex 15.9059 9.88074 2.5
      vertex 82.4941 9.88074 2.5
      vertex 82.9432 9.97006 2.5
    endloop
  endfacet
  facet normal 0 0 1
    outer loop
      vertex 15.4568 9.97006 2.5
      vertex 82.9432 9.97006 2.5
      vertex 95.4 11 2.5
    endloop
  endfacet
  facet normal 0 0 1
    outer loop
      vertex 79.9299 6.95684 2.5
      vertex 18.4701 6.95684 2.5
      vertex 18.5 6.5 2.5
    endloop
  endfacet
  facet normal 0 0 1
    outer loop
      vertex 80.0193 7.40587 2.5
      vertex 18.3807 7.40587 2.5
      vertex 18.4701 6.95684 2.5
    endloop
  endfacet
  facet normal 0 0 1
    outer loop
      vertex 80.1664 7.83939 2.5
      vertex 18.2336 7.83939 2.5
      vertex 18.3807 7.40587 2.5
    endloop
  endfacet
  facet normal 0 0 1
    outer loop
      vertex 80.3689 8.25 2.5
      vertex 18.0311 8.25 2.5
      vertex 18.2336 7.83939 2.5
    endloop
  endfacet
  facet normal 0 0 1
    outer loop
      vertex 80.6233 8.63066 2.5
      vertex 17.7767 8.63066 2.5
      vertex 18.0311 8.25 2.5
    endloop
  endfacet
  facet normal 0 0 1
    outer loop
      vertex 80.9251 8.97487 2.5
      vertex 17.4749 8.97487 2.5
      vertex 17.7767 8.63066 2.5
    endloop
  endfacet
  facet normal 0 0 1
    outer loop
      vertex 81.2693 9.27674 2.5
      vertex 17.1307 9.27674 2.5
      vertex 17.4749 8.97487 2.5
    endloop
  endfacet
  facet normal 0 0 1
    outer loop
      vertex 81.65 9.53109 2.5
      vertex 16.75 9.53109 2.5
      vertex 17.1307 9.27674 2.5
    endloop
  endfacet
  facet normal 0 0 1
    outer loop
      vertex 82.0606 9.73358 2.5
      vertex 16.3394 9.73358 2.5
      vertex 16.75 9.53109 2.5
    endloop
  endfacet
  facet normal 0 0 1
    outer loop
      vertex 82.4941 9.88074 2.5
      vertex 15.9059 9.88074 2.5
      vertex 16.3394 9.73358 2.5
    endloop
  endfacet
  facet normal 0 0 1
    outer loop
      vertex 82.9432 9.97006 2.5
      vertex 15.4568 9.97006 2.5
      vertex 15.9059 9.88074 2.5
    endloop
  endfacet
  facet normal 0 0 1
    outer loop
      vertex 95.4 11 2.5
      vertex 15 10 2.5
      vertex 15.4568 9.97006 2.5
    endloop
  endfacet
  facet normal 0 0 1
    outer loop
      vertex 8.88074 6.40587 2.5
      vertex 11.5 6.5 2.5
      vertex 11.5299 6.95684 2.5
    endloop
  endfacet
  facet normal 0 0 1
    outer loop
      vertex 8.73358 6.83939 2.5
      vertex 11.5299 6.95684 2.5
      vertex 11.6193 7.40587 2.5
    endloop
  endfacet
  facet normal 0 0 1
    outer loop
      vertex 8.53109 7.25 2.5
      vertex 11.6193 7.40587 2.5
      vertex 11.7664 7.83939 2.5
    endloop
  endfacet
  facet normal 0 0 1
    outer loop
      vertex 8.27674 7.63066 2.5
      vertex 11.7664 7.83939 2.5
      vertex 11.9689 8.25 2.5
    endloop
  endfacet
  facet normal 0 0 1
    outer loop
      vertex 7.97487 7.97487 2.5
      vertex 11.9689 8.25 2.5
      vertex 12.2233 8.63066 2.5
    endloop
  endfacet
  facet normal 0 0 1
    outer loop
      vertex 7.63066 8.27674 2.5
      vertex 12.2233 8.63066 2.5
      vertex 12.5251 8.97487 2.5
    endloop
  endfacet
  facet normal 0 0 1
    outer loop
      vertex 11.5 6.5 2.5
      vertex 8.97006 5.95684 2.5
      vertex 9 5.5 2.5
    endloop
  endfacet
  facet normal 0 0 1
    outer loop
      vertex 7.25 8.53109 2.5
      vertex 12.5251 8.97487 2.5
      vertex 12.8693 9.27674 2.5
    endloop
  endfacet
  facet normal 0 0 1
    outer loop
      vertex 11.5 6.5 2.5
      vertex 8.88074 6.40587 2.5
      vertex 8.97006 5.95684 2.5
    endloop
  endfacet
  facet normal 0 0 1
    outer loop
      vertex 11.5299 6.95684 2.5
      vertex 8.73358 6.83939 2.5
      vertex 8.88074 6.40587 2.5
    endloop
  endfacet
  facet normal 0 0 1
    outer loop
      vertex 6.83939 8.73358 2.5
      vertex 12.8693 9.27674 2.5
      vertex 13.25 9.53109 2.5
    endloop
  endfacet
  facet normal 0 0 1
    outer loop
      vertex 11.6193 7.40587 2.5
      vertex 8.53109 7.25 2.5
      vertex 8.73358 6.83939 2.5
    endloop
  endfacet
  facet normal 0 0 1
    outer loop
      vertex 3 11 2.5
      vertex 13.25 9.53109 2.5
      vertex 13.6606 9.73358 2.5
    endloop
  endfacet
  facet normal 0 0 1
    outer loop
      vertex 11.7664 7.83939 2.5
      vertex 8.27674 7.63066 2.5
      vertex 8.53109 7.25 2.5
    endloop
  endfacet
  facet normal 0 0 1
    outer loop
      vertex 11.9689 8.25 2.5
      vertex 7.97487 7.97487 2.5
      vertex 8.27674 7.63066 2.5
    endloop
  endfacet
  facet normal 0 0 1
    outer loop
      vertex 3 11 2.5
      vertex 13.6606 9.73358 2.5
      vertex 14.0941 9.88074 2.5
    endloop
  endfacet
  facet normal 0 0 1
    outer loop
      vertex 12.2233 8.63066 2.5
      vertex 7.63066 8.27674 2.5
      vertex 7.97487 7.97487 2.5
    endloop
  endfacet
  facet normal 0 0 1
    outer loop
      vertex 12.5251 8.97487 2.5
      vertex 7.25 8.53109 2.5
      vertex 7.63066 8.27674 2.5
    endloop
  endfacet
  facet normal 0 0 1
    outer loop
      vertex 3 11 2.5
      vertex 14.0941 9.88074 2.5
      vertex 14.5432 9.97006 2.5
    endloop
  endfacet
  facet normal 0 0 1
    outer loop
      vertex 12.8693 9.27674 2.5
      vertex 6.83939 8.73358 2.5
      vertex 7.25 8.53109 2.5
    endloop
  endfacet
  facet normal 0 0 1
    outer loop
      vertex 13.25 9.53109 2.5
      vertex 6.40587 8.88074 2.5
      vertex 6.83939 8.73358 2.5
    endloop
  endfacet
  facet normal 0 0 1
    outer loop
      vertex 13.25 9.53109 2.5
      vertex 3 11 2.5
      vertex 6.40587 8.88074 2.5
    endloop
  endfacet
  facet normal 0 0 1
    outer loop
      vertex 6.40587 8.88074 2.5
      vertex 3 11 2.5
      vertex 5.95684 8.97006 2.5
    endloop
  endfacet
  facet normal 0 0 1
    outer loop
      vertex 5.95684 8.97006 2.5
      vertex 3 11 2.5
      vertex 5.5 9 2.5
    endloop
  endfacet
  facet normal -0 0 1
    outer loop
      vertex 3 11 2.5
      vertex 15 10 2.5
      vertex 95.4 11 2.5
    endloop
  endfacet
  facet normal 0 0 1
    outer loop
      vertex 3 11 2.5
      vertex 14.5432 9.97006 2.5
      vertex 15 10 2.5
    endloop
  endfacet
  facet normal 0 0 1
    outer loop
      vertex 5.5 9 2.5
      vertex 3 11 2.5
      vertex 5.04316 8.97006 2.5
    endloop
  endfacet
  facet normal 0 0 1
    outer loop
      vertex 3 11 2.5
      vertex 4.59413 8.88074 2.5
      vertex 5.04316 8.97006 2.5
    endloop
  endfacet
  facet normal 0 0 1
    outer loop
      vertex 3 11 2.5
      vertex 4.16061 8.73358 2.5
      vertex 4.59413 8.88074 2.5
    endloop
  endfacet
  facet normal 0 0 1
    outer loop
      vertex 3 11 2.5
      vertex 3.75 8.53109 2.5
      vertex 4.16061 8.73358 2.5
    endloop
  endfacet
  facet normal 0 0 1
    outer loop
      vertex 3 11 2.5
      vertex 3.36934 8.27674 2.5
      vertex 3.75 8.53109 2.5
    endloop
  endfacet
  facet normal 0 0 1
    outer loop
      vertex 3 11 2.5
      vertex 3.02513 7.97487 2.5
      vertex 3.36934 8.27674 2.5
    endloop
  endfacet
  facet normal 0 0 1
    outer loop
      vertex 3 11 2.5
      vertex 2.72326 7.63066 2.5
      vertex 3.02513 7.97487 2.5
    endloop
  endfacet
  facet normal 0 0 1
    outer loop
      vertex 2.26642 138.561 2.5
      vertex 3 71.4 2.5
      vertex 2.46891 138.15 2.5
    endloop
  endfacet
  facet normal 0 0 1
    outer loop
      vertex 2.11926 138.994 2.5
      vertex 3 71.4 2.5
      vertex 2.26642 138.561 2.5
    endloop
  endfacet
  facet normal 0 0 1
    outer loop
      vertex 3 11 2.5
      vertex 2.46891 7.25 2.5
      vertex 2.72326 7.63066 2.5
    endloop
  endfacet
  facet normal 0 0 1
    outer loop
      vertex 2.02994 139.443 2.5
      vertex 3 71.4 2.5
      vertex 2.11926 138.994 2.5
    endloop
  endfacet
  facet normal 0 0 1
    outer loop
      vertex 3 11 2.5
      vertex 2.26642 6.83939 2.5
      vertex 2.46891 7.25 2.5
    endloop
  endfacet
  facet normal 0 0 1
    outer loop
      vertex 3 71.4 2.5
      vertex 2.11926 6.40587 2.5
      vertex 3 11 2.5
    endloop
  endfacet
  facet normal 0 0 1
    outer loop
      vertex 3 11 2.5
      vertex 2.11926 6.40587 2.5
      vertex 2.26642 6.83939 2.5
    endloop
  endfacet
  facet normal 0 0 1
    outer loop
      vertex 2 139.9 2.5
      vertex 3 71.4 2.5
      vertex 2.02994 139.443 2.5
    endloop
  endfacet
  facet normal 0 0 1
    outer loop
      vertex 3 71.4 2.5
      vertex 2.02994 5.95684 2.5
      vertex 2.11926 6.40587 2.5
    endloop
  endfacet
  facet normal 0 0 1
    outer loop
      vertex 2 5.5 2.5
      vertex 3 71.4 2.5
      vertex 2 139.9 2.5
    endloop
  endfacet
  facet normal 0 0 1
    outer loop
      vertex 3 71.4 2.5
      vertex 2 5.5 2.5
      vertex 2.02994 5.95684 2.5
    endloop
  endfacet
  facet normal 0 0 1
    outer loop
      vertex 95.4 71.4 2.5
      vertex 86.8701 76.3568 2.5
      vertex 86.9 75.9 2.5
    endloop
  endfacet
  facet normal 0 0 1
    outer loop
      vertex 94.2394 136.666 2.5
      vertex 85.5 101.6 2.5
      vertex 86.8701 76.3568 2.5
    endloop
  endfacet
  facet normal 0 0 1
    outer loop
      vertex 86.8701 76.3568 2.5
      vertex 85.5 101.6 2.5
      vertex 86.7807 76.8059 2.5
    endloop
  endfacet
  facet normal 0 0 1
    outer loop
      vertex 86.7807 76.8059 2.5
      vertex 85.5 101.6 2.5
      vertex 86.6336 77.2394 2.5
    endloop
  endfacet
  facet normal 0 0 1
    outer loop
      vertex 86.6336 77.2394 2.5
      vertex 85.5 101.6 2.5
      vertex 86.4311 77.65 2.5
    endloop
  endfacet
  facet normal 0 0 1
    outer loop
      vertex 86.4311 77.65 2.5
      vertex 85.5 101.6 2.5
      vertex 86.1767 78.0307 2.5
    endloop
  endfacet
  facet normal 0 0 1
    outer loop
      vertex 86.1767 78.0307 2.5
      vertex 85.5 101.6 2.5
      vertex 85.8749 78.3749 2.5
    endloop
  endfacet
  facet normal 0 0 1
    outer loop
      vertex 91.9941 136.519 2.5
      vertex 85.5 136.2 2.5
      vertex 85.5 120.6 2.5
    endloop
  endfacet
  facet normal 0 0 1
    outer loop
      vertex 89.4299 140.357 2.5
      vertex 85.5 136.2 2.5
      vertex 89.4 139.9 2.5
    endloop
  endfacet
  facet normal 0 0 1
    outer loop
      vertex 89.5193 140.806 2.5
      vertex 85.5 136.2 2.5
      vertex 89.4299 140.357 2.5
    endloop
  endfacet
  facet normal 0 0 1
    outer loop
      vertex 89.6664 141.239 2.5
      vertex 85.5 136.2 2.5
      vertex 89.5193 140.806 2.5
    endloop
  endfacet
  facet normal 0 0 1
    outer loop
      vertex 69.9 136.2 2.5
      vertex 89.6664 141.239 2.5
      vertex 89.8689 141.65 2.5
    endloop
  endfacet
  facet normal 0 0 1
    outer loop
      vertex 69.9 136.2 2.5
      vertex 89.8689 141.65 2.5
      vertex 90.1233 142.031 2.5
    endloop
  endfacet
  facet normal 0 0 1
    outer loop
      vertex 89.6664 141.239 2.5
      vertex 69.9 136.2 2.5
      vertex 85.5 136.2 2.5
    endloop
  endfacet
  facet normal 0 0 1
    outer loop
      vertex 90.4251 142.375 2.5
      vertex 69.9 136.2 2.5
      vertex 90.1233 142.031 2.5
    endloop
  endfacet
  facet normal 0 0 1
    outer loop
      vertex 90.7693 142.677 2.5
      vertex 69.9 136.2 2.5
      vertex 90.4251 142.375 2.5
    endloop
  endfacet
  facet normal 0 0 1
    outer loop
      vertex 91.15 142.931 2.5
      vertex 69.9 136.2 2.5
      vertex 90.7693 142.677 2.5
    endloop
  endfacet
  facet normal 0 0 1
    outer loop
      vertex 66.5 136.2 2.5
      vertex 91.15 142.931 2.5
      vertex 91.5606 143.134 2.5
    endloop
  endfacet
  facet normal 0 0 1
    outer loop
      vertex 50.9 136.2 2.5
      vertex 91.5606 143.134 2.5
      vertex 91.9941 143.281 2.5
    endloop
  endfacet
  facet normal -0 0 1
    outer loop
      vertex 66.5 136.2 2.5
      vertex 69.9 120.6 2.5
      vertex 69.9 136.2 2.5
    endloop
  endfacet
  facet normal 0 0 1
    outer loop
      vertex 66.5 120.6 2.5
      vertex 69.9 120.6 2.5
      vertex 66.5 136.2 2.5
    endloop
  endfacet
  facet normal 0 0 1
    outer loop
      vertex 69.9 120.6 2.5
      vertex 66.5 120.6 2.5
      vertex 69.9 117.2 2.5
    endloop
  endfacet
  facet normal 0 0 1
    outer loop
      vertex 91.15 142.931 2.5
      vertex 66.5 136.2 2.5
      vertex 69.9 136.2 2.5
    endloop
  endfacet
  facet normal 0 0 1
    outer loop
      vertex 91.5606 143.134 2.5
      vertex 50.9 136.2 2.5
      vertex 66.5 136.2 2.5
    endloop
  endfacet
  facet normal 0 0 1
    outer loop
      vertex 6.40587 143.281 2.5
      vertex 91.9941 143.281 2.5
      vertex 92.4432 143.37 2.5
    endloop
  endfacet
  facet normal -0 0 1
    outer loop
      vertex 47.5 136.2 2.5
      vertex 50.9 120.6 2.5
      vertex 50.9 136.2 2.5
    endloop
  endfacet
  facet normal 0 0 1
    outer loop
      vertex 47.5 120.6 2.5
      vertex 50.9 120.6 2.5
      vertex 47.5 136.2 2.5
    endloop
  endfacet
  facet normal 0 0 1
    outer loop
      vertex 50.9 120.6 2.5
      vertex 47.5 120.6 2.5
      vertex 50.9 117.2 2.5
    endloop
  endfacet
  facet normal 0 0 1
    outer loop
      vertex 91.9941 143.281 2.5
      vertex 47.5 136.2 2.5
      vertex 50.9 136.2 2.5
    endloop
  endfacet
  facet normal 0 0 1
    outer loop
      vertex 91.9941 143.281 2.5
      vertex 6.83939 143.134 2.5
      vertex 47.5 136.2 2.5
    endloop
  endfacet
  facet normal -0 0 1
    outer loop
      vertex 28.5 136.2 2.5
      vertex 31.9 120.6 2.5
      vertex 31.9 136.2 2.5
    endloop
  endfacet
  facet normal 0 0 1
    outer loop
      vertex 28.5 120.6 2.5
      vertex 31.9 120.6 2.5
      vertex 28.5 136.2 2.5
    endloop
  endfacet
  facet normal 0 0 1
    outer loop
      vertex 31.9 120.6 2.5
      vertex 28.5 120.6 2.5
      vertex 31.9 117.2 2.5
    endloop
  endfacet
  facet normal 0 0 1
    outer loop
      vertex 28.5 117.2 2.5
      vertex 31.9 117.2 2.5
      vertex 28.5 120.6 2.5
    endloop
  endfacet
  facet normal 0 0 1
    outer loop
      vertex 31.9 117.2 2.5
      vertex 28.5 117.2 2.5
      vertex 31.9 101.6 2.5
    endloop
  endfacet
  facet normal 0 0 1
    outer loop
      vertex 47.5 136.2 2.5
      vertex 6.83939 143.134 2.5
      vertex 31.9 136.2 2.5
    endloop
  endfacet
  facet normal -0 -0 1
    outer loop
      vertex 7.25 142.931 2.5
      vertex 31.9 136.2 2.5
      vertex 6.83939 143.134 2.5
    endloop
  endfacet
  facet normal -0 0 1
    outer loop
      vertex 8.97006 139.443 2.5
      vertex 12.9 136.2 2.5
      vertex 9 139.9 2.5
    endloop
  endfacet
  facet normal -0 0 1
    outer loop
      vertex 8.88074 138.994 2.5
      vertex 12.9 136.2 2.5
      vertex 8.97006 139.443 2.5
    endloop
  endfacet
  facet normal -0 0 1
    outer loop
      vertex 8.73358 138.561 2.5
      vertex 12.9 136.2 2.5
      vertex 8.88074 138.994 2.5
    endloop
  endfacet
  facet normal -0 0 1
    outer loop
      vertex 8.53109 138.15 2.5
      vertex 12.9 136.2 2.5
      vertex 8.73358 138.561 2.5
    endloop
  endfacet
  facet normal -0 0 1
    outer loop
      vertex 8.27674 137.769 2.5
      vertex 12.9 136.2 2.5
      vertex 8.53109 138.15 2.5
    endloop
  endfacet
  facet normal 0 0 1
    outer loop
      vertex 12.9 82.6 2.5
      vertex 12.5251 78.3749 2.5
      vertex 12.8693 78.6767 2.5
    endloop
  endfacet
  facet normal 0 0 1
    outer loop
      vertex 12.9 98.2 2.5
      vertex 11.6193 76.8059 2.5
      vertex 12.9 82.6 2.5
    endloop
  endfacet
  facet normal 0 0 1
    outer loop
      vertex 12.9 82.6 2.5
      vertex 12.2233 78.0307 2.5
      vertex 12.5251 78.3749 2.5
    endloop
  endfacet
  facet normal 0 0 1
    outer loop
      vertex 12.9 82.6 2.5
      vertex 11.9689 77.65 2.5
      vertex 12.2233 78.0307 2.5
    endloop
  endfacet
  facet normal 0 0 1
    outer loop
      vertex 12.9 82.6 2.5
      vertex 11.7664 77.2394 2.5
      vertex 11.9689 77.65 2.5
    endloop
  endfacet
  facet normal 0 0 1
    outer loop
      vertex 12.9 82.6 2.5
      vertex 11.6193 76.8059 2.5
      vertex 11.7664 77.2394 2.5
    endloop
  endfacet
  facet normal 0 0 1
    outer loop
      vertex 12.9 98.2 2.5
      vertex 11.5299 76.3568 2.5
      vertex 11.6193 76.8059 2.5
    endloop
  endfacet
  facet normal -0 0 1
    outer loop
      vertex 7.97487 137.425 2.5
      vertex 12.9 136.2 2.5
      vertex 8.27674 137.769 2.5
    endloop
  endfacet
  facet normal -0 -0 1
    outer loop
      vertex 8.53109 141.65 2.5
      vertex 28.5 136.2 2.5
      vertex 8.27674 142.031 2.5
    endloop
  endfacet
  facet normal 0 0 1
    outer loop
      vertex 5.95684 143.37 2.5
      vertex 92.4432 143.37 2.5
      vertex 92.9 143.4 2.5
    endloop
  endfacet
  facet normal 0 0 1
    outer loop
      vertex 12.9 136.2 2.5
      vertex 8.97006 140.357 2.5
      vertex 9 139.9 2.5
    endloop
  endfacet
  facet normal 0 0 1
    outer loop
      vertex 12.9 136.2 2.5
      vertex 8.88074 140.806 2.5
      vertex 8.97006 140.357 2.5
    endloop
  endfacet
  facet normal 0 0 1
    outer loop
      vertex 12.9 136.2 2.5
      vertex 8.73358 141.239 2.5
      vertex 8.88074 140.806 2.5
    endloop
  endfacet
  facet normal 0 0 1
    outer loop
      vertex 28.5 136.2 2.5
      vertex 8.73358 141.239 2.5
      vertex 12.9 136.2 2.5
    endloop
  endfacet
  facet normal -0 -0 1
    outer loop
      vertex 8.73358 141.239 2.5
      vertex 28.5 136.2 2.5
      vertex 8.53109 141.65 2.5
    endloop
  endfacet
  facet normal 0 0 1
    outer loop
      vertex 28.5 136.2 2.5
      vertex 7.97487 142.375 2.5
      vertex 8.27674 142.031 2.5
    endloop
  endfacet
  facet normal 0 0 1
    outer loop
      vertex 28.5 136.2 2.5
      vertex 7.63066 142.677 2.5
      vertex 7.97487 142.375 2.5
    endloop
  endfacet
  facet normal 0 0 1
    outer loop
      vertex 28.5 136.2 2.5
      vertex 7.25 142.931 2.5
      vertex 7.63066 142.677 2.5
    endloop
  endfacet
  facet normal 0 0 1
    outer loop
      vertex 31.9 136.2 2.5
      vertex 7.25 142.931 2.5
      vertex 28.5 136.2 2.5
    endloop
  endfacet
  facet normal 0 0 1
    outer loop
      vertex 91.9941 143.281 2.5
      vertex 6.40587 143.281 2.5
      vertex 6.83939 143.134 2.5
    endloop
  endfacet
  facet normal 0 0 1
    outer loop
      vertex 92.4432 143.37 2.5
      vertex 5.95684 143.37 2.5
      vertex 6.40587 143.281 2.5
    endloop
  endfacet
  facet normal 0 -0 1
    outer loop
      vertex 5.95684 143.37 2.5
      vertex 92.9 143.4 2.5
      vertex 5.5 143.4 2.5
    endloop
  endfacet
  facet normal 0 0 1
    outer loop
      vertex 89.4299 5.95684 2.5
      vertex 86.8701 6.04316 2.5
      vertex 89.4 5.5 2.5
    endloop
  endfacet
  facet normal -0 0 1
    outer loop
      vertex 86.7807 5.59413 2.5
      vertex 89.4 5.5 2.5
      vertex 86.8701 6.04316 2.5
    endloop
  endfacet
  facet normal 0 0 1
    outer loop
      vertex 89.4 5.5 2.5
      vertex 86.7807 5.59413 2.5
      vertex 89.4299 5.04316 2.5
    endloop
  endfacet
  facet normal -0 0 1
    outer loop
      vertex 86.6336 5.16061 2.5
      vertex 89.4299 5.04316 2.5
      vertex 86.7807 5.59413 2.5
    endloop
  endfacet
  facet normal 0 0 1
    outer loop
      vertex 89.4299 5.04316 2.5
      vertex 86.6336 5.16061 2.5
      vertex 89.5193 4.59413 2.5
    endloop
  endfacet
  facet normal -0 0 1
    outer loop
      vertex 86.4311 4.75 2.5
      vertex 89.5193 4.59413 2.5
      vertex 86.6336 5.16061 2.5
    endloop
  endfacet
  facet normal 0 0 1
    outer loop
      vertex 89.5193 4.59413 2.5
      vertex 86.4311 4.75 2.5
      vertex 89.6664 4.16061 2.5
    endloop
  endfacet
  facet normal -0 0 1
    outer loop
      vertex 86.1767 4.36934 2.5
      vertex 89.6664 4.16061 2.5
      vertex 86.4311 4.75 2.5
    endloop
  endfacet
  facet normal 0 0 1
    outer loop
      vertex 89.6664 4.16061 2.5
      vertex 86.1767 4.36934 2.5
      vertex 89.8689 3.75 2.5
    endloop
  endfacet
  facet normal -0 0 1
    outer loop
      vertex 85.8749 4.02513 2.5
      vertex 89.8689 3.75 2.5
      vertex 86.1767 4.36934 2.5
    endloop
  endfacet
  facet normal 0 0 1
    outer loop
      vertex 89.8689 3.75 2.5
      vertex 85.8749 4.02513 2.5
      vertex 90.1233 3.36934 2.5
    endloop
  endfacet
  facet normal -0 0 1
    outer loop
      vertex 85.5307 3.72326 2.5
      vertex 90.1233 3.36934 2.5
      vertex 85.8749 4.02513 2.5
    endloop
  endfacet
  facet normal 0 0 1
    outer loop
      vertex 90.1233 3.36934 2.5
      vertex 85.5307 3.72326 2.5
      vertex 90.4251 3.02513 2.5
    endloop
  endfacet
  facet normal -0 0 1
    outer loop
      vertex 85.15 3.46891 2.5
      vertex 90.4251 3.02513 2.5
      vertex 85.5307 3.72326 2.5
    endloop
  endfacet
  facet normal 0 0 1
    outer loop
      vertex 90.4251 3.02513 2.5
      vertex 85.15 3.46891 2.5
      vertex 90.7693 2.72326 2.5
    endloop
  endfacet
  facet normal -0 0 1
    outer loop
      vertex 84.7394 3.26642 2.5
      vertex 90.7693 2.72326 2.5
      vertex 85.15 3.46891 2.5
    endloop
  endfacet
  facet normal 0 0 1
    outer loop
      vertex 90.7693 2.72326 2.5
      vertex 84.7394 3.26642 2.5
      vertex 91.15 2.46891 2.5
    endloop
  endfacet
  facet normal -0 0 1
    outer loop
      vertex 84.3059 3.11926 2.5
      vertex 91.15 2.46891 2.5
      vertex 84.7394 3.26642 2.5
    endloop
  endfacet
  facet normal 0 0 1
    outer loop
      vertex 91.15 2.46891 2.5
      vertex 84.3059 3.11926 2.5
      vertex 91.5606 2.26642 2.5
    endloop
  endfacet
  facet normal -0 0 1
    outer loop
      vertex 83.8568 3.02994 2.5
      vertex 91.5606 2.26642 2.5
      vertex 84.3059 3.11926 2.5
    endloop
  endfacet
  facet normal 0 0 1
    outer loop
      vertex 91.5606 2.26642 2.5
      vertex 83.8568 3.02994 2.5
      vertex 91.9941 2.11926 2.5
    endloop
  endfacet
  facet normal -0 0 1
    outer loop
      vertex 83.4 3 2.5
      vertex 91.9941 2.11926 2.5
      vertex 83.8568 3.02994 2.5
    endloop
  endfacet
  facet normal 0 0 1
    outer loop
      vertex 91.9941 2.11926 2.5
      vertex 83.4 3 2.5
      vertex 92.4432 2.02994 2.5
    endloop
  endfacet
  facet normal 0 0 1
    outer loop
      vertex 82.9432 3.02994 2.5
      vertex 92.4432 2.02994 2.5
      vertex 83.4 3 2.5
    endloop
  endfacet
  facet normal -0 0 1
    outer loop
      vertex 18.5 6.5 2.5
      vertex 79.9299 6.04316 2.5
      vertex 79.9 6.5 2.5
    endloop
  endfacet
  facet normal 0 0 1
    outer loop
      vertex 18.4701 6.04316 2.5
      vertex 79.9299 6.04316 2.5
      vertex 18.5 6.5 2.5
    endloop
  endfacet
  facet normal 0 0 1
    outer loop
      vertex 79.9299 6.04316 2.5
      vertex 18.4701 6.04316 2.5
      vertex 80.0193 5.59413 2.5
    endloop
  endfacet
  facet normal 0 0 1
    outer loop
      vertex 18.3807 5.59413 2.5
      vertex 80.0193 5.59413 2.5
      vertex 18.4701 6.04316 2.5
    endloop
  endfacet
  facet normal 0 0 1
    outer loop
      vertex 80.0193 5.59413 2.5
      vertex 18.3807 5.59413 2.5
      vertex 80.1664 5.16061 2.5
    endloop
  endfacet
  facet normal 0 0 1
    outer loop
      vertex 18.2336 5.16061 2.5
      vertex 80.1664 5.16061 2.5
      vertex 18.3807 5.59413 2.5
    endloop
  endfacet
  facet normal 0 0 1
    outer loop
      vertex 80.1664 5.16061 2.5
      vertex 18.2336 5.16061 2.5
      vertex 80.3689 4.75 2.5
    endloop
  endfacet
  facet normal 0 0 1
    outer loop
      vertex 18.0311 4.75 2.5
      vertex 80.3689 4.75 2.5
      vertex 18.2336 5.16061 2.5
    endloop
  endfacet
  facet normal 0 0 1
    outer loop
      vertex 80.3689 4.75 2.5
      vertex 18.0311 4.75 2.5
      vertex 80.6233 4.36934 2.5
    endloop
  endfacet
  facet normal 0 0 1
    outer loop
      vertex 17.7767 4.36934 2.5
      vertex 80.6233 4.36934 2.5
      vertex 18.0311 4.75 2.5
    endloop
  endfacet
  facet normal 0 0 1
    outer loop
      vertex 80.6233 4.36934 2.5
      vertex 17.7767 4.36934 2.5
      vertex 80.9251 4.02513 2.5
    endloop
  endfacet
  facet normal 0 0 1
    outer loop
      vertex 17.4749 4.02513 2.5
      vertex 80.9251 4.02513 2.5
      vertex 17.7767 4.36934 2.5
    endloop
  endfacet
  facet normal 0 0 1
    outer loop
      vertex 80.9251 4.02513 2.5
      vertex 17.4749 4.02513 2.5
      vertex 81.2693 3.72326 2.5
    endloop
  endfacet
  facet normal 0 0 1
    outer loop
      vertex 17.1307 3.72326 2.5
      vertex 81.2693 3.72326 2.5
      vertex 17.4749 4.02513 2.5
    endloop
  endfacet
  facet normal 0 0 1
    outer loop
      vertex 81.2693 3.72326 2.5
      vertex 17.1307 3.72326 2.5
      vertex 81.65 3.46891 2.5
    endloop
  endfacet
  facet normal 0 0 1
    outer loop
      vertex 16.75 3.46891 2.5
      vertex 81.65 3.46891 2.5
      vertex 17.1307 3.72326 2.5
    endloop
  endfacet
  facet normal 0 0 1
    outer loop
      vertex 81.65 3.46891 2.5
      vertex 16.75 3.46891 2.5
      vertex 82.0606 3.26642 2.5
    endloop
  endfacet
  facet normal 0 0 1
    outer loop
      vertex 16.3394 3.26642 2.5
      vertex 82.0606 3.26642 2.5
      vertex 16.75 3.46891 2.5
    endloop
  endfacet
  facet normal 0 0 1
    outer loop
      vertex 82.0606 3.26642 2.5
      vertex 16.3394 3.26642 2.5
      vertex 82.4941 3.11926 2.5
    endloop
  endfacet
  facet normal 0 0 1
    outer loop
      vertex 15.9059 3.11926 2.5
      vertex 82.4941 3.11926 2.5
      vertex 16.3394 3.26642 2.5
    endloop
  endfacet
  facet normal 0 0 1
    outer loop
      vertex 82.4941 3.11926 2.5
      vertex 15.9059 3.11926 2.5
      vertex 82.9432 3.02994 2.5
    endloop
  endfacet
  facet normal 0 0 1
    outer loop
      vertex 15.4568 3.02994 2.5
      vertex 82.9432 3.02994 2.5
      vertex 15.9059 3.11926 2.5
    endloop
  endfacet
  facet normal 0 0 1
    outer loop
      vertex 82.9432 3.02994 2.5
      vertex 15.4568 3.02994 2.5
      vertex 92.4432 2.02994 2.5
    endloop
  endfacet
  facet normal 0 0 1
    outer loop
      vertex 5.95684 2.02994 2.5
      vertex 92.4432 2.02994 2.5
      vertex 15.4568 3.02994 2.5
    endloop
  endfacet
  facet normal 0 0 1
    outer loop
      vertex 5.95684 2.02994 2.5
      vertex 15.4568 3.02994 2.5
      vertex 15 3 2.5
    endloop
  endfacet
  facet normal 0 0 1
    outer loop
      vertex 9 5.5 2.5
      vertex 11.5299 6.04316 2.5
      vertex 11.5 6.5 2.5
    endloop
  endfacet
  facet normal 0 0 1
    outer loop
      vertex 9 5.5 2.5
      vertex 11.6193 5.59413 2.5
      vertex 11.5299 6.04316 2.5
    endloop
  endfacet
  facet normal 0 0 1
    outer loop
      vertex 8.97006 5.04316 2.5
      vertex 11.6193 5.59413 2.5
      vertex 9 5.5 2.5
    endloop
  endfacet
  facet normal 0 0 1
    outer loop
      vertex 11.6193 5.59413 2.5
      vertex 8.97006 5.04316 2.5
      vertex 11.7664 5.16061 2.5
    endloop
  endfacet
  facet normal 0 0 1
    outer loop
      vertex 8.88074 4.59413 2.5
      vertex 11.7664 5.16061 2.5
      vertex 8.97006 5.04316 2.5
    endloop
  endfacet
  facet normal 0 0 1
    outer loop
      vertex 11.7664 5.16061 2.5
      vertex 8.88074 4.59413 2.5
      vertex 11.9689 4.75 2.5
    endloop
  endfacet
  facet normal 0 0 1
    outer loop
      vertex 8.73358 4.16061 2.5
      vertex 11.9689 4.75 2.5
      vertex 8.88074 4.59413 2.5
    endloop
  endfacet
  facet normal 0 0 1
    outer loop
      vertex 11.9689 4.75 2.5
      vertex 8.73358 4.16061 2.5
      vertex 12.2233 4.36934 2.5
    endloop
  endfacet
  facet normal 0 0 1
    outer loop
      vertex 8.53109 3.75 2.5
      vertex 12.2233 4.36934 2.5
      vertex 8.73358 4.16061 2.5
    endloop
  endfacet
  facet normal 0 0 1
    outer loop
      vertex 12.2233 4.36934 2.5
      vertex 8.53109 3.75 2.5
      vertex 12.5251 4.02513 2.5
    endloop
  endfacet
  facet normal 0 0 1
    outer loop
      vertex 8.27674 3.36934 2.5
      vertex 12.5251 4.02513 2.5
      vertex 8.53109 3.75 2.5
    endloop
  endfacet
  facet normal 0 0 1
    outer loop
      vertex 12.5251 4.02513 2.5
      vertex 8.27674 3.36934 2.5
      vertex 12.8693 3.72326 2.5
    endloop
  endfacet
  facet normal 0 0 1
    outer loop
      vertex 7.97487 3.02513 2.5
      vertex 12.8693 3.72326 2.5
      vertex 8.27674 3.36934 2.5
    endloop
  endfacet
  facet normal 0 0 1
    outer loop
      vertex 12.8693 3.72326 2.5
      vertex 7.97487 3.02513 2.5
      vertex 13.25 3.46891 2.5
    endloop
  endfacet
  facet normal 0 0 1
    outer loop
      vertex 7.63066 2.72326 2.5
      vertex 13.25 3.46891 2.5
      vertex 7.97487 3.02513 2.5
    endloop
  endfacet
  facet normal 0 0 1
    outer loop
      vertex 13.25 3.46891 2.5
      vertex 7.63066 2.72326 2.5
      vertex 13.6606 3.26642 2.5
    endloop
  endfacet
  facet normal 0 0 1
    outer loop
      vertex 7.25 2.46891 2.5
      vertex 13.6606 3.26642 2.5
      vertex 7.63066 2.72326 2.5
    endloop
  endfacet
  facet normal 0 0 1
    outer loop
      vertex 13.6606 3.26642 2.5
      vertex 7.25 2.46891 2.5
      vertex 14.0941 3.11926 2.5
    endloop
  endfacet
  facet normal 0 0 1
    outer loop
      vertex 6.83939 2.26642 2.5
      vertex 14.0941 3.11926 2.5
      vertex 7.25 2.46891 2.5
    endloop
  endfacet
  facet normal 0 0 1
    outer loop
      vertex 14.0941 3.11926 2.5
      vertex 6.83939 2.26642 2.5
      vertex 14.5432 3.02994 2.5
    endloop
  endfacet
  facet normal 0 0 1
    outer loop
      vertex 6.40587 2.11926 2.5
      vertex 14.5432 3.02994 2.5
      vertex 6.83939 2.26642 2.5
    endloop
  endfacet
  facet normal 0 0 1
    outer loop
      vertex 14.5432 3.02994 2.5
      vertex 6.40587 2.11926 2.5
      vertex 15 3 2.5
    endloop
  endfacet
  facet normal 0 0 1
    outer loop
      vertex 5.95684 2.02994 2.5
      vertex 15 3 2.5
      vertex 6.40587 2.11926 2.5
    endloop
  endfacet
  facet normal 0 0 1
    outer loop
      vertex 92.4432 2.02994 2.5
      vertex 5.95684 2.02994 2.5
      vertex 92.8999 2.00001 2.5
    endloop
  endfacet
  facet normal 0 0 1
    outer loop
      vertex 92.8999 2.00001 2.5
      vertex 5.95684 2.02994 2.5
      vertex 5.50009 2.00001 2.5
    endloop
  endfacet
  facet normal 0 0 1
    outer loop
      vertex 94.2394 136.666 2.5
      vertex 85.5 120.6 2.5
      vertex 85.5 117.2 2.5
    endloop
  endfacet
  facet normal 0 0 1
    outer loop
      vertex 94.2394 136.666 2.5
      vertex 85.5 117.2 2.5
      vertex 85.5 101.6 2.5
    endloop
  endfacet
  facet normal -0 0 1
    outer loop
      vertex 81.3 90.4 2.5
      vertex 85.8749 78.3749 2.5
      vertex 85.5 101.6 2.5
    endloop
  endfacet
  facet normal -0 0 1
    outer loop
      vertex 81.2692 89.9301 2.5
      vertex 85.8749 78.3749 2.5
      vertex 81.3 90.4 2.5
    endloop
  endfacet
  facet normal 0 0 1
    outer loop
      vertex 85.8749 78.3749 2.5
      vertex 81.2692 89.9301 2.5
      vertex 85.5307 78.6767 2.5
    endloop
  endfacet
  facet normal -0 0 1
    outer loop
      vertex 81.1773 89.4683 2.5
      vertex 85.5307 78.6767 2.5
      vertex 81.2692 89.9301 2.5
    endloop
  endfacet
  facet normal 0 0 1
    outer loop
      vertex 85.5307 78.6767 2.5
      vertex 81.1773 89.4683 2.5
      vertex 85.15 78.9311 2.5
    endloop
  endfacet
  facet normal -0 0 1
    outer loop
      vertex 81.026 89.0223 2.5
      vertex 85.15 78.9311 2.5
      vertex 81.1773 89.4683 2.5
    endloop
  endfacet
  facet normal -0 0 1
    outer loop
      vertex 80.8177 88.6 2.5
      vertex 84.7394 79.1336 2.5
      vertex 81.026 89.0223 2.5
    endloop
  endfacet
  facet normal 0 0 1
    outer loop
      vertex 84.7394 79.1336 2.5
      vertex 80.8177 88.6 2.5
      vertex 84.3059 79.2807 2.5
    endloop
  endfacet
  facet normal -0 0 1
    outer loop
      vertex 80.5561 88.2085 2.5
      vertex 84.3059 79.2807 2.5
      vertex 80.8177 88.6 2.5
    endloop
  endfacet
  facet normal 0 0 1
    outer loop
      vertex 84.3059 79.2807 2.5
      vertex 80.5561 88.2085 2.5
      vertex 83.8568 79.3701 2.5
    endloop
  endfacet
  facet normal 0 0 1
    outer loop
      vertex 85.15 78.9311 2.5
      vertex 81.026 89.0223 2.5
      vertex 84.7394 79.1336 2.5
    endloop
  endfacet
  facet normal 0 0 1
    outer loop
      vertex 85.5 101.6 2.5
      vertex 81.2692 90.8699 2.5
      vertex 81.3 90.4 2.5
    endloop
  endfacet
  facet normal 0 0 1
    outer loop
      vertex 85.5 101.6 2.5
      vertex 81.1773 91.3317 2.5
      vertex 81.2692 90.8699 2.5
    endloop
  endfacet
  facet normal 0 0 1
    outer loop
      vertex 85.5 101.6 2.5
      vertex 81.026 91.7777 2.5
      vertex 81.1773 91.3317 2.5
    endloop
  endfacet
  facet normal 0 0 1
    outer loop
      vertex 85.5 101.6 2.5
      vertex 80.8177 92.2 2.5
      vertex 81.026 91.7777 2.5
    endloop
  endfacet
  facet normal 0 0 1
    outer loop
      vertex 85.5 101.6 2.5
      vertex 80.5561 92.5915 2.5
      vertex 80.8177 92.2 2.5
    endloop
  endfacet
  facet normal 0 0 1
    outer loop
      vertex 85.5 101.6 2.5
      vertex 80.2456 92.9456 2.5
      vertex 80.5561 92.5915 2.5
    endloop
  endfacet
  facet normal 0 0 1
    outer loop
      vertex 85.5 101.6 2.5
      vertex 79.8915 93.2561 2.5
      vertex 80.2456 92.9456 2.5
    endloop
  endfacet
  facet normal 0 0 1
    outer loop
      vertex 85.5 101.6 2.5
      vertex 79.5 93.5177 2.5
      vertex 79.8915 93.2561 2.5
    endloop
  endfacet
  facet normal 0 0 1
    outer loop
      vertex 85.5 101.6 2.5
      vertex 79.0777 93.726 2.5
      vertex 79.5 93.5177 2.5
    endloop
  endfacet
  facet normal 0 0 1
    outer loop
      vertex 85.5 101.6 2.5
      vertex 78.6317 93.8773 2.5
      vertex 79.0777 93.726 2.5
    endloop
  endfacet
  facet normal 0 0 1
    outer loop
      vertex 85.5 101.6 2.5
      vertex 78.1699 93.9692 2.5
      vertex 78.6317 93.8773 2.5
    endloop
  endfacet
  facet normal 0 0 1
    outer loop
      vertex 85.5 101.6 2.5
      vertex 77.7 94 2.5
      vertex 78.1699 93.9692 2.5
    endloop
  endfacet
  facet normal -0 0 1
    outer loop
      vertex 69.9 101.6 2.5
      vertex 77.7 94 2.5
      vertex 85.5 101.6 2.5
    endloop
  endfacet
  facet normal 0 0 1
    outer loop
      vertex 77.7 94 2.5
      vertex 69.9 101.6 2.5
      vertex 77.2301 93.9692 2.5
    endloop
  endfacet
  facet normal 0 0 1
    outer loop
      vertex 77.2301 93.9692 2.5
      vertex 69.9 101.6 2.5
      vertex 76.7682 93.8773 2.5
    endloop
  endfacet
  facet normal 0 0 1
    outer loop
      vertex 76.7682 93.8773 2.5
      vertex 69.9 101.6 2.5
      vertex 76.3223 93.726 2.5
    endloop
  endfacet
  facet normal 0 0 1
    outer loop
      vertex 76.3223 93.726 2.5
      vertex 69.9 101.6 2.5
      vertex 75.9 93.5177 2.5
    endloop
  endfacet
  facet normal 0 0 1
    outer loop
      vertex 74.2227 91.3317 2.5
      vertex 66.5 101.6 2.5
      vertex 74.1308 90.8699 2.5
    endloop
  endfacet
  facet normal 0 0 1
    outer loop
      vertex 74.374 91.7777 2.5
      vertex 66.5 101.6 2.5
      vertex 74.2227 91.3317 2.5
    endloop
  endfacet
  facet normal -0 0 1
    outer loop
      vertex 66.5 101.6 2.5
      vertex 74.374 91.7777 2.5
      vertex 69.9 101.6 2.5
    endloop
  endfacet
  facet normal 0 0 1
    outer loop
      vertex 74.5823 92.2 2.5
      vertex 69.9 101.6 2.5
      vertex 74.374 91.7777 2.5
    endloop
  endfacet
  facet normal 0 0 1
    outer loop
      vertex 74.8439 92.5915 2.5
      vertex 69.9 101.6 2.5
      vertex 74.5823 92.2 2.5
    endloop
  endfacet
  facet normal 0 0 1
    outer loop
      vertex 75.1544 92.9456 2.5
      vertex 69.9 101.6 2.5
      vertex 74.8439 92.5915 2.5
    endloop
  endfacet
  facet normal 0 0 1
    outer loop
      vertex 75.5085 93.2561 2.5
      vertex 69.9 101.6 2.5
      vertex 75.1544 92.9456 2.5
    endloop
  endfacet
  facet normal 0 0 1
    outer loop
      vertex 75.9 93.5177 2.5
      vertex 69.9 101.6 2.5
      vertex 75.5085 93.2561 2.5
    endloop
  endfacet
  facet normal -0 0 1
    outer loop
      vertex 80.2456 87.8544 2.5
      vertex 83.8568 79.3701 2.5
      vertex 80.5561 88.2085 2.5
    endloop
  endfacet
  facet normal 0 0 1
    outer loop
      vertex 83.8568 79.3701 2.5
      vertex 80.2456 87.8544 2.5
      vertex 83.4 79.4 2.5
    endloop
  endfacet
  facet normal -0 0 1
    outer loop
      vertex 79.8915 87.5439 2.5
      vertex 83.4 79.4 2.5
      vertex 80.2456 87.8544 2.5
    endloop
  endfacet
  facet normal 0 0 1
    outer loop
      vertex 83.4 79.4 2.5
      vertex 79.8915 87.5439 2.5
      vertex 82.9432 79.3701 2.5
    endloop
  endfacet
  facet normal -0 0 1
    outer loop
      vertex 79.5 87.2823 2.5
      vertex 82.9432 79.3701 2.5
      vertex 79.8915 87.5439 2.5
    endloop
  endfacet
  facet normal 0 0 1
    outer loop
      vertex 82.9432 79.3701 2.5
      vertex 79.5 87.2823 2.5
      vertex 82.4941 79.2807 2.5
    endloop
  endfacet
  facet normal -0 0 1
    outer loop
      vertex 79.0777 87.074 2.5
      vertex 82.4941 79.2807 2.5
      vertex 79.5 87.2823 2.5
    endloop
  endfacet
  facet normal 0 0 1
    outer loop
      vertex 82.4941 79.2807 2.5
      vertex 79.0777 87.074 2.5
      vertex 82.0606 79.1336 2.5
    endloop
  endfacet
  facet normal -0 0 1
    outer loop
      vertex 78.6317 86.9227 2.5
      vertex 82.0606 79.1336 2.5
      vertex 79.0777 87.074 2.5
    endloop
  endfacet
  facet normal 0 0 1
    outer loop
      vertex 82.0606 79.1336 2.5
      vertex 78.6317 86.9227 2.5
      vertex 81.65 78.9311 2.5
    endloop
  endfacet
  facet normal -0 0 1
    outer loop
      vertex 78.1699 86.8308 2.5
      vertex 81.65 78.9311 2.5
      vertex 78.6317 86.9227 2.5
    endloop
  endfacet
  facet normal 0 0 1
    outer loop
      vertex 81.65 78.9311 2.5
      vertex 78.1699 86.8308 2.5
      vertex 81.2693 78.6767 2.5
    endloop
  endfacet
  facet normal -0 0 1
    outer loop
      vertex 77.7 86.8 2.5
      vertex 81.2693 78.6767 2.5
      vertex 78.1699 86.8308 2.5
    endloop
  endfacet
  facet normal 0 0 1
    outer loop
      vertex 81.2693 78.6767 2.5
      vertex 77.7 86.8 2.5
      vertex 80.9251 78.3749 2.5
    endloop
  endfacet
  facet normal 0 0 1
    outer loop
      vertex 77.2301 86.8308 2.5
      vertex 80.9251 78.3749 2.5
      vertex 77.7 86.8 2.5
    endloop
  endfacet
  facet normal 0.980782 -0.195108 0
    outer loop
      vertex 8.88074 138.994 23.5
      vertex 8.97006 139.443 2.5
      vertex 8.97006 139.443 23.5
    endloop
  endfacet
  facet normal 0.980782 -0.195108 0
    outer loop
      vertex 8.97006 139.443 2.5
      vertex 8.88074 138.994 23.5
      vertex 8.88074 138.994 2.5
    endloop
  endfacet
  facet normal 0.997861 -0.0653741 0
    outer loop
      vertex 8.97006 139.443 23.5
      vertex 9 139.9 2.5
      vertex 9 139.9 23.5
    endloop
  endfacet
  facet normal 0.997861 -0.0653741 0
    outer loop
      vertex 9 139.9 2.5
      vertex 8.97006 139.443 23.5
      vertex 8.97006 139.443 2.5
    endloop
  endfacet
  facet normal 0.321126 0.947037 -0
    outer loop
      vertex 6.83939 143.134 2.5
      vertex 6.40587 143.281 23.5
      vertex 6.83939 143.134 23.5
    endloop
  endfacet
  facet normal 0.321126 0.947037 0
    outer loop
      vertex 6.40587 143.281 23.5
      vertex 6.83939 143.134 2.5
      vertex 6.40587 143.281 2.5
    endloop
  endfacet
  facet normal 0.831697 -0.555229 0
    outer loop
      vertex 8.27674 137.769 23.5
      vertex 8.53109 138.15 2.5
      vertex 8.53109 138.15 23.5
    endloop
  endfacet
  facet normal 0.831697 -0.555229 0
    outer loop
      vertex 8.53109 138.15 2.5
      vertex 8.27674 137.769 23.5
      vertex 8.27674 137.769 2.5
    endloop
  endfacet
  facet normal -0.89704 -0.44195 0
    outer loop
      vertex 2.46891 138.15 2.5
      vertex 2.26642 138.561 23.5
      vertex 2.26642 138.561 2.5
    endloop
  endfacet
  facet normal -0.89704 -0.44195 0
    outer loop
      vertex 2.26642 138.561 23.5
      vertex 2.46891 138.15 2.5
      vertex 2.46891 138.15 23.5
    endloop
  endfacet
  facet normal -0.555043 -0.831822 0
    outer loop
      vertex 3.36934 137.123 2.5
      vertex 3.75 136.869 23.5
      vertex 3.36934 137.123 23.5
    endloop
  endfacet
  facet normal -0.555043 -0.831822 -0
    outer loop
      vertex 3.75 136.869 23.5
      vertex 3.36934 137.123 2.5
      vertex 3.75 136.869 2.5
    endloop
  endfacet
  facet normal -0.659514 -0.751693 0
    outer loop
      vertex 3.02513 137.425 2.5
      vertex 3.36934 137.123 23.5
      vertex 3.02513 137.425 23.5
    endloop
  endfacet
  facet normal -0.659514 -0.751693 -0
    outer loop
      vertex 3.36934 137.123 23.5
      vertex 3.02513 137.425 2.5
      vertex 3.36934 137.123 2.5
    endloop
  endfacet
  facet normal -0.751634 -0.659581 0
    outer loop
      vertex 3.02513 137.425 2.5
      vertex 2.72326 137.769 23.5
      vertex 2.72326 137.769 2.5
    endloop
  endfacet
  facet normal -0.751634 -0.659581 0
    outer loop
      vertex 2.72326 137.769 23.5
      vertex 3.02513 137.425 2.5
      vertex 3.02513 137.425 23.5
    endloop
  endfacet
  facet normal 0.946813 0.321785 0
    outer loop
      vertex 8.88074 140.806 23.5
      vertex 8.73358 141.239 2.5
      vertex 8.73358 141.239 23.5
    endloop
  endfacet
  facet normal 0.946813 0.321785 0
    outer loop
      vertex 8.73358 141.239 2.5
      vertex 8.88074 140.806 23.5
      vertex 8.88074 140.806 2.5
    endloop
  endfacet
  facet normal -0.997861 -0.0653741 0
    outer loop
      vertex 2.02994 139.443 2.5
      vertex 2 139.9 23.5
      vertex 2 139.9 2.5
    endloop
  endfacet
  facet normal -0.997861 -0.0653741 0
    outer loop
      vertex 2 139.9 23.5
      vertex 2.02994 139.443 2.5
      vertex 2.02994 139.443 23.5
    endloop
  endfacet
  facet normal 0.555043 -0.831822 0
    outer loop
      vertex 7.25 136.869 2.5
      vertex 7.63066 137.123 23.5
      vertex 7.25 136.869 23.5
    endloop
  endfacet
  facet normal 0.555043 -0.831822 0
    outer loop
      vertex 7.63066 137.123 23.5
      vertex 7.25 136.869 2.5
      vertex 7.63066 137.123 2.5
    endloop
  endfacet
  facet normal 0.194423 0.980918 -0
    outer loop
      vertex 6.40587 143.281 2.5
      vertex 5.95684 143.37 23.5
      vertex 6.40587 143.281 23.5
    endloop
  endfacet
  facet normal 0.194423 0.980918 0
    outer loop
      vertex 5.95684 143.37 23.5
      vertex 6.40587 143.281 2.5
      vertex 5.95684 143.37 2.5
    endloop
  endfacet
  facet normal -0.321126 -0.947037 0
    outer loop
      vertex 4.16061 136.666 2.5
      vertex 4.59413 136.519 23.5
      vertex 4.16061 136.666 23.5
    endloop
  endfacet
  facet normal -0.321126 -0.947037 -0
    outer loop
      vertex 4.59413 136.519 23.5
      vertex 4.16061 136.666 2.5
      vertex 4.59413 136.519 2.5
    endloop
  endfacet
  facet normal 0.555043 0.831822 -0
    outer loop
      vertex 7.63066 142.677 2.5
      vertex 7.25 142.931 23.5
      vertex 7.63066 142.677 23.5
    endloop
  endfacet
  facet normal 0.555043 0.831822 0
    outer loop
      vertex 7.25 142.931 23.5
      vertex 7.63066 142.677 2.5
      vertex 7.25 142.931 2.5
    endloop
  endfacet
  facet normal -0.946813 -0.321785 0
    outer loop
      vertex 2.26642 138.561 2.5
      vertex 2.11926 138.994 23.5
      vertex 2.11926 138.994 2.5
    endloop
  endfacet
  facet normal -0.946813 -0.321785 0
    outer loop
      vertex 2.11926 138.994 23.5
      vertex 2.26642 138.561 2.5
      vertex 2.26642 138.561 23.5
    endloop
  endfacet
  facet normal 0.321126 -0.947037 0
    outer loop
      vertex 6.40587 136.519 2.5
      vertex 6.83939 136.666 23.5
      vertex 6.40587 136.519 23.5
    endloop
  endfacet
  facet normal 0.321126 -0.947037 0
    outer loop
      vertex 6.83939 136.666 23.5
      vertex 6.40587 136.519 2.5
      vertex 6.83939 136.666 2.5
    endloop
  endfacet
  facet normal 0.0655274 -0.997851 0
    outer loop
      vertex 5.5 136.4 2.5
      vertex 5.95684 136.43 23.5
      vertex 5.5 136.4 23.5
    endloop
  endfacet
  facet normal 0.0655274 -0.997851 0
    outer loop
      vertex 5.95684 136.43 23.5
      vertex 5.5 136.4 2.5
      vertex 5.95684 136.43 2.5
    endloop
  endfacet
  facet normal -0.443183 -0.896431 0
    outer loop
      vertex 3.75 136.869 2.5
      vertex 4.16061 136.666 23.5
      vertex 3.75 136.869 23.5
    endloop
  endfacet
  facet normal -0.443183 -0.896431 -0
    outer loop
      vertex 4.16061 136.666 23.5
      vertex 3.75 136.869 2.5
      vertex 4.16061 136.666 2.5
    endloop
  endfacet
  facet normal 0.831697 0.555229 0
    outer loop
      vertex 8.53109 141.65 23.5
      vertex 8.27674 142.031 2.5
      vertex 8.27674 142.031 23.5
    endloop
  endfacet
  facet normal 0.831697 0.555229 0
    outer loop
      vertex 8.27674 142.031 2.5
      vertex 8.53109 141.65 23.5
      vertex 8.53109 141.65 2.5
    endloop
  endfacet
  facet normal 0.443183 -0.896431 0
    outer loop
      vertex 6.83939 136.666 2.5
      vertex 7.25 136.869 23.5
      vertex 6.83939 136.666 23.5
    endloop
  endfacet
  facet normal 0.443183 -0.896431 0
    outer loop
      vertex 7.25 136.869 23.5
      vertex 6.83939 136.666 2.5
      vertex 7.25 136.869 2.5
    endloop
  endfacet
  facet normal -0.194423 -0.980918 0
    outer loop
      vertex 4.59413 136.519 2.5
      vertex 5.04316 136.43 23.5
      vertex 4.59413 136.519 23.5
    endloop
  endfacet
  facet normal -0.194423 -0.980918 -0
    outer loop
      vertex 5.04316 136.43 23.5
      vertex 4.59413 136.519 2.5
      vertex 5.04316 136.43 2.5
    endloop
  endfacet
  facet normal 0.751634 -0.659581 0
    outer loop
      vertex 7.97487 137.425 23.5
      vertex 8.27674 137.769 2.5
      vertex 8.27674 137.769 23.5
    endloop
  endfacet
  facet normal 0.751634 -0.659581 0
    outer loop
      vertex 8.27674 137.769 2.5
      vertex 7.97487 137.425 23.5
      vertex 7.97487 137.425 2.5
    endloop
  endfacet
  facet normal 0.194423 -0.980918 0
    outer loop
      vertex 5.95684 136.43 2.5
      vertex 6.40587 136.519 23.5
      vertex 5.95684 136.43 23.5
    endloop
  endfacet
  facet normal 0.194423 -0.980918 0
    outer loop
      vertex 6.40587 136.519 23.5
      vertex 5.95684 136.43 2.5
      vertex 6.40587 136.519 2.5
    endloop
  endfacet
  facet normal 0.751634 0.659581 0
    outer loop
      vertex 8.27674 142.031 23.5
      vertex 7.97487 142.375 2.5
      vertex 7.97487 142.375 23.5
    endloop
  endfacet
  facet normal 0.751634 0.659581 0
    outer loop
      vertex 7.97487 142.375 2.5
      vertex 8.27674 142.031 23.5
      vertex 8.27674 142.031 2.5
    endloop
  endfacet
  facet normal -0.0655274 -0.997851 0
    outer loop
      vertex 5.04316 136.43 2.5
      vertex 5.5 136.4 23.5
      vertex 5.04316 136.43 23.5
    endloop
  endfacet
  facet normal -0.0655274 -0.997851 -0
    outer loop
      vertex 5.5 136.4 23.5
      vertex 5.04316 136.43 2.5
      vertex 5.5 136.4 2.5
    endloop
  endfacet
  facet normal -0.980782 -0.195108 0
    outer loop
      vertex 2.11926 138.994 2.5
      vertex 2.02994 139.443 23.5
      vertex 2.02994 139.443 2.5
    endloop
  endfacet
  facet normal -0.980782 -0.195108 0
    outer loop
      vertex 2.02994 139.443 23.5
      vertex 2.11926 138.994 2.5
      vertex 2.11926 138.994 23.5
    endloop
  endfacet
  facet normal 0.0655274 0.997851 -0
    outer loop
      vertex 5.95684 143.37 2.5
      vertex 5.5 143.4 23.5
      vertex 5.95684 143.37 23.5
    endloop
  endfacet
  facet normal 0.0655274 0.997851 0
    outer loop
      vertex 5.5 143.4 23.5
      vertex 5.95684 143.37 2.5
      vertex 5.5 143.4 2.5
    endloop
  endfacet
  facet normal 0.443183 0.896431 -0
    outer loop
      vertex 7.25 142.931 2.5
      vertex 6.83939 143.134 23.5
      vertex 7.25 142.931 23.5
    endloop
  endfacet
  facet normal 0.443183 0.896431 0
    outer loop
      vertex 6.83939 143.134 23.5
      vertex 7.25 142.931 2.5
      vertex 6.83939 143.134 2.5
    endloop
  endfacet
  facet normal 0.659514 0.751693 -0
    outer loop
      vertex 7.97487 142.375 2.5
      vertex 7.63066 142.677 23.5
      vertex 7.97487 142.375 23.5
    endloop
  endfacet
  facet normal 0.659514 0.751693 0
    outer loop
      vertex 7.63066 142.677 23.5
      vertex 7.97487 142.375 2.5
      vertex 7.63066 142.677 2.5
    endloop
  endfacet
  facet normal 0.89704 0.44195 0
    outer loop
      vertex 8.73358 141.239 23.5
      vertex 8.53109 141.65 2.5
      vertex 8.53109 141.65 23.5
    endloop
  endfacet
  facet normal 0.89704 0.44195 0
    outer loop
      vertex 8.53109 141.65 2.5
      vertex 8.73358 141.239 23.5
      vertex 8.73358 141.239 2.5
    endloop
  endfacet
  facet normal 0.659514 -0.751693 0
    outer loop
      vertex 7.63066 137.123 2.5
      vertex 7.97487 137.425 23.5
      vertex 7.63066 137.123 23.5
    endloop
  endfacet
  facet normal 0.659514 -0.751693 0
    outer loop
      vertex 7.97487 137.425 23.5
      vertex 7.63066 137.123 2.5
      vertex 7.97487 137.425 2.5
    endloop
  endfacet
  facet normal 0.997861 0.0653741 0
    outer loop
      vertex 9 139.9 23.5
      vertex 8.97006 140.357 2.5
      vertex 8.97006 140.357 23.5
    endloop
  endfacet
  facet normal 0.997861 0.0653741 0
    outer loop
      vertex 8.97006 140.357 2.5
      vertex 9 139.9 23.5
      vertex 9 139.9 2.5
    endloop
  endfacet
  facet normal 0.89704 -0.44195 0
    outer loop
      vertex 8.53109 138.15 23.5
      vertex 8.73358 138.561 2.5
      vertex 8.73358 138.561 23.5
    endloop
  endfacet
  facet normal 0.89704 -0.44195 0
    outer loop
      vertex 8.73358 138.561 2.5
      vertex 8.53109 138.15 23.5
      vertex 8.53109 138.15 2.5
    endloop
  endfacet
  facet normal 0.980782 0.195108 0
    outer loop
      vertex 8.97006 140.357 23.5
      vertex 8.88074 140.806 2.5
      vertex 8.88074 140.806 23.5
    endloop
  endfacet
  facet normal 0.980782 0.195108 0
    outer loop
      vertex 8.88074 140.806 2.5
      vertex 8.97006 140.357 23.5
      vertex 8.97006 140.357 2.5
    endloop
  endfacet
  facet normal 0.946813 -0.321785 0
    outer loop
      vertex 8.73358 138.561 23.5
      vertex 8.88074 138.994 2.5
      vertex 8.88074 138.994 23.5
    endloop
  endfacet
  facet normal 0.946813 -0.321785 0
    outer loop
      vertex 8.88074 138.994 2.5
      vertex 8.73358 138.561 23.5
      vertex 8.73358 138.561 2.5
    endloop
  endfacet
  facet normal -0.831697 -0.555229 0
    outer loop
      vertex 2.72326 137.769 2.5
      vertex 2.46891 138.15 23.5
      vertex 2.46891 138.15 2.5
    endloop
  endfacet
  facet normal -0.831697 -0.555229 0
    outer loop
      vertex 2.46891 138.15 23.5
      vertex 2.72326 137.769 2.5
      vertex 2.72326 137.769 23.5
    endloop
  endfacet
  facet normal 0.980748 -0.195276 0
    outer loop
      vertex 96.2807 138.994 23.5
      vertex 96.3701 139.443 2.5
      vertex 96.3701 139.443 23.5
    endloop
  endfacet
  facet normal 0.980748 -0.195276 0
    outer loop
      vertex 96.3701 139.443 2.5
      vertex 96.2807 138.994 23.5
      vertex 96.2807 138.994 2.5
    endloop
  endfacet
  facet normal 0.997867 -0.0652871 0
    outer loop
      vertex 96.3701 139.443 23.5
      vertex 96.4 139.9 2.5
      vertex 96.4 139.9 23.5
    endloop
  endfacet
  facet normal 0.997867 -0.0652871 0
    outer loop
      vertex 96.4 139.9 2.5
      vertex 96.3701 139.443 23.5
      vertex 96.3701 139.443 2.5
    endloop
  endfacet
  facet normal 0.831647 -0.555305 0
    outer loop
      vertex 95.6767 137.769 23.5
      vertex 95.9311 138.15 2.5
      vertex 95.9311 138.15 23.5
    endloop
  endfacet
  facet normal 0.831647 -0.555305 0
    outer loop
      vertex 95.9311 138.15 2.5
      vertex 95.6767 137.769 23.5
      vertex 95.6767 137.769 2.5
    endloop
  endfacet
  facet normal -0.897031 -0.441968 0
    outer loop
      vertex 89.8689 138.15 2.5
      vertex 89.6664 138.561 23.5
      vertex 89.6664 138.561 2.5
    endloop
  endfacet
  facet normal -0.897031 -0.441968 0
    outer loop
      vertex 89.6664 138.561 23.5
      vertex 89.8689 138.15 2.5
      vertex 89.8689 138.15 23.5
    endloop
  endfacet
  facet normal -0.555003 -0.831849 0
    outer loop
      vertex 90.7693 137.123 2.5
      vertex 91.15 136.869 23.5
      vertex 90.7693 137.123 23.5
    endloop
  endfacet
  facet normal -0.555003 -0.831849 -0
    outer loop
      vertex 91.15 136.869 23.5
      vertex 90.7693 137.123 2.5
      vertex 91.15 136.869 2.5
    endloop
  endfacet
  facet normal -0.659524 -0.751683 0
    outer loop
      vertex 90.4251 137.425 2.5
      vertex 90.7693 137.123 23.5
      vertex 90.4251 137.425 23.5
    endloop
  endfacet
  facet normal -0.659524 -0.751683 -0
    outer loop
      vertex 90.7693 137.123 23.5
      vertex 90.4251 137.425 2.5
      vertex 90.7693 137.123 2.5
    endloop
  endfacet
  facet normal -0.75171 -0.659494 0
    outer loop
      vertex 90.4251 137.425 2.5
      vertex 90.1233 137.769 23.5
      vertex 90.1233 137.769 2.5
    endloop
  endfacet
  facet normal -0.75171 -0.659494 0
    outer loop
      vertex 90.1233 137.769 23.5
      vertex 90.4251 137.425 2.5
      vertex 90.4251 137.425 23.5
    endloop
  endfacet
  facet normal -0.997867 -0.0652871 0
    outer loop
      vertex 89.4299 139.443 2.5
      vertex 89.4 139.9 23.5
      vertex 89.4 139.9 2.5
    endloop
  endfacet
  facet normal -0.997867 -0.0652871 0
    outer loop
      vertex 89.4 139.9 23.5
      vertex 89.4299 139.443 2.5
      vertex 89.4299 139.443 23.5
    endloop
  endfacet
  facet normal 0.555003 -0.831849 0
    outer loop
      vertex 94.65 136.869 2.5
      vertex 95.0307 137.123 23.5
      vertex 94.65 136.869 23.5
    endloop
  endfacet
  facet normal 0.555003 -0.831849 0
    outer loop
      vertex 95.0307 137.123 23.5
      vertex 94.65 136.869 2.5
      vertex 95.0307 137.123 2.5
    endloop
  endfacet
  facet normal -0.321139 0.947032 0
    outer loop
      vertex 91.9941 143.281 2.5
      vertex 91.5606 143.134 23.5
      vertex 91.9941 143.281 23.5
    endloop
  endfacet
  facet normal -0.321139 0.947032 0
    outer loop
      vertex 91.5606 143.134 23.5
      vertex 91.9941 143.281 2.5
      vertex 91.5606 143.134 2.5
    endloop
  endfacet
  facet normal -0.321139 -0.947032 0
    outer loop
      vertex 91.5606 136.666 2.5
      vertex 91.9941 136.519 23.5
      vertex 91.5606 136.666 23.5
    endloop
  endfacet
  facet normal -0.321139 -0.947032 -0
    outer loop
      vertex 91.9941 136.519 23.5
      vertex 91.5606 136.666 2.5
      vertex 91.9941 136.519 2.5
    endloop
  endfacet
  facet normal -0.831647 0.555305 0
    outer loop
      vertex 89.8689 141.65 2.5
      vertex 90.1233 142.031 23.5
      vertex 90.1233 142.031 2.5
    endloop
  endfacet
  facet normal -0.831647 0.555305 0
    outer loop
      vertex 90.1233 142.031 23.5
      vertex 89.8689 141.65 2.5
      vertex 89.8689 141.65 23.5
    endloop
  endfacet
  facet normal -0.946853 -0.321668 0
    outer loop
      vertex 89.6664 138.561 2.5
      vertex 89.5193 138.994 23.5
      vertex 89.5193 138.994 2.5
    endloop
  endfacet
  facet normal -0.946853 -0.321668 0
    outer loop
      vertex 89.5193 138.994 23.5
      vertex 89.6664 138.561 2.5
      vertex 89.6664 138.561 23.5
    endloop
  endfacet
  facet normal 0.321139 -0.947032 0
    outer loop
      vertex 93.8059 136.519 2.5
      vertex 94.2394 136.666 23.5
      vertex 93.8059 136.519 23.5
    endloop
  endfacet
  facet normal 0.321139 -0.947032 0
    outer loop
      vertex 94.2394 136.666 23.5
      vertex 93.8059 136.519 2.5
      vertex 94.2394 136.666 2.5
    endloop
  endfacet
  facet normal 0.0655331 -0.99785 0
    outer loop
      vertex 92.9 136.4 2.5
      vertex 93.3568 136.43 23.5
      vertex 92.9 136.4 23.5
    endloop
  endfacet
  facet normal 0.0655331 -0.99785 0
    outer loop
      vertex 93.3568 136.43 23.5
      vertex 92.9 136.4 2.5
      vertex 93.3568 136.43 2.5
    endloop
  endfacet
  facet normal -0.443192 -0.896427 0
    outer loop
      vertex 91.15 136.869 2.5
      vertex 91.5606 136.666 23.5
      vertex 91.15 136.869 23.5
    endloop
  endfacet
  facet normal -0.443192 -0.896427 -0
    outer loop
      vertex 91.5606 136.666 23.5
      vertex 91.15 136.869 2.5
      vertex 91.5606 136.666 2.5
    endloop
  endfacet
  facet normal -0.997867 0.0652871 0
    outer loop
      vertex 89.4 139.9 2.5
      vertex 89.4299 140.357 23.5
      vertex 89.4299 140.357 2.5
    endloop
  endfacet
  facet normal -0.997867 0.0652871 0
    outer loop
      vertex 89.4299 140.357 23.5
      vertex 89.4 139.9 2.5
      vertex 89.4 139.9 23.5
    endloop
  endfacet
  facet normal -0.946853 0.321668 0
    outer loop
      vertex 89.5193 140.806 2.5
      vertex 89.6664 141.239 23.5
      vertex 89.6664 141.239 2.5
    endloop
  endfacet
  facet normal -0.946853 0.321668 0
    outer loop
      vertex 89.6664 141.239 23.5
      vertex 89.5193 140.806 2.5
      vertex 89.5193 140.806 23.5
    endloop
  endfacet
  facet normal -0.659524 0.751683 0
    outer loop
      vertex 90.7693 142.677 2.5
      vertex 90.4251 142.375 23.5
      vertex 90.7693 142.677 23.5
    endloop
  endfacet
  facet normal -0.659524 0.751683 0
    outer loop
      vertex 90.4251 142.375 23.5
      vertex 90.7693 142.677 2.5
      vertex 90.4251 142.375 2.5
    endloop
  endfacet
  facet normal 0.443192 -0.896427 0
    outer loop
      vertex 94.2394 136.666 2.5
      vertex 94.65 136.869 23.5
      vertex 94.2394 136.666 23.5
    endloop
  endfacet
  facet normal 0.443192 -0.896427 0
    outer loop
      vertex 94.65 136.869 23.5
      vertex 94.2394 136.666 2.5
      vertex 94.65 136.869 2.5
    endloop
  endfacet
  facet normal -0.194394 -0.980924 0
    outer loop
      vertex 91.9941 136.519 2.5
      vertex 92.4432 136.43 23.5
      vertex 91.9941 136.519 23.5
    endloop
  endfacet
  facet normal -0.194394 -0.980924 -0
    outer loop
      vertex 92.4432 136.43 23.5
      vertex 91.9941 136.519 2.5
      vertex 92.4432 136.43 2.5
    endloop
  endfacet
  facet normal 0.75171 -0.659494 0
    outer loop
      vertex 95.3749 137.425 23.5
      vertex 95.6767 137.769 2.5
      vertex 95.6767 137.769 23.5
    endloop
  endfacet
  facet normal 0.75171 -0.659494 0
    outer loop
      vertex 95.6767 137.769 2.5
      vertex 95.3749 137.425 23.5
      vertex 95.3749 137.425 2.5
    endloop
  endfacet
  facet normal 0.194394 -0.980924 0
    outer loop
      vertex 93.3568 136.43 2.5
      vertex 93.8059 136.519 23.5
      vertex 93.3568 136.43 23.5
    endloop
  endfacet
  facet normal 0.194394 -0.980924 0
    outer loop
      vertex 93.8059 136.519 23.5
      vertex 93.3568 136.43 2.5
      vertex 93.8059 136.519 2.5
    endloop
  endfacet
  facet normal -0.443192 0.896427 0
    outer loop
      vertex 91.5606 143.134 2.5
      vertex 91.15 142.931 23.5
      vertex 91.5606 143.134 23.5
    endloop
  endfacet
  facet normal -0.443192 0.896427 0
    outer loop
      vertex 91.15 142.931 23.5
      vertex 91.5606 143.134 2.5
      vertex 91.15 142.931 2.5
    endloop
  endfacet
  facet normal -0.0655331 -0.99785 0
    outer loop
      vertex 92.4432 136.43 2.5
      vertex 92.9 136.4 23.5
      vertex 92.4432 136.43 23.5
    endloop
  endfacet
  facet normal -0.0655331 -0.99785 -0
    outer loop
      vertex 92.9 136.4 23.5
      vertex 92.4432 136.43 2.5
      vertex 92.9 136.4 2.5
    endloop
  endfacet
  facet normal -0.980748 -0.195276 0
    outer loop
      vertex 89.5193 138.994 2.5
      vertex 89.4299 139.443 23.5
      vertex 89.4299 139.443 2.5
    endloop
  endfacet
  facet normal -0.980748 -0.195276 0
    outer loop
      vertex 89.4299 139.443 23.5
      vertex 89.5193 138.994 2.5
      vertex 89.5193 138.994 23.5
    endloop
  endfacet
  facet normal -0.897031 0.441968 0
    outer loop
      vertex 89.6664 141.239 2.5
      vertex 89.8689 141.65 23.5
      vertex 89.8689 141.65 2.5
    endloop
  endfacet
  facet normal -0.897031 0.441968 0
    outer loop
      vertex 89.8689 141.65 23.5
      vertex 89.6664 141.239 2.5
      vertex 89.6664 141.239 23.5
    endloop
  endfacet
  facet normal 0.659524 -0.751683 0
    outer loop
      vertex 95.0307 137.123 2.5
      vertex 95.3749 137.425 23.5
      vertex 95.0307 137.123 23.5
    endloop
  endfacet
  facet normal 0.659524 -0.751683 0
    outer loop
      vertex 95.3749 137.425 23.5
      vertex 95.0307 137.123 2.5
      vertex 95.3749 137.425 2.5
    endloop
  endfacet
  facet normal -0.555003 0.831849 0
    outer loop
      vertex 91.15 142.931 2.5
      vertex 90.7693 142.677 23.5
      vertex 91.15 142.931 23.5
    endloop
  endfacet
  facet normal -0.555003 0.831849 0
    outer loop
      vertex 90.7693 142.677 23.5
      vertex 91.15 142.931 2.5
      vertex 90.7693 142.677 2.5
    endloop
  endfacet
  facet normal 0.897031 -0.441968 0
    outer loop
      vertex 95.9311 138.15 23.5
      vertex 96.1336 138.561 2.5
      vertex 96.1336 138.561 23.5
    endloop
  endfacet
  facet normal 0.897031 -0.441968 0
    outer loop
      vertex 96.1336 138.561 2.5
      vertex 95.9311 138.15 23.5
      vertex 95.9311 138.15 2.5
    endloop
  endfacet
  facet normal 0.946853 -0.321668 0
    outer loop
      vertex 96.1336 138.561 23.5
      vertex 96.2807 138.994 2.5
      vertex 96.2807 138.994 23.5
    endloop
  endfacet
  facet normal 0.946853 -0.321668 0
    outer loop
      vertex 96.2807 138.994 2.5
      vertex 96.1336 138.561 23.5
      vertex 96.1336 138.561 2.5
    endloop
  endfacet
  facet normal -0.980748 0.195276 0
    outer loop
      vertex 89.4299 140.357 2.5
      vertex 89.5193 140.806 23.5
      vertex 89.5193 140.806 2.5
    endloop
  endfacet
  facet normal -0.980748 0.195276 0
    outer loop
      vertex 89.5193 140.806 23.5
      vertex 89.4299 140.357 2.5
      vertex 89.4299 140.357 23.5
    endloop
  endfacet
  facet normal -0.75171 0.659494 0
    outer loop
      vertex 90.1233 142.031 2.5
      vertex 90.4251 142.375 23.5
      vertex 90.4251 142.375 2.5
    endloop
  endfacet
  facet normal -0.75171 0.659494 0
    outer loop
      vertex 90.4251 142.375 23.5
      vertex 90.1233 142.031 2.5
      vertex 90.1233 142.031 23.5
    endloop
  endfacet
  facet normal -0.194394 0.980924 0
    outer loop
      vertex 92.4432 143.37 2.5
      vertex 91.9941 143.281 23.5
      vertex 92.4432 143.37 23.5
    endloop
  endfacet
  facet normal -0.194394 0.980924 0
    outer loop
      vertex 91.9941 143.281 23.5
      vertex 92.4432 143.37 2.5
      vertex 91.9941 143.281 2.5
    endloop
  endfacet
  facet normal -0.831647 -0.555305 0
    outer loop
      vertex 90.1233 137.769 2.5
      vertex 89.8689 138.15 23.5
      vertex 89.8689 138.15 2.5
    endloop
  endfacet
  facet normal -0.831647 -0.555305 0
    outer loop
      vertex 89.8689 138.15 23.5
      vertex 90.1233 137.769 2.5
      vertex 90.1233 137.769 23.5
    endloop
  endfacet
  facet normal -0.0655331 0.99785 0
    outer loop
      vertex 92.9 143.4 2.5
      vertex 92.4432 143.37 23.5
      vertex 92.9 143.4 23.5
    endloop
  endfacet
  facet normal -0.0655331 0.99785 0
    outer loop
      vertex 92.4432 143.37 23.5
      vertex 92.9 143.4 2.5
      vertex 92.4432 143.37 2.5
    endloop
  endfacet
  facet normal 0.980784 -0.195095 0
    outer loop
      vertex 8.88074 4.59413 23.5
      vertex 8.97006 5.04316 2.5
      vertex 8.97006 5.04316 23.5
    endloop
  endfacet
  facet normal 0.980784 -0.195095 0
    outer loop
      vertex 8.97006 5.04316 2.5
      vertex 8.88074 4.59413 23.5
      vertex 8.88074 4.59413 2.5
    endloop
  endfacet
  facet normal 0.997859 -0.0653969 0
    outer loop
      vertex 8.97006 5.04316 23.5
      vertex 9 5.5 2.5
      vertex 9 5.5 23.5
    endloop
  endfacet
  facet normal 0.997859 -0.0653969 0
    outer loop
      vertex 9 5.5 2.5
      vertex 8.97006 5.04316 23.5
      vertex 8.97006 5.04316 2.5
    endloop
  endfacet
  facet normal 0.321439 0.94693 -0
    outer loop
      vertex 6.83939 8.73358 2.5
      vertex 6.40587 8.88074 23.5
      vertex 6.83939 8.73358 23.5
    endloop
  endfacet
  facet normal 0.321439 0.94693 0
    outer loop
      vertex 6.40587 8.88074 23.5
      vertex 6.83939 8.73358 2.5
      vertex 6.40587 8.88074 2.5
    endloop
  endfacet
  facet normal 0.831468 -0.555572 0
    outer loop
      vertex 8.27674 3.36934 23.5
      vertex 8.53109 3.75 2.5
      vertex 8.53109 3.75 23.5
    endloop
  endfacet
  facet normal 0.831468 -0.555572 0
    outer loop
      vertex 8.53109 3.75 2.5
      vertex 8.27674 3.36934 23.5
      vertex 8.27674 3.36934 2.5
    endloop
  endfacet
  facet normal 0.94693 0.321439 0
    outer loop
      vertex 8.88074 6.40587 23.5
      vertex 8.73358 6.83939 2.5
      vertex 8.73358 6.83939 23.5
    endloop
  endfacet
  facet normal 0.94693 0.321439 0
    outer loop
      vertex 8.73358 6.83939 2.5
      vertex 8.88074 6.40587 23.5
      vertex 8.88074 6.40587 2.5
    endloop
  endfacet
  facet normal 0.555572 -0.831468 0
    outer loop
      vertex 7.25 2.46891 2.5
      vertex 7.63066 2.72326 23.5
      vertex 7.25 2.46891 23.5
    endloop
  endfacet
  facet normal 0.555572 -0.831468 0
    outer loop
      vertex 7.63066 2.72326 23.5
      vertex 7.25 2.46891 2.5
      vertex 7.63066 2.72326 2.5
    endloop
  endfacet
  facet normal -0.321439 0.94693 0
    outer loop
      vertex 4.59413 8.88074 2.5
      vertex 4.16061 8.73358 23.5
      vertex 4.59413 8.88074 23.5
    endloop
  endfacet
  facet normal -0.321439 0.94693 0
    outer loop
      vertex 4.16061 8.73358 23.5
      vertex 4.59413 8.88074 2.5
      vertex 4.16061 8.73358 2.5
    endloop
  endfacet
  facet normal -0.751833 0.659353 0
    outer loop
      vertex 2.72326 7.63066 2.5
      vertex 3.02513 7.97487 23.5
      vertex 3.02513 7.97487 2.5
    endloop
  endfacet
  facet normal -0.751833 0.659353 0
    outer loop
      vertex 3.02513 7.97487 23.5
      vertex 2.72326 7.63066 2.5
      vertex 2.72326 7.63066 23.5
    endloop
  endfacet
  facet normal 0.195095 0.980784 -0
    outer loop
      vertex 6.40587 8.88074 2.5
      vertex 5.95684 8.97006 23.5
      vertex 6.40587 8.88074 23.5
    endloop
  endfacet
  facet normal 0.195095 0.980784 0
    outer loop
      vertex 5.95684 8.97006 23.5
      vertex 6.40587 8.88074 2.5
      vertex 5.95684 8.97006 2.5
    endloop
  endfacet
  facet normal -0.831468 0.555572 0
    outer loop
      vertex 2.46891 7.25 2.5
      vertex 2.72326 7.63066 23.5
      vertex 2.72326 7.63066 2.5
    endloop
  endfacet
  facet normal -0.831468 0.555572 0
    outer loop
      vertex 2.72326 7.63066 23.5
      vertex 2.46891 7.25 2.5
      vertex 2.46891 7.25 23.5
    endloop
  endfacet
  facet normal 0.555572 0.831468 -0
    outer loop
      vertex 7.63066 8.27674 2.5
      vertex 7.25 8.53109 23.5
      vertex 7.63066 8.27674 23.5
    endloop
  endfacet
  facet normal 0.555572 0.831468 0
    outer loop
      vertex 7.25 8.53109 23.5
      vertex 7.63066 8.27674 2.5
      vertex 7.25 8.53109 2.5
    endloop
  endfacet
  facet normal 0.321439 -0.94693 0
    outer loop
      vertex 6.40587 2.11926 2.5
      vertex 6.83939 2.26642 23.5
      vertex 6.40587 2.11926 23.5
    endloop
  endfacet
  facet normal 0.321439 -0.94693 0
    outer loop
      vertex 6.83939 2.26642 23.5
      vertex 6.40587 2.11926 2.5
      vertex 6.83939 2.26642 2.5
    endloop
  endfacet
  facet normal 0.065388 -0.99786 0
    outer loop
      vertex 5.50009 2.00001 2.5
      vertex 5.95684 2.02994 23.5
      vertex 5.50009 2.00001 23.5
    endloop
  endfacet
  facet normal 0.065388 -0.99786 0
    outer loop
      vertex 5.95684 2.02994 23.5
      vertex 5.50009 2.00001 2.5
      vertex 5.95684 2.02994 2.5
    endloop
  endfacet
  facet normal 0.831468 0.555572 0
    outer loop
      vertex 8.53109 7.25 23.5
      vertex 8.27674 7.63066 2.5
      vertex 8.27674 7.63066 23.5
    endloop
  endfacet
  facet normal 0.831468 0.555572 0
    outer loop
      vertex 8.27674 7.63066 2.5
      vertex 8.53109 7.25 23.5
      vertex 8.53109 7.25 2.5
    endloop
  endfacet
  facet normal -0.997859 0.0653969 0
    outer loop
      vertex 2 5.5 2.5
      vertex 2.02994 5.95684 23.5
      vertex 2.02994 5.95684 2.5
    endloop
  endfacet
  facet normal -0.997859 0.0653969 0
    outer loop
      vertex 2.02994 5.95684 23.5
      vertex 2 5.5 2.5
      vertex 2 5.5 23.5
    endloop
  endfacet
  facet normal 0.980784 0.195095 0
    outer loop
      vertex 8.97006 5.95684 23.5
      vertex 8.88074 6.40587 2.5
      vertex 8.88074 6.40587 23.5
    endloop
  endfacet
  facet normal 0.980784 0.195095 0
    outer loop
      vertex 8.88074 6.40587 2.5
      vertex 8.97006 5.95684 23.5
      vertex 8.97006 5.95684 2.5
    endloop
  endfacet
  facet normal -0.94693 0.321439 0
    outer loop
      vertex 2.11926 6.40587 2.5
      vertex 2.26642 6.83939 23.5
      vertex 2.26642 6.83939 2.5
    endloop
  endfacet
  facet normal -0.94693 0.321439 0
    outer loop
      vertex 2.26642 6.83939 23.5
      vertex 2.11926 6.40587 2.5
      vertex 2.11926 6.40587 23.5
    endloop
  endfacet
  facet normal -0.659353 0.751833 0
    outer loop
      vertex 3.36934 8.27674 2.5
      vertex 3.02513 7.97487 23.5
      vertex 3.36934 8.27674 23.5
    endloop
  endfacet
  facet normal -0.659353 0.751833 0
    outer loop
      vertex 3.02513 7.97487 23.5
      vertex 3.36934 8.27674 2.5
      vertex 3.02513 7.97487 2.5
    endloop
  endfacet
  facet normal 0.442288 -0.896873 0
    outer loop
      vertex 6.83939 2.26642 2.5
      vertex 7.25 2.46891 23.5
      vertex 6.83939 2.26642 23.5
    endloop
  endfacet
  facet normal 0.442288 -0.896873 0
    outer loop
      vertex 7.25 2.46891 23.5
      vertex 6.83939 2.26642 2.5
      vertex 7.25 2.46891 2.5
    endloop
  endfacet
  facet normal 0.751833 -0.659353 0
    outer loop
      vertex 7.97487 3.02513 23.5
      vertex 8.27674 3.36934 2.5
      vertex 8.27674 3.36934 23.5
    endloop
  endfacet
  facet normal 0.751833 -0.659353 0
    outer loop
      vertex 8.27674 3.36934 2.5
      vertex 7.97487 3.02513 23.5
      vertex 7.97487 3.02513 2.5
    endloop
  endfacet
  facet normal 0.195095 -0.980784 0
    outer loop
      vertex 5.95684 2.02994 2.5
      vertex 6.40587 2.11926 23.5
      vertex 5.95684 2.02994 23.5
    endloop
  endfacet
  facet normal 0.195095 -0.980784 0
    outer loop
      vertex 6.40587 2.11926 23.5
      vertex 5.95684 2.02994 2.5
      vertex 6.40587 2.11926 2.5
    endloop
  endfacet
  facet normal 0.751833 0.659353 0
    outer loop
      vertex 8.27674 7.63066 23.5
      vertex 7.97487 7.97487 2.5
      vertex 7.97487 7.97487 23.5
    endloop
  endfacet
  facet normal 0.751833 0.659353 0
    outer loop
      vertex 7.97487 7.97487 2.5
      vertex 8.27674 7.63066 23.5
      vertex 8.27674 7.63066 2.5
    endloop
  endfacet
  facet normal -0.442288 0.896873 0
    outer loop
      vertex 4.16061 8.73358 2.5
      vertex 3.75 8.53109 23.5
      vertex 4.16061 8.73358 23.5
    endloop
  endfacet
  facet normal -0.442288 0.896873 0
    outer loop
      vertex 3.75 8.53109 23.5
      vertex 4.16061 8.73358 2.5
      vertex 3.75 8.53109 2.5
    endloop
  endfacet
  facet normal 0.0653969 0.997859 -0
    outer loop
      vertex 5.95684 8.97006 2.5
      vertex 5.5 9 23.5
      vertex 5.95684 8.97006 23.5
    endloop
  endfacet
  facet normal 0.0653969 0.997859 0
    outer loop
      vertex 5.5 9 23.5
      vertex 5.95684 8.97006 2.5
      vertex 5.5 9 2.5
    endloop
  endfacet
  facet normal 0.442288 0.896873 -0
    outer loop
      vertex 7.25 8.53109 2.5
      vertex 6.83939 8.73358 23.5
      vertex 7.25 8.53109 23.5
    endloop
  endfacet
  facet normal 0.442288 0.896873 0
    outer loop
      vertex 6.83939 8.73358 23.5
      vertex 7.25 8.53109 2.5
      vertex 6.83939 8.73358 2.5
    endloop
  endfacet
  facet normal 0.659353 0.751833 -0
    outer loop
      vertex 7.97487 7.97487 2.5
      vertex 7.63066 8.27674 23.5
      vertex 7.97487 7.97487 23.5
    endloop
  endfacet
  facet normal 0.659353 0.751833 0
    outer loop
      vertex 7.63066 8.27674 23.5
      vertex 7.97487 7.97487 2.5
      vertex 7.63066 8.27674 2.5
    endloop
  endfacet
  facet normal -0.896873 0.442288 0
    outer loop
      vertex 2.26642 6.83939 2.5
      vertex 2.46891 7.25 23.5
      vertex 2.46891 7.25 2.5
    endloop
  endfacet
  facet normal -0.896873 0.442288 0
    outer loop
      vertex 2.46891 7.25 23.5
      vertex 2.26642 6.83939 2.5
      vertex 2.26642 6.83939 23.5
    endloop
  endfacet
  facet normal 0.896873 0.442288 0
    outer loop
      vertex 8.73358 6.83939 23.5
      vertex 8.53109 7.25 2.5
      vertex 8.53109 7.25 23.5
    endloop
  endfacet
  facet normal 0.896873 0.442288 0
    outer loop
      vertex 8.53109 7.25 2.5
      vertex 8.73358 6.83939 23.5
      vertex 8.73358 6.83939 2.5
    endloop
  endfacet
  facet normal 0.659353 -0.751833 0
    outer loop
      vertex 7.63066 2.72326 2.5
      vertex 7.97487 3.02513 23.5
      vertex 7.63066 2.72326 23.5
    endloop
  endfacet
  facet normal 0.659353 -0.751833 0
    outer loop
      vertex 7.97487 3.02513 23.5
      vertex 7.63066 2.72326 2.5
      vertex 7.97487 3.02513 2.5
    endloop
  endfacet
  facet normal 0.997859 0.0653969 0
    outer loop
      vertex 9 5.5 23.5
      vertex 8.97006 5.95684 2.5
      vertex 8.97006 5.95684 23.5
    endloop
  endfacet
  facet normal 0.997859 0.0653969 0
    outer loop
      vertex 8.97006 5.95684 2.5
      vertex 9 5.5 23.5
      vertex 9 5.5 2.5
    endloop
  endfacet
  facet normal -0.555572 0.831468 0
    outer loop
      vertex 3.75 8.53109 2.5
      vertex 3.36934 8.27674 23.5
      vertex 3.75 8.53109 23.5
    endloop
  endfacet
  facet normal -0.555572 0.831468 0
    outer loop
      vertex 3.36934 8.27674 23.5
      vertex 3.75 8.53109 2.5
      vertex 3.36934 8.27674 2.5
    endloop
  endfacet
  facet normal 0.896873 -0.442288 0
    outer loop
      vertex 8.53109 3.75 23.5
      vertex 8.73358 4.16061 2.5
      vertex 8.73358 4.16061 23.5
    endloop
  endfacet
  facet normal 0.896873 -0.442288 0
    outer loop
      vertex 8.73358 4.16061 2.5
      vertex 8.53109 3.75 23.5
      vertex 8.53109 3.75 2.5
    endloop
  endfacet
  facet normal 0.94693 -0.321439 0
    outer loop
      vertex 8.73358 4.16061 23.5
      vertex 8.88074 4.59413 2.5
      vertex 8.88074 4.59413 23.5
    endloop
  endfacet
  facet normal 0.94693 -0.321439 0
    outer loop
      vertex 8.88074 4.59413 2.5
      vertex 8.73358 4.16061 23.5
      vertex 8.73358 4.16061 2.5
    endloop
  endfacet
  facet normal -0.980784 0.195095 0
    outer loop
      vertex 2.02994 5.95684 2.5
      vertex 2.11926 6.40587 23.5
      vertex 2.11926 6.40587 2.5
    endloop
  endfacet
  facet normal -0.980784 0.195095 0
    outer loop
      vertex 2.11926 6.40587 23.5
      vertex 2.02994 5.95684 2.5
      vertex 2.02994 5.95684 23.5
    endloop
  endfacet
  facet normal -0.195095 0.980784 0
    outer loop
      vertex 5.04316 8.97006 2.5
      vertex 4.59413 8.88074 23.5
      vertex 5.04316 8.97006 23.5
    endloop
  endfacet
  facet normal -0.195095 0.980784 0
    outer loop
      vertex 4.59413 8.88074 23.5
      vertex 5.04316 8.97006 2.5
      vertex 4.59413 8.88074 2.5
    endloop
  endfacet
  facet normal -0.0653969 0.997859 0
    outer loop
      vertex 5.5 9 2.5
      vertex 5.04316 8.97006 23.5
      vertex 5.5 9 23.5
    endloop
  endfacet
  facet normal -0.0653969 0.997859 0
    outer loop
      vertex 5.04316 8.97006 23.5
      vertex 5.5 9 2.5
      vertex 5.04316 8.97006 2.5
    endloop
  endfacet
  facet normal 0.321452 0.946926 -0
    outer loop
      vertex 94.2394 8.73358 2.5
      vertex 93.8059 8.88074 23.5
      vertex 94.2394 8.73358 23.5
    endloop
  endfacet
  facet normal 0.321452 0.946926 0
    outer loop
      vertex 93.8059 8.88074 23.5
      vertex 94.2394 8.73358 2.5
      vertex 93.8059 8.88074 2.5
    endloop
  endfacet
  facet normal -0.831418 -0.555647 0
    outer loop
      vertex 90.1233 3.36934 2.5
      vertex 89.8689 3.75 23.5
      vertex 89.8689 3.75 2.5
    endloop
  endfacet
  facet normal -0.831418 -0.555647 0
    outer loop
      vertex 89.8689 3.75 23.5
      vertex 90.1233 3.36934 2.5
      vertex 90.1233 3.36934 23.5
    endloop
  endfacet
  facet normal -0.896864 -0.442305 0
    outer loop
      vertex 89.8689 3.75 2.5
      vertex 89.6664 4.16061 23.5
      vertex 89.6664 4.16061 2.5
    endloop
  endfacet
  facet normal -0.896864 -0.442305 0
    outer loop
      vertex 89.6664 4.16061 23.5
      vertex 89.8689 3.75 2.5
      vertex 89.8689 3.75 23.5
    endloop
  endfacet
  facet normal -0.555532 -0.831495 0
    outer loop
      vertex 90.7693 2.72326 2.5
      vertex 91.15 2.46891 23.5
      vertex 90.7693 2.72326 23.5
    endloop
  endfacet
  facet normal -0.555532 -0.831495 -0
    outer loop
      vertex 91.15 2.46891 23.5
      vertex 90.7693 2.72326 2.5
      vertex 91.15 2.46891 2.5
    endloop
  endfacet
  facet normal -0.659364 -0.751824 0
    outer loop
      vertex 90.4251 3.02513 2.5
      vertex 90.7693 2.72326 23.5
      vertex 90.4251 3.02513 23.5
    endloop
  endfacet
  facet normal -0.659364 -0.751824 -0
    outer loop
      vertex 90.7693 2.72326 23.5
      vertex 90.4251 3.02513 2.5
      vertex 90.7693 2.72326 2.5
    endloop
  endfacet
  facet normal 0.94697 0.321322 0
    outer loop
      vertex 96.2807 6.40587 23.5
      vertex 96.1336 6.83939 2.5
      vertex 96.1336 6.83939 23.5
    endloop
  endfacet
  facet normal 0.94697 0.321322 0
    outer loop
      vertex 96.1336 6.83939 2.5
      vertex 96.2807 6.40587 23.5
      vertex 96.2807 6.40587 2.5
    endloop
  endfacet
  facet normal -0.997865 -0.0653099 0
    outer loop
      vertex 89.4299 5.04316 2.5
      vertex 89.4 5.5 23.5
      vertex 89.4 5.5 2.5
    endloop
  endfacet
  facet normal -0.997865 -0.0653099 0
    outer loop
      vertex 89.4 5.5 23.5
      vertex 89.4299 5.04316 2.5
      vertex 89.4299 5.04316 23.5
    endloop
  endfacet
  facet normal -0.321452 0.946926 0
    outer loop
      vertex 91.9941 8.88074 2.5
      vertex 91.5606 8.73358 23.5
      vertex 91.9941 8.88074 23.5
    endloop
  endfacet
  facet normal -0.321452 0.946926 0
    outer loop
      vertex 91.5606 8.73358 23.5
      vertex 91.9941 8.88074 2.5
      vertex 91.5606 8.73358 2.5
    endloop
  endfacet
  facet normal -0.751909 0.659267 0
    outer loop
      vertex 90.1233 7.63066 2.5
      vertex 90.4251 7.97487 23.5
      vertex 90.4251 7.97487 2.5
    endloop
  endfacet
  facet normal -0.751909 0.659267 0
    outer loop
      vertex 90.4251 7.97487 23.5
      vertex 90.1233 7.63066 2.5
      vertex 90.1233 7.63066 23.5
    endloop
  endfacet
  facet normal 0.195066 0.98079 -0
    outer loop
      vertex 93.8059 8.88074 2.5
      vertex 93.3568 8.97006 23.5
      vertex 93.8059 8.88074 23.5
    endloop
  endfacet
  facet normal 0.195066 0.98079 0
    outer loop
      vertex 93.3568 8.97006 23.5
      vertex 93.8059 8.88074 2.5
      vertex 93.3568 8.97006 2.5
    endloop
  endfacet
  facet normal -0.321452 -0.946926 0
    outer loop
      vertex 91.5606 2.26642 2.5
      vertex 91.9941 2.11926 23.5
      vertex 91.5606 2.26642 23.5
    endloop
  endfacet
  facet normal -0.321452 -0.946926 -0
    outer loop
      vertex 91.9941 2.11926 23.5
      vertex 91.5606 2.26642 2.5
      vertex 91.9941 2.11926 2.5
    endloop
  endfacet
  facet normal -0.831418 0.555647 0
    outer loop
      vertex 89.8689 7.25 2.5
      vertex 90.1233 7.63066 23.5
      vertex 90.1233 7.63066 2.5
    endloop
  endfacet
  facet normal -0.831418 0.555647 0
    outer loop
      vertex 90.1233 7.63066 23.5
      vertex 89.8689 7.25 2.5
      vertex 89.8689 7.25 23.5
    endloop
  endfacet
  facet normal -0.94697 -0.321322 0
    outer loop
      vertex 89.6664 4.16061 2.5
      vertex 89.5193 4.59413 23.5
      vertex 89.5193 4.59413 2.5
    endloop
  endfacet
  facet normal -0.94697 -0.321322 0
    outer loop
      vertex 89.5193 4.59413 23.5
      vertex 89.6664 4.16061 2.5
      vertex 89.6664 4.16061 23.5
    endloop
  endfacet
  facet normal -0.195066 0.98079 0
    outer loop
      vertex 92.4432 8.97006 2.5
      vertex 91.9941 8.88074 23.5
      vertex 92.4432 8.97006 23.5
    endloop
  endfacet
  facet normal -0.195066 0.98079 0
    outer loop
      vertex 91.9941 8.88074 23.5
      vertex 92.4432 8.97006 2.5
      vertex 91.9941 8.88074 2.5
    endloop
  endfacet
  facet normal -0.442297 -0.896869 0
    outer loop
      vertex 91.15 2.46891 2.5
      vertex 91.5606 2.26642 23.5
      vertex 91.15 2.46891 23.5
    endloop
  endfacet
  facet normal -0.442297 -0.896869 -0
    outer loop
      vertex 91.5606 2.26642 23.5
      vertex 91.15 2.46891 2.5
      vertex 91.5606 2.26642 2.5
    endloop
  endfacet
  facet normal 0.831418 0.555647 0
    outer loop
      vertex 95.9311 7.25 23.5
      vertex 95.6767 7.63066 2.5
      vertex 95.6767 7.63066 23.5
    endloop
  endfacet
  facet normal 0.831418 0.555647 0
    outer loop
      vertex 95.6767 7.63066 2.5
      vertex 95.9311 7.25 23.5
      vertex 95.9311 7.25 2.5
    endloop
  endfacet
  facet normal -0.997865 0.0653099 0
    outer loop
      vertex 89.4 5.5 2.5
      vertex 89.4299 5.95684 23.5
      vertex 89.4299 5.95684 2.5
    endloop
  endfacet
  facet normal -0.997865 0.0653099 0
    outer loop
      vertex 89.4299 5.95684 23.5
      vertex 89.4 5.5 2.5
      vertex 89.4 5.5 23.5
    endloop
  endfacet
  facet normal 0.980751 0.195263 0
    outer loop
      vertex 96.3701 5.95684 23.5
      vertex 96.2807 6.40587 2.5
      vertex 96.2807 6.40587 23.5
    endloop
  endfacet
  facet normal 0.980751 0.195263 0
    outer loop
      vertex 96.2807 6.40587 2.5
      vertex 96.3701 5.95684 23.5
      vertex 96.3701 5.95684 2.5
    endloop
  endfacet
  facet normal -0.94697 0.321322 0
    outer loop
      vertex 89.5193 6.40587 2.5
      vertex 89.6664 6.83939 23.5
      vertex 89.6664 6.83939 2.5
    endloop
  endfacet
  facet normal -0.94697 0.321322 0
    outer loop
      vertex 89.6664 6.83939 23.5
      vertex 89.5193 6.40587 2.5
      vertex 89.5193 6.40587 23.5
    endloop
  endfacet
  facet normal -0.195066 -0.98079 0
    outer loop
      vertex 91.9941 2.11926 2.5
      vertex 92.4432 2.02994 23.5
      vertex 91.9941 2.11926 23.5
    endloop
  endfacet
  facet normal -0.195066 -0.98079 -0
    outer loop
      vertex 92.4432 2.02994 23.5
      vertex 91.9941 2.11926 2.5
      vertex 92.4432 2.02994 2.5
    endloop
  endfacet
  facet normal 0.751909 0.659267 0
    outer loop
      vertex 95.6767 7.63066 23.5
      vertex 95.3749 7.97487 2.5
      vertex 95.3749 7.97487 23.5
    endloop
  endfacet
  facet normal 0.751909 0.659267 0
    outer loop
      vertex 95.3749 7.97487 2.5
      vertex 95.6767 7.63066 23.5
      vertex 95.6767 7.63066 2.5
    endloop
  endfacet
  facet normal -0.751909 -0.659267 0
    outer loop
      vertex 90.4251 3.02513 2.5
      vertex 90.1233 3.36934 23.5
      vertex 90.1233 3.36934 2.5
    endloop
  endfacet
  facet normal -0.751909 -0.659267 0
    outer loop
      vertex 90.1233 3.36934 23.5
      vertex 90.4251 3.02513 2.5
      vertex 90.4251 3.02513 23.5
    endloop
  endfacet
  facet normal -0.980751 -0.195263 0
    outer loop
      vertex 89.5193 4.59413 2.5
      vertex 89.4299 5.04316 23.5
      vertex 89.4299 5.04316 2.5
    endloop
  endfacet
  facet normal -0.980751 -0.195263 0
    outer loop
      vertex 89.4299 5.04316 23.5
      vertex 89.5193 4.59413 2.5
      vertex 89.5193 4.59413 23.5
    endloop
  endfacet
  facet normal 0.0654026 0.997859 -0
    outer loop
      vertex 93.3568 8.97006 2.5
      vertex 92.9 9 23.5
      vertex 93.3568 8.97006 23.5
    endloop
  endfacet
  facet normal 0.0654026 0.997859 0
    outer loop
      vertex 92.9 9 23.5
      vertex 93.3568 8.97006 2.5
      vertex 92.9 9 2.5
    endloop
  endfacet
  facet normal 0.442297 0.896869 -0
    outer loop
      vertex 94.65 8.53109 2.5
      vertex 94.2394 8.73358 23.5
      vertex 94.65 8.53109 23.5
    endloop
  endfacet
  facet normal 0.442297 0.896869 0
    outer loop
      vertex 94.2394 8.73358 23.5
      vertex 94.65 8.53109 2.5
      vertex 94.2394 8.73358 2.5
    endloop
  endfacet
  facet normal -0.896864 0.442305 0
    outer loop
      vertex 89.6664 6.83939 2.5
      vertex 89.8689 7.25 23.5
      vertex 89.8689 7.25 2.5
    endloop
  endfacet
  facet normal -0.896864 0.442305 0
    outer loop
      vertex 89.8689 7.25 23.5
      vertex 89.6664 6.83939 2.5
      vertex 89.6664 6.83939 23.5
    endloop
  endfacet
  facet normal 0.896864 0.442305 0
    outer loop
      vertex 96.1336 6.83939 23.5
      vertex 95.9311 7.25 2.5
      vertex 95.9311 7.25 23.5
    endloop
  endfacet
  facet normal 0.896864 0.442305 0
    outer loop
      vertex 95.9311 7.25 2.5
      vertex 96.1336 6.83939 23.5
      vertex 96.1336 6.83939 2.5
    endloop
  endfacet
  facet normal 0.997864 0.0653227 0
    outer loop
      vertex 96.4 5.50009 23.5
      vertex 96.3701 5.95684 2.5
      vertex 96.3701 5.95684 23.5
    endloop
  endfacet
  facet normal 0.997864 0.0653227 0
    outer loop
      vertex 96.3701 5.95684 2.5
      vertex 96.4 5.50009 23.5
      vertex 96.4 5.50009 2.5
    endloop
  endfacet
  facet normal 0.555532 0.831495 -0
    outer loop
      vertex 95.0307 8.27674 2.5
      vertex 94.65 8.53109 23.5
      vertex 95.0307 8.27674 23.5
    endloop
  endfacet
  facet normal 0.555532 0.831495 0
    outer loop
      vertex 94.65 8.53109 23.5
      vertex 95.0307 8.27674 2.5
      vertex 94.65 8.53109 2.5
    endloop
  endfacet
  facet normal -0.0653951 -0.997859 0
    outer loop
      vertex 92.4432 2.02994 2.5
      vertex 92.8999 2.00001 23.5
      vertex 92.4432 2.02994 23.5
    endloop
  endfacet
  facet normal -0.0653951 -0.997859 -0
    outer loop
      vertex 92.8999 2.00001 23.5
      vertex 92.4432 2.02994 2.5
      vertex 92.8999 2.00001 2.5
    endloop
  endfacet
  facet normal -0.659364 0.751824 0
    outer loop
      vertex 90.7693 8.27674 2.5
      vertex 90.4251 7.97487 23.5
      vertex 90.7693 8.27674 23.5
    endloop
  endfacet
  facet normal -0.659364 0.751824 0
    outer loop
      vertex 90.4251 7.97487 23.5
      vertex 90.7693 8.27674 2.5
      vertex 90.4251 7.97487 2.5
    endloop
  endfacet
  facet normal -0.980751 0.195263 0
    outer loop
      vertex 89.4299 5.95684 2.5
      vertex 89.5193 6.40587 23.5
      vertex 89.5193 6.40587 2.5
    endloop
  endfacet
  facet normal -0.980751 0.195263 0
    outer loop
      vertex 89.5193 6.40587 23.5
      vertex 89.4299 5.95684 2.5
      vertex 89.4299 5.95684 23.5
    endloop
  endfacet
  facet normal 0.659364 0.751824 -0
    outer loop
      vertex 95.3749 7.97487 2.5
      vertex 95.0307 8.27674 23.5
      vertex 95.3749 7.97487 23.5
    endloop
  endfacet
  facet normal 0.659364 0.751824 0
    outer loop
      vertex 95.0307 8.27674 23.5
      vertex 95.3749 7.97487 2.5
      vertex 95.0307 8.27674 2.5
    endloop
  endfacet
  facet normal -0.0654026 0.997859 0
    outer loop
      vertex 92.9 9 2.5
      vertex 92.4432 8.97006 23.5
      vertex 92.9 9 23.5
    endloop
  endfacet
  facet normal -0.0654026 0.997859 0
    outer loop
      vertex 92.4432 8.97006 23.5
      vertex 92.9 9 2.5
      vertex 92.4432 8.97006 2.5
    endloop
  endfacet
  facet normal -0.442297 0.896869 0
    outer loop
      vertex 91.5606 8.73358 2.5
      vertex 91.15 8.53109 23.5
      vertex 91.5606 8.73358 23.5
    endloop
  endfacet
  facet normal -0.442297 0.896869 0
    outer loop
      vertex 91.15 8.53109 23.5
      vertex 91.5606 8.73358 2.5
      vertex 91.15 8.53109 2.5
    endloop
  endfacet
  facet normal -0.555532 0.831495 0
    outer loop
      vertex 91.15 8.53109 2.5
      vertex 90.7693 8.27674 23.5
      vertex 91.15 8.53109 23.5
    endloop
  endfacet
  facet normal -0.555532 0.831495 0
    outer loop
      vertex 90.7693 8.27674 23.5
      vertex 91.15 8.53109 2.5
      vertex 90.7693 8.27674 2.5
    endloop
  endfacet
  facet normal -0.946966 0.321335 0
    outer loop
      vertex 11.6193 76.8059 2.5
      vertex 11.7664 77.2394 13
      vertex 11.7664 77.2394 2.5
    endloop
  endfacet
  facet normal -0.946966 0.321335 0
    outer loop
      vertex 11.7664 77.2394 13
      vertex 11.6193 76.8059 2.5
      vertex 11.6193 76.8059 13
    endloop
  endfacet
  facet normal 0.195234 0.980757 -0
    outer loop
      vertex 15.9059 79.2807 2.5
      vertex 15.4568 79.3701 13
      vertex 15.9059 79.2807 13
    endloop
  endfacet
  facet normal 0.195234 0.980757 0
    outer loop
      vertex 15.4568 79.3701 13
      vertex 15.9059 79.2807 2.5
      vertex 15.4568 79.3701 2.5
    endloop
  endfacet
  facet normal 0.980757 -0.195234 0
    outer loop
      vertex 18.3807 74.9941 13
      vertex 18.4701 75.4432 2.5
      vertex 18.4701 75.4432 13
    endloop
  endfacet
  facet normal 0.980757 -0.195234 0
    outer loop
      vertex 18.4701 75.4432 2.5
      vertex 18.3807 74.9941 13
      vertex 18.3807 74.9941 2.5
    endloop
  endfacet
  facet normal 0.997865 -0.0653156 0
    outer loop
      vertex 18.4701 75.4432 13
      vertex 18.5 75.9 2.5
      vertex 18.5 75.9 13
    endloop
  endfacet
  facet normal 0.997865 -0.0653156 0
    outer loop
      vertex 18.5 75.9 2.5
      vertex 18.4701 75.4432 13
      vertex 18.4701 75.4432 2.5
    endloop
  endfacet
  facet normal -0.442314 -0.89686 0
    outer loop
      vertex 13.25 72.8689 2.5
      vertex 13.6606 72.6664 13
      vertex 13.25 72.8689 13
    endloop
  endfacet
  facet normal -0.442314 -0.89686 -0
    outer loop
      vertex 13.6606 72.6664 13
      vertex 13.25 72.8689 2.5
      vertex 13.6606 72.6664 2.5
    endloop
  endfacet
  facet normal 0.946966 -0.321335 0
    outer loop
      vertex 18.2336 74.5606 13
      vertex 18.3807 74.9941 2.5
      vertex 18.3807 74.9941 13
    endloop
  endfacet
  facet normal 0.946966 -0.321335 0
    outer loop
      vertex 18.3807 74.9941 2.5
      vertex 18.2336 74.5606 13
      vertex 18.2336 74.5606 2.5
    endloop
  endfacet
  facet normal 0.89686 0.442314 0
    outer loop
      vertex 18.2336 77.2394 13
      vertex 18.0311 77.65 2.5
      vertex 18.0311 77.65 13
    endloop
  endfacet
  facet normal 0.89686 0.442314 0
    outer loop
      vertex 18.0311 77.65 2.5
      vertex 18.2336 77.2394 13
      vertex 18.2336 77.2394 2.5
    endloop
  endfacet
  facet normal 0.997865 0.0653156 0
    outer loop
      vertex 18.5 75.9 13
      vertex 18.4701 76.3568 2.5
      vertex 18.4701 76.3568 13
    endloop
  endfacet
  facet normal 0.997865 0.0653156 0
    outer loop
      vertex 18.4701 76.3568 2.5
      vertex 18.5 75.9 13
      vertex 18.5 75.9 2.5
    endloop
  endfacet
  facet normal 0.659278 -0.7519 0
    outer loop
      vertex 17.1307 73.1233 2.5
      vertex 17.4749 73.4251 13
      vertex 17.1307 73.1233 13
    endloop
  endfacet
  facet normal 0.659278 -0.7519 0
    outer loop
      vertex 17.4749 73.4251 13
      vertex 17.1307 73.1233 2.5
      vertex 17.4749 73.4251 2.5
    endloop
  endfacet
  facet normal -0.659278 -0.7519 0
    outer loop
      vertex 12.5251 73.4251 2.5
      vertex 12.8693 73.1233 13
      vertex 12.5251 73.4251 13
    endloop
  endfacet
  facet normal -0.659278 -0.7519 -0
    outer loop
      vertex 12.8693 73.1233 13
      vertex 12.5251 73.4251 2.5
      vertex 12.8693 73.1233 2.5
    endloop
  endfacet
  facet normal 0.0653156 -0.997865 0
    outer loop
      vertex 15 72.4 2.5
      vertex 15.4568 72.4299 13
      vertex 15 72.4 13
    endloop
  endfacet
  facet normal 0.0653156 -0.997865 0
    outer loop
      vertex 15.4568 72.4299 13
      vertex 15 72.4 2.5
      vertex 15.4568 72.4299 2.5
    endloop
  endfacet
  facet normal -0.997865 -0.0653156 0
    outer loop
      vertex 11.5299 75.4432 2.5
      vertex 11.5 75.9 13
      vertex 11.5 75.9 2.5
    endloop
  endfacet
  facet normal -0.997865 -0.0653156 0
    outer loop
      vertex 11.5 75.9 13
      vertex 11.5299 75.4432 2.5
      vertex 11.5299 75.4432 13
    endloop
  endfacet
  facet normal -0.7519 0.659278 0
    outer loop
      vertex 12.2233 78.0307 2.5
      vertex 12.5251 78.3749 13
      vertex 12.5251 78.3749 2.5
    endloop
  endfacet
  facet normal -0.7519 0.659278 0
    outer loop
      vertex 12.5251 78.3749 13
      vertex 12.2233 78.0307 2.5
      vertex 12.2233 78.0307 13
    endloop
  endfacet
  facet normal -0.980757 0.195234 0
    outer loop
      vertex 11.5299 76.3568 2.5
      vertex 11.6193 76.8059 13
      vertex 11.6193 76.8059 2.5
    endloop
  endfacet
  facet normal -0.980757 0.195234 0
    outer loop
      vertex 11.6193 76.8059 13
      vertex 11.5299 76.3568 2.5
      vertex 11.5299 76.3568 13
    endloop
  endfacet
  facet normal 0.831445 0.555607 0
    outer loop
      vertex 18.0311 77.65 13
      vertex 17.7767 78.0307 2.5
      vertex 17.7767 78.0307 13
    endloop
  endfacet
  facet normal 0.831445 0.555607 0
    outer loop
      vertex 17.7767 78.0307 2.5
      vertex 18.0311 77.65 13
      vertex 18.0311 77.65 2.5
    endloop
  endfacet
  facet normal -0.89686 -0.442314 0
    outer loop
      vertex 11.9689 74.15 2.5
      vertex 11.7664 74.5606 13
      vertex 11.7664 74.5606 2.5
    endloop
  endfacet
  facet normal -0.89686 -0.442314 0
    outer loop
      vertex 11.7664 74.5606 13
      vertex 11.9689 74.15 2.5
      vertex 11.9689 74.15 13
    endloop
  endfacet
  facet normal -0.831445 0.555607 0
    outer loop
      vertex 11.9689 77.65 2.5
      vertex 12.2233 78.0307 13
      vertex 12.2233 78.0307 2.5
    endloop
  endfacet
  facet normal -0.831445 0.555607 0
    outer loop
      vertex 12.2233 78.0307 13
      vertex 11.9689 77.65 2.5
      vertex 11.9689 77.65 13
    endloop
  endfacet
  facet normal -0.831445 -0.555607 0
    outer loop
      vertex 12.2233 73.7693 2.5
      vertex 11.9689 74.15 13
      vertex 11.9689 74.15 2.5
    endloop
  endfacet
  facet normal -0.831445 -0.555607 0
    outer loop
      vertex 11.9689 74.15 13
      vertex 12.2233 73.7693 2.5
      vertex 12.2233 73.7693 13
    endloop
  endfacet
  facet normal -0.0653156 -0.997865 0
    outer loop
      vertex 14.5432 72.4299 2.5
      vertex 15 72.4 13
      vertex 14.5432 72.4299 13
    endloop
  endfacet
  facet normal -0.0653156 -0.997865 -0
    outer loop
      vertex 15 72.4 13
      vertex 14.5432 72.4299 2.5
      vertex 15 72.4 2.5
    endloop
  endfacet
  facet normal -0.321335 -0.946966 0
    outer loop
      vertex 13.6606 72.6664 2.5
      vertex 14.0941 72.5193 13
      vertex 13.6606 72.6664 13
    endloop
  endfacet
  facet normal -0.321335 -0.946966 -0
    outer loop
      vertex 14.0941 72.5193 13
      vertex 13.6606 72.6664 2.5
      vertex 14.0941 72.5193 2.5
    endloop
  endfacet
  facet normal -0.321335 0.946966 0
    outer loop
      vertex 14.0941 79.2807 2.5
      vertex 13.6606 79.1336 13
      vertex 14.0941 79.2807 13
    endloop
  endfacet
  facet normal -0.321335 0.946966 0
    outer loop
      vertex 13.6606 79.1336 13
      vertex 14.0941 79.2807 2.5
      vertex 13.6606 79.1336 2.5
    endloop
  endfacet
  facet normal 0.442314 -0.89686 0
    outer loop
      vertex 16.3394 72.6664 2.5
      vertex 16.75 72.8689 13
      vertex 16.3394 72.6664 13
    endloop
  endfacet
  facet normal 0.442314 -0.89686 0
    outer loop
      vertex 16.75 72.8689 13
      vertex 16.3394 72.6664 2.5
      vertex 16.75 72.8689 2.5
    endloop
  endfacet
  facet normal 0.0653156 0.997865 -0
    outer loop
      vertex 15.4568 79.3701 2.5
      vertex 15 79.4 13
      vertex 15.4568 79.3701 13
    endloop
  endfacet
  facet normal 0.0653156 0.997865 0
    outer loop
      vertex 15 79.4 13
      vertex 15.4568 79.3701 2.5
      vertex 15 79.4 2.5
    endloop
  endfacet
  facet normal 0.555607 0.831445 -0
    outer loop
      vertex 17.1307 78.6767 2.5
      vertex 16.75 78.9311 13
      vertex 17.1307 78.6767 13
    endloop
  endfacet
  facet normal 0.555607 0.831445 0
    outer loop
      vertex 16.75 78.9311 13
      vertex 17.1307 78.6767 2.5
      vertex 16.75 78.9311 2.5
    endloop
  endfacet
  facet normal 0.980757 0.195234 0
    outer loop
      vertex 18.4701 76.3568 13
      vertex 18.3807 76.8059 2.5
      vertex 18.3807 76.8059 13
    endloop
  endfacet
  facet normal 0.980757 0.195234 0
    outer loop
      vertex 18.3807 76.8059 2.5
      vertex 18.4701 76.3568 13
      vertex 18.4701 76.3568 2.5
    endloop
  endfacet
  facet normal -0.7519 -0.659278 0
    outer loop
      vertex 12.5251 73.4251 2.5
      vertex 12.2233 73.7693 13
      vertex 12.2233 73.7693 2.5
    endloop
  endfacet
  facet normal -0.7519 -0.659278 0
    outer loop
      vertex 12.2233 73.7693 13
      vertex 12.5251 73.4251 2.5
      vertex 12.5251 73.4251 13
    endloop
  endfacet
  facet normal -0.980757 -0.195234 0
    outer loop
      vertex 11.6193 74.9941 2.5
      vertex 11.5299 75.4432 13
      vertex 11.5299 75.4432 2.5
    endloop
  endfacet
  facet normal -0.980757 -0.195234 0
    outer loop
      vertex 11.5299 75.4432 13
      vertex 11.6193 74.9941 2.5
      vertex 11.6193 74.9941 13
    endloop
  endfacet
  facet normal 0.831445 -0.555607 0
    outer loop
      vertex 17.7767 73.7693 13
      vertex 18.0311 74.15 2.5
      vertex 18.0311 74.15 13
    endloop
  endfacet
  facet normal 0.831445 -0.555607 0
    outer loop
      vertex 18.0311 74.15 2.5
      vertex 17.7767 73.7693 13
      vertex 17.7767 73.7693 2.5
    endloop
  endfacet
  facet normal 0.555607 -0.831445 0
    outer loop
      vertex 16.75 72.8689 2.5
      vertex 17.1307 73.1233 13
      vertex 16.75 72.8689 13
    endloop
  endfacet
  facet normal 0.555607 -0.831445 0
    outer loop
      vertex 17.1307 73.1233 13
      vertex 16.75 72.8689 2.5
      vertex 17.1307 73.1233 2.5
    endloop
  endfacet
  facet normal -0.997865 0.0653156 0
    outer loop
      vertex 11.5 75.9 2.5
      vertex 11.5299 76.3568 13
      vertex 11.5299 76.3568 2.5
    endloop
  endfacet
  facet normal -0.997865 0.0653156 0
    outer loop
      vertex 11.5299 76.3568 13
      vertex 11.5 75.9 2.5
      vertex 11.5 75.9 13
    endloop
  endfacet
  facet normal 0.321335 -0.946966 0
    outer loop
      vertex 15.9059 72.5193 2.5
      vertex 16.3394 72.6664 13
      vertex 15.9059 72.5193 13
    endloop
  endfacet
  facet normal 0.321335 -0.946966 0
    outer loop
      vertex 16.3394 72.6664 13
      vertex 15.9059 72.5193 2.5
      vertex 16.3394 72.6664 2.5
    endloop
  endfacet
  facet normal 0.659278 0.7519 -0
    outer loop
      vertex 17.4749 78.3749 2.5
      vertex 17.1307 78.6767 13
      vertex 17.4749 78.3749 13
    endloop
  endfacet
  facet normal 0.659278 0.7519 0
    outer loop
      vertex 17.1307 78.6767 13
      vertex 17.4749 78.3749 2.5
      vertex 17.1307 78.6767 2.5
    endloop
  endfacet
  facet normal -0.195234 -0.980757 0
    outer loop
      vertex 14.0941 72.5193 2.5
      vertex 14.5432 72.4299 13
      vertex 14.0941 72.5193 13
    endloop
  endfacet
  facet normal -0.195234 -0.980757 -0
    outer loop
      vertex 14.5432 72.4299 13
      vertex 14.0941 72.5193 2.5
      vertex 14.5432 72.4299 2.5
    endloop
  endfacet
  facet normal 0.89686 -0.442314 0
    outer loop
      vertex 18.0311 74.15 13
      vertex 18.2336 74.5606 2.5
      vertex 18.2336 74.5606 13
    endloop
  endfacet
  facet normal 0.89686 -0.442314 0
    outer loop
      vertex 18.2336 74.5606 2.5
      vertex 18.0311 74.15 13
      vertex 18.0311 74.15 2.5
    endloop
  endfacet
  facet normal -0.555607 0.831445 0
    outer loop
      vertex 13.25 78.9311 2.5
      vertex 12.8693 78.6767 13
      vertex 13.25 78.9311 13
    endloop
  endfacet
  facet normal -0.555607 0.831445 0
    outer loop
      vertex 12.8693 78.6767 13
      vertex 13.25 78.9311 2.5
      vertex 12.8693 78.6767 2.5
    endloop
  endfacet
  facet normal -0.659278 0.7519 0
    outer loop
      vertex 12.8693 78.6767 2.5
      vertex 12.5251 78.3749 13
      vertex 12.8693 78.6767 13
    endloop
  endfacet
  facet normal -0.659278 0.7519 0
    outer loop
      vertex 12.5251 78.3749 13
      vertex 12.8693 78.6767 2.5
      vertex 12.5251 78.3749 2.5
    endloop
  endfacet
  facet normal 0.7519 0.659278 0
    outer loop
      vertex 17.7767 78.0307 13
      vertex 17.4749 78.3749 2.5
      vertex 17.4749 78.3749 13
    endloop
  endfacet
  facet normal 0.7519 0.659278 0
    outer loop
      vertex 17.4749 78.3749 2.5
      vertex 17.7767 78.0307 13
      vertex 17.7767 78.0307 2.5
    endloop
  endfacet
  facet normal 0 0 1
    outer loop
      vertex 17 75.9 13
      vertex 18.5 75.9 13
      vertex 18.4701 76.3568 13
    endloop
  endfacet
  facet normal 0 0 1
    outer loop
      vertex 16.9829 76.1611 13
      vertex 18.4701 76.3568 13
      vertex 18.3807 76.8059 13
    endloop
  endfacet
  facet normal 0 0 1
    outer loop
      vertex 18.5 75.9 13
      vertex 17 75.9 13
      vertex 18.4701 75.4432 13
    endloop
  endfacet
  facet normal 0 0 1
    outer loop
      vertex 16.9319 76.4176 13
      vertex 18.3807 76.8059 13
      vertex 18.2336 77.2394 13
    endloop
  endfacet
  facet normal -0 0 1
    outer loop
      vertex 16.9829 75.6389 13
      vertex 18.4701 75.4432 13
      vertex 17 75.9 13
    endloop
  endfacet
  facet normal 0 0 1
    outer loop
      vertex 16.8478 76.6654 13
      vertex 18.2336 77.2394 13
      vertex 18.0311 77.65 13
    endloop
  endfacet
  facet normal 0 0 1
    outer loop
      vertex 18.4701 75.4432 13
      vertex 16.9829 75.6389 13
      vertex 18.3807 74.9941 13
    endloop
  endfacet
  facet normal 0 0 1
    outer loop
      vertex 16.732 76.9 13
      vertex 18.0311 77.65 13
      vertex 17.7767 78.0307 13
    endloop
  endfacet
  facet normal -0 0 1
    outer loop
      vertex 16.9319 75.3824 13
      vertex 18.3807 74.9941 13
      vertex 16.9829 75.6389 13
    endloop
  endfacet
  facet normal 0 0 1
    outer loop
      vertex 16.5867 77.1175 13
      vertex 17.7767 78.0307 13
      vertex 17.4749 78.3749 13
    endloop
  endfacet
  facet normal 0 0 1
    outer loop
      vertex 18.3807 74.9941 13
      vertex 16.9319 75.3824 13
      vertex 18.2336 74.5606 13
    endloop
  endfacet
  facet normal 0 0 1
    outer loop
      vertex 16.4142 77.3142 13
      vertex 17.4749 78.3749 13
      vertex 17.1307 78.6767 13
    endloop
  endfacet
  facet normal -0 0 1
    outer loop
      vertex 16.8478 75.1346 13
      vertex 18.2336 74.5606 13
      vertex 16.9319 75.3824 13
    endloop
  endfacet
  facet normal 0 0 1
    outer loop
      vertex 18.2336 74.5606 13
      vertex 16.8478 75.1346 13
      vertex 18.0311 74.15 13
    endloop
  endfacet
  facet normal 0 0 1
    outer loop
      vertex 18.4701 76.3568 13
      vertex 16.9829 76.1611 13
      vertex 17 75.9 13
    endloop
  endfacet
  facet normal 0 0 1
    outer loop
      vertex 18.3807 76.8059 13
      vertex 16.9319 76.4176 13
      vertex 16.9829 76.1611 13
    endloop
  endfacet
  facet normal 0 0 1
    outer loop
      vertex 18.2336 77.2394 13
      vertex 16.8478 76.6654 13
      vertex 16.9319 76.4176 13
    endloop
  endfacet
  facet normal 0 0 1
    outer loop
      vertex 16.2175 77.4867 13
      vertex 17.1307 78.6767 13
      vertex 16.75 78.9311 13
    endloop
  endfacet
  facet normal 0 0 1
    outer loop
      vertex 18.0311 77.65 13
      vertex 16.732 76.9 13
      vertex 16.8478 76.6654 13
    endloop
  endfacet
  facet normal 0 0 1
    outer loop
      vertex 17.7767 78.0307 13
      vertex 16.5867 77.1175 13
      vertex 16.732 76.9 13
    endloop
  endfacet
  facet normal 0 0 1
    outer loop
      vertex 17.4749 78.3749 13
      vertex 16.4142 77.3142 13
      vertex 16.5867 77.1175 13
    endloop
  endfacet
  facet normal 0 0 1
    outer loop
      vertex 16 77.632 13
      vertex 16.75 78.9311 13
      vertex 16.3394 79.1336 13
    endloop
  endfacet
  facet normal 0 0 1
    outer loop
      vertex 17.1307 78.6767 13
      vertex 16.2175 77.4867 13
      vertex 16.4142 77.3142 13
    endloop
  endfacet
  facet normal 0 0 1
    outer loop
      vertex 16.75 78.9311 13
      vertex 16 77.632 13
      vertex 16.2175 77.4867 13
    endloop
  endfacet
  facet normal 0 0 1
    outer loop
      vertex 15.7654 77.7478 13
      vertex 16.3394 79.1336 13
      vertex 15.9059 79.2807 13
    endloop
  endfacet
  facet normal 0 0 1
    outer loop
      vertex 16.3394 79.1336 13
      vertex 15.7654 77.7478 13
      vertex 16 77.632 13
    endloop
  endfacet
  facet normal 0 0 1
    outer loop
      vertex 15.9059 79.2807 13
      vertex 15.5176 77.8319 13
      vertex 15.7654 77.7478 13
    endloop
  endfacet
  facet normal 0 0 1
    outer loop
      vertex 15.4568 79.3701 13
      vertex 15.5176 77.8319 13
      vertex 15.9059 79.2807 13
    endloop
  endfacet
  facet normal 0 0 1
    outer loop
      vertex 15.4568 79.3701 13
      vertex 15.2611 77.8829 13
      vertex 15.5176 77.8319 13
    endloop
  endfacet
  facet normal 0 0 1
    outer loop
      vertex 15 79.4 13
      vertex 15.2611 77.8829 13
      vertex 15.4568 79.3701 13
    endloop
  endfacet
  facet normal 0 0 1
    outer loop
      vertex 15 79.4 13
      vertex 15 77.9 13
      vertex 15.2611 77.8829 13
    endloop
  endfacet
  facet normal 0 0 1
    outer loop
      vertex 15 79.4 13
      vertex 14.7389 77.8829 13
      vertex 15 77.9 13
    endloop
  endfacet
  facet normal -0 0 1
    outer loop
      vertex 14.5432 79.3701 13
      vertex 14.7389 77.8829 13
      vertex 15 79.4 13
    endloop
  endfacet
  facet normal 0 0 1
    outer loop
      vertex 14.5432 79.3701 13
      vertex 14.4824 77.8319 13
      vertex 14.7389 77.8829 13
    endloop
  endfacet
  facet normal -0 0 1
    outer loop
      vertex 14.0941 79.2807 13
      vertex 14.4824 77.8319 13
      vertex 14.5432 79.3701 13
    endloop
  endfacet
  facet normal 0 0 1
    outer loop
      vertex 14.4824 77.8319 13
      vertex 14.0941 79.2807 13
      vertex 14.2346 77.7478 13
    endloop
  endfacet
  facet normal -0 0 1
    outer loop
      vertex 13.6606 79.1336 13
      vertex 14.2346 77.7478 13
      vertex 14.0941 79.2807 13
    endloop
  endfacet
  facet normal 0 0 1
    outer loop
      vertex 14.2346 77.7478 13
      vertex 13.6606 79.1336 13
      vertex 14 77.632 13
    endloop
  endfacet
  facet normal -0 0 1
    outer loop
      vertex 13.25 78.9311 13
      vertex 14 77.632 13
      vertex 13.6606 79.1336 13
    endloop
  endfacet
  facet normal 0 0 1
    outer loop
      vertex 14 77.632 13
      vertex 13.25 78.9311 13
      vertex 13.7825 77.4867 13
    endloop
  endfacet
  facet normal -0 0 1
    outer loop
      vertex 12.8693 78.6767 13
      vertex 13.7825 77.4867 13
      vertex 13.25 78.9311 13
    endloop
  endfacet
  facet normal 0 0 1
    outer loop
      vertex 13.7825 77.4867 13
      vertex 12.8693 78.6767 13
      vertex 13.5858 77.3142 13
    endloop
  endfacet
  facet normal -0 0 1
    outer loop
      vertex 12.5251 78.3749 13
      vertex 13.5858 77.3142 13
      vertex 12.8693 78.6767 13
    endloop
  endfacet
  facet normal 0 0 1
    outer loop
      vertex 13.5858 77.3142 13
      vertex 12.5251 78.3749 13
      vertex 13.4133 77.1175 13
    endloop
  endfacet
  facet normal -0 0 1
    outer loop
      vertex 12.2233 78.0307 13
      vertex 13.4133 77.1175 13
      vertex 12.5251 78.3749 13
    endloop
  endfacet
  facet normal 0 0 1
    outer loop
      vertex 13.4133 77.1175 13
      vertex 12.2233 78.0307 13
      vertex 13.2679 76.9 13
    endloop
  endfacet
  facet normal 0 0 1
    outer loop
      vertex 13.2679 76.9 13
      vertex 11.9689 77.65 13
      vertex 13.1522 76.6654 13
    endloop
  endfacet
  facet normal -0 0 1
    outer loop
      vertex 11.9689 77.65 13
      vertex 13.2679 76.9 13
      vertex 12.2233 78.0307 13
    endloop
  endfacet
  facet normal -0 0 1
    outer loop
      vertex 16.732 74.9 13
      vertex 18.0311 74.15 13
      vertex 16.8478 75.1346 13
    endloop
  endfacet
  facet normal 0 0 1
    outer loop
      vertex 18.0311 74.15 13
      vertex 16.732 74.9 13
      vertex 17.7767 73.7693 13
    endloop
  endfacet
  facet normal -0 0 1
    outer loop
      vertex 16.5867 74.6825 13
      vertex 17.7767 73.7693 13
      vertex 16.732 74.9 13
    endloop
  endfacet
  facet normal 0 0 1
    outer loop
      vertex 17.7767 73.7693 13
      vertex 16.5867 74.6825 13
      vertex 17.4749 73.4251 13
    endloop
  endfacet
  facet normal -0 0 1
    outer loop
      vertex 16.4142 74.4858 13
      vertex 17.4749 73.4251 13
      vertex 16.5867 74.6825 13
    endloop
  endfacet
  facet normal 0 0 1
    outer loop
      vertex 17.4749 73.4251 13
      vertex 16.4142 74.4858 13
      vertex 17.1307 73.1233 13
    endloop
  endfacet
  facet normal -0 0 1
    outer loop
      vertex 16.2175 74.3133 13
      vertex 17.1307 73.1233 13
      vertex 16.4142 74.4858 13
    endloop
  endfacet
  facet normal 0 0 1
    outer loop
      vertex 17.1307 73.1233 13
      vertex 16.2175 74.3133 13
      vertex 16.75 72.8689 13
    endloop
  endfacet
  facet normal -0 0 1
    outer loop
      vertex 16 74.168 13
      vertex 16.75 72.8689 13
      vertex 16.2175 74.3133 13
    endloop
  endfacet
  facet normal 0 0 1
    outer loop
      vertex 16.75 72.8689 13
      vertex 16 74.168 13
      vertex 16.3394 72.6664 13
    endloop
  endfacet
  facet normal -0 0 1
    outer loop
      vertex 15.7654 74.0522 13
      vertex 16.3394 72.6664 13
      vertex 16 74.168 13
    endloop
  endfacet
  facet normal 0 0 1
    outer loop
      vertex 16.3394 72.6664 13
      vertex 15.7654 74.0522 13
      vertex 15.9059 72.5193 13
    endloop
  endfacet
  facet normal -0 0 1
    outer loop
      vertex 15.5176 73.9681 13
      vertex 15.9059 72.5193 13
      vertex 15.7654 74.0522 13
    endloop
  endfacet
  facet normal 0 0 1
    outer loop
      vertex 15.5176 73.9681 13
      vertex 15.4568 72.4299 13
      vertex 15.9059 72.5193 13
    endloop
  endfacet
  facet normal -0 0 1
    outer loop
      vertex 15.2611 73.9171 13
      vertex 15.4568 72.4299 13
      vertex 15.5176 73.9681 13
    endloop
  endfacet
  facet normal -0 0 1
    outer loop
      vertex 15 73.9 13
      vertex 15.4568 72.4299 13
      vertex 15.2611 73.9171 13
    endloop
  endfacet
  facet normal 0 0 1
    outer loop
      vertex 15 73.9 13
      vertex 15 72.4 13
      vertex 15.4568 72.4299 13
    endloop
  endfacet
  facet normal 0 0 1
    outer loop
      vertex 14.7389 73.9171 13
      vertex 15 72.4 13
      vertex 15 73.9 13
    endloop
  endfacet
  facet normal 0 0 1
    outer loop
      vertex 14.7389 73.9171 13
      vertex 14.5432 72.4299 13
      vertex 15 72.4 13
    endloop
  endfacet
  facet normal 0 0 1
    outer loop
      vertex 14.4824 73.9681 13
      vertex 14.5432 72.4299 13
      vertex 14.7389 73.9171 13
    endloop
  endfacet
  facet normal 0 0 1
    outer loop
      vertex 14.0941 72.5193 13
      vertex 14.4824 73.9681 13
      vertex 14.2346 74.0522 13
    endloop
  endfacet
  facet normal 0 0 1
    outer loop
      vertex 14.4824 73.9681 13
      vertex 14.0941 72.5193 13
      vertex 14.5432 72.4299 13
    endloop
  endfacet
  facet normal 0 0 1
    outer loop
      vertex 13.6606 72.6664 13
      vertex 14.2346 74.0522 13
      vertex 14 74.168 13
    endloop
  endfacet
  facet normal 0 0 1
    outer loop
      vertex 13.25 72.8689 13
      vertex 14 74.168 13
      vertex 13.7825 74.3133 13
    endloop
  endfacet
  facet normal 0 0 1
    outer loop
      vertex 14.2346 74.0522 13
      vertex 13.6606 72.6664 13
      vertex 14.0941 72.5193 13
    endloop
  endfacet
  facet normal 0 0 1
    outer loop
      vertex 12.8693 73.1233 13
      vertex 13.7825 74.3133 13
      vertex 13.5858 74.4858 13
    endloop
  endfacet
  facet normal 0 0 1
    outer loop
      vertex 12.5251 73.4251 13
      vertex 13.5858 74.4858 13
      vertex 13.4133 74.6825 13
    endloop
  endfacet
  facet normal 0 0 1
    outer loop
      vertex 12.2233 73.7693 13
      vertex 13.4133 74.6825 13
      vertex 13.2679 74.9 13
    endloop
  endfacet
  facet normal 0 0 1
    outer loop
      vertex 14 74.168 13
      vertex 13.25 72.8689 13
      vertex 13.6606 72.6664 13
    endloop
  endfacet
  facet normal 0 0 1
    outer loop
      vertex 11.9689 74.15 13
      vertex 13.2679 74.9 13
      vertex 13.1522 75.1346 13
    endloop
  endfacet
  facet normal 0 0 1
    outer loop
      vertex 11.7664 74.5606 13
      vertex 13.1522 75.1346 13
      vertex 13.0681 75.3824 13
    endloop
  endfacet
  facet normal 0 0 1
    outer loop
      vertex 11.6193 74.9941 13
      vertex 13.0681 75.3824 13
      vertex 13.0171 75.6389 13
    endloop
  endfacet
  facet normal 0 0 1
    outer loop
      vertex 13.7825 74.3133 13
      vertex 12.8693 73.1233 13
      vertex 13.25 72.8689 13
    endloop
  endfacet
  facet normal 0 0 1
    outer loop
      vertex 11.5299 75.4432 13
      vertex 13.0171 75.6389 13
      vertex 13 75.9 13
    endloop
  endfacet
  facet normal -0 0 1
    outer loop
      vertex 11.7664 77.2394 13
      vertex 13.1522 76.6654 13
      vertex 11.9689 77.65 13
    endloop
  endfacet
  facet normal 0 0 1
    outer loop
      vertex 13.1522 76.6654 13
      vertex 11.7664 77.2394 13
      vertex 13.0681 76.4176 13
    endloop
  endfacet
  facet normal 0 0 1
    outer loop
      vertex 13.5858 74.4858 13
      vertex 12.5251 73.4251 13
      vertex 12.8693 73.1233 13
    endloop
  endfacet
  facet normal -0 0 1
    outer loop
      vertex 11.6193 76.8059 13
      vertex 13.0681 76.4176 13
      vertex 11.7664 77.2394 13
    endloop
  endfacet
  facet normal 0 0 1
    outer loop
      vertex 13.4133 74.6825 13
      vertex 12.2233 73.7693 13
      vertex 12.5251 73.4251 13
    endloop
  endfacet
  facet normal 0 0 1
    outer loop
      vertex 13.0681 76.4176 13
      vertex 11.6193 76.8059 13
      vertex 13.0171 76.1611 13
    endloop
  endfacet
  facet normal 0 0 1
    outer loop
      vertex 13.2679 74.9 13
      vertex 11.9689 74.15 13
      vertex 12.2233 73.7693 13
    endloop
  endfacet
  facet normal -0 0 1
    outer loop
      vertex 11.5299 76.3568 13
      vertex 13.0171 76.1611 13
      vertex 11.6193 76.8059 13
    endloop
  endfacet
  facet normal 0 0 1
    outer loop
      vertex 13.1522 75.1346 13
      vertex 11.7664 74.5606 13
      vertex 11.9689 74.15 13
    endloop
  endfacet
  facet normal 0 0 1
    outer loop
      vertex 13.0171 76.1611 13
      vertex 11.5299 76.3568 13
      vertex 13 75.9 13
    endloop
  endfacet
  facet normal 0 0 1
    outer loop
      vertex 13.0681 75.3824 13
      vertex 11.6193 74.9941 13
      vertex 11.7664 74.5606 13
    endloop
  endfacet
  facet normal 0 0 1
    outer loop
      vertex 11.5 75.9 13
      vertex 13 75.9 13
      vertex 11.5299 76.3568 13
    endloop
  endfacet
  facet normal 0 0 1
    outer loop
      vertex 13.0171 75.6389 13
      vertex 11.5299 75.4432 13
      vertex 11.6193 74.9941 13
    endloop
  endfacet
  facet normal 0 0 1
    outer loop
      vertex 13 75.9 13
      vertex 11.5 75.9 13
      vertex 11.5299 75.4432 13
    endloop
  endfacet
  facet normal -0.89686 0.442314 0
    outer loop
      vertex 11.7664 77.2394 2.5
      vertex 11.9689 77.65 13
      vertex 11.9689 77.65 2.5
    endloop
  endfacet
  facet normal -0.89686 0.442314 0
    outer loop
      vertex 11.9689 77.65 13
      vertex 11.7664 77.2394 2.5
      vertex 11.7664 77.2394 13
    endloop
  endfacet
  facet normal -0.0653156 0.997865 0
    outer loop
      vertex 15 79.4 2.5
      vertex 14.5432 79.3701 13
      vertex 15 79.4 13
    endloop
  endfacet
  facet normal -0.0653156 0.997865 0
    outer loop
      vertex 14.5432 79.3701 13
      vertex 15 79.4 2.5
      vertex 14.5432 79.3701 2.5
    endloop
  endfacet
  facet normal 0.7519 -0.659278 0
    outer loop
      vertex 17.4749 73.4251 13
      vertex 17.7767 73.7693 2.5
      vertex 17.7767 73.7693 13
    endloop
  endfacet
  facet normal 0.7519 -0.659278 0
    outer loop
      vertex 17.7767 73.7693 2.5
      vertex 17.4749 73.4251 13
      vertex 17.4749 73.4251 2.5
    endloop
  endfacet
  facet normal -0.555607 -0.831445 0
    outer loop
      vertex 12.8693 73.1233 2.5
      vertex 13.25 72.8689 13
      vertex 12.8693 73.1233 13
    endloop
  endfacet
  facet normal -0.555607 -0.831445 -0
    outer loop
      vertex 13.25 72.8689 13
      vertex 12.8693 73.1233 2.5
      vertex 13.25 72.8689 2.5
    endloop
  endfacet
  facet normal 0.321335 0.946966 -0
    outer loop
      vertex 16.3394 79.1336 2.5
      vertex 15.9059 79.2807 13
      vertex 16.3394 79.1336 13
    endloop
  endfacet
  facet normal 0.321335 0.946966 0
    outer loop
      vertex 15.9059 79.2807 13
      vertex 16.3394 79.1336 2.5
      vertex 15.9059 79.2807 2.5
    endloop
  endfacet
  facet normal 0.442314 0.89686 -0
    outer loop
      vertex 16.75 78.9311 2.5
      vertex 16.3394 79.1336 13
      vertex 16.75 78.9311 13
    endloop
  endfacet
  facet normal 0.442314 0.89686 0
    outer loop
      vertex 16.3394 79.1336 13
      vertex 16.75 78.9311 2.5
      vertex 16.3394 79.1336 2.5
    endloop
  endfacet
  facet normal 0.946966 0.321335 0
    outer loop
      vertex 18.3807 76.8059 13
      vertex 18.2336 77.2394 2.5
      vertex 18.2336 77.2394 13
    endloop
  endfacet
  facet normal 0.946966 0.321335 0
    outer loop
      vertex 18.2336 77.2394 2.5
      vertex 18.3807 76.8059 13
      vertex 18.3807 76.8059 2.5
    endloop
  endfacet
  facet normal -0.195234 0.980757 0
    outer loop
      vertex 14.5432 79.3701 2.5
      vertex 14.0941 79.2807 13
      vertex 14.5432 79.3701 13
    endloop
  endfacet
  facet normal -0.195234 0.980757 0
    outer loop
      vertex 14.0941 79.2807 13
      vertex 14.5432 79.3701 2.5
      vertex 14.0941 79.2807 2.5
    endloop
  endfacet
  facet normal 0.195234 -0.980757 0
    outer loop
      vertex 15.4568 72.4299 2.5
      vertex 15.9059 72.5193 13
      vertex 15.4568 72.4299 13
    endloop
  endfacet
  facet normal 0.195234 -0.980757 0
    outer loop
      vertex 15.9059 72.5193 13
      vertex 15.4568 72.4299 2.5
      vertex 15.9059 72.5193 2.5
    endloop
  endfacet
  facet normal -0.442314 0.89686 0
    outer loop
      vertex 13.6606 79.1336 2.5
      vertex 13.25 78.9311 13
      vertex 13.6606 79.1336 13
    endloop
  endfacet
  facet normal -0.442314 0.89686 0
    outer loop
      vertex 13.25 78.9311 13
      vertex 13.6606 79.1336 2.5
      vertex 13.25 78.9311 2.5
    endloop
  endfacet
  facet normal -0.946966 -0.321335 0
    outer loop
      vertex 11.7664 74.5606 2.5
      vertex 11.6193 74.9941 13
      vertex 11.6193 74.9941 2.5
    endloop
  endfacet
  facet normal -0.946966 -0.321335 0
    outer loop
      vertex 11.6193 74.9941 13
      vertex 11.7664 74.5606 2.5
      vertex 11.7664 74.5606 13
    endloop
  endfacet
  facet normal -0.980751 -0.195263 0
    outer loop
      vertex 11.6193 5.59413 2.5
      vertex 11.5299 6.04316 13
      vertex 11.5299 6.04316 2.5
    endloop
  endfacet
  facet normal -0.980751 -0.195263 0
    outer loop
      vertex 11.5299 6.04316 13
      vertex 11.6193 5.59413 2.5
      vertex 11.6193 5.59413 13
    endloop
  endfacet
  facet normal 0.980751 -0.195263 0
    outer loop
      vertex 18.3807 5.59413 13
      vertex 18.4701 6.04316 2.5
      vertex 18.4701 6.04316 13
    endloop
  endfacet
  facet normal 0.980751 -0.195263 0
    outer loop
      vertex 18.4701 6.04316 2.5
      vertex 18.3807 5.59413 13
      vertex 18.3807 5.59413 2.5
    endloop
  endfacet
  facet normal 0.997865 -0.0653099 0
    outer loop
      vertex 18.4701 6.04316 13
      vertex 18.5 6.5 2.5
      vertex 18.5 6.5 13
    endloop
  endfacet
  facet normal 0.997865 -0.0653099 0
    outer loop
      vertex 18.5 6.5 2.5
      vertex 18.4701 6.04316 13
      vertex 18.4701 6.04316 2.5
    endloop
  endfacet
  facet normal -0.751909 0.659267 0
    outer loop
      vertex 12.2233 8.63066 2.5
      vertex 12.5251 8.97487 13
      vertex 12.5251 8.97487 2.5
    endloop
  endfacet
  facet normal -0.751909 0.659267 0
    outer loop
      vertex 12.5251 8.97487 13
      vertex 12.2233 8.63066 2.5
      vertex 12.2233 8.63066 13
    endloop
  endfacet
  facet normal 0.997865 0.0653099 0
    outer loop
      vertex 18.5 6.5 13
      vertex 18.4701 6.95684 2.5
      vertex 18.4701 6.95684 13
    endloop
  endfacet
  facet normal 0.997865 0.0653099 0
    outer loop
      vertex 18.4701 6.95684 2.5
      vertex 18.5 6.5 13
      vertex 18.5 6.5 2.5
    endloop
  endfacet
  facet normal 0.555532 0.831495 -0
    outer loop
      vertex 17.1307 9.27674 2.5
      vertex 16.75 9.53109 13
      vertex 17.1307 9.27674 13
    endloop
  endfacet
  facet normal 0.555532 0.831495 0
    outer loop
      vertex 16.75 9.53109 13
      vertex 17.1307 9.27674 2.5
      vertex 16.75 9.53109 2.5
    endloop
  endfacet
  facet normal 0.980751 0.195263 0
    outer loop
      vertex 18.4701 6.95684 13
      vertex 18.3807 7.40587 2.5
      vertex 18.3807 7.40587 13
    endloop
  endfacet
  facet normal 0.980751 0.195263 0
    outer loop
      vertex 18.3807 7.40587 2.5
      vertex 18.4701 6.95684 13
      vertex 18.4701 6.95684 2.5
    endloop
  endfacet
  facet normal 0.321452 0.946926 -0
    outer loop
      vertex 16.3394 9.73358 2.5
      vertex 15.9059 9.88074 13
      vertex 16.3394 9.73358 13
    endloop
  endfacet
  facet normal 0.321452 0.946926 0
    outer loop
      vertex 15.9059 9.88074 13
      vertex 16.3394 9.73358 2.5
      vertex 15.9059 9.88074 2.5
    endloop
  endfacet
  facet normal -0.831418 0.555647 0
    outer loop
      vertex 11.9689 8.25 2.5
      vertex 12.2233 8.63066 13
      vertex 12.2233 8.63066 2.5
    endloop
  endfacet
  facet normal -0.831418 0.555647 0
    outer loop
      vertex 12.2233 8.63066 13
      vertex 11.9689 8.25 2.5
      vertex 11.9689 8.25 13
    endloop
  endfacet
  facet normal 0 0 1
    outer loop
      vertex 17 6.5 13
      vertex 18.5 6.5 13
      vertex 18.4701 6.95684 13
    endloop
  endfacet
  facet normal 0 0 1
    outer loop
      vertex 16.9829 6.76105 13
      vertex 18.4701 6.95684 13
      vertex 18.3807 7.40587 13
    endloop
  endfacet
  facet normal 0 0 1
    outer loop
      vertex 18.5 6.5 13
      vertex 17 6.5 13
      vertex 18.4701 6.04316 13
    endloop
  endfacet
  facet normal 0 0 1
    outer loop
      vertex 16.9319 7.01764 13
      vertex 18.3807 7.40587 13
      vertex 18.2336 7.83939 13
    endloop
  endfacet
  facet normal -0 0 1
    outer loop
      vertex 16.9829 6.23895 13
      vertex 18.4701 6.04316 13
      vertex 17 6.5 13
    endloop
  endfacet
  facet normal 0 0 1
    outer loop
      vertex 16.8478 7.26537 13
      vertex 18.2336 7.83939 13
      vertex 18.0311 8.25 13
    endloop
  endfacet
  facet normal 0 0 1
    outer loop
      vertex 18.4701 6.04316 13
      vertex 16.9829 6.23895 13
      vertex 18.3807 5.59413 13
    endloop
  endfacet
  facet normal 0 0 1
    outer loop
      vertex 16.732 7.5 13
      vertex 18.0311 8.25 13
      vertex 17.7767 8.63066 13
    endloop
  endfacet
  facet normal -0 0 1
    outer loop
      vertex 16.9319 5.98236 13
      vertex 18.3807 5.59413 13
      vertex 16.9829 6.23895 13
    endloop
  endfacet
  facet normal 0 0 1
    outer loop
      vertex 16.5867 7.71752 13
      vertex 17.7767 8.63066 13
      vertex 17.4749 8.97487 13
    endloop
  endfacet
  facet normal 0 0 1
    outer loop
      vertex 18.3807 5.59413 13
      vertex 16.9319 5.98236 13
      vertex 18.2336 5.16061 13
    endloop
  endfacet
  facet normal 0 0 1
    outer loop
      vertex 16.4142 7.91421 13
      vertex 17.4749 8.97487 13
      vertex 17.1307 9.27674 13
    endloop
  endfacet
  facet normal -0 0 1
    outer loop
      vertex 16.8478 5.73463 13
      vertex 18.2336 5.16061 13
      vertex 16.9319 5.98236 13
    endloop
  endfacet
  facet normal 0 0 1
    outer loop
      vertex 18.2336 5.16061 13
      vertex 16.8478 5.73463 13
      vertex 18.0311 4.75 13
    endloop
  endfacet
  facet normal 0 0 1
    outer loop
      vertex 18.4701 6.95684 13
      vertex 16.9829 6.76105 13
      vertex 17 6.5 13
    endloop
  endfacet
  facet normal 0 0 1
    outer loop
      vertex 18.3807 7.40587 13
      vertex 16.9319 7.01764 13
      vertex 16.9829 6.76105 13
    endloop
  endfacet
  facet normal 0 0 1
    outer loop
      vertex 18.2336 7.83939 13
      vertex 16.8478 7.26537 13
      vertex 16.9319 7.01764 13
    endloop
  endfacet
  facet normal 0 0 1
    outer loop
      vertex 16.2175 8.08671 13
      vertex 17.1307 9.27674 13
      vertex 16.75 9.53109 13
    endloop
  endfacet
  facet normal 0 0 1
    outer loop
      vertex 18.0311 8.25 13
      vertex 16.732 7.5 13
      vertex 16.8478 7.26537 13
    endloop
  endfacet
  facet normal 0 0 1
    outer loop
      vertex 17.7767 8.63066 13
      vertex 16.5867 7.71752 13
      vertex 16.732 7.5 13
    endloop
  endfacet
  facet normal 0 0 1
    outer loop
      vertex 17.4749 8.97487 13
      vertex 16.4142 7.91421 13
      vertex 16.5867 7.71752 13
    endloop
  endfacet
  facet normal 0 0 1
    outer loop
      vertex 16 8.23205 13
      vertex 16.75 9.53109 13
      vertex 16.3394 9.73358 13
    endloop
  endfacet
  facet normal 0 0 1
    outer loop
      vertex 17.1307 9.27674 13
      vertex 16.2175 8.08671 13
      vertex 16.4142 7.91421 13
    endloop
  endfacet
  facet normal 0 0 1
    outer loop
      vertex 16.75 9.53109 13
      vertex 16 8.23205 13
      vertex 16.2175 8.08671 13
    endloop
  endfacet
  facet normal 0 0 1
    outer loop
      vertex 15.7654 8.34776 13
      vertex 16.3394 9.73358 13
      vertex 15.9059 9.88074 13
    endloop
  endfacet
  facet normal 0 0 1
    outer loop
      vertex 16.3394 9.73358 13
      vertex 15.7654 8.34776 13
      vertex 16 8.23205 13
    endloop
  endfacet
  facet normal 0 0 1
    outer loop
      vertex 15.9059 9.88074 13
      vertex 15.5176 8.43185 13
      vertex 15.7654 8.34776 13
    endloop
  endfacet
  facet normal 0 0 1
    outer loop
      vertex 15.4568 9.97006 13
      vertex 15.5176 8.43185 13
      vertex 15.9059 9.88074 13
    endloop
  endfacet
  facet normal 0 0 1
    outer loop
      vertex 15.4568 9.97006 13
      vertex 15.2611 8.48289 13
      vertex 15.5176 8.43185 13
    endloop
  endfacet
  facet normal 0 0 1
    outer loop
      vertex 15 10 13
      vertex 15.2611 8.48289 13
      vertex 15.4568 9.97006 13
    endloop
  endfacet
  facet normal 0 0 1
    outer loop
      vertex 15 10 13
      vertex 15 8.5 13
      vertex 15.2611 8.48289 13
    endloop
  endfacet
  facet normal 0 0 1
    outer loop
      vertex 15 10 13
      vertex 14.7389 8.48289 13
      vertex 15 8.5 13
    endloop
  endfacet
  facet normal -0 0 1
    outer loop
      vertex 14.5432 9.97006 13
      vertex 14.7389 8.48289 13
      vertex 15 10 13
    endloop
  endfacet
  facet normal 0 0 1
    outer loop
      vertex 14.5432 9.97006 13
      vertex 14.4824 8.43185 13
      vertex 14.7389 8.48289 13
    endloop
  endfacet
  facet normal -0 0 1
    outer loop
      vertex 14.0941 9.88074 13
      vertex 14.4824 8.43185 13
      vertex 14.5432 9.97006 13
    endloop
  endfacet
  facet normal 0 0 1
    outer loop
      vertex 14.4824 8.43185 13
      vertex 14.0941 9.88074 13
      vertex 14.2346 8.34776 13
    endloop
  endfacet
  facet normal -0 0 1
    outer loop
      vertex 13.6606 9.73358 13
      vertex 14.2346 8.34776 13
      vertex 14.0941 9.88074 13
    endloop
  endfacet
  facet normal 0 0 1
    outer loop
      vertex 14.2346 8.34776 13
      vertex 13.6606 9.73358 13
      vertex 14 8.23205 13
    endloop
  endfacet
  facet normal -0 0 1
    outer loop
      vertex 13.25 9.53109 13
      vertex 14 8.23205 13
      vertex 13.6606 9.73358 13
    endloop
  endfacet
  facet normal 0 0 1
    outer loop
      vertex 14 8.23205 13
      vertex 13.25 9.53109 13
      vertex 13.7825 8.08671 13
    endloop
  endfacet
  facet normal -0 0 1
    outer loop
      vertex 12.8693 9.27674 13
      vertex 13.7825 8.08671 13
      vertex 13.25 9.53109 13
    endloop
  endfacet
  facet normal 0 0 1
    outer loop
      vertex 13.7825 8.08671 13
      vertex 12.8693 9.27674 13
      vertex 13.5858 7.91421 13
    endloop
  endfacet
  facet normal -0 0 1
    outer loop
      vertex 12.5251 8.97487 13
      vertex 13.5858 7.91421 13
      vertex 12.8693 9.27674 13
    endloop
  endfacet
  facet normal 0 0 1
    outer loop
      vertex 13.5858 7.91421 13
      vertex 12.5251 8.97487 13
      vertex 13.4133 7.71752 13
    endloop
  endfacet
  facet normal -0 0 1
    outer loop
      vertex 12.2233 8.63066 13
      vertex 13.4133 7.71752 13
      vertex 12.5251 8.97487 13
    endloop
  endfacet
  facet normal 0 0 1
    outer loop
      vertex 13.4133 7.71752 13
      vertex 12.2233 8.63066 13
      vertex 13.2679 7.5 13
    endloop
  endfacet
  facet normal 0 0 1
    outer loop
      vertex 13.2679 7.5 13
      vertex 11.9689 8.25 13
      vertex 13.1522 7.26537 13
    endloop
  endfacet
  facet normal -0 0 1
    outer loop
      vertex 11.9689 8.25 13
      vertex 13.2679 7.5 13
      vertex 12.2233 8.63066 13
    endloop
  endfacet
  facet normal -0 0 1
    outer loop
      vertex 16.732 5.5 13
      vertex 18.0311 4.75 13
      vertex 16.8478 5.73463 13
    endloop
  endfacet
  facet normal 0 0 1
    outer loop
      vertex 18.0311 4.75 13
      vertex 16.732 5.5 13
      vertex 17.7767 4.36934 13
    endloop
  endfacet
  facet normal -0 0 1
    outer loop
      vertex 16.5867 5.28248 13
      vertex 17.7767 4.36934 13
      vertex 16.732 5.5 13
    endloop
  endfacet
  facet normal 0 0 1
    outer loop
      vertex 17.7767 4.36934 13
      vertex 16.5867 5.28248 13
      vertex 17.4749 4.02513 13
    endloop
  endfacet
  facet normal -0 0 1
    outer loop
      vertex 16.4142 5.08579 13
      vertex 17.4749 4.02513 13
      vertex 16.5867 5.28248 13
    endloop
  endfacet
  facet normal 0 0 1
    outer loop
      vertex 17.4749 4.02513 13
      vertex 16.4142 5.08579 13
      vertex 17.1307 3.72326 13
    endloop
  endfacet
  facet normal -0 0 1
    outer loop
      vertex 16.2175 4.91329 13
      vertex 17.1307 3.72326 13
      vertex 16.4142 5.08579 13
    endloop
  endfacet
  facet normal 0 0 1
    outer loop
      vertex 17.1307 3.72326 13
      vertex 16.2175 4.91329 13
      vertex 16.75 3.46891 13
    endloop
  endfacet
  facet normal -0 0 1
    outer loop
      vertex 16 4.76795 13
      vertex 16.75 3.46891 13
      vertex 16.2175 4.91329 13
    endloop
  endfacet
  facet normal 0 0 1
    outer loop
      vertex 16.75 3.46891 13
      vertex 16 4.76795 13
      vertex 16.3394 3.26642 13
    endloop
  endfacet
  facet normal -0 0 1
    outer loop
      vertex 15.7654 4.65224 13
      vertex 16.3394 3.26642 13
      vertex 16 4.76795 13
    endloop
  endfacet
  facet normal 0 0 1
    outer loop
      vertex 16.3394 3.26642 13
      vertex 15.7654 4.65224 13
      vertex 15.9059 3.11926 13
    endloop
  endfacet
  facet normal -0 0 1
    outer loop
      vertex 15.5176 4.56815 13
      vertex 15.9059 3.11926 13
      vertex 15.7654 4.65224 13
    endloop
  endfacet
  facet normal 0 0 1
    outer loop
      vertex 15.5176 4.56815 13
      vertex 15.4568 3.02994 13
      vertex 15.9059 3.11926 13
    endloop
  endfacet
  facet normal -0 0 1
    outer loop
      vertex 15.2611 4.51711 13
      vertex 15.4568 3.02994 13
      vertex 15.5176 4.56815 13
    endloop
  endfacet
  facet normal -0 0 1
    outer loop
      vertex 15 4.5 13
      vertex 15.4568 3.02994 13
      vertex 15.2611 4.51711 13
    endloop
  endfacet
  facet normal 0 0 1
    outer loop
      vertex 15 4.5 13
      vertex 15 3 13
      vertex 15.4568 3.02994 13
    endloop
  endfacet
  facet normal 0 0 1
    outer loop
      vertex 14.7389 4.51711 13
      vertex 15 3 13
      vertex 15 4.5 13
    endloop
  endfacet
  facet normal 0 0 1
    outer loop
      vertex 14.7389 4.51711 13
      vertex 14.5432 3.02994 13
      vertex 15 3 13
    endloop
  endfacet
  facet normal 0 0 1
    outer loop
      vertex 14.4824 4.56815 13
      vertex 14.5432 3.02994 13
      vertex 14.7389 4.51711 13
    endloop
  endfacet
  facet normal 0 0 1
    outer loop
      vertex 14.0941 3.11926 13
      vertex 14.4824 4.56815 13
      vertex 14.2346 4.65224 13
    endloop
  endfacet
  facet normal 0 0 1
    outer loop
      vertex 14.4824 4.56815 13
      vertex 14.0941 3.11926 13
      vertex 14.5432 3.02994 13
    endloop
  endfacet
  facet normal 0 0 1
    outer loop
      vertex 13.6606 3.26642 13
      vertex 14.2346 4.65224 13
      vertex 14 4.76795 13
    endloop
  endfacet
  facet normal 0 0 1
    outer loop
      vertex 13.25 3.46891 13
      vertex 14 4.76795 13
      vertex 13.7825 4.91329 13
    endloop
  endfacet
  facet normal 0 0 1
    outer loop
      vertex 14.2346 4.65224 13
      vertex 13.6606 3.26642 13
      vertex 14.0941 3.11926 13
    endloop
  endfacet
  facet normal 0 0 1
    outer loop
      vertex 12.8693 3.72326 13
      vertex 13.7825 4.91329 13
      vertex 13.5858 5.08579 13
    endloop
  endfacet
  facet normal 0 0 1
    outer loop
      vertex 12.5251 4.02513 13
      vertex 13.5858 5.08579 13
      vertex 13.4133 5.28248 13
    endloop
  endfacet
  facet normal 0 0 1
    outer loop
      vertex 12.2233 4.36934 13
      vertex 13.4133 5.28248 13
      vertex 13.2679 5.5 13
    endloop
  endfacet
  facet normal 0 0 1
    outer loop
      vertex 14 4.76795 13
      vertex 13.25 3.46891 13
      vertex 13.6606 3.26642 13
    endloop
  endfacet
  facet normal 0 0 1
    outer loop
      vertex 11.9689 4.75 13
      vertex 13.2679 5.5 13
      vertex 13.1522 5.73463 13
    endloop
  endfacet
  facet normal 0 0 1
    outer loop
      vertex 11.7664 5.16061 13
      vertex 13.1522 5.73463 13
      vertex 13.0681 5.98236 13
    endloop
  endfacet
  facet normal 0 0 1
    outer loop
      vertex 11.6193 5.59413 13
      vertex 13.0681 5.98236 13
      vertex 13.0171 6.23895 13
    endloop
  endfacet
  facet normal 0 0 1
    outer loop
      vertex 13.7825 4.91329 13
      vertex 12.8693 3.72326 13
      vertex 13.25 3.46891 13
    endloop
  endfacet
  facet normal 0 0 1
    outer loop
      vertex 11.5299 6.04316 13
      vertex 13.0171 6.23895 13
      vertex 13 6.5 13
    endloop
  endfacet
  facet normal -0 0 1
    outer loop
      vertex 11.7664 7.83939 13
      vertex 13.1522 7.26537 13
      vertex 11.9689 8.25 13
    endloop
  endfacet
  facet normal 0 0 1
    outer loop
      vertex 13.1522 7.26537 13
      vertex 11.7664 7.83939 13
      vertex 13.0681 7.01764 13
    endloop
  endfacet
  facet normal 0 0 1
    outer loop
      vertex 13.5858 5.08579 13
      vertex 12.5251 4.02513 13
      vertex 12.8693 3.72326 13
    endloop
  endfacet
  facet normal -0 0 1
    outer loop
      vertex 11.6193 7.40587 13
      vertex 13.0681 7.01764 13
      vertex 11.7664 7.83939 13
    endloop
  endfacet
  facet normal 0 0 1
    outer loop
      vertex 13.4133 5.28248 13
      vertex 12.2233 4.36934 13
      vertex 12.5251 4.02513 13
    endloop
  endfacet
  facet normal 0 0 1
    outer loop
      vertex 13.0681 7.01764 13
      vertex 11.6193 7.40587 13
      vertex 13.0171 6.76105 13
    endloop
  endfacet
  facet normal 0 0 1
    outer loop
      vertex 13.2679 5.5 13
      vertex 11.9689 4.75 13
      vertex 12.2233 4.36934 13
    endloop
  endfacet
  facet normal -0 0 1
    outer loop
      vertex 11.5299 6.95684 13
      vertex 13.0171 6.76105 13
      vertex 11.6193 7.40587 13
    endloop
  endfacet
  facet normal 0 0 1
    outer loop
      vertex 13.1522 5.73463 13
      vertex 11.7664 5.16061 13
      vertex 11.9689 4.75 13
    endloop
  endfacet
  facet normal 0 0 1
    outer loop
      vertex 13.0171 6.76105 13
      vertex 11.5299 6.95684 13
      vertex 13 6.5 13
    endloop
  endfacet
  facet normal 0 0 1
    outer loop
      vertex 13.0681 5.98236 13
      vertex 11.6193 5.59413 13
      vertex 11.7664 5.16061 13
    endloop
  endfacet
  facet normal 0 0 1
    outer loop
      vertex 11.5 6.5 13
      vertex 13 6.5 13
      vertex 11.5299 6.95684 13
    endloop
  endfacet
  facet normal 0 0 1
    outer loop
      vertex 13.0171 6.23895 13
      vertex 11.5299 6.04316 13
      vertex 11.6193 5.59413 13
    endloop
  endfacet
  facet normal 0 0 1
    outer loop
      vertex 13 6.5 13
      vertex 11.5 6.5 13
      vertex 11.5299 6.04316 13
    endloop
  endfacet
  facet normal 0.442297 0.896869 -0
    outer loop
      vertex 16.75 9.53109 2.5
      vertex 16.3394 9.73358 13
      vertex 16.75 9.53109 13
    endloop
  endfacet
  facet normal 0.442297 0.896869 0
    outer loop
      vertex 16.3394 9.73358 13
      vertex 16.75 9.53109 2.5
      vertex 16.3394 9.73358 2.5
    endloop
  endfacet
  facet normal -0.442297 -0.896869 0
    outer loop
      vertex 13.25 3.46891 2.5
      vertex 13.6606 3.26642 13
      vertex 13.25 3.46891 13
    endloop
  endfacet
  facet normal -0.442297 -0.896869 -0
    outer loop
      vertex 13.6606 3.26642 13
      vertex 13.25 3.46891 2.5
      vertex 13.6606 3.26642 2.5
    endloop
  endfacet
  facet normal -0.831418 -0.555647 0
    outer loop
      vertex 12.2233 4.36934 2.5
      vertex 11.9689 4.75 13
      vertex 11.9689 4.75 2.5
    endloop
  endfacet
  facet normal -0.831418 -0.555647 0
    outer loop
      vertex 11.9689 4.75 13
      vertex 12.2233 4.36934 2.5
      vertex 12.2233 4.36934 13
    endloop
  endfacet
  facet normal -0.94697 -0.321322 0
    outer loop
      vertex 11.7664 5.16061 2.5
      vertex 11.6193 5.59413 13
      vertex 11.6193 5.59413 2.5
    endloop
  endfacet
  facet normal -0.94697 -0.321322 0
    outer loop
      vertex 11.6193 5.59413 13
      vertex 11.7664 5.16061 2.5
      vertex 11.7664 5.16061 13
    endloop
  endfacet
  facet normal -0.896864 -0.442305 0
    outer loop
      vertex 11.9689 4.75 2.5
      vertex 11.7664 5.16061 13
      vertex 11.7664 5.16061 2.5
    endloop
  endfacet
  facet normal -0.896864 -0.442305 0
    outer loop
      vertex 11.7664 5.16061 13
      vertex 11.9689 4.75 2.5
      vertex 11.9689 4.75 13
    endloop
  endfacet
  facet normal -0.0654026 -0.997859 0
    outer loop
      vertex 14.5432 3.02994 2.5
      vertex 15 3 13
      vertex 14.5432 3.02994 13
    endloop
  endfacet
  facet normal -0.0654026 -0.997859 -0
    outer loop
      vertex 15 3 13
      vertex 14.5432 3.02994 2.5
      vertex 15 3 2.5
    endloop
  endfacet
  facet normal -0.659364 0.751824 0
    outer loop
      vertex 12.8693 9.27674 2.5
      vertex 12.5251 8.97487 13
      vertex 12.8693 9.27674 13
    endloop
  endfacet
  facet normal -0.659364 0.751824 0
    outer loop
      vertex 12.5251 8.97487 13
      vertex 12.8693 9.27674 2.5
      vertex 12.5251 8.97487 2.5
    endloop
  endfacet
  facet normal -0.751909 -0.659267 0
    outer loop
      vertex 12.5251 4.02513 2.5
      vertex 12.2233 4.36934 13
      vertex 12.2233 4.36934 2.5
    endloop
  endfacet
  facet normal -0.751909 -0.659267 0
    outer loop
      vertex 12.2233 4.36934 13
      vertex 12.5251 4.02513 2.5
      vertex 12.5251 4.02513 13
    endloop
  endfacet
  facet normal -0.896864 0.442305 0
    outer loop
      vertex 11.7664 7.83939 2.5
      vertex 11.9689 8.25 13
      vertex 11.9689 8.25 2.5
    endloop
  endfacet
  facet normal -0.896864 0.442305 0
    outer loop
      vertex 11.9689 8.25 13
      vertex 11.7664 7.83939 2.5
      vertex 11.7664 7.83939 13
    endloop
  endfacet
  facet normal 0.831418 0.555647 0
    outer loop
      vertex 18.0311 8.25 13
      vertex 17.7767 8.63066 2.5
      vertex 17.7767 8.63066 13
    endloop
  endfacet
  facet normal 0.831418 0.555647 0
    outer loop
      vertex 17.7767 8.63066 2.5
      vertex 18.0311 8.25 13
      vertex 18.0311 8.25 2.5
    endloop
  endfacet
  facet normal -0.195066 0.98079 0
    outer loop
      vertex 14.5432 9.97006 2.5
      vertex 14.0941 9.88074 13
      vertex 14.5432 9.97006 13
    endloop
  endfacet
  facet normal -0.195066 0.98079 0
    outer loop
      vertex 14.0941 9.88074 13
      vertex 14.5432 9.97006 2.5
      vertex 14.0941 9.88074 2.5
    endloop
  endfacet
  facet normal 0.442297 -0.896869 0
    outer loop
      vertex 16.3394 3.26642 2.5
      vertex 16.75 3.46891 13
      vertex 16.3394 3.26642 13
    endloop
  endfacet
  facet normal 0.442297 -0.896869 0
    outer loop
      vertex 16.75 3.46891 13
      vertex 16.3394 3.26642 2.5
      vertex 16.75 3.46891 2.5
    endloop
  endfacet
  facet normal 0.195066 0.98079 -0
    outer loop
      vertex 15.9059 9.88074 2.5
      vertex 15.4568 9.97006 13
      vertex 15.9059 9.88074 13
    endloop
  endfacet
  facet normal 0.195066 0.98079 0
    outer loop
      vertex 15.4568 9.97006 13
      vertex 15.9059 9.88074 2.5
      vertex 15.4568 9.97006 2.5
    endloop
  endfacet
  facet normal 0.321452 -0.946926 0
    outer loop
      vertex 15.9059 3.11926 2.5
      vertex 16.3394 3.26642 13
      vertex 15.9059 3.11926 13
    endloop
  endfacet
  facet normal 0.321452 -0.946926 0
    outer loop
      vertex 16.3394 3.26642 13
      vertex 15.9059 3.11926 2.5
      vertex 16.3394 3.26642 2.5
    endloop
  endfacet
  facet normal 0.659364 -0.751824 0
    outer loop
      vertex 17.1307 3.72326 2.5
      vertex 17.4749 4.02513 13
      vertex 17.1307 3.72326 13
    endloop
  endfacet
  facet normal 0.659364 -0.751824 0
    outer loop
      vertex 17.4749 4.02513 13
      vertex 17.1307 3.72326 2.5
      vertex 17.4749 4.02513 2.5
    endloop
  endfacet
  facet normal 0.831418 -0.555647 0
    outer loop
      vertex 17.7767 4.36934 13
      vertex 18.0311 4.75 2.5
      vertex 18.0311 4.75 13
    endloop
  endfacet
  facet normal 0.831418 -0.555647 0
    outer loop
      vertex 18.0311 4.75 2.5
      vertex 17.7767 4.36934 13
      vertex 17.7767 4.36934 2.5
    endloop
  endfacet
  facet normal 0.0654026 -0.997859 0
    outer loop
      vertex 15 3 2.5
      vertex 15.4568 3.02994 13
      vertex 15 3 13
    endloop
  endfacet
  facet normal 0.0654026 -0.997859 0
    outer loop
      vertex 15.4568 3.02994 13
      vertex 15 3 2.5
      vertex 15.4568 3.02994 2.5
    endloop
  endfacet
  facet normal -0.555532 -0.831495 0
    outer loop
      vertex 12.8693 3.72326 2.5
      vertex 13.25 3.46891 13
      vertex 12.8693 3.72326 13
    endloop
  endfacet
  facet normal -0.555532 -0.831495 -0
    outer loop
      vertex 13.25 3.46891 13
      vertex 12.8693 3.72326 2.5
      vertex 13.25 3.46891 2.5
    endloop
  endfacet
  facet normal -0.321452 0.946926 0
    outer loop
      vertex 14.0941 9.88074 2.5
      vertex 13.6606 9.73358 13
      vertex 14.0941 9.88074 13
    endloop
  endfacet
  facet normal -0.321452 0.946926 0
    outer loop
      vertex 13.6606 9.73358 13
      vertex 14.0941 9.88074 2.5
      vertex 13.6606 9.73358 2.5
    endloop
  endfacet
  facet normal -0.555532 0.831495 0
    outer loop
      vertex 13.25 9.53109 2.5
      vertex 12.8693 9.27674 13
      vertex 13.25 9.53109 13
    endloop
  endfacet
  facet normal -0.555532 0.831495 0
    outer loop
      vertex 12.8693 9.27674 13
      vertex 13.25 9.53109 2.5
      vertex 12.8693 9.27674 2.5
    endloop
  endfacet
  facet normal 0.896864 -0.442305 0
    outer loop
      vertex 18.0311 4.75 13
      vertex 18.2336 5.16061 2.5
      vertex 18.2336 5.16061 13
    endloop
  endfacet
  facet normal 0.896864 -0.442305 0
    outer loop
      vertex 18.2336 5.16061 2.5
      vertex 18.0311 4.75 13
      vertex 18.0311 4.75 2.5
    endloop
  endfacet
  facet normal 0.555532 -0.831495 0
    outer loop
      vertex 16.75 3.46891 2.5
      vertex 17.1307 3.72326 13
      vertex 16.75 3.46891 13
    endloop
  endfacet
  facet normal 0.555532 -0.831495 0
    outer loop
      vertex 17.1307 3.72326 13
      vertex 16.75 3.46891 2.5
      vertex 17.1307 3.72326 2.5
    endloop
  endfacet
  facet normal 0.896864 0.442305 0
    outer loop
      vertex 18.2336 7.83939 13
      vertex 18.0311 8.25 2.5
      vertex 18.0311 8.25 13
    endloop
  endfacet
  facet normal 0.896864 0.442305 0
    outer loop
      vertex 18.0311 8.25 2.5
      vertex 18.2336 7.83939 13
      vertex 18.2336 7.83939 2.5
    endloop
  endfacet
  facet normal -0.997865 0.0653099 0
    outer loop
      vertex 11.5 6.5 2.5
      vertex 11.5299 6.95684 13
      vertex 11.5299 6.95684 2.5
    endloop
  endfacet
  facet normal -0.997865 0.0653099 0
    outer loop
      vertex 11.5299 6.95684 13
      vertex 11.5 6.5 2.5
      vertex 11.5 6.5 13
    endloop
  endfacet
  facet normal -0.980751 0.195263 0
    outer loop
      vertex 11.5299 6.95684 2.5
      vertex 11.6193 7.40587 13
      vertex 11.6193 7.40587 2.5
    endloop
  endfacet
  facet normal -0.980751 0.195263 0
    outer loop
      vertex 11.6193 7.40587 13
      vertex 11.5299 6.95684 2.5
      vertex 11.5299 6.95684 13
    endloop
  endfacet
  facet normal -0.321452 -0.946926 0
    outer loop
      vertex 13.6606 3.26642 2.5
      vertex 14.0941 3.11926 13
      vertex 13.6606 3.26642 13
    endloop
  endfacet
  facet normal -0.321452 -0.946926 -0
    outer loop
      vertex 14.0941 3.11926 13
      vertex 13.6606 3.26642 2.5
      vertex 14.0941 3.11926 2.5
    endloop
  endfacet
  facet normal -0.94697 0.321322 0
    outer loop
      vertex 11.6193 7.40587 2.5
      vertex 11.7664 7.83939 13
      vertex 11.7664 7.83939 2.5
    endloop
  endfacet
  facet normal -0.94697 0.321322 0
    outer loop
      vertex 11.7664 7.83939 13
      vertex 11.6193 7.40587 2.5
      vertex 11.6193 7.40587 13
    endloop
  endfacet
  facet normal 0.751909 -0.659267 0
    outer loop
      vertex 17.4749 4.02513 13
      vertex 17.7767 4.36934 2.5
      vertex 17.7767 4.36934 13
    endloop
  endfacet
  facet normal 0.751909 -0.659267 0
    outer loop
      vertex 17.7767 4.36934 2.5
      vertex 17.4749 4.02513 13
      vertex 17.4749 4.02513 2.5
    endloop
  endfacet
  facet normal 0.94697 -0.321322 0
    outer loop
      vertex 18.2336 5.16061 13
      vertex 18.3807 5.59413 2.5
      vertex 18.3807 5.59413 13
    endloop
  endfacet
  facet normal 0.94697 -0.321322 0
    outer loop
      vertex 18.3807 5.59413 2.5
      vertex 18.2336 5.16061 13
      vertex 18.2336 5.16061 2.5
    endloop
  endfacet
  facet normal -0.997865 -0.0653099 0
    outer loop
      vertex 11.5299 6.04316 2.5
      vertex 11.5 6.5 13
      vertex 11.5 6.5 2.5
    endloop
  endfacet
  facet normal -0.997865 -0.0653099 0
    outer loop
      vertex 11.5 6.5 13
      vertex 11.5299 6.04316 2.5
      vertex 11.5299 6.04316 13
    endloop
  endfacet
  facet normal -0.195066 -0.98079 0
    outer loop
      vertex 14.0941 3.11926 2.5
      vertex 14.5432 3.02994 13
      vertex 14.0941 3.11926 13
    endloop
  endfacet
  facet normal -0.195066 -0.98079 -0
    outer loop
      vertex 14.5432 3.02994 13
      vertex 14.0941 3.11926 2.5
      vertex 14.5432 3.02994 2.5
    endloop
  endfacet
  facet normal 0.94697 0.321322 0
    outer loop
      vertex 18.3807 7.40587 13
      vertex 18.2336 7.83939 2.5
      vertex 18.2336 7.83939 13
    endloop
  endfacet
  facet normal 0.94697 0.321322 0
    outer loop
      vertex 18.2336 7.83939 2.5
      vertex 18.3807 7.40587 13
      vertex 18.3807 7.40587 2.5
    endloop
  endfacet
  facet normal 0.0654026 0.997859 -0
    outer loop
      vertex 15.4568 9.97006 2.5
      vertex 15 10 13
      vertex 15.4568 9.97006 13
    endloop
  endfacet
  facet normal 0.0654026 0.997859 0
    outer loop
      vertex 15 10 13
      vertex 15.4568 9.97006 2.5
      vertex 15 10 2.5
    endloop
  endfacet
  facet normal 0.195066 -0.98079 0
    outer loop
      vertex 15.4568 3.02994 2.5
      vertex 15.9059 3.11926 13
      vertex 15.4568 3.02994 13
    endloop
  endfacet
  facet normal 0.195066 -0.98079 0
    outer loop
      vertex 15.9059 3.11926 13
      vertex 15.4568 3.02994 2.5
      vertex 15.9059 3.11926 2.5
    endloop
  endfacet
  facet normal 0.751909 0.659267 0
    outer loop
      vertex 17.7767 8.63066 13
      vertex 17.4749 8.97487 2.5
      vertex 17.4749 8.97487 13
    endloop
  endfacet
  facet normal 0.751909 0.659267 0
    outer loop
      vertex 17.4749 8.97487 2.5
      vertex 17.7767 8.63066 13
      vertex 17.7767 8.63066 2.5
    endloop
  endfacet
  facet normal -0.659364 -0.751824 0
    outer loop
      vertex 12.5251 4.02513 2.5
      vertex 12.8693 3.72326 13
      vertex 12.5251 4.02513 13
    endloop
  endfacet
  facet normal -0.659364 -0.751824 -0
    outer loop
      vertex 12.8693 3.72326 13
      vertex 12.5251 4.02513 2.5
      vertex 12.8693 3.72326 2.5
    endloop
  endfacet
  facet normal -0.442297 0.896869 0
    outer loop
      vertex 13.6606 9.73358 2.5
      vertex 13.25 9.53109 13
      vertex 13.6606 9.73358 13
    endloop
  endfacet
  facet normal -0.442297 0.896869 0
    outer loop
      vertex 13.25 9.53109 13
      vertex 13.6606 9.73358 2.5
      vertex 13.25 9.53109 2.5
    endloop
  endfacet
  facet normal -0.0654026 0.997859 0
    outer loop
      vertex 15 10 2.5
      vertex 14.5432 9.97006 13
      vertex 15 10 13
    endloop
  endfacet
  facet normal -0.0654026 0.997859 0
    outer loop
      vertex 14.5432 9.97006 13
      vertex 15 10 2.5
      vertex 14.5432 9.97006 2.5
    endloop
  endfacet
  facet normal 0.659364 0.751824 -0
    outer loop
      vertex 17.4749 8.97487 2.5
      vertex 17.1307 9.27674 13
      vertex 17.4749 8.97487 13
    endloop
  endfacet
  facet normal 0.659364 0.751824 0
    outer loop
      vertex 17.1307 9.27674 13
      vertex 17.4749 8.97487 2.5
      vertex 17.1307 9.27674 2.5
    endloop
  endfacet
  facet normal 0.980757 -0.195234 0
    outer loop
      vertex 86.7807 74.9941 13
      vertex 86.8701 75.4432 2.5
      vertex 86.8701 75.4432 13
    endloop
  endfacet
  facet normal 0.980757 -0.195234 0
    outer loop
      vertex 86.8701 75.4432 2.5
      vertex 86.7807 74.9941 13
      vertex 86.7807 74.9941 2.5
    endloop
  endfacet
  facet normal 0.997865 -0.0653156 0
    outer loop
      vertex 86.8701 75.4432 13
      vertex 86.9 75.9 2.5
      vertex 86.9 75.9 13
    endloop
  endfacet
  facet normal 0.997865 -0.0653156 0
    outer loop
      vertex 86.9 75.9 2.5
      vertex 86.8701 75.4432 13
      vertex 86.8701 75.4432 2.5
    endloop
  endfacet
  facet normal 0.946966 -0.321335 0
    outer loop
      vertex 86.6336 74.5606 13
      vertex 86.7807 74.9941 2.5
      vertex 86.7807 74.9941 13
    endloop
  endfacet
  facet normal 0.946966 -0.321335 0
    outer loop
      vertex 86.7807 74.9941 2.5
      vertex 86.6336 74.5606 13
      vertex 86.6336 74.5606 2.5
    endloop
  endfacet
  facet normal 0.659278 0.7519 -0
    outer loop
      vertex 85.8749 78.3749 2.5
      vertex 85.5307 78.6767 13
      vertex 85.8749 78.3749 13
    endloop
  endfacet
  facet normal 0.659278 0.7519 0
    outer loop
      vertex 85.5307 78.6767 13
      vertex 85.8749 78.3749 2.5
      vertex 85.5307 78.6767 2.5
    endloop
  endfacet
  facet normal 0.89686 -0.442314 0
    outer loop
      vertex 86.4311 74.15 13
      vertex 86.6336 74.5606 2.5
      vertex 86.6336 74.5606 13
    endloop
  endfacet
  facet normal 0.89686 -0.442314 0
    outer loop
      vertex 86.6336 74.5606 2.5
      vertex 86.4311 74.15 13
      vertex 86.4311 74.15 2.5
    endloop
  endfacet
  facet normal 0.0653156 0.997865 -0
    outer loop
      vertex 83.8568 79.3701 2.5
      vertex 83.4 79.4 13
      vertex 83.8568 79.3701 13
    endloop
  endfacet
  facet normal 0.0653156 0.997865 0
    outer loop
      vertex 83.4 79.4 13
      vertex 83.8568 79.3701 2.5
      vertex 83.4 79.4 2.5
    endloop
  endfacet
  facet normal 0.831445 0.555607 0
    outer loop
      vertex 86.4311 77.65 13
      vertex 86.1767 78.0307 2.5
      vertex 86.1767 78.0307 13
    endloop
  endfacet
  facet normal 0.831445 0.555607 0
    outer loop
      vertex 86.1767 78.0307 2.5
      vertex 86.4311 77.65 13
      vertex 86.4311 77.65 2.5
    endloop
  endfacet
  facet normal -0.195234 -0.980757 0
    outer loop
      vertex 82.4941 72.5193 2.5
      vertex 82.9432 72.4299 13
      vertex 82.4941 72.5193 13
    endloop
  endfacet
  facet normal -0.195234 -0.980757 -0
    outer loop
      vertex 82.9432 72.4299 13
      vertex 82.4941 72.5193 2.5
      vertex 82.9432 72.4299 2.5
    endloop
  endfacet
  facet normal 0.195234 0.980757 -0
    outer loop
      vertex 84.3059 79.2807 2.5
      vertex 83.8568 79.3701 13
      vertex 84.3059 79.2807 13
    endloop
  endfacet
  facet normal 0.195234 0.980757 0
    outer loop
      vertex 83.8568 79.3701 13
      vertex 84.3059 79.2807 2.5
      vertex 83.8568 79.3701 2.5
    endloop
  endfacet
  facet normal -0.980757 0.195234 0
    outer loop
      vertex 79.9299 76.3568 2.5
      vertex 80.0193 76.8059 13
      vertex 80.0193 76.8059 2.5
    endloop
  endfacet
  facet normal -0.980757 0.195234 0
    outer loop
      vertex 80.0193 76.8059 13
      vertex 79.9299 76.3568 2.5
      vertex 79.9299 76.3568 13
    endloop
  endfacet
  facet normal -0.997865 0.0653156 0
    outer loop
      vertex 79.9 75.9 2.5
      vertex 79.9299 76.3568 13
      vertex 79.9299 76.3568 2.5
    endloop
  endfacet
  facet normal -0.997865 0.0653156 0
    outer loop
      vertex 79.9299 76.3568 13
      vertex 79.9 75.9 2.5
      vertex 79.9 75.9 13
    endloop
  endfacet
  facet normal -0.980757 -0.195234 0
    outer loop
      vertex 80.0193 74.9941 2.5
      vertex 79.9299 75.4432 13
      vertex 79.9299 75.4432 2.5
    endloop
  endfacet
  facet normal -0.980757 -0.195234 0
    outer loop
      vertex 79.9299 75.4432 13
      vertex 80.0193 74.9941 2.5
      vertex 80.0193 74.9941 13
    endloop
  endfacet
  facet normal -0.0653156 -0.997865 0
    outer loop
      vertex 82.9432 72.4299 2.5
      vertex 83.4 72.4 13
      vertex 82.9432 72.4299 13
    endloop
  endfacet
  facet normal -0.0653156 -0.997865 -0
    outer loop
      vertex 83.4 72.4 13
      vertex 82.9432 72.4299 2.5
      vertex 83.4 72.4 2.5
    endloop
  endfacet
  facet normal -0.7519 -0.659278 0
    outer loop
      vertex 80.9251 73.4251 2.5
      vertex 80.6233 73.7693 13
      vertex 80.6233 73.7693 2.5
    endloop
  endfacet
  facet normal -0.7519 -0.659278 0
    outer loop
      vertex 80.6233 73.7693 13
      vertex 80.9251 73.4251 2.5
      vertex 80.9251 73.4251 13
    endloop
  endfacet
  facet normal -0.442314 -0.89686 0
    outer loop
      vertex 81.65 72.8689 2.5
      vertex 82.0606 72.6664 13
      vertex 81.65 72.8689 13
    endloop
  endfacet
  facet normal -0.442314 -0.89686 -0
    outer loop
      vertex 82.0606 72.6664 13
      vertex 81.65 72.8689 2.5
      vertex 82.0606 72.6664 2.5
    endloop
  endfacet
  facet normal 0.555607 0.831445 -0
    outer loop
      vertex 85.5307 78.6767 2.5
      vertex 85.15 78.9311 13
      vertex 85.5307 78.6767 13
    endloop
  endfacet
  facet normal 0.555607 0.831445 0
    outer loop
      vertex 85.15 78.9311 13
      vertex 85.5307 78.6767 2.5
      vertex 85.15 78.9311 2.5
    endloop
  endfacet
  facet normal -0.7519 0.659278 0
    outer loop
      vertex 80.6233 78.0307 2.5
      vertex 80.9251 78.3749 13
      vertex 80.9251 78.3749 2.5
    endloop
  endfacet
  facet normal -0.7519 0.659278 0
    outer loop
      vertex 80.9251 78.3749 13
      vertex 80.6233 78.0307 2.5
      vertex 80.6233 78.0307 13
    endloop
  endfacet
  facet normal 0.659278 -0.7519 0
    outer loop
      vertex 85.5307 73.1233 2.5
      vertex 85.8749 73.4251 13
      vertex 85.5307 73.1233 13
    endloop
  endfacet
  facet normal 0.659278 -0.7519 0
    outer loop
      vertex 85.8749 73.4251 13
      vertex 85.5307 73.1233 2.5
      vertex 85.8749 73.4251 2.5
    endloop
  endfacet
  facet normal 0.442314 -0.89686 0
    outer loop
      vertex 84.7394 72.6664 2.5
      vertex 85.15 72.8689 13
      vertex 84.7394 72.6664 13
    endloop
  endfacet
  facet normal 0.442314 -0.89686 0
    outer loop
      vertex 85.15 72.8689 13
      vertex 84.7394 72.6664 2.5
      vertex 85.15 72.8689 2.5
    endloop
  endfacet
  facet normal 0.555607 -0.831445 0
    outer loop
      vertex 85.15 72.8689 2.5
      vertex 85.5307 73.1233 13
      vertex 85.15 72.8689 13
    endloop
  endfacet
  facet normal 0.555607 -0.831445 0
    outer loop
      vertex 85.5307 73.1233 13
      vertex 85.15 72.8689 2.5
      vertex 85.5307 73.1233 2.5
    endloop
  endfacet
  facet normal 0.7519 -0.659278 0
    outer loop
      vertex 85.8749 73.4251 13
      vertex 86.1767 73.7693 2.5
      vertex 86.1767 73.7693 13
    endloop
  endfacet
  facet normal 0.7519 -0.659278 0
    outer loop
      vertex 86.1767 73.7693 2.5
      vertex 85.8749 73.4251 13
      vertex 85.8749 73.4251 2.5
    endloop
  endfacet
  facet normal 0.89686 0.442314 0
    outer loop
      vertex 86.6336 77.2394 13
      vertex 86.4311 77.65 2.5
      vertex 86.4311 77.65 13
    endloop
  endfacet
  facet normal 0.89686 0.442314 0
    outer loop
      vertex 86.4311 77.65 2.5
      vertex 86.6336 77.2394 13
      vertex 86.6336 77.2394 2.5
    endloop
  endfacet
  facet normal 0.831445 -0.555607 0
    outer loop
      vertex 86.1767 73.7693 13
      vertex 86.4311 74.15 2.5
      vertex 86.4311 74.15 13
    endloop
  endfacet
  facet normal 0.831445 -0.555607 0
    outer loop
      vertex 86.4311 74.15 2.5
      vertex 86.1767 73.7693 13
      vertex 86.1767 73.7693 2.5
    endloop
  endfacet
  facet normal 0.997865 0.0653156 0
    outer loop
      vertex 86.9 75.9 13
      vertex 86.8701 76.3568 2.5
      vertex 86.8701 76.3568 13
    endloop
  endfacet
  facet normal 0.997865 0.0653156 0
    outer loop
      vertex 86.8701 76.3568 2.5
      vertex 86.9 75.9 13
      vertex 86.9 75.9 2.5
    endloop
  endfacet
  facet normal 0.980757 0.195234 0
    outer loop
      vertex 86.8701 76.3568 13
      vertex 86.7807 76.8059 2.5
      vertex 86.7807 76.8059 13
    endloop
  endfacet
  facet normal 0.980757 0.195234 0
    outer loop
      vertex 86.7807 76.8059 2.5
      vertex 86.8701 76.3568 13
      vertex 86.8701 76.3568 2.5
    endloop
  endfacet
  facet normal -0.89686 0.442314 0
    outer loop
      vertex 80.1664 77.2394 2.5
      vertex 80.3689 77.65 13
      vertex 80.3689 77.65 2.5
    endloop
  endfacet
  facet normal -0.89686 0.442314 0
    outer loop
      vertex 80.3689 77.65 13
      vertex 80.1664 77.2394 2.5
      vertex 80.1664 77.2394 13
    endloop
  endfacet
  facet normal -0.442314 0.89686 0
    outer loop
      vertex 82.0606 79.1336 2.5
      vertex 81.65 78.9311 13
      vertex 82.0606 79.1336 13
    endloop
  endfacet
  facet normal -0.442314 0.89686 0
    outer loop
      vertex 81.65 78.9311 13
      vertex 82.0606 79.1336 2.5
      vertex 81.65 78.9311 2.5
    endloop
  endfacet
  facet normal 0.7519 0.659278 0
    outer loop
      vertex 86.1767 78.0307 13
      vertex 85.8749 78.3749 2.5
      vertex 85.8749 78.3749 13
    endloop
  endfacet
  facet normal 0.7519 0.659278 0
    outer loop
      vertex 85.8749 78.3749 2.5
      vertex 86.1767 78.0307 13
      vertex 86.1767 78.0307 2.5
    endloop
  endfacet
  facet normal -0.831445 0.555607 0
    outer loop
      vertex 80.3689 77.65 2.5
      vertex 80.6233 78.0307 13
      vertex 80.6233 78.0307 2.5
    endloop
  endfacet
  facet normal -0.831445 0.555607 0
    outer loop
      vertex 80.6233 78.0307 13
      vertex 80.3689 77.65 2.5
      vertex 80.3689 77.65 13
    endloop
  endfacet
  facet normal 0.946966 0.321335 0
    outer loop
      vertex 86.7807 76.8059 13
      vertex 86.6336 77.2394 2.5
      vertex 86.6336 77.2394 13
    endloop
  endfacet
  facet normal 0.946966 0.321335 0
    outer loop
      vertex 86.6336 77.2394 2.5
      vertex 86.7807 76.8059 13
      vertex 86.7807 76.8059 2.5
    endloop
  endfacet
  facet normal -0.555607 0.831445 0
    outer loop
      vertex 81.65 78.9311 2.5
      vertex 81.2693 78.6767 13
      vertex 81.65 78.9311 13
    endloop
  endfacet
  facet normal -0.555607 0.831445 0
    outer loop
      vertex 81.2693 78.6767 13
      vertex 81.65 78.9311 2.5
      vertex 81.2693 78.6767 2.5
    endloop
  endfacet
  facet normal -0.831445 -0.555607 0
    outer loop
      vertex 80.6233 73.7693 2.5
      vertex 80.3689 74.15 13
      vertex 80.3689 74.15 2.5
    endloop
  endfacet
  facet normal -0.831445 -0.555607 0
    outer loop
      vertex 80.3689 74.15 13
      vertex 80.6233 73.7693 2.5
      vertex 80.6233 73.7693 13
    endloop
  endfacet
  facet normal -0.997865 -0.0653156 0
    outer loop
      vertex 79.9299 75.4432 2.5
      vertex 79.9 75.9 13
      vertex 79.9 75.9 2.5
    endloop
  endfacet
  facet normal -0.997865 -0.0653156 0
    outer loop
      vertex 79.9 75.9 13
      vertex 79.9299 75.4432 2.5
      vertex 79.9299 75.4432 13
    endloop
  endfacet
  facet normal 0.321335 -0.946966 0
    outer loop
      vertex 84.3059 72.5193 2.5
      vertex 84.7394 72.6664 13
      vertex 84.3059 72.5193 13
    endloop
  endfacet
  facet normal 0.321335 -0.946966 0
    outer loop
      vertex 84.7394 72.6664 13
      vertex 84.3059 72.5193 2.5
      vertex 84.7394 72.6664 2.5
    endloop
  endfacet
  facet normal -0.659278 0.7519 0
    outer loop
      vertex 81.2693 78.6767 2.5
      vertex 80.9251 78.3749 13
      vertex 81.2693 78.6767 13
    endloop
  endfacet
  facet normal -0.659278 0.7519 0
    outer loop
      vertex 80.9251 78.3749 13
      vertex 81.2693 78.6767 2.5
      vertex 80.9251 78.3749 2.5
    endloop
  endfacet
  facet normal 0 0 1
    outer loop
      vertex 85.4 75.9 13
      vertex 86.9 75.9 13
      vertex 86.8701 76.3568 13
    endloop
  endfacet
  facet normal 0 0 1
    outer loop
      vertex 85.3829 76.1611 13
      vertex 86.8701 76.3568 13
      vertex 86.7807 76.8059 13
    endloop
  endfacet
  facet normal 0 0 1
    outer loop
      vertex 86.9 75.9 13
      vertex 85.4 75.9 13
      vertex 86.8701 75.4432 13
    endloop
  endfacet
  facet normal 0 0 1
    outer loop
      vertex 85.3318 76.4176 13
      vertex 86.7807 76.8059 13
      vertex 86.6336 77.2394 13
    endloop
  endfacet
  facet normal -0 0 1
    outer loop
      vertex 85.3829 75.6389 13
      vertex 86.8701 75.4432 13
      vertex 85.4 75.9 13
    endloop
  endfacet
  facet normal 0 0 1
    outer loop
      vertex 85.2478 76.6654 13
      vertex 86.6336 77.2394 13
      vertex 86.4311 77.65 13
    endloop
  endfacet
  facet normal 0 0 1
    outer loop
      vertex 86.8701 75.4432 13
      vertex 85.3829 75.6389 13
      vertex 86.7807 74.9941 13
    endloop
  endfacet
  facet normal 0 0 1
    outer loop
      vertex 85.132 76.9 13
      vertex 86.4311 77.65 13
      vertex 86.1767 78.0307 13
    endloop
  endfacet
  facet normal -0 0 1
    outer loop
      vertex 85.3318 75.3824 13
      vertex 86.7807 74.9941 13
      vertex 85.3829 75.6389 13
    endloop
  endfacet
  facet normal 0 0 1
    outer loop
      vertex 84.9867 77.1175 13
      vertex 86.1767 78.0307 13
      vertex 85.8749 78.3749 13
    endloop
  endfacet
  facet normal 0 0 1
    outer loop
      vertex 86.7807 74.9941 13
      vertex 85.3318 75.3824 13
      vertex 86.6336 74.5606 13
    endloop
  endfacet
  facet normal 0 0 1
    outer loop
      vertex 84.8142 77.3142 13
      vertex 85.8749 78.3749 13
      vertex 85.5307 78.6767 13
    endloop
  endfacet
  facet normal -0 0 1
    outer loop
      vertex 85.2478 75.1346 13
      vertex 86.6336 74.5606 13
      vertex 85.3318 75.3824 13
    endloop
  endfacet
  facet normal 0 0 1
    outer loop
      vertex 86.6336 74.5606 13
      vertex 85.2478 75.1346 13
      vertex 86.4311 74.15 13
    endloop
  endfacet
  facet normal 0 0 1
    outer loop
      vertex 86.8701 76.3568 13
      vertex 85.3829 76.1611 13
      vertex 85.4 75.9 13
    endloop
  endfacet
  facet normal 0 0 1
    outer loop
      vertex 86.7807 76.8059 13
      vertex 85.3318 76.4176 13
      vertex 85.3829 76.1611 13
    endloop
  endfacet
  facet normal 0 0 1
    outer loop
      vertex 86.6336 77.2394 13
      vertex 85.2478 76.6654 13
      vertex 85.3318 76.4176 13
    endloop
  endfacet
  facet normal 0 0 1
    outer loop
      vertex 84.6175 77.4867 13
      vertex 85.5307 78.6767 13
      vertex 85.15 78.9311 13
    endloop
  endfacet
  facet normal 0 0 1
    outer loop
      vertex 86.4311 77.65 13
      vertex 85.132 76.9 13
      vertex 85.2478 76.6654 13
    endloop
  endfacet
  facet normal 0 0 1
    outer loop
      vertex 86.1767 78.0307 13
      vertex 84.9867 77.1175 13
      vertex 85.132 76.9 13
    endloop
  endfacet
  facet normal 0 0 1
    outer loop
      vertex 85.8749 78.3749 13
      vertex 84.8142 77.3142 13
      vertex 84.9867 77.1175 13
    endloop
  endfacet
  facet normal 0 0 1
    outer loop
      vertex 84.4 77.632 13
      vertex 85.15 78.9311 13
      vertex 84.7394 79.1336 13
    endloop
  endfacet
  facet normal 0 0 1
    outer loop
      vertex 85.5307 78.6767 13
      vertex 84.6175 77.4867 13
      vertex 84.8142 77.3142 13
    endloop
  endfacet
  facet normal 0 0 1
    outer loop
      vertex 85.15 78.9311 13
      vertex 84.4 77.632 13
      vertex 84.6175 77.4867 13
    endloop
  endfacet
  facet normal 0 0 1
    outer loop
      vertex 84.1654 77.7478 13
      vertex 84.7394 79.1336 13
      vertex 84.3059 79.2807 13
    endloop
  endfacet
  facet normal 0 0 1
    outer loop
      vertex 84.7394 79.1336 13
      vertex 84.1654 77.7478 13
      vertex 84.4 77.632 13
    endloop
  endfacet
  facet normal 0 0 1
    outer loop
      vertex 84.3059 79.2807 13
      vertex 83.9176 77.8319 13
      vertex 84.1654 77.7478 13
    endloop
  endfacet
  facet normal 0 0 1
    outer loop
      vertex 83.8568 79.3701 13
      vertex 83.9176 77.8319 13
      vertex 84.3059 79.2807 13
    endloop
  endfacet
  facet normal 0 0 1
    outer loop
      vertex 83.8568 79.3701 13
      vertex 83.661 77.8829 13
      vertex 83.9176 77.8319 13
    endloop
  endfacet
  facet normal 0 0 1
    outer loop
      vertex 83.4 79.4 13
      vertex 83.661 77.8829 13
      vertex 83.8568 79.3701 13
    endloop
  endfacet
  facet normal 0 0 1
    outer loop
      vertex 83.4 79.4 13
      vertex 83.4 77.9 13
      vertex 83.661 77.8829 13
    endloop
  endfacet
  facet normal 0 0 1
    outer loop
      vertex 83.4 79.4 13
      vertex 83.1389 77.8829 13
      vertex 83.4 77.9 13
    endloop
  endfacet
  facet normal -0 0 1
    outer loop
      vertex 82.9432 79.3701 13
      vertex 83.1389 77.8829 13
      vertex 83.4 79.4 13
    endloop
  endfacet
  facet normal 0 0 1
    outer loop
      vertex 82.9432 79.3701 13
      vertex 82.8824 77.8319 13
      vertex 83.1389 77.8829 13
    endloop
  endfacet
  facet normal -0 0 1
    outer loop
      vertex 82.4941 79.2807 13
      vertex 82.8824 77.8319 13
      vertex 82.9432 79.3701 13
    endloop
  endfacet
  facet normal 0 0 1
    outer loop
      vertex 82.8824 77.8319 13
      vertex 82.4941 79.2807 13
      vertex 82.6346 77.7478 13
    endloop
  endfacet
  facet normal -0 0 1
    outer loop
      vertex 82.0606 79.1336 13
      vertex 82.6346 77.7478 13
      vertex 82.4941 79.2807 13
    endloop
  endfacet
  facet normal 0 0 1
    outer loop
      vertex 82.6346 77.7478 13
      vertex 82.0606 79.1336 13
      vertex 82.4 77.632 13
    endloop
  endfacet
  facet normal -0 0 1
    outer loop
      vertex 81.65 78.9311 13
      vertex 82.4 77.632 13
      vertex 82.0606 79.1336 13
    endloop
  endfacet
  facet normal 0 0 1
    outer loop
      vertex 82.4 77.632 13
      vertex 81.65 78.9311 13
      vertex 82.1825 77.4867 13
    endloop
  endfacet
  facet normal -0 0 1
    outer loop
      vertex 81.2693 78.6767 13
      vertex 82.1825 77.4867 13
      vertex 81.65 78.9311 13
    endloop
  endfacet
  facet normal 0 0 1
    outer loop
      vertex 82.1825 77.4867 13
      vertex 81.2693 78.6767 13
      vertex 81.9858 77.3142 13
    endloop
  endfacet
  facet normal -0 0 1
    outer loop
      vertex 80.9251 78.3749 13
      vertex 81.9858 77.3142 13
      vertex 81.2693 78.6767 13
    endloop
  endfacet
  facet normal 0 0 1
    outer loop
      vertex 81.9858 77.3142 13
      vertex 80.9251 78.3749 13
      vertex 81.8133 77.1175 13
    endloop
  endfacet
  facet normal -0 0 1
    outer loop
      vertex 80.6233 78.0307 13
      vertex 81.8133 77.1175 13
      vertex 80.9251 78.3749 13
    endloop
  endfacet
  facet normal 0 0 1
    outer loop
      vertex 81.8133 77.1175 13
      vertex 80.6233 78.0307 13
      vertex 81.6679 76.9 13
    endloop
  endfacet
  facet normal 0 0 1
    outer loop
      vertex 81.6679 76.9 13
      vertex 80.3689 77.65 13
      vertex 81.5522 76.6654 13
    endloop
  endfacet
  facet normal -0 0 1
    outer loop
      vertex 80.3689 77.65 13
      vertex 81.6679 76.9 13
      vertex 80.6233 78.0307 13
    endloop
  endfacet
  facet normal -0 0 1
    outer loop
      vertex 85.132 74.9 13
      vertex 86.4311 74.15 13
      vertex 85.2478 75.1346 13
    endloop
  endfacet
  facet normal 0 0 1
    outer loop
      vertex 86.4311 74.15 13
      vertex 85.132 74.9 13
      vertex 86.1767 73.7693 13
    endloop
  endfacet
  facet normal -0 0 1
    outer loop
      vertex 84.9867 74.6825 13
      vertex 86.1767 73.7693 13
      vertex 85.132 74.9 13
    endloop
  endfacet
  facet normal 0 0 1
    outer loop
      vertex 86.1767 73.7693 13
      vertex 84.9867 74.6825 13
      vertex 85.8749 73.4251 13
    endloop
  endfacet
  facet normal -0 0 1
    outer loop
      vertex 84.8142 74.4858 13
      vertex 85.8749 73.4251 13
      vertex 84.9867 74.6825 13
    endloop
  endfacet
  facet normal 0 0 1
    outer loop
      vertex 85.8749 73.4251 13
      vertex 84.8142 74.4858 13
      vertex 85.5307 73.1233 13
    endloop
  endfacet
  facet normal -0 0 1
    outer loop
      vertex 84.6175 74.3133 13
      vertex 85.5307 73.1233 13
      vertex 84.8142 74.4858 13
    endloop
  endfacet
  facet normal 0 0 1
    outer loop
      vertex 85.5307 73.1233 13
      vertex 84.6175 74.3133 13
      vertex 85.15 72.8689 13
    endloop
  endfacet
  facet normal -0 0 1
    outer loop
      vertex 84.4 74.168 13
      vertex 85.15 72.8689 13
      vertex 84.6175 74.3133 13
    endloop
  endfacet
  facet normal 0 0 1
    outer loop
      vertex 85.15 72.8689 13
      vertex 84.4 74.168 13
      vertex 84.7394 72.6664 13
    endloop
  endfacet
  facet normal -0 0 1
    outer loop
      vertex 84.1654 74.0522 13
      vertex 84.7394 72.6664 13
      vertex 84.4 74.168 13
    endloop
  endfacet
  facet normal 0 0 1
    outer loop
      vertex 84.7394 72.6664 13
      vertex 84.1654 74.0522 13
      vertex 84.3059 72.5193 13
    endloop
  endfacet
  facet normal -0 0 1
    outer loop
      vertex 83.9176 73.9681 13
      vertex 84.3059 72.5193 13
      vertex 84.1654 74.0522 13
    endloop
  endfacet
  facet normal 0 0 1
    outer loop
      vertex 83.9176 73.9681 13
      vertex 83.8568 72.4299 13
      vertex 84.3059 72.5193 13
    endloop
  endfacet
  facet normal -0 0 1
    outer loop
      vertex 83.661 73.9171 13
      vertex 83.8568 72.4299 13
      vertex 83.9176 73.9681 13
    endloop
  endfacet
  facet normal -0 0 1
    outer loop
      vertex 83.4 73.9 13
      vertex 83.8568 72.4299 13
      vertex 83.661 73.9171 13
    endloop
  endfacet
  facet normal 0 0 1
    outer loop
      vertex 83.4 73.9 13
      vertex 83.4 72.4 13
      vertex 83.8568 72.4299 13
    endloop
  endfacet
  facet normal 0 0 1
    outer loop
      vertex 83.1389 73.9171 13
      vertex 83.4 72.4 13
      vertex 83.4 73.9 13
    endloop
  endfacet
  facet normal 0 0 1
    outer loop
      vertex 83.1389 73.9171 13
      vertex 82.9432 72.4299 13
      vertex 83.4 72.4 13
    endloop
  endfacet
  facet normal 0 0 1
    outer loop
      vertex 82.8824 73.9681 13
      vertex 82.9432 72.4299 13
      vertex 83.1389 73.9171 13
    endloop
  endfacet
  facet normal 0 0 1
    outer loop
      vertex 82.4941 72.5193 13
      vertex 82.8824 73.9681 13
      vertex 82.6346 74.0522 13
    endloop
  endfacet
  facet normal 0 0 1
    outer loop
      vertex 82.8824 73.9681 13
      vertex 82.4941 72.5193 13
      vertex 82.9432 72.4299 13
    endloop
  endfacet
  facet normal 0 0 1
    outer loop
      vertex 82.0606 72.6664 13
      vertex 82.6346 74.0522 13
      vertex 82.4 74.168 13
    endloop
  endfacet
  facet normal 0 0 1
    outer loop
      vertex 81.65 72.8689 13
      vertex 82.4 74.168 13
      vertex 82.1825 74.3133 13
    endloop
  endfacet
  facet normal 0 0 1
    outer loop
      vertex 82.6346 74.0522 13
      vertex 82.0606 72.6664 13
      vertex 82.4941 72.5193 13
    endloop
  endfacet
  facet normal 0 0 1
    outer loop
      vertex 81.2693 73.1233 13
      vertex 82.1825 74.3133 13
      vertex 81.9858 74.4858 13
    endloop
  endfacet
  facet normal 0 0 1
    outer loop
      vertex 80.9251 73.4251 13
      vertex 81.9858 74.4858 13
      vertex 81.8133 74.6825 13
    endloop
  endfacet
  facet normal 0 0 1
    outer loop
      vertex 80.6233 73.7693 13
      vertex 81.8133 74.6825 13
      vertex 81.6679 74.9 13
    endloop
  endfacet
  facet normal 0 0 1
    outer loop
      vertex 82.4 74.168 13
      vertex 81.65 72.8689 13
      vertex 82.0606 72.6664 13
    endloop
  endfacet
  facet normal 0 0 1
    outer loop
      vertex 80.3689 74.15 13
      vertex 81.6679 74.9 13
      vertex 81.5522 75.1346 13
    endloop
  endfacet
  facet normal 0 0 1
    outer loop
      vertex 80.1664 74.5606 13
      vertex 81.5522 75.1346 13
      vertex 81.4681 75.3824 13
    endloop
  endfacet
  facet normal 0 0 1
    outer loop
      vertex 80.0193 74.9941 13
      vertex 81.4681 75.3824 13
      vertex 81.4171 75.6389 13
    endloop
  endfacet
  facet normal 0 0 1
    outer loop
      vertex 82.1825 74.3133 13
      vertex 81.2693 73.1233 13
      vertex 81.65 72.8689 13
    endloop
  endfacet
  facet normal 0 0 1
    outer loop
      vertex 79.9299 75.4432 13
      vertex 81.4171 75.6389 13
      vertex 81.4 75.9 13
    endloop
  endfacet
  facet normal -0 0 1
    outer loop
      vertex 80.1664 77.2394 13
      vertex 81.5522 76.6654 13
      vertex 80.3689 77.65 13
    endloop
  endfacet
  facet normal 0 0 1
    outer loop
      vertex 81.5522 76.6654 13
      vertex 80.1664 77.2394 13
      vertex 81.4681 76.4176 13
    endloop
  endfacet
  facet normal 0 0 1
    outer loop
      vertex 81.9858 74.4858 13
      vertex 80.9251 73.4251 13
      vertex 81.2693 73.1233 13
    endloop
  endfacet
  facet normal -0 0 1
    outer loop
      vertex 80.0193 76.8059 13
      vertex 81.4681 76.4176 13
      vertex 80.1664 77.2394 13
    endloop
  endfacet
  facet normal 0 0 1
    outer loop
      vertex 81.8133 74.6825 13
      vertex 80.6233 73.7693 13
      vertex 80.9251 73.4251 13
    endloop
  endfacet
  facet normal 0 0 1
    outer loop
      vertex 81.4681 76.4176 13
      vertex 80.0193 76.8059 13
      vertex 81.4171 76.1611 13
    endloop
  endfacet
  facet normal 0 0 1
    outer loop
      vertex 81.6679 74.9 13
      vertex 80.3689 74.15 13
      vertex 80.6233 73.7693 13
    endloop
  endfacet
  facet normal -0 0 1
    outer loop
      vertex 79.9299 76.3568 13
      vertex 81.4171 76.1611 13
      vertex 80.0193 76.8059 13
    endloop
  endfacet
  facet normal 0 0 1
    outer loop
      vertex 81.5522 75.1346 13
      vertex 80.1664 74.5606 13
      vertex 80.3689 74.15 13
    endloop
  endfacet
  facet normal 0 0 1
    outer loop
      vertex 81.4171 76.1611 13
      vertex 79.9299 76.3568 13
      vertex 81.4 75.9 13
    endloop
  endfacet
  facet normal 0 0 1
    outer loop
      vertex 81.4681 75.3824 13
      vertex 80.0193 74.9941 13
      vertex 80.1664 74.5606 13
    endloop
  endfacet
  facet normal 0 0 1
    outer loop
      vertex 79.9 75.9 13
      vertex 81.4 75.9 13
      vertex 79.9299 76.3568 13
    endloop
  endfacet
  facet normal 0 0 1
    outer loop
      vertex 81.4171 75.6389 13
      vertex 79.9299 75.4432 13
      vertex 80.0193 74.9941 13
    endloop
  endfacet
  facet normal 0 0 1
    outer loop
      vertex 81.4 75.9 13
      vertex 79.9 75.9 13
      vertex 79.9299 75.4432 13
    endloop
  endfacet
  facet normal -0.0653156 0.997865 0
    outer loop
      vertex 83.4 79.4 2.5
      vertex 82.9432 79.3701 13
      vertex 83.4 79.4 13
    endloop
  endfacet
  facet normal -0.0653156 0.997865 0
    outer loop
      vertex 82.9432 79.3701 13
      vertex 83.4 79.4 2.5
      vertex 82.9432 79.3701 2.5
    endloop
  endfacet
  facet normal -0.946966 0.321335 0
    outer loop
      vertex 80.0193 76.8059 2.5
      vertex 80.1664 77.2394 13
      vertex 80.1664 77.2394 2.5
    endloop
  endfacet
  facet normal -0.946966 0.321335 0
    outer loop
      vertex 80.1664 77.2394 13
      vertex 80.0193 76.8059 2.5
      vertex 80.0193 76.8059 13
    endloop
  endfacet
  facet normal -0.321335 0.946966 0
    outer loop
      vertex 82.4941 79.2807 2.5
      vertex 82.0606 79.1336 13
      vertex 82.4941 79.2807 13
    endloop
  endfacet
  facet normal -0.321335 0.946966 0
    outer loop
      vertex 82.0606 79.1336 13
      vertex 82.4941 79.2807 2.5
      vertex 82.0606 79.1336 2.5
    endloop
  endfacet
  facet normal -0.195234 0.980757 0
    outer loop
      vertex 82.9432 79.3701 2.5
      vertex 82.4941 79.2807 13
      vertex 82.9432 79.3701 13
    endloop
  endfacet
  facet normal -0.195234 0.980757 0
    outer loop
      vertex 82.4941 79.2807 13
      vertex 82.9432 79.3701 2.5
      vertex 82.4941 79.2807 2.5
    endloop
  endfacet
  facet normal 0.321335 0.946966 -0
    outer loop
      vertex 84.7394 79.1336 2.5
      vertex 84.3059 79.2807 13
      vertex 84.7394 79.1336 13
    endloop
  endfacet
  facet normal 0.321335 0.946966 0
    outer loop
      vertex 84.3059 79.2807 13
      vertex 84.7394 79.1336 2.5
      vertex 84.3059 79.2807 2.5
    endloop
  endfacet
  facet normal 0.442314 0.89686 -0
    outer loop
      vertex 85.15 78.9311 2.5
      vertex 84.7394 79.1336 13
      vertex 85.15 78.9311 13
    endloop
  endfacet
  facet normal 0.442314 0.89686 0
    outer loop
      vertex 84.7394 79.1336 13
      vertex 85.15 78.9311 2.5
      vertex 84.7394 79.1336 2.5
    endloop
  endfacet
  facet normal -0.321335 -0.946966 0
    outer loop
      vertex 82.0606 72.6664 2.5
      vertex 82.4941 72.5193 13
      vertex 82.0606 72.6664 13
    endloop
  endfacet
  facet normal -0.321335 -0.946966 -0
    outer loop
      vertex 82.4941 72.5193 13
      vertex 82.0606 72.6664 2.5
      vertex 82.4941 72.5193 2.5
    endloop
  endfacet
  facet normal 0.0653156 -0.997865 0
    outer loop
      vertex 83.4 72.4 2.5
      vertex 83.8568 72.4299 13
      vertex 83.4 72.4 13
    endloop
  endfacet
  facet normal 0.0653156 -0.997865 0
    outer loop
      vertex 83.8568 72.4299 13
      vertex 83.4 72.4 2.5
      vertex 83.8568 72.4299 2.5
    endloop
  endfacet
  facet normal -0.946966 -0.321335 0
    outer loop
      vertex 80.1664 74.5606 2.5
      vertex 80.0193 74.9941 13
      vertex 80.0193 74.9941 2.5
    endloop
  endfacet
  facet normal -0.946966 -0.321335 0
    outer loop
      vertex 80.0193 74.9941 13
      vertex 80.1664 74.5606 2.5
      vertex 80.1664 74.5606 13
    endloop
  endfacet
  facet normal -0.555607 -0.831445 0
    outer loop
      vertex 81.2693 73.1233 2.5
      vertex 81.65 72.8689 13
      vertex 81.2693 73.1233 13
    endloop
  endfacet
  facet normal -0.555607 -0.831445 -0
    outer loop
      vertex 81.65 72.8689 13
      vertex 81.2693 73.1233 2.5
      vertex 81.65 72.8689 2.5
    endloop
  endfacet
  facet normal -0.659278 -0.7519 0
    outer loop
      vertex 80.9251 73.4251 2.5
      vertex 81.2693 73.1233 13
      vertex 80.9251 73.4251 13
    endloop
  endfacet
  facet normal -0.659278 -0.7519 -0
    outer loop
      vertex 81.2693 73.1233 13
      vertex 80.9251 73.4251 2.5
      vertex 81.2693 73.1233 2.5
    endloop
  endfacet
  facet normal 0.195234 -0.980757 0
    outer loop
      vertex 83.8568 72.4299 2.5
      vertex 84.3059 72.5193 13
      vertex 83.8568 72.4299 13
    endloop
  endfacet
  facet normal 0.195234 -0.980757 0
    outer loop
      vertex 84.3059 72.5193 13
      vertex 83.8568 72.4299 2.5
      vertex 84.3059 72.5193 2.5
    endloop
  endfacet
  facet normal -0.89686 -0.442314 0
    outer loop
      vertex 80.3689 74.15 2.5
      vertex 80.1664 74.5606 13
      vertex 80.1664 74.5606 2.5
    endloop
  endfacet
  facet normal -0.89686 -0.442314 0
    outer loop
      vertex 80.1664 74.5606 13
      vertex 80.3689 74.15 2.5
      vertex 80.3689 74.15 13
    endloop
  endfacet
  facet normal 0.980751 -0.195263 0
    outer loop
      vertex 86.7807 5.59413 13
      vertex 86.8701 6.04316 2.5
      vertex 86.8701 6.04316 13
    endloop
  endfacet
  facet normal 0.980751 -0.195263 0
    outer loop
      vertex 86.8701 6.04316 2.5
      vertex 86.7807 5.59413 13
      vertex 86.7807 5.59413 2.5
    endloop
  endfacet
  facet normal 0.997865 -0.0653099 0
    outer loop
      vertex 86.8701 6.04316 13
      vertex 86.9 6.5 2.5
      vertex 86.9 6.5 13
    endloop
  endfacet
  facet normal 0.997865 -0.0653099 0
    outer loop
      vertex 86.9 6.5 2.5
      vertex 86.8701 6.04316 13
      vertex 86.8701 6.04316 2.5
    endloop
  endfacet
  facet normal 0.94697 -0.321322 0
    outer loop
      vertex 86.6336 5.16061 13
      vertex 86.7807 5.59413 2.5
      vertex 86.7807 5.59413 13
    endloop
  endfacet
  facet normal 0.94697 -0.321322 0
    outer loop
      vertex 86.7807 5.59413 2.5
      vertex 86.6336 5.16061 13
      vertex 86.6336 5.16061 2.5
    endloop
  endfacet
  facet normal 0.321452 -0.946926 0
    outer loop
      vertex 84.3059 3.11926 2.5
      vertex 84.7394 3.26642 13
      vertex 84.3059 3.11926 13
    endloop
  endfacet
  facet normal 0.321452 -0.946926 0
    outer loop
      vertex 84.7394 3.26642 13
      vertex 84.3059 3.11926 2.5
      vertex 84.7394 3.26642 2.5
    endloop
  endfacet
  facet normal 0.896864 -0.442305 0
    outer loop
      vertex 86.4311 4.75 13
      vertex 86.6336 5.16061 2.5
      vertex 86.6336 5.16061 13
    endloop
  endfacet
  facet normal 0.896864 -0.442305 0
    outer loop
      vertex 86.6336 5.16061 2.5
      vertex 86.4311 4.75 13
      vertex 86.4311 4.75 2.5
    endloop
  endfacet
  facet normal -0.997865 0.0653099 0
    outer loop
      vertex 79.9 6.5 2.5
      vertex 79.9299 6.95684 13
      vertex 79.9299 6.95684 2.5
    endloop
  endfacet
  facet normal -0.997865 0.0653099 0
    outer loop
      vertex 79.9299 6.95684 13
      vertex 79.9 6.5 2.5
      vertex 79.9 6.5 13
    endloop
  endfacet
  facet normal -0.980751 -0.195263 0
    outer loop
      vertex 80.0193 5.59413 2.5
      vertex 79.9299 6.04316 13
      vertex 79.9299 6.04316 2.5
    endloop
  endfacet
  facet normal -0.980751 -0.195263 0
    outer loop
      vertex 79.9299 6.04316 13
      vertex 80.0193 5.59413 2.5
      vertex 80.0193 5.59413 13
    endloop
  endfacet
  facet normal -0.751909 -0.659267 0
    outer loop
      vertex 80.9251 4.02513 2.5
      vertex 80.6233 4.36934 13
      vertex 80.6233 4.36934 2.5
    endloop
  endfacet
  facet normal -0.751909 -0.659267 0
    outer loop
      vertex 80.6233 4.36934 13
      vertex 80.9251 4.02513 2.5
      vertex 80.9251 4.02513 13
    endloop
  endfacet
  facet normal 0.0654026 -0.997859 0
    outer loop
      vertex 83.4 3 2.5
      vertex 83.8568 3.02994 13
      vertex 83.4 3 13
    endloop
  endfacet
  facet normal 0.0654026 -0.997859 0
    outer loop
      vertex 83.8568 3.02994 13
      vertex 83.4 3 2.5
      vertex 83.8568 3.02994 2.5
    endloop
  endfacet
  facet normal -0.442297 0.896869 0
    outer loop
      vertex 82.0606 9.73358 2.5
      vertex 81.65 9.53109 13
      vertex 82.0606 9.73358 13
    endloop
  endfacet
  facet normal -0.442297 0.896869 0
    outer loop
      vertex 81.65 9.53109 13
      vertex 82.0606 9.73358 2.5
      vertex 81.65 9.53109 2.5
    endloop
  endfacet
  facet normal -0.997865 -0.0653099 0
    outer loop
      vertex 79.9299 6.04316 2.5
      vertex 79.9 6.5 13
      vertex 79.9 6.5 2.5
    endloop
  endfacet
  facet normal -0.997865 -0.0653099 0
    outer loop
      vertex 79.9 6.5 13
      vertex 79.9299 6.04316 2.5
      vertex 79.9299 6.04316 13
    endloop
  endfacet
  facet normal -0.195066 0.98079 0
    outer loop
      vertex 82.9432 9.97006 2.5
      vertex 82.4941 9.88074 13
      vertex 82.9432 9.97006 13
    endloop
  endfacet
  facet normal -0.195066 0.98079 0
    outer loop
      vertex 82.4941 9.88074 13
      vertex 82.9432 9.97006 2.5
      vertex 82.4941 9.88074 2.5
    endloop
  endfacet
  facet normal -0.0654026 -0.997859 0
    outer loop
      vertex 82.9432 3.02994 2.5
      vertex 83.4 3 13
      vertex 82.9432 3.02994 13
    endloop
  endfacet
  facet normal -0.0654026 -0.997859 -0
    outer loop
      vertex 83.4 3 13
      vertex 82.9432 3.02994 2.5
      vertex 83.4 3 2.5
    endloop
  endfacet
  facet normal -0.94697 -0.321322 0
    outer loop
      vertex 80.1664 5.16061 2.5
      vertex 80.0193 5.59413 13
      vertex 80.0193 5.59413 2.5
    endloop
  endfacet
  facet normal -0.94697 -0.321322 0
    outer loop
      vertex 80.0193 5.59413 13
      vertex 80.1664 5.16061 2.5
      vertex 80.1664 5.16061 13
    endloop
  endfacet
  facet normal 0.442297 0.896869 -0
    outer loop
      vertex 85.15 9.53109 2.5
      vertex 84.7394 9.73358 13
      vertex 85.15 9.53109 13
    endloop
  endfacet
  facet normal 0.442297 0.896869 0
    outer loop
      vertex 84.7394 9.73358 13
      vertex 85.15 9.53109 2.5
      vertex 84.7394 9.73358 2.5
    endloop
  endfacet
  facet normal 0.94697 0.321322 0
    outer loop
      vertex 86.7807 7.40587 13
      vertex 86.6336 7.83939 2.5
      vertex 86.6336 7.83939 13
    endloop
  endfacet
  facet normal 0.94697 0.321322 0
    outer loop
      vertex 86.6336 7.83939 2.5
      vertex 86.7807 7.40587 13
      vertex 86.7807 7.40587 2.5
    endloop
  endfacet
  facet normal 0.831418 0.555647 0
    outer loop
      vertex 86.4311 8.25 13
      vertex 86.1767 8.63066 2.5
      vertex 86.1767 8.63066 13
    endloop
  endfacet
  facet normal 0.831418 0.555647 0
    outer loop
      vertex 86.1767 8.63066 2.5
      vertex 86.4311 8.25 13
      vertex 86.4311 8.25 2.5
    endloop
  endfacet
  facet normal -0.896864 -0.442305 0
    outer loop
      vertex 80.3689 4.75 2.5
      vertex 80.1664 5.16061 13
      vertex 80.1664 5.16061 2.5
    endloop
  endfacet
  facet normal -0.896864 -0.442305 0
    outer loop
      vertex 80.1664 5.16061 13
      vertex 80.3689 4.75 2.5
      vertex 80.3689 4.75 13
    endloop
  endfacet
  facet normal 0.831418 -0.555647 0
    outer loop
      vertex 86.1767 4.36934 13
      vertex 86.4311 4.75 2.5
      vertex 86.4311 4.75 13
    endloop
  endfacet
  facet normal 0.831418 -0.555647 0
    outer loop
      vertex 86.4311 4.75 2.5
      vertex 86.1767 4.36934 13
      vertex 86.1767 4.36934 2.5
    endloop
  endfacet
  facet normal 0.195066 -0.98079 0
    outer loop
      vertex 83.8568 3.02994 2.5
      vertex 84.3059 3.11926 13
      vertex 83.8568 3.02994 13
    endloop
  endfacet
  facet normal 0.195066 -0.98079 0
    outer loop
      vertex 84.3059 3.11926 13
      vertex 83.8568 3.02994 2.5
      vertex 84.3059 3.11926 2.5
    endloop
  endfacet
  facet normal 0.751909 -0.659267 0
    outer loop
      vertex 85.8749 4.02513 13
      vertex 86.1767 4.36934 2.5
      vertex 86.1767 4.36934 13
    endloop
  endfacet
  facet normal 0.751909 -0.659267 0
    outer loop
      vertex 86.1767 4.36934 2.5
      vertex 85.8749 4.02513 13
      vertex 85.8749 4.02513 2.5
    endloop
  endfacet
  facet normal -0.555532 -0.831495 0
    outer loop
      vertex 81.2693 3.72326 2.5
      vertex 81.65 3.46891 13
      vertex 81.2693 3.72326 13
    endloop
  endfacet
  facet normal -0.555532 -0.831495 -0
    outer loop
      vertex 81.65 3.46891 13
      vertex 81.2693 3.72326 2.5
      vertex 81.65 3.46891 2.5
    endloop
  endfacet
  facet normal 0.659364 -0.751824 0
    outer loop
      vertex 85.5307 3.72326 2.5
      vertex 85.8749 4.02513 13
      vertex 85.5307 3.72326 13
    endloop
  endfacet
  facet normal 0.659364 -0.751824 0
    outer loop
      vertex 85.8749 4.02513 13
      vertex 85.5307 3.72326 2.5
      vertex 85.8749 4.02513 2.5
    endloop
  endfacet
  facet normal -0.751909 0.659267 0
    outer loop
      vertex 80.6233 8.63066 2.5
      vertex 80.9251 8.97487 13
      vertex 80.9251 8.97487 2.5
    endloop
  endfacet
  facet normal -0.751909 0.659267 0
    outer loop
      vertex 80.9251 8.97487 13
      vertex 80.6233 8.63066 2.5
      vertex 80.6233 8.63066 13
    endloop
  endfacet
  facet normal -0.831418 -0.555647 0
    outer loop
      vertex 80.6233 4.36934 2.5
      vertex 80.3689 4.75 13
      vertex 80.3689 4.75 2.5
    endloop
  endfacet
  facet normal -0.831418 -0.555647 0
    outer loop
      vertex 80.3689 4.75 13
      vertex 80.6233 4.36934 2.5
      vertex 80.6233 4.36934 13
    endloop
  endfacet
  facet normal 0.195066 0.98079 -0
    outer loop
      vertex 84.3059 9.88074 2.5
      vertex 83.8568 9.97006 13
      vertex 84.3059 9.88074 13
    endloop
  endfacet
  facet normal 0.195066 0.98079 0
    outer loop
      vertex 83.8568 9.97006 13
      vertex 84.3059 9.88074 2.5
      vertex 83.8568 9.97006 2.5
    endloop
  endfacet
  facet normal 0.321452 0.946926 -0
    outer loop
      vertex 84.7394 9.73358 2.5
      vertex 84.3059 9.88074 13
      vertex 84.7394 9.73358 13
    endloop
  endfacet
  facet normal 0.321452 0.946926 0
    outer loop
      vertex 84.3059 9.88074 13
      vertex 84.7394 9.73358 2.5
      vertex 84.3059 9.88074 2.5
    endloop
  endfacet
  facet normal -0.442297 -0.896869 0
    outer loop
      vertex 81.65 3.46891 2.5
      vertex 82.0606 3.26642 13
      vertex 81.65 3.46891 13
    endloop
  endfacet
  facet normal -0.442297 -0.896869 -0
    outer loop
      vertex 82.0606 3.26642 13
      vertex 81.65 3.46891 2.5
      vertex 82.0606 3.26642 2.5
    endloop
  endfacet
  facet normal -0.831418 0.555647 0
    outer loop
      vertex 80.3689 8.25 2.5
      vertex 80.6233 8.63066 13
      vertex 80.6233 8.63066 2.5
    endloop
  endfacet
  facet normal -0.831418 0.555647 0
    outer loop
      vertex 80.6233 8.63066 13
      vertex 80.3689 8.25 2.5
      vertex 80.3689 8.25 13
    endloop
  endfacet
  facet normal -0.659364 0.751824 0
    outer loop
      vertex 81.2693 9.27674 2.5
      vertex 80.9251 8.97487 13
      vertex 81.2693 9.27674 13
    endloop
  endfacet
  facet normal -0.659364 0.751824 0
    outer loop
      vertex 80.9251 8.97487 13
      vertex 81.2693 9.27674 2.5
      vertex 80.9251 8.97487 2.5
    endloop
  endfacet
  facet normal -0.896864 0.442305 0
    outer loop
      vertex 80.1664 7.83939 2.5
      vertex 80.3689 8.25 13
      vertex 80.3689 8.25 2.5
    endloop
  endfacet
  facet normal -0.896864 0.442305 0
    outer loop
      vertex 80.3689 8.25 13
      vertex 80.1664 7.83939 2.5
      vertex 80.1664 7.83939 13
    endloop
  endfacet
  facet normal 0.896864 0.442305 0
    outer loop
      vertex 86.6336 7.83939 13
      vertex 86.4311 8.25 2.5
      vertex 86.4311 8.25 13
    endloop
  endfacet
  facet normal 0.896864 0.442305 0
    outer loop
      vertex 86.4311 8.25 2.5
      vertex 86.6336 7.83939 13
      vertex 86.6336 7.83939 2.5
    endloop
  endfacet
  facet normal 0.555532 0.831495 -0
    outer loop
      vertex 85.5307 9.27674 2.5
      vertex 85.15 9.53109 13
      vertex 85.5307 9.27674 13
    endloop
  endfacet
  facet normal 0.555532 0.831495 0
    outer loop
      vertex 85.15 9.53109 13
      vertex 85.5307 9.27674 2.5
      vertex 85.15 9.53109 2.5
    endloop
  endfacet
  facet normal -0.659364 -0.751824 0
    outer loop
      vertex 80.9251 4.02513 2.5
      vertex 81.2693 3.72326 13
      vertex 80.9251 4.02513 13
    endloop
  endfacet
  facet normal -0.659364 -0.751824 -0
    outer loop
      vertex 81.2693 3.72326 13
      vertex 80.9251 4.02513 2.5
      vertex 81.2693 3.72326 2.5
    endloop
  endfacet
  facet normal 0.442297 -0.896869 0
    outer loop
      vertex 84.7394 3.26642 2.5
      vertex 85.15 3.46891 13
      vertex 84.7394 3.26642 13
    endloop
  endfacet
  facet normal 0.442297 -0.896869 0
    outer loop
      vertex 85.15 3.46891 13
      vertex 84.7394 3.26642 2.5
      vertex 85.15 3.46891 2.5
    endloop
  endfacet
  facet normal 0.555532 -0.831495 0
    outer loop
      vertex 85.15 3.46891 2.5
      vertex 85.5307 3.72326 13
      vertex 85.15 3.46891 13
    endloop
  endfacet
  facet normal 0.555532 -0.831495 0
    outer loop
      vertex 85.5307 3.72326 13
      vertex 85.15 3.46891 2.5
      vertex 85.5307 3.72326 2.5
    endloop
  endfacet
  facet normal -0.321452 -0.946926 0
    outer loop
      vertex 82.0606 3.26642 2.5
      vertex 82.4941 3.11926 13
      vertex 82.0606 3.26642 13
    endloop
  endfacet
  facet normal -0.321452 -0.946926 -0
    outer loop
      vertex 82.4941 3.11926 13
      vertex 82.0606 3.26642 2.5
      vertex 82.4941 3.11926 2.5
    endloop
  endfacet
  facet normal 0.751909 0.659267 0
    outer loop
      vertex 86.1767 8.63066 13
      vertex 85.8749 8.97487 2.5
      vertex 85.8749 8.97487 13
    endloop
  endfacet
  facet normal 0.751909 0.659267 0
    outer loop
      vertex 85.8749 8.97487 2.5
      vertex 86.1767 8.63066 13
      vertex 86.1767 8.63066 2.5
    endloop
  endfacet
  facet normal 0.659364 0.751824 -0
    outer loop
      vertex 85.8749 8.97487 2.5
      vertex 85.5307 9.27674 13
      vertex 85.8749 8.97487 13
    endloop
  endfacet
  facet normal 0.659364 0.751824 0
    outer loop
      vertex 85.5307 9.27674 13
      vertex 85.8749 8.97487 2.5
      vertex 85.5307 9.27674 2.5
    endloop
  endfacet
  facet normal -0.980751 0.195263 0
    outer loop
      vertex 79.9299 6.95684 2.5
      vertex 80.0193 7.40587 13
      vertex 80.0193 7.40587 2.5
    endloop
  endfacet
  facet normal -0.980751 0.195263 0
    outer loop
      vertex 80.0193 7.40587 13
      vertex 79.9299 6.95684 2.5
      vertex 79.9299 6.95684 13
    endloop
  endfacet
  facet normal -0.94697 0.321322 0
    outer loop
      vertex 80.0193 7.40587 2.5
      vertex 80.1664 7.83939 13
      vertex 80.1664 7.83939 2.5
    endloop
  endfacet
  facet normal -0.94697 0.321322 0
    outer loop
      vertex 80.1664 7.83939 13
      vertex 80.0193 7.40587 2.5
      vertex 80.0193 7.40587 13
    endloop
  endfacet
  facet normal 0.997865 0.0653099 0
    outer loop
      vertex 86.9 6.5 13
      vertex 86.8701 6.95684 2.5
      vertex 86.8701 6.95684 13
    endloop
  endfacet
  facet normal 0.997865 0.0653099 0
    outer loop
      vertex 86.8701 6.95684 2.5
      vertex 86.9 6.5 13
      vertex 86.9 6.5 2.5
    endloop
  endfacet
  facet normal 0.980751 0.195263 0
    outer loop
      vertex 86.8701 6.95684 13
      vertex 86.7807 7.40587 2.5
      vertex 86.7807 7.40587 13
    endloop
  endfacet
  facet normal 0.980751 0.195263 0
    outer loop
      vertex 86.7807 7.40587 2.5
      vertex 86.8701 6.95684 13
      vertex 86.8701 6.95684 2.5
    endloop
  endfacet
  facet normal -0.321452 0.946926 0
    outer loop
      vertex 82.4941 9.88074 2.5
      vertex 82.0606 9.73358 13
      vertex 82.4941 9.88074 13
    endloop
  endfacet
  facet normal -0.321452 0.946926 0
    outer loop
      vertex 82.0606 9.73358 13
      vertex 82.4941 9.88074 2.5
      vertex 82.0606 9.73358 2.5
    endloop
  endfacet
  facet normal -0.195066 -0.98079 0
    outer loop
      vertex 82.4941 3.11926 2.5
      vertex 82.9432 3.02994 13
      vertex 82.4941 3.11926 13
    endloop
  endfacet
  facet normal -0.195066 -0.98079 -0
    outer loop
      vertex 82.9432 3.02994 13
      vertex 82.4941 3.11926 2.5
      vertex 82.9432 3.02994 2.5
    endloop
  endfacet
  facet normal 0.0654026 0.997859 -0
    outer loop
      vertex 83.8568 9.97006 2.5
      vertex 83.4 10 13
      vertex 83.8568 9.97006 13
    endloop
  endfacet
  facet normal 0.0654026 0.997859 0
    outer loop
      vertex 83.4 10 13
      vertex 83.8568 9.97006 2.5
      vertex 83.4 10 2.5
    endloop
  endfacet
  facet normal 0 0 1
    outer loop
      vertex 85.4 6.5 13
      vertex 86.9 6.5 13
      vertex 86.8701 6.95684 13
    endloop
  endfacet
  facet normal 0 0 1
    outer loop
      vertex 85.3829 6.76105 13
      vertex 86.8701 6.95684 13
      vertex 86.7807 7.40587 13
    endloop
  endfacet
  facet normal 0 0 1
    outer loop
      vertex 86.9 6.5 13
      vertex 85.4 6.5 13
      vertex 86.8701 6.04316 13
    endloop
  endfacet
  facet normal 0 0 1
    outer loop
      vertex 85.3318 7.01764 13
      vertex 86.7807 7.40587 13
      vertex 86.6336 7.83939 13
    endloop
  endfacet
  facet normal -0 0 1
    outer loop
      vertex 85.3829 6.23895 13
      vertex 86.8701 6.04316 13
      vertex 85.4 6.5 13
    endloop
  endfacet
  facet normal 0 0 1
    outer loop
      vertex 85.2478 7.26537 13
      vertex 86.6336 7.83939 13
      vertex 86.4311 8.25 13
    endloop
  endfacet
  facet normal 0 0 1
    outer loop
      vertex 86.8701 6.04316 13
      vertex 85.3829 6.23895 13
      vertex 86.7807 5.59413 13
    endloop
  endfacet
  facet normal 0 0 1
    outer loop
      vertex 85.132 7.5 13
      vertex 86.4311 8.25 13
      vertex 86.1767 8.63066 13
    endloop
  endfacet
  facet normal -0 0 1
    outer loop
      vertex 85.3318 5.98236 13
      vertex 86.7807 5.59413 13
      vertex 85.3829 6.23895 13
    endloop
  endfacet
  facet normal 0 0 1
    outer loop
      vertex 84.9867 7.71752 13
      vertex 86.1767 8.63066 13
      vertex 85.8749 8.97487 13
    endloop
  endfacet
  facet normal 0 0 1
    outer loop
      vertex 86.7807 5.59413 13
      vertex 85.3318 5.98236 13
      vertex 86.6336 5.16061 13
    endloop
  endfacet
  facet normal 0 0 1
    outer loop
      vertex 84.8142 7.91421 13
      vertex 85.8749 8.97487 13
      vertex 85.5307 9.27674 13
    endloop
  endfacet
  facet normal -0 0 1
    outer loop
      vertex 85.2478 5.73463 13
      vertex 86.6336 5.16061 13
      vertex 85.3318 5.98236 13
    endloop
  endfacet
  facet normal 0 0 1
    outer loop
      vertex 86.6336 5.16061 13
      vertex 85.2478 5.73463 13
      vertex 86.4311 4.75 13
    endloop
  endfacet
  facet normal 0 0 1
    outer loop
      vertex 86.8701 6.95684 13
      vertex 85.3829 6.76105 13
      vertex 85.4 6.5 13
    endloop
  endfacet
  facet normal 0 0 1
    outer loop
      vertex 86.7807 7.40587 13
      vertex 85.3318 7.01764 13
      vertex 85.3829 6.76105 13
    endloop
  endfacet
  facet normal 0 0 1
    outer loop
      vertex 86.6336 7.83939 13
      vertex 85.2478 7.26537 13
      vertex 85.3318 7.01764 13
    endloop
  endfacet
  facet normal 0 0 1
    outer loop
      vertex 84.6175 8.08671 13
      vertex 85.5307 9.27674 13
      vertex 85.15 9.53109 13
    endloop
  endfacet
  facet normal 0 0 1
    outer loop
      vertex 86.4311 8.25 13
      vertex 85.132 7.5 13
      vertex 85.2478 7.26537 13
    endloop
  endfacet
  facet normal 0 0 1
    outer loop
      vertex 86.1767 8.63066 13
      vertex 84.9867 7.71752 13
      vertex 85.132 7.5 13
    endloop
  endfacet
  facet normal 0 0 1
    outer loop
      vertex 85.8749 8.97487 13
      vertex 84.8142 7.91421 13
      vertex 84.9867 7.71752 13
    endloop
  endfacet
  facet normal 0 0 1
    outer loop
      vertex 84.4 8.23205 13
      vertex 85.15 9.53109 13
      vertex 84.7394 9.73358 13
    endloop
  endfacet
  facet normal 0 0 1
    outer loop
      vertex 85.5307 9.27674 13
      vertex 84.6175 8.08671 13
      vertex 84.8142 7.91421 13
    endloop
  endfacet
  facet normal 0 0 1
    outer loop
      vertex 85.15 9.53109 13
      vertex 84.4 8.23205 13
      vertex 84.6175 8.08671 13
    endloop
  endfacet
  facet normal 0 0 1
    outer loop
      vertex 84.1654 8.34776 13
      vertex 84.7394 9.73358 13
      vertex 84.3059 9.88074 13
    endloop
  endfacet
  facet normal 0 0 1
    outer loop
      vertex 84.7394 9.73358 13
      vertex 84.1654 8.34776 13
      vertex 84.4 8.23205 13
    endloop
  endfacet
  facet normal 0 0 1
    outer loop
      vertex 84.3059 9.88074 13
      vertex 83.9176 8.43185 13
      vertex 84.1654 8.34776 13
    endloop
  endfacet
  facet normal 0 0 1
    outer loop
      vertex 83.8568 9.97006 13
      vertex 83.9176 8.43185 13
      vertex 84.3059 9.88074 13
    endloop
  endfacet
  facet normal 0 0 1
    outer loop
      vertex 83.8568 9.97006 13
      vertex 83.661 8.48289 13
      vertex 83.9176 8.43185 13
    endloop
  endfacet
  facet normal 0 0 1
    outer loop
      vertex 83.4 10 13
      vertex 83.661 8.48289 13
      vertex 83.8568 9.97006 13
    endloop
  endfacet
  facet normal 0 0 1
    outer loop
      vertex 83.4 10 13
      vertex 83.4 8.5 13
      vertex 83.661 8.48289 13
    endloop
  endfacet
  facet normal 0 0 1
    outer loop
      vertex 83.4 10 13
      vertex 83.1389 8.48289 13
      vertex 83.4 8.5 13
    endloop
  endfacet
  facet normal -0 0 1
    outer loop
      vertex 82.9432 9.97006 13
      vertex 83.1389 8.48289 13
      vertex 83.4 10 13
    endloop
  endfacet
  facet normal 0 0 1
    outer loop
      vertex 82.9432 9.97006 13
      vertex 82.8824 8.43185 13
      vertex 83.1389 8.48289 13
    endloop
  endfacet
  facet normal -0 0 1
    outer loop
      vertex 82.4941 9.88074 13
      vertex 82.8824 8.43185 13
      vertex 82.9432 9.97006 13
    endloop
  endfacet
  facet normal 0 0 1
    outer loop
      vertex 82.8824 8.43185 13
      vertex 82.4941 9.88074 13
      vertex 82.6346 8.34776 13
    endloop
  endfacet
  facet normal -0 0 1
    outer loop
      vertex 82.0606 9.73358 13
      vertex 82.6346 8.34776 13
      vertex 82.4941 9.88074 13
    endloop
  endfacet
  facet normal 0 0 1
    outer loop
      vertex 82.6346 8.34776 13
      vertex 82.0606 9.73358 13
      vertex 82.4 8.23205 13
    endloop
  endfacet
  facet normal -0 0 1
    outer loop
      vertex 81.65 9.53109 13
      vertex 82.4 8.23205 13
      vertex 82.0606 9.73358 13
    endloop
  endfacet
  facet normal 0 0 1
    outer loop
      vertex 82.4 8.23205 13
      vertex 81.65 9.53109 13
      vertex 82.1825 8.08671 13
    endloop
  endfacet
  facet normal -0 0 1
    outer loop
      vertex 81.2693 9.27674 13
      vertex 82.1825 8.08671 13
      vertex 81.65 9.53109 13
    endloop
  endfacet
  facet normal 0 0 1
    outer loop
      vertex 82.1825 8.08671 13
      vertex 81.2693 9.27674 13
      vertex 81.9858 7.91421 13
    endloop
  endfacet
  facet normal -0 0 1
    outer loop
      vertex 80.9251 8.97487 13
      vertex 81.9858 7.91421 13
      vertex 81.2693 9.27674 13
    endloop
  endfacet
  facet normal 0 0 1
    outer loop
      vertex 81.9858 7.91421 13
      vertex 80.9251 8.97487 13
      vertex 81.8133 7.71752 13
    endloop
  endfacet
  facet normal -0 0 1
    outer loop
      vertex 80.6233 8.63066 13
      vertex 81.8133 7.71752 13
      vertex 80.9251 8.97487 13
    endloop
  endfacet
  facet normal 0 0 1
    outer loop
      vertex 81.8133 7.71752 13
      vertex 80.6233 8.63066 13
      vertex 81.6679 7.5 13
    endloop
  endfacet
  facet normal 0 0 1
    outer loop
      vertex 81.6679 7.5 13
      vertex 80.3689 8.25 13
      vertex 81.5522 7.26537 13
    endloop
  endfacet
  facet normal -0 0 1
    outer loop
      vertex 80.3689 8.25 13
      vertex 81.6679 7.5 13
      vertex 80.6233 8.63066 13
    endloop
  endfacet
  facet normal -0 0 1
    outer loop
      vertex 85.132 5.5 13
      vertex 86.4311 4.75 13
      vertex 85.2478 5.73463 13
    endloop
  endfacet
  facet normal 0 0 1
    outer loop
      vertex 86.4311 4.75 13
      vertex 85.132 5.5 13
      vertex 86.1767 4.36934 13
    endloop
  endfacet
  facet normal -0 0 1
    outer loop
      vertex 84.9867 5.28248 13
      vertex 86.1767 4.36934 13
      vertex 85.132 5.5 13
    endloop
  endfacet
  facet normal 0 0 1
    outer loop
      vertex 86.1767 4.36934 13
      vertex 84.9867 5.28248 13
      vertex 85.8749 4.02513 13
    endloop
  endfacet
  facet normal -0 0 1
    outer loop
      vertex 84.8142 5.08579 13
      vertex 85.8749 4.02513 13
      vertex 84.9867 5.28248 13
    endloop
  endfacet
  facet normal 0 0 1
    outer loop
      vertex 85.8749 4.02513 13
      vertex 84.8142 5.08579 13
      vertex 85.5307 3.72326 13
    endloop
  endfacet
  facet normal -0 0 1
    outer loop
      vertex 84.6175 4.91329 13
      vertex 85.5307 3.72326 13
      vertex 84.8142 5.08579 13
    endloop
  endfacet
  facet normal 0 0 1
    outer loop
      vertex 85.5307 3.72326 13
      vertex 84.6175 4.91329 13
      vertex 85.15 3.46891 13
    endloop
  endfacet
  facet normal -0 0 1
    outer loop
      vertex 84.4 4.76795 13
      vertex 85.15 3.46891 13
      vertex 84.6175 4.91329 13
    endloop
  endfacet
  facet normal 0 0 1
    outer loop
      vertex 85.15 3.46891 13
      vertex 84.4 4.76795 13
      vertex 84.7394 3.26642 13
    endloop
  endfacet
  facet normal -0 0 1
    outer loop
      vertex 84.1654 4.65224 13
      vertex 84.7394 3.26642 13
      vertex 84.4 4.76795 13
    endloop
  endfacet
  facet normal 0 0 1
    outer loop
      vertex 84.7394 3.26642 13
      vertex 84.1654 4.65224 13
      vertex 84.3059 3.11926 13
    endloop
  endfacet
  facet normal -0 0 1
    outer loop
      vertex 83.9176 4.56815 13
      vertex 84.3059 3.11926 13
      vertex 84.1654 4.65224 13
    endloop
  endfacet
  facet normal 0 0 1
    outer loop
      vertex 83.9176 4.56815 13
      vertex 83.8568 3.02994 13
      vertex 84.3059 3.11926 13
    endloop
  endfacet
  facet normal -0 0 1
    outer loop
      vertex 83.661 4.51711 13
      vertex 83.8568 3.02994 13
      vertex 83.9176 4.56815 13
    endloop
  endfacet
  facet normal -0 0 1
    outer loop
      vertex 83.4 4.5 13
      vertex 83.8568 3.02994 13
      vertex 83.661 4.51711 13
    endloop
  endfacet
  facet normal 0 0 1
    outer loop
      vertex 83.4 4.5 13
      vertex 83.4 3 13
      vertex 83.8568 3.02994 13
    endloop
  endfacet
  facet normal 0 0 1
    outer loop
      vertex 83.1389 4.51711 13
      vertex 83.4 3 13
      vertex 83.4 4.5 13
    endloop
  endfacet
  facet normal 0 0 1
    outer loop
      vertex 83.1389 4.51711 13
      vertex 82.9432 3.02994 13
      vertex 83.4 3 13
    endloop
  endfacet
  facet normal 0 0 1
    outer loop
      vertex 82.8824 4.56815 13
      vertex 82.9432 3.02994 13
      vertex 83.1389 4.51711 13
    endloop
  endfacet
  facet normal 0 0 1
    outer loop
      vertex 82.4941 3.11926 13
      vertex 82.8824 4.56815 13
      vertex 82.6346 4.65224 13
    endloop
  endfacet
  facet normal 0 0 1
    outer loop
      vertex 82.8824 4.56815 13
      vertex 82.4941 3.11926 13
      vertex 82.9432 3.02994 13
    endloop
  endfacet
  facet normal 0 0 1
    outer loop
      vertex 82.0606 3.26642 13
      vertex 82.6346 4.65224 13
      vertex 82.4 4.76795 13
    endloop
  endfacet
  facet normal 0 0 1
    outer loop
      vertex 81.65 3.46891 13
      vertex 82.4 4.76795 13
      vertex 82.1825 4.91329 13
    endloop
  endfacet
  facet normal 0 0 1
    outer loop
      vertex 82.6346 4.65224 13
      vertex 82.0606 3.26642 13
      vertex 82.4941 3.11926 13
    endloop
  endfacet
  facet normal 0 0 1
    outer loop
      vertex 81.2693 3.72326 13
      vertex 82.1825 4.91329 13
      vertex 81.9858 5.08579 13
    endloop
  endfacet
  facet normal 0 0 1
    outer loop
      vertex 80.9251 4.02513 13
      vertex 81.9858 5.08579 13
      vertex 81.8133 5.28248 13
    endloop
  endfacet
  facet normal 0 0 1
    outer loop
      vertex 80.6233 4.36934 13
      vertex 81.8133 5.28248 13
      vertex 81.6679 5.5 13
    endloop
  endfacet
  facet normal 0 0 1
    outer loop
      vertex 82.4 4.76795 13
      vertex 81.65 3.46891 13
      vertex 82.0606 3.26642 13
    endloop
  endfacet
  facet normal 0 0 1
    outer loop
      vertex 80.3689 4.75 13
      vertex 81.6679 5.5 13
      vertex 81.5522 5.73463 13
    endloop
  endfacet
  facet normal 0 0 1
    outer loop
      vertex 80.1664 5.16061 13
      vertex 81.5522 5.73463 13
      vertex 81.4681 5.98236 13
    endloop
  endfacet
  facet normal 0 0 1
    outer loop
      vertex 80.0193 5.59413 13
      vertex 81.4681 5.98236 13
      vertex 81.4171 6.23895 13
    endloop
  endfacet
  facet normal 0 0 1
    outer loop
      vertex 82.1825 4.91329 13
      vertex 81.2693 3.72326 13
      vertex 81.65 3.46891 13
    endloop
  endfacet
  facet normal 0 0 1
    outer loop
      vertex 79.9299 6.04316 13
      vertex 81.4171 6.23895 13
      vertex 81.4 6.5 13
    endloop
  endfacet
  facet normal -0 0 1
    outer loop
      vertex 80.1664 7.83939 13
      vertex 81.5522 7.26537 13
      vertex 80.3689 8.25 13
    endloop
  endfacet
  facet normal 0 0 1
    outer loop
      vertex 81.5522 7.26537 13
      vertex 80.1664 7.83939 13
      vertex 81.4681 7.01764 13
    endloop
  endfacet
  facet normal 0 0 1
    outer loop
      vertex 81.9858 5.08579 13
      vertex 80.9251 4.02513 13
      vertex 81.2693 3.72326 13
    endloop
  endfacet
  facet normal -0 0 1
    outer loop
      vertex 80.0193 7.40587 13
      vertex 81.4681 7.01764 13
      vertex 80.1664 7.83939 13
    endloop
  endfacet
  facet normal 0 0 1
    outer loop
      vertex 81.8133 5.28248 13
      vertex 80.6233 4.36934 13
      vertex 80.9251 4.02513 13
    endloop
  endfacet
  facet normal 0 0 1
    outer loop
      vertex 81.4681 7.01764 13
      vertex 80.0193 7.40587 13
      vertex 81.4171 6.76105 13
    endloop
  endfacet
  facet normal 0 0 1
    outer loop
      vertex 81.6679 5.5 13
      vertex 80.3689 4.75 13
      vertex 80.6233 4.36934 13
    endloop
  endfacet
  facet normal -0 0 1
    outer loop
      vertex 79.9299 6.95684 13
      vertex 81.4171 6.76105 13
      vertex 80.0193 7.40587 13
    endloop
  endfacet
  facet normal 0 0 1
    outer loop
      vertex 81.5522 5.73463 13
      vertex 80.1664 5.16061 13
      vertex 80.3689 4.75 13
    endloop
  endfacet
  facet normal 0 0 1
    outer loop
      vertex 81.4171 6.76105 13
      vertex 79.9299 6.95684 13
      vertex 81.4 6.5 13
    endloop
  endfacet
  facet normal 0 0 1
    outer loop
      vertex 81.4681 5.98236 13
      vertex 80.0193 5.59413 13
      vertex 80.1664 5.16061 13
    endloop
  endfacet
  facet normal 0 0 1
    outer loop
      vertex 79.9 6.5 13
      vertex 81.4 6.5 13
      vertex 79.9299 6.95684 13
    endloop
  endfacet
  facet normal 0 0 1
    outer loop
      vertex 81.4171 6.23895 13
      vertex 79.9299 6.04316 13
      vertex 80.0193 5.59413 13
    endloop
  endfacet
  facet normal 0 0 1
    outer loop
      vertex 81.4 6.5 13
      vertex 79.9 6.5 13
      vertex 79.9299 6.04316 13
    endloop
  endfacet
  facet normal -0.555532 0.831495 0
    outer loop
      vertex 81.65 9.53109 2.5
      vertex 81.2693 9.27674 13
      vertex 81.65 9.53109 13
    endloop
  endfacet
  facet normal -0.555532 0.831495 0
    outer loop
      vertex 81.2693 9.27674 13
      vertex 81.65 9.53109 2.5
      vertex 81.2693 9.27674 2.5
    endloop
  endfacet
  facet normal -0.0654026 0.997859 0
    outer loop
      vertex 83.4 10 2.5
      vertex 82.9432 9.97006 13
      vertex 83.4 10 13
    endloop
  endfacet
  facet normal -0.0654026 0.997859 0
    outer loop
      vertex 82.9432 9.97006 13
      vertex 83.4 10 2.5
      vertex 82.9432 9.97006 2.5
    endloop
  endfacet
  facet normal -1 0 0
    outer loop
      vertex 27.7 83.4 0
      vertex 27.7 97.4 1.5
      vertex 27.7 97.4 0
    endloop
  endfacet
  facet normal -1 -0 0
    outer loop
      vertex 27.7 97.4 1.5
      vertex 27.7 83.4 0
      vertex 27.7 83.4 1.5
    endloop
  endfacet
  facet normal 1 -0 0
    outer loop
      vertex 13.7 83.4 1.5
      vertex 13.7 97.4 0
      vertex 13.7 97.4 1.5
    endloop
  endfacet
  facet normal 1 0 0
    outer loop
      vertex 13.7 97.4 0
      vertex 13.7 83.4 1.5
      vertex 13.7 83.4 0
    endloop
  endfacet
  facet normal 0 1 -0
    outer loop
      vertex 27.7 83.4 0
      vertex 13.7 83.4 1.5
      vertex 27.7 83.4 1.5
    endloop
  endfacet
  facet normal 0 1 0
    outer loop
      vertex 13.7 83.4 1.5
      vertex 27.7 83.4 0
      vertex 13.7 83.4 0
    endloop
  endfacet
  facet normal 0 -1 0
    outer loop
      vertex 13.7 97.4 0
      vertex 27.7 97.4 1.5
      vertex 13.7 97.4 1.5
    endloop
  endfacet
  facet normal 0 -1 -0
    outer loop
      vertex 27.7 97.4 1.5
      vertex 13.7 97.4 0
      vertex 27.7 97.4 0
    endloop
  endfacet
  facet normal -1 0 0
    outer loop
      vertex 28.5 82.6 1.5
      vertex 28.5 98.2 2.5
      vertex 28.5 98.2 1.5
    endloop
  endfacet
  facet normal -1 -0 0
    outer loop
      vertex 28.5 98.2 2.5
      vertex 28.5 82.6 1.5
      vertex 28.5 82.6 2.5
    endloop
  endfacet
  facet normal 0 0 1
    outer loop
      vertex 28.5 98.2 1.5
      vertex 27.7 97.4 1.5
      vertex 28.5 82.6 1.5
    endloop
  endfacet
  facet normal 0 0 1
    outer loop
      vertex 28.5 98.2 1.5
      vertex 13.7 97.4 1.5
      vertex 27.7 97.4 1.5
    endloop
  endfacet
  facet normal 0 0 1
    outer loop
      vertex 13.7 97.4 1.5
      vertex 12.9 98.2 1.5
      vertex 13.7 83.4 1.5
    endloop
  endfacet
  facet normal -0 0 1
    outer loop
      vertex 12.9 98.2 1.5
      vertex 13.7 97.4 1.5
      vertex 28.5 98.2 1.5
    endloop
  endfacet
  facet normal -0 0 1
    outer loop
      vertex 27.7 83.4 1.5
      vertex 28.5 82.6 1.5
      vertex 27.7 97.4 1.5
    endloop
  endfacet
  facet normal -0 0 1
    outer loop
      vertex 13.7 83.4 1.5
      vertex 28.5 82.6 1.5
      vertex 27.7 83.4 1.5
    endloop
  endfacet
  facet normal 0 0 1
    outer loop
      vertex 13.7 83.4 1.5
      vertex 12.9 82.6 1.5
      vertex 28.5 82.6 1.5
    endloop
  endfacet
  facet normal 0 0 1
    outer loop
      vertex 12.9 82.6 1.5
      vertex 13.7 83.4 1.5
      vertex 12.9 98.2 1.5
    endloop
  endfacet
  facet normal 1 -0 0
    outer loop
      vertex 12.9 82.6 2.5
      vertex 12.9 98.2 1.5
      vertex 12.9 98.2 2.5
    endloop
  endfacet
  facet normal 1 0 0
    outer loop
      vertex 12.9 98.2 1.5
      vertex 12.9 82.6 2.5
      vertex 12.9 82.6 1.5
    endloop
  endfacet
  facet normal 0 1 -0
    outer loop
      vertex 28.5 82.6 1.5
      vertex 12.9 82.6 2.5
      vertex 28.5 82.6 2.5
    endloop
  endfacet
  facet normal 0 1 0
    outer loop
      vertex 12.9 82.6 2.5
      vertex 28.5 82.6 1.5
      vertex 12.9 82.6 1.5
    endloop
  endfacet
  facet normal 0 -1 0
    outer loop
      vertex 12.9 98.2 1.5
      vertex 28.5 98.2 2.5
      vertex 12.9 98.2 2.5
    endloop
  endfacet
  facet normal 0 -1 -0
    outer loop
      vertex 28.5 98.2 2.5
      vertex 12.9 98.2 1.5
      vertex 28.5 98.2 1.5
    endloop
  endfacet
  facet normal -1 0 0
    outer loop
      vertex 46.7 83.4 0
      vertex 46.7 97.4 1.5
      vertex 46.7 97.4 0
    endloop
  endfacet
  facet normal -1 -0 0
    outer loop
      vertex 46.7 97.4 1.5
      vertex 46.7 83.4 0
      vertex 46.7 83.4 1.5
    endloop
  endfacet
  facet normal 1 -0 0
    outer loop
      vertex 32.7 83.4 1.5
      vertex 32.7 97.4 0
      vertex 32.7 97.4 1.5
    endloop
  endfacet
  facet normal 1 0 0
    outer loop
      vertex 32.7 97.4 0
      vertex 32.7 83.4 1.5
      vertex 32.7 83.4 0
    endloop
  endfacet
  facet normal 0 1 -0
    outer loop
      vertex 46.7 83.4 0
      vertex 32.7 83.4 1.5
      vertex 46.7 83.4 1.5
    endloop
  endfacet
  facet normal 0 1 0
    outer loop
      vertex 32.7 83.4 1.5
      vertex 46.7 83.4 0
      vertex 32.7 83.4 0
    endloop
  endfacet
  facet normal 0 -1 0
    outer loop
      vertex 32.7 97.4 0
      vertex 46.7 97.4 1.5
      vertex 32.7 97.4 1.5
    endloop
  endfacet
  facet normal 0 -1 -0
    outer loop
      vertex 46.7 97.4 1.5
      vertex 32.7 97.4 0
      vertex 46.7 97.4 0
    endloop
  endfacet
  facet normal -1 0 0
    outer loop
      vertex 47.5 82.6 1.5
      vertex 47.5 98.2 2.5
      vertex 47.5 98.2 1.5
    endloop
  endfacet
  facet normal -1 -0 0
    outer loop
      vertex 47.5 98.2 2.5
      vertex 47.5 82.6 1.5
      vertex 47.5 82.6 2.5
    endloop
  endfacet
  facet normal 0 0 1
    outer loop
      vertex 47.5 98.2 1.5
      vertex 46.7 97.4 1.5
      vertex 47.5 82.6 1.5
    endloop
  endfacet
  facet normal 0 0 1
    outer loop
      vertex 47.5 98.2 1.5
      vertex 32.7 97.4 1.5
      vertex 46.7 97.4 1.5
    endloop
  endfacet
  facet normal 0 0 1
    outer loop
      vertex 32.7 97.4 1.5
      vertex 31.9 98.2 1.5
      vertex 32.7 83.4 1.5
    endloop
  endfacet
  facet normal -0 0 1
    outer loop
      vertex 31.9 98.2 1.5
      vertex 32.7 97.4 1.5
      vertex 47.5 98.2 1.5
    endloop
  endfacet
  facet normal -0 0 1
    outer loop
      vertex 46.7 83.4 1.5
      vertex 47.5 82.6 1.5
      vertex 46.7 97.4 1.5
    endloop
  endfacet
  facet normal -0 0 1
    outer loop
      vertex 32.7 83.4 1.5
      vertex 47.5 82.6 1.5
      vertex 46.7 83.4 1.5
    endloop
  endfacet
  facet normal 0 0 1
    outer loop
      vertex 32.7 83.4 1.5
      vertex 31.9 82.6 1.5
      vertex 47.5 82.6 1.5
    endloop
  endfacet
  facet normal 0 0 1
    outer loop
      vertex 31.9 82.6 1.5
      vertex 32.7 83.4 1.5
      vertex 31.9 98.2 1.5
    endloop
  endfacet
  facet normal 1 -0 0
    outer loop
      vertex 31.9 82.6 2.5
      vertex 31.9 98.2 1.5
      vertex 31.9 98.2 2.5
    endloop
  endfacet
  facet normal 1 0 0
    outer loop
      vertex 31.9 98.2 1.5
      vertex 31.9 82.6 2.5
      vertex 31.9 82.6 1.5
    endloop
  endfacet
  facet normal 0 1 -0
    outer loop
      vertex 47.5 82.6 1.5
      vertex 31.9 82.6 2.5
      vertex 47.5 82.6 2.5
    endloop
  endfacet
  facet normal 0 1 0
    outer loop
      vertex 31.9 82.6 2.5
      vertex 47.5 82.6 1.5
      vertex 31.9 82.6 1.5
    endloop
  endfacet
  facet normal 0 -1 0
    outer loop
      vertex 31.9 98.2 1.5
      vertex 47.5 98.2 2.5
      vertex 31.9 98.2 2.5
    endloop
  endfacet
  facet normal 0 -1 -0
    outer loop
      vertex 47.5 98.2 2.5
      vertex 31.9 98.2 1.5
      vertex 47.5 98.2 1.5
    endloop
  endfacet
  facet normal -1 0 0
    outer loop
      vertex 27.7 102.4 0
      vertex 27.7 116.4 1.5
      vertex 27.7 116.4 0
    endloop
  endfacet
  facet normal -1 -0 0
    outer loop
      vertex 27.7 116.4 1.5
      vertex 27.7 102.4 0
      vertex 27.7 102.4 1.5
    endloop
  endfacet
  facet normal 1 -0 0
    outer loop
      vertex 13.7 102.4 1.5
      vertex 13.7 116.4 0
      vertex 13.7 116.4 1.5
    endloop
  endfacet
  facet normal 1 0 0
    outer loop
      vertex 13.7 116.4 0
      vertex 13.7 102.4 1.5
      vertex 13.7 102.4 0
    endloop
  endfacet
  facet normal 0 1 -0
    outer loop
      vertex 27.7 102.4 0
      vertex 13.7 102.4 1.5
      vertex 27.7 102.4 1.5
    endloop
  endfacet
  facet normal 0 1 0
    outer loop
      vertex 13.7 102.4 1.5
      vertex 27.7 102.4 0
      vertex 13.7 102.4 0
    endloop
  endfacet
  facet normal 0 -1 0
    outer loop
      vertex 13.7 116.4 0
      vertex 27.7 116.4 1.5
      vertex 13.7 116.4 1.5
    endloop
  endfacet
  facet normal 0 -1 -0
    outer loop
      vertex 27.7 116.4 1.5
      vertex 13.7 116.4 0
      vertex 27.7 116.4 0
    endloop
  endfacet
  facet normal -1 0 0
    outer loop
      vertex 28.5 101.6 1.5
      vertex 28.5 117.2 2.5
      vertex 28.5 117.2 1.5
    endloop
  endfacet
  facet normal -1 -0 0
    outer loop
      vertex 28.5 117.2 2.5
      vertex 28.5 101.6 1.5
      vertex 28.5 101.6 2.5
    endloop
  endfacet
  facet normal 0 0 1
    outer loop
      vertex 28.5 117.2 1.5
      vertex 27.7 116.4 1.5
      vertex 28.5 101.6 1.5
    endloop
  endfacet
  facet normal 0 0 1
    outer loop
      vertex 28.5 117.2 1.5
      vertex 13.7 116.4 1.5
      vertex 27.7 116.4 1.5
    endloop
  endfacet
  facet normal 0 0 1
    outer loop
      vertex 13.7 116.4 1.5
      vertex 12.9 117.2 1.5
      vertex 13.7 102.4 1.5
    endloop
  endfacet
  facet normal -0 0 1
    outer loop
      vertex 12.9 117.2 1.5
      vertex 13.7 116.4 1.5
      vertex 28.5 117.2 1.5
    endloop
  endfacet
  facet normal -0 0 1
    outer loop
      vertex 27.7 102.4 1.5
      vertex 28.5 101.6 1.5
      vertex 27.7 116.4 1.5
    endloop
  endfacet
  facet normal -0 0 1
    outer loop
      vertex 13.7 102.4 1.5
      vertex 28.5 101.6 1.5
      vertex 27.7 102.4 1.5
    endloop
  endfacet
  facet normal 0 0 1
    outer loop
      vertex 13.7 102.4 1.5
      vertex 12.9 101.6 1.5
      vertex 28.5 101.6 1.5
    endloop
  endfacet
  facet normal 0 0 1
    outer loop
      vertex 12.9 101.6 1.5
      vertex 13.7 102.4 1.5
      vertex 12.9 117.2 1.5
    endloop
  endfacet
  facet normal 1 -0 0
    outer loop
      vertex 12.9 101.6 2.5
      vertex 12.9 117.2 1.5
      vertex 12.9 117.2 2.5
    endloop
  endfacet
  facet normal 1 0 0
    outer loop
      vertex 12.9 117.2 1.5
      vertex 12.9 101.6 2.5
      vertex 12.9 101.6 1.5
    endloop
  endfacet
  facet normal 0 1 -0
    outer loop
      vertex 28.5 101.6 1.5
      vertex 12.9 101.6 2.5
      vertex 28.5 101.6 2.5
    endloop
  endfacet
  facet normal 0 1 0
    outer loop
      vertex 12.9 101.6 2.5
      vertex 28.5 101.6 1.5
      vertex 12.9 101.6 1.5
    endloop
  endfacet
  facet normal 0 -1 0
    outer loop
      vertex 12.9 117.2 1.5
      vertex 28.5 117.2 2.5
      vertex 12.9 117.2 2.5
    endloop
  endfacet
  facet normal 0 -1 -0
    outer loop
      vertex 28.5 117.2 2.5
      vertex 12.9 117.2 1.5
      vertex 28.5 117.2 1.5
    endloop
  endfacet
  facet normal -1 0 0
    outer loop
      vertex 46.7 102.4 0
      vertex 46.7 116.4 1.5
      vertex 46.7 116.4 0
    endloop
  endfacet
  facet normal -1 -0 0
    outer loop
      vertex 46.7 116.4 1.5
      vertex 46.7 102.4 0
      vertex 46.7 102.4 1.5
    endloop
  endfacet
  facet normal 1 -0 0
    outer loop
      vertex 32.7 102.4 1.5
      vertex 32.7 116.4 0
      vertex 32.7 116.4 1.5
    endloop
  endfacet
  facet normal 1 0 0
    outer loop
      vertex 32.7 116.4 0
      vertex 32.7 102.4 1.5
      vertex 32.7 102.4 0
    endloop
  endfacet
  facet normal 0 1 -0
    outer loop
      vertex 46.7 102.4 0
      vertex 32.7 102.4 1.5
      vertex 46.7 102.4 1.5
    endloop
  endfacet
  facet normal 0 1 0
    outer loop
      vertex 32.7 102.4 1.5
      vertex 46.7 102.4 0
      vertex 32.7 102.4 0
    endloop
  endfacet
  facet normal 0 -1 0
    outer loop
      vertex 32.7 116.4 0
      vertex 46.7 116.4 1.5
      vertex 32.7 116.4 1.5
    endloop
  endfacet
  facet normal 0 -1 -0
    outer loop
      vertex 46.7 116.4 1.5
      vertex 32.7 116.4 0
      vertex 46.7 116.4 0
    endloop
  endfacet
  facet normal -1 0 0
    outer loop
      vertex 47.5 101.6 1.5
      vertex 47.5 117.2 2.5
      vertex 47.5 117.2 1.5
    endloop
  endfacet
  facet normal -1 -0 0
    outer loop
      vertex 47.5 117.2 2.5
      vertex 47.5 101.6 1.5
      vertex 47.5 101.6 2.5
    endloop
  endfacet
  facet normal 0 0 1
    outer loop
      vertex 47.5 117.2 1.5
      vertex 46.7 116.4 1.5
      vertex 47.5 101.6 1.5
    endloop
  endfacet
  facet normal 0 0 1
    outer loop
      vertex 47.5 117.2 1.5
      vertex 32.7 116.4 1.5
      vertex 46.7 116.4 1.5
    endloop
  endfacet
  facet normal 0 0 1
    outer loop
      vertex 32.7 116.4 1.5
      vertex 31.9 117.2 1.5
      vertex 32.7 102.4 1.5
    endloop
  endfacet
  facet normal -0 0 1
    outer loop
      vertex 31.9 117.2 1.5
      vertex 32.7 116.4 1.5
      vertex 47.5 117.2 1.5
    endloop
  endfacet
  facet normal -0 0 1
    outer loop
      vertex 46.7 102.4 1.5
      vertex 47.5 101.6 1.5
      vertex 46.7 116.4 1.5
    endloop
  endfacet
  facet normal -0 0 1
    outer loop
      vertex 32.7 102.4 1.5
      vertex 47.5 101.6 1.5
      vertex 46.7 102.4 1.5
    endloop
  endfacet
  facet normal 0 0 1
    outer loop
      vertex 32.7 102.4 1.5
      vertex 31.9 101.6 1.5
      vertex 47.5 101.6 1.5
    endloop
  endfacet
  facet normal 0 0 1
    outer loop
      vertex 31.9 101.6 1.5
      vertex 32.7 102.4 1.5
      vertex 31.9 117.2 1.5
    endloop
  endfacet
  facet normal 1 -0 0
    outer loop
      vertex 31.9 101.6 2.5
      vertex 31.9 117.2 1.5
      vertex 31.9 117.2 2.5
    endloop
  endfacet
  facet normal 1 0 0
    outer loop
      vertex 31.9 117.2 1.5
      vertex 31.9 101.6 2.5
      vertex 31.9 101.6 1.5
    endloop
  endfacet
  facet normal 0 1 -0
    outer loop
      vertex 47.5 101.6 1.5
      vertex 31.9 101.6 2.5
      vertex 47.5 101.6 2.5
    endloop
  endfacet
  facet normal 0 1 0
    outer loop
      vertex 31.9 101.6 2.5
      vertex 47.5 101.6 1.5
      vertex 31.9 101.6 1.5
    endloop
  endfacet
  facet normal 0 -1 0
    outer loop
      vertex 31.9 117.2 1.5
      vertex 47.5 117.2 2.5
      vertex 31.9 117.2 2.5
    endloop
  endfacet
  facet normal 0 -1 -0
    outer loop
      vertex 47.5 117.2 2.5
      vertex 31.9 117.2 1.5
      vertex 47.5 117.2 1.5
    endloop
  endfacet
  facet normal -1 0 0
    outer loop
      vertex 65.7 102.4 0
      vertex 65.7 116.4 1.5
      vertex 65.7 116.4 0
    endloop
  endfacet
  facet normal -1 -0 0
    outer loop
      vertex 65.7 116.4 1.5
      vertex 65.7 102.4 0
      vertex 65.7 102.4 1.5
    endloop
  endfacet
  facet normal 1 -0 0
    outer loop
      vertex 51.7 102.4 1.5
      vertex 51.7 116.4 0
      vertex 51.7 116.4 1.5
    endloop
  endfacet
  facet normal 1 0 0
    outer loop
      vertex 51.7 116.4 0
      vertex 51.7 102.4 1.5
      vertex 51.7 102.4 0
    endloop
  endfacet
  facet normal 0 1 -0
    outer loop
      vertex 65.7 102.4 0
      vertex 51.7 102.4 1.5
      vertex 65.7 102.4 1.5
    endloop
  endfacet
  facet normal 0 1 0
    outer loop
      vertex 51.7 102.4 1.5
      vertex 65.7 102.4 0
      vertex 51.7 102.4 0
    endloop
  endfacet
  facet normal 0 -1 0
    outer loop
      vertex 51.7 116.4 0
      vertex 65.7 116.4 1.5
      vertex 51.7 116.4 1.5
    endloop
  endfacet
  facet normal 0 -1 -0
    outer loop
      vertex 65.7 116.4 1.5
      vertex 51.7 116.4 0
      vertex 65.7 116.4 0
    endloop
  endfacet
  facet normal -1 0 0
    outer loop
      vertex 66.5 101.6 1.5
      vertex 66.5 117.2 2.5
      vertex 66.5 117.2 1.5
    endloop
  endfacet
  facet normal -1 -0 0
    outer loop
      vertex 66.5 117.2 2.5
      vertex 66.5 101.6 1.5
      vertex 66.5 101.6 2.5
    endloop
  endfacet
  facet normal 0 0 1
    outer loop
      vertex 66.5 117.2 1.5
      vertex 65.7 116.4 1.5
      vertex 66.5 101.6 1.5
    endloop
  endfacet
  facet normal 0 0 1
    outer loop
      vertex 66.5 117.2 1.5
      vertex 51.7 116.4 1.5
      vertex 65.7 116.4 1.5
    endloop
  endfacet
  facet normal 0 0 1
    outer loop
      vertex 51.7 116.4 1.5
      vertex 50.9 117.2 1.5
      vertex 51.7 102.4 1.5
    endloop
  endfacet
  facet normal -0 0 1
    outer loop
      vertex 50.9 117.2 1.5
      vertex 51.7 116.4 1.5
      vertex 66.5 117.2 1.5
    endloop
  endfacet
  facet normal -0 0 1
    outer loop
      vertex 65.7 102.4 1.5
      vertex 66.5 101.6 1.5
      vertex 65.7 116.4 1.5
    endloop
  endfacet
  facet normal -0 0 1
    outer loop
      vertex 51.7 102.4 1.5
      vertex 66.5 101.6 1.5
      vertex 65.7 102.4 1.5
    endloop
  endfacet
  facet normal 0 0 1
    outer loop
      vertex 51.7 102.4 1.5
      vertex 50.9 101.6 1.5
      vertex 66.5 101.6 1.5
    endloop
  endfacet
  facet normal 0 0 1
    outer loop
      vertex 50.9 101.6 1.5
      vertex 51.7 102.4 1.5
      vertex 50.9 117.2 1.5
    endloop
  endfacet
  facet normal 1 -0 0
    outer loop
      vertex 50.9 101.6 2.5
      vertex 50.9 117.2 1.5
      vertex 50.9 117.2 2.5
    endloop
  endfacet
  facet normal 1 0 0
    outer loop
      vertex 50.9 117.2 1.5
      vertex 50.9 101.6 2.5
      vertex 50.9 101.6 1.5
    endloop
  endfacet
  facet normal 0 1 -0
    outer loop
      vertex 66.5 101.6 1.5
      vertex 50.9 101.6 2.5
      vertex 66.5 101.6 2.5
    endloop
  endfacet
  facet normal 0 1 0
    outer loop
      vertex 50.9 101.6 2.5
      vertex 66.5 101.6 1.5
      vertex 50.9 101.6 1.5
    endloop
  endfacet
  facet normal 0 -1 0
    outer loop
      vertex 50.9 117.2 1.5
      vertex 66.5 117.2 2.5
      vertex 50.9 117.2 2.5
    endloop
  endfacet
  facet normal 0 -1 -0
    outer loop
      vertex 66.5 117.2 2.5
      vertex 50.9 117.2 1.5
      vertex 66.5 117.2 1.5
    endloop
  endfacet
  facet normal -1 0 0
    outer loop
      vertex 84.7 102.4 0
      vertex 84.7 116.4 1.5
      vertex 84.7 116.4 0
    endloop
  endfacet
  facet normal -1 -0 0
    outer loop
      vertex 84.7 116.4 1.5
      vertex 84.7 102.4 0
      vertex 84.7 102.4 1.5
    endloop
  endfacet
  facet normal 1 -0 0
    outer loop
      vertex 70.7 102.4 1.5
      vertex 70.7 116.4 0
      vertex 70.7 116.4 1.5
    endloop
  endfacet
  facet normal 1 0 0
    outer loop
      vertex 70.7 116.4 0
      vertex 70.7 102.4 1.5
      vertex 70.7 102.4 0
    endloop
  endfacet
  facet normal 0 1 -0
    outer loop
      vertex 84.7 102.4 0
      vertex 70.7 102.4 1.5
      vertex 84.7 102.4 1.5
    endloop
  endfacet
  facet normal 0 1 0
    outer loop
      vertex 70.7 102.4 1.5
      vertex 84.7 102.4 0
      vertex 70.7 102.4 0
    endloop
  endfacet
  facet normal 0 -1 0
    outer loop
      vertex 70.7 116.4 0
      vertex 84.7 116.4 1.5
      vertex 70.7 116.4 1.5
    endloop
  endfacet
  facet normal 0 -1 -0
    outer loop
      vertex 84.7 116.4 1.5
      vertex 70.7 116.4 0
      vertex 84.7 116.4 0
    endloop
  endfacet
  facet normal -1 0 0
    outer loop
      vertex 85.5 101.6 1.5
      vertex 85.5 117.2 2.5
      vertex 85.5 117.2 1.5
    endloop
  endfacet
  facet normal -1 -0 0
    outer loop
      vertex 85.5 117.2 2.5
      vertex 85.5 101.6 1.5
      vertex 85.5 101.6 2.5
    endloop
  endfacet
  facet normal 0 0 1
    outer loop
      vertex 85.5 117.2 1.5
      vertex 84.7 116.4 1.5
      vertex 85.5 101.6 1.5
    endloop
  endfacet
  facet normal 0 0 1
    outer loop
      vertex 85.5 117.2 1.5
      vertex 70.7 116.4 1.5
      vertex 84.7 116.4 1.5
    endloop
  endfacet
  facet normal 0 0 1
    outer loop
      vertex 70.7 116.4 1.5
      vertex 69.9 117.2 1.5
      vertex 70.7 102.4 1.5
    endloop
  endfacet
  facet normal -0 0 1
    outer loop
      vertex 69.9 117.2 1.5
      vertex 70.7 116.4 1.5
      vertex 85.5 117.2 1.5
    endloop
  endfacet
  facet normal -0 0 1
    outer loop
      vertex 84.7 102.4 1.5
      vertex 85.5 101.6 1.5
      vertex 84.7 116.4 1.5
    endloop
  endfacet
  facet normal -0 0 1
    outer loop
      vertex 70.7 102.4 1.5
      vertex 85.5 101.6 1.5
      vertex 84.7 102.4 1.5
    endloop
  endfacet
  facet normal 0 0 1
    outer loop
      vertex 70.7 102.4 1.5
      vertex 69.9 101.6 1.5
      vertex 85.5 101.6 1.5
    endloop
  endfacet
  facet normal 0 0 1
    outer loop
      vertex 69.9 101.6 1.5
      vertex 70.7 102.4 1.5
      vertex 69.9 117.2 1.5
    endloop
  endfacet
  facet normal 1 -0 0
    outer loop
      vertex 69.9 101.6 2.5
      vertex 69.9 117.2 1.5
      vertex 69.9 117.2 2.5
    endloop
  endfacet
  facet normal 1 0 0
    outer loop
      vertex 69.9 117.2 1.5
      vertex 69.9 101.6 2.5
      vertex 69.9 101.6 1.5
    endloop
  endfacet
  facet normal 0 1 -0
    outer loop
      vertex 85.5 101.6 1.5
      vertex 69.9 101.6 2.5
      vertex 85.5 101.6 2.5
    endloop
  endfacet
  facet normal 0 1 0
    outer loop
      vertex 69.9 101.6 2.5
      vertex 85.5 101.6 1.5
      vertex 69.9 101.6 1.5
    endloop
  endfacet
  facet normal 0 -1 0
    outer loop
      vertex 69.9 117.2 1.5
      vertex 85.5 117.2 2.5
      vertex 69.9 117.2 2.5
    endloop
  endfacet
  facet normal 0 -1 -0
    outer loop
      vertex 85.5 117.2 2.5
      vertex 69.9 117.2 1.5
      vertex 85.5 117.2 1.5
    endloop
  endfacet
  facet normal -1 0 0
    outer loop
      vertex 27.7 121.4 0
      vertex 27.7 135.4 1.5
      vertex 27.7 135.4 0
    endloop
  endfacet
  facet normal -1 -0 0
    outer loop
      vertex 27.7 135.4 1.5
      vertex 27.7 121.4 0
      vertex 27.7 121.4 1.5
    endloop
  endfacet
  facet normal 1 -0 0
    outer loop
      vertex 13.7 121.4 1.5
      vertex 13.7 135.4 0
      vertex 13.7 135.4 1.5
    endloop
  endfacet
  facet normal 1 0 0
    outer loop
      vertex 13.7 135.4 0
      vertex 13.7 121.4 1.5
      vertex 13.7 121.4 0
    endloop
  endfacet
  facet normal 0 1 -0
    outer loop
      vertex 27.7 121.4 0
      vertex 13.7 121.4 1.5
      vertex 27.7 121.4 1.5
    endloop
  endfacet
  facet normal 0 1 0
    outer loop
      vertex 13.7 121.4 1.5
      vertex 27.7 121.4 0
      vertex 13.7 121.4 0
    endloop
  endfacet
  facet normal 0 -1 0
    outer loop
      vertex 13.7 135.4 0
      vertex 27.7 135.4 1.5
      vertex 13.7 135.4 1.5
    endloop
  endfacet
  facet normal 0 -1 -0
    outer loop
      vertex 27.7 135.4 1.5
      vertex 13.7 135.4 0
      vertex 27.7 135.4 0
    endloop
  endfacet
  facet normal -1 0 0
    outer loop
      vertex 28.5 120.6 1.5
      vertex 28.5 136.2 2.5
      vertex 28.5 136.2 1.5
    endloop
  endfacet
  facet normal -1 -0 0
    outer loop
      vertex 28.5 136.2 2.5
      vertex 28.5 120.6 1.5
      vertex 28.5 120.6 2.5
    endloop
  endfacet
  facet normal 0 0 1
    outer loop
      vertex 28.5 136.2 1.5
      vertex 27.7 135.4 1.5
      vertex 28.5 120.6 1.5
    endloop
  endfacet
  facet normal 0 0 1
    outer loop
      vertex 28.5 136.2 1.5
      vertex 13.7 135.4 1.5
      vertex 27.7 135.4 1.5
    endloop
  endfacet
  facet normal 0 0 1
    outer loop
      vertex 13.7 135.4 1.5
      vertex 12.9 136.2 1.5
      vertex 13.7 121.4 1.5
    endloop
  endfacet
  facet normal -0 0 1
    outer loop
      vertex 12.9 136.2 1.5
      vertex 13.7 135.4 1.5
      vertex 28.5 136.2 1.5
    endloop
  endfacet
  facet normal -0 0 1
    outer loop
      vertex 27.7 121.4 1.5
      vertex 28.5 120.6 1.5
      vertex 27.7 135.4 1.5
    endloop
  endfacet
  facet normal -0 0 1
    outer loop
      vertex 13.7 121.4 1.5
      vertex 28.5 120.6 1.5
      vertex 27.7 121.4 1.5
    endloop
  endfacet
  facet normal 0 0 1
    outer loop
      vertex 13.7 121.4 1.5
      vertex 12.9 120.6 1.5
      vertex 28.5 120.6 1.5
    endloop
  endfacet
  facet normal 0 0 1
    outer loop
      vertex 12.9 120.6 1.5
      vertex 13.7 121.4 1.5
      vertex 12.9 136.2 1.5
    endloop
  endfacet
  facet normal 1 -0 0
    outer loop
      vertex 12.9 120.6 2.5
      vertex 12.9 136.2 1.5
      vertex 12.9 136.2 2.5
    endloop
  endfacet
  facet normal 1 0 0
    outer loop
      vertex 12.9 136.2 1.5
      vertex 12.9 120.6 2.5
      vertex 12.9 120.6 1.5
    endloop
  endfacet
  facet normal 0 1 -0
    outer loop
      vertex 28.5 120.6 1.5
      vertex 12.9 120.6 2.5
      vertex 28.5 120.6 2.5
    endloop
  endfacet
  facet normal 0 1 0
    outer loop
      vertex 12.9 120.6 2.5
      vertex 28.5 120.6 1.5
      vertex 12.9 120.6 1.5
    endloop
  endfacet
  facet normal 0 -1 0
    outer loop
      vertex 12.9 136.2 1.5
      vertex 28.5 136.2 2.5
      vertex 12.9 136.2 2.5
    endloop
  endfacet
  facet normal 0 -1 -0
    outer loop
      vertex 28.5 136.2 2.5
      vertex 12.9 136.2 1.5
      vertex 28.5 136.2 1.5
    endloop
  endfacet
  facet normal -1 0 0
    outer loop
      vertex 46.7 121.4 0
      vertex 46.7 135.4 1.5
      vertex 46.7 135.4 0
    endloop
  endfacet
  facet normal -1 -0 0
    outer loop
      vertex 46.7 135.4 1.5
      vertex 46.7 121.4 0
      vertex 46.7 121.4 1.5
    endloop
  endfacet
  facet normal 1 -0 0
    outer loop
      vertex 32.7 121.4 1.5
      vertex 32.7 135.4 0
      vertex 32.7 135.4 1.5
    endloop
  endfacet
  facet normal 1 0 0
    outer loop
      vertex 32.7 135.4 0
      vertex 32.7 121.4 1.5
      vertex 32.7 121.4 0
    endloop
  endfacet
  facet normal 0 1 -0
    outer loop
      vertex 46.7 121.4 0
      vertex 32.7 121.4 1.5
      vertex 46.7 121.4 1.5
    endloop
  endfacet
  facet normal 0 1 0
    outer loop
      vertex 32.7 121.4 1.5
      vertex 46.7 121.4 0
      vertex 32.7 121.4 0
    endloop
  endfacet
  facet normal 0 -1 0
    outer loop
      vertex 32.7 135.4 0
      vertex 46.7 135.4 1.5
      vertex 32.7 135.4 1.5
    endloop
  endfacet
  facet normal 0 -1 -0
    outer loop
      vertex 46.7 135.4 1.5
      vertex 32.7 135.4 0
      vertex 46.7 135.4 0
    endloop
  endfacet
  facet normal -1 0 0
    outer loop
      vertex 47.5 120.6 1.5
      vertex 47.5 136.2 2.5
      vertex 47.5 136.2 1.5
    endloop
  endfacet
  facet normal -1 -0 0
    outer loop
      vertex 47.5 136.2 2.5
      vertex 47.5 120.6 1.5
      vertex 47.5 120.6 2.5
    endloop
  endfacet
  facet normal 0 0 1
    outer loop
      vertex 47.5 136.2 1.5
      vertex 46.7 135.4 1.5
      vertex 47.5 120.6 1.5
    endloop
  endfacet
  facet normal 0 0 1
    outer loop
      vertex 47.5 136.2 1.5
      vertex 32.7 135.4 1.5
      vertex 46.7 135.4 1.5
    endloop
  endfacet
  facet normal 0 0 1
    outer loop
      vertex 32.7 135.4 1.5
      vertex 31.9 136.2 1.5
      vertex 32.7 121.4 1.5
    endloop
  endfacet
  facet normal -0 0 1
    outer loop
      vertex 31.9 136.2 1.5
      vertex 32.7 135.4 1.5
      vertex 47.5 136.2 1.5
    endloop
  endfacet
  facet normal -0 0 1
    outer loop
      vertex 46.7 121.4 1.5
      vertex 47.5 120.6 1.5
      vertex 46.7 135.4 1.5
    endloop
  endfacet
  facet normal -0 0 1
    outer loop
      vertex 32.7 121.4 1.5
      vertex 47.5 120.6 1.5
      vertex 46.7 121.4 1.5
    endloop
  endfacet
  facet normal 0 0 1
    outer loop
      vertex 32.7 121.4 1.5
      vertex 31.9 120.6 1.5
      vertex 47.5 120.6 1.5
    endloop
  endfacet
  facet normal 0 0 1
    outer loop
      vertex 31.9 120.6 1.5
      vertex 32.7 121.4 1.5
      vertex 31.9 136.2 1.5
    endloop
  endfacet
  facet normal 1 -0 0
    outer loop
      vertex 31.9 120.6 2.5
      vertex 31.9 136.2 1.5
      vertex 31.9 136.2 2.5
    endloop
  endfacet
  facet normal 1 0 0
    outer loop
      vertex 31.9 136.2 1.5
      vertex 31.9 120.6 2.5
      vertex 31.9 120.6 1.5
    endloop
  endfacet
  facet normal 0 1 -0
    outer loop
      vertex 47.5 120.6 1.5
      vertex 31.9 120.6 2.5
      vertex 47.5 120.6 2.5
    endloop
  endfacet
  facet normal 0 1 0
    outer loop
      vertex 31.9 120.6 2.5
      vertex 47.5 120.6 1.5
      vertex 31.9 120.6 1.5
    endloop
  endfacet
  facet normal 0 -1 0
    outer loop
      vertex 31.9 136.2 1.5
      vertex 47.5 136.2 2.5
      vertex 31.9 136.2 2.5
    endloop
  endfacet
  facet normal 0 -1 -0
    outer loop
      vertex 47.5 136.2 2.5
      vertex 31.9 136.2 1.5
      vertex 47.5 136.2 1.5
    endloop
  endfacet
  facet normal -1 0 0
    outer loop
      vertex 65.7 121.4 0
      vertex 65.7 135.4 1.5
      vertex 65.7 135.4 0
    endloop
  endfacet
  facet normal -1 -0 0
    outer loop
      vertex 65.7 135.4 1.5
      vertex 65.7 121.4 0
      vertex 65.7 121.4 1.5
    endloop
  endfacet
  facet normal 1 -0 0
    outer loop
      vertex 51.7 121.4 1.5
      vertex 51.7 135.4 0
      vertex 51.7 135.4 1.5
    endloop
  endfacet
  facet normal 1 0 0
    outer loop
      vertex 51.7 135.4 0
      vertex 51.7 121.4 1.5
      vertex 51.7 121.4 0
    endloop
  endfacet
  facet normal 0 1 -0
    outer loop
      vertex 65.7 121.4 0
      vertex 51.7 121.4 1.5
      vertex 65.7 121.4 1.5
    endloop
  endfacet
  facet normal 0 1 0
    outer loop
      vertex 51.7 121.4 1.5
      vertex 65.7 121.4 0
      vertex 51.7 121.4 0
    endloop
  endfacet
  facet normal 0 -1 0
    outer loop
      vertex 51.7 135.4 0
      vertex 65.7 135.4 1.5
      vertex 51.7 135.4 1.5
    endloop
  endfacet
  facet normal 0 -1 -0
    outer loop
      vertex 65.7 135.4 1.5
      vertex 51.7 135.4 0
      vertex 65.7 135.4 0
    endloop
  endfacet
  facet normal -1 0 0
    outer loop
      vertex 66.5 120.6 1.5
      vertex 66.5 136.2 2.5
      vertex 66.5 136.2 1.5
    endloop
  endfacet
  facet normal -1 -0 0
    outer loop
      vertex 66.5 136.2 2.5
      vertex 66.5 120.6 1.5
      vertex 66.5 120.6 2.5
    endloop
  endfacet
  facet normal 0 0 1
    outer loop
      vertex 66.5 136.2 1.5
      vertex 65.7 135.4 1.5
      vertex 66.5 120.6 1.5
    endloop
  endfacet
  facet normal 0 0 1
    outer loop
      vertex 66.5 136.2 1.5
      vertex 51.7 135.4 1.5
      vertex 65.7 135.4 1.5
    endloop
  endfacet
  facet normal 0 0 1
    outer loop
      vertex 51.7 135.4 1.5
      vertex 50.9 136.2 1.5
      vertex 51.7 121.4 1.5
    endloop
  endfacet
  facet normal -0 0 1
    outer loop
      vertex 50.9 136.2 1.5
      vertex 51.7 135.4 1.5
      vertex 66.5 136.2 1.5
    endloop
  endfacet
  facet normal -0 0 1
    outer loop
      vertex 65.7 121.4 1.5
      vertex 66.5 120.6 1.5
      vertex 65.7 135.4 1.5
    endloop
  endfacet
  facet normal -0 0 1
    outer loop
      vertex 51.7 121.4 1.5
      vertex 66.5 120.6 1.5
      vertex 65.7 121.4 1.5
    endloop
  endfacet
  facet normal 0 0 1
    outer loop
      vertex 51.7 121.4 1.5
      vertex 50.9 120.6 1.5
      vertex 66.5 120.6 1.5
    endloop
  endfacet
  facet normal 0 0 1
    outer loop
      vertex 50.9 120.6 1.5
      vertex 51.7 121.4 1.5
      vertex 50.9 136.2 1.5
    endloop
  endfacet
  facet normal 1 -0 0
    outer loop
      vertex 50.9 120.6 2.5
      vertex 50.9 136.2 1.5
      vertex 50.9 136.2 2.5
    endloop
  endfacet
  facet normal 1 0 0
    outer loop
      vertex 50.9 136.2 1.5
      vertex 50.9 120.6 2.5
      vertex 50.9 120.6 1.5
    endloop
  endfacet
  facet normal 0 1 -0
    outer loop
      vertex 66.5 120.6 1.5
      vertex 50.9 120.6 2.5
      vertex 66.5 120.6 2.5
    endloop
  endfacet
  facet normal 0 1 0
    outer loop
      vertex 50.9 120.6 2.5
      vertex 66.5 120.6 1.5
      vertex 50.9 120.6 1.5
    endloop
  endfacet
  facet normal 0 -1 0
    outer loop
      vertex 50.9 136.2 1.5
      vertex 66.5 136.2 2.5
      vertex 50.9 136.2 2.5
    endloop
  endfacet
  facet normal 0 -1 -0
    outer loop
      vertex 66.5 136.2 2.5
      vertex 50.9 136.2 1.5
      vertex 66.5 136.2 1.5
    endloop
  endfacet
  facet normal -1 0 0
    outer loop
      vertex 84.7 121.4 0
      vertex 84.7 135.4 1.5
      vertex 84.7 135.4 0
    endloop
  endfacet
  facet normal -1 -0 0
    outer loop
      vertex 84.7 135.4 1.5
      vertex 84.7 121.4 0
      vertex 84.7 121.4 1.5
    endloop
  endfacet
  facet normal 1 -0 0
    outer loop
      vertex 70.7 121.4 1.5
      vertex 70.7 135.4 0
      vertex 70.7 135.4 1.5
    endloop
  endfacet
  facet normal 1 0 0
    outer loop
      vertex 70.7 135.4 0
      vertex 70.7 121.4 1.5
      vertex 70.7 121.4 0
    endloop
  endfacet
  facet normal 0 1 -0
    outer loop
      vertex 84.7 121.4 0
      vertex 70.7 121.4 1.5
      vertex 84.7 121.4 1.5
    endloop
  endfacet
  facet normal 0 1 0
    outer loop
      vertex 70.7 121.4 1.5
      vertex 84.7 121.4 0
      vertex 70.7 121.4 0
    endloop
  endfacet
  facet normal 0 -1 0
    outer loop
      vertex 70.7 135.4 0
      vertex 84.7 135.4 1.5
      vertex 70.7 135.4 1.5
    endloop
  endfacet
  facet normal 0 -1 -0
    outer loop
      vertex 84.7 135.4 1.5
      vertex 70.7 135.4 0
      vertex 84.7 135.4 0
    endloop
  endfacet
  facet normal -1 0 0
    outer loop
      vertex 85.5 120.6 1.5
      vertex 85.5 136.2 2.5
      vertex 85.5 136.2 1.5
    endloop
  endfacet
  facet normal -1 -0 0
    outer loop
      vertex 85.5 136.2 2.5
      vertex 85.5 120.6 1.5
      vertex 85.5 120.6 2.5
    endloop
  endfacet
  facet normal 0 0 1
    outer loop
      vertex 85.5 136.2 1.5
      vertex 84.7 135.4 1.5
      vertex 85.5 120.6 1.5
    endloop
  endfacet
  facet normal 0 0 1
    outer loop
      vertex 85.5 136.2 1.5
      vertex 70.7 135.4 1.5
      vertex 84.7 135.4 1.5
    endloop
  endfacet
  facet normal 0 0 1
    outer loop
      vertex 70.7 135.4 1.5
      vertex 69.9 136.2 1.5
      vertex 70.7 121.4 1.5
    endloop
  endfacet
  facet normal -0 0 1
    outer loop
      vertex 69.9 136.2 1.5
      vertex 70.7 135.4 1.5
      vertex 85.5 136.2 1.5
    endloop
  endfacet
  facet normal -0 0 1
    outer loop
      vertex 84.7 121.4 1.5
      vertex 85.5 120.6 1.5
      vertex 84.7 135.4 1.5
    endloop
  endfacet
  facet normal -0 0 1
    outer loop
      vertex 70.7 121.4 1.5
      vertex 85.5 120.6 1.5
      vertex 84.7 121.4 1.5
    endloop
  endfacet
  facet normal 0 0 1
    outer loop
      vertex 70.7 121.4 1.5
      vertex 69.9 120.6 1.5
      vertex 85.5 120.6 1.5
    endloop
  endfacet
  facet normal 0 0 1
    outer loop
      vertex 69.9 120.6 1.5
      vertex 70.7 121.4 1.5
      vertex 69.9 136.2 1.5
    endloop
  endfacet
  facet normal 1 -0 0
    outer loop
      vertex 69.9 120.6 2.5
      vertex 69.9 136.2 1.5
      vertex 69.9 136.2 2.5
    endloop
  endfacet
  facet normal 1 0 0
    outer loop
      vertex 69.9 136.2 1.5
      vertex 69.9 120.6 2.5
      vertex 69.9 120.6 1.5
    endloop
  endfacet
  facet normal 0 1 -0
    outer loop
      vertex 85.5 120.6 1.5
      vertex 69.9 120.6 2.5
      vertex 85.5 120.6 2.5
    endloop
  endfacet
  facet normal 0 1 0
    outer loop
      vertex 69.9 120.6 2.5
      vertex 85.5 120.6 1.5
      vertex 69.9 120.6 1.5
    endloop
  endfacet
  facet normal 0 -1 0
    outer loop
      vertex 69.9 136.2 1.5
      vertex 85.5 136.2 2.5
      vertex 69.9 136.2 2.5
    endloop
  endfacet
  facet normal 0 -1 -0
    outer loop
      vertex 85.5 136.2 2.5
      vertex 69.9 136.2 1.5
      vertex 85.5 136.2 1.5
    endloop
  endfacet
  facet normal -0.980844 -0.194795 0
    outer loop
      vertex 7.48289 140.161 17.51
      vertex 7.43185 140.418 23.5
      vertex 7.43185 140.418 17.51
    endloop
  endfacet
  facet normal -0.980844 -0.194795 0
    outer loop
      vertex 7.43185 140.418 23.5
      vertex 7.48289 140.161 17.51
      vertex 7.48289 140.161 23.5
    endloop
  endfacet
  facet normal -0.194947 -0.980814 0
    outer loop
      vertex 5.76105 141.883 17.51
      vertex 6.01764 141.832 23.5
      vertex 5.76105 141.883 23.5
    endloop
  endfacet
  facet normal -0.194947 -0.980814 -0
    outer loop
      vertex 6.01764 141.832 23.5
      vertex 5.76105 141.883 17.51
      vertex 6.01764 141.832 17.51
    endloop
  endfacet
  facet normal -0.980844 0.194795 0
    outer loop
      vertex 7.43185 139.382 17.51
      vertex 7.48289 139.639 23.5
      vertex 7.48289 139.639 17.51
    endloop
  endfacet
  facet normal -0.980844 0.194795 0
    outer loop
      vertex 7.48289 139.639 23.5
      vertex 7.43185 139.382 17.51
      vertex 7.43185 139.382 23.5
    endloop
  endfacet
  facet normal -0.997858 0.0654151 0
    outer loop
      vertex 7.48289 139.639 17.51
      vertex 7.5 139.9 23.5
      vertex 7.5 139.9 17.51
    endloop
  endfacet
  facet normal -0.997858 0.0654151 0
    outer loop
      vertex 7.5 139.9 23.5
      vertex 7.48289 139.639 17.51
      vertex 7.48289 139.639 23.5
    endloop
  endfacet
  facet normal 0.554665 -0.832074 0
    outer loop
      vertex 4.28248 141.487 17.51
      vertex 4.5 141.632 23.5
      vertex 4.28248 141.487 23.5
    endloop
  endfacet
  facet normal 0.554665 -0.832074 0
    outer loop
      vertex 4.5 141.632 23.5
      vertex 4.28248 141.487 17.51
      vertex 4.5 141.632 17.51
    endloop
  endfacet
  facet normal 0.897144 0.441738 0
    outer loop
      vertex 3.76795 138.9 23.5
      vertex 3.65224 139.135 17.51
      vertex 3.65224 139.135 23.5
    endloop
  endfacet
  facet normal 0.897144 0.441738 0
    outer loop
      vertex 3.65224 139.135 17.51
      vertex 3.76795 138.9 23.5
      vertex 3.76795 138.9 17.51
    endloop
  endfacet
  facet normal 0.750676 -0.660671 0
    outer loop
      vertex 3.91329 141.118 23.5
      vertex 4.08579 141.314 17.51
      vertex 4.08579 141.314 23.5
    endloop
  endfacet
  facet normal 0.750676 -0.660671 0
    outer loop
      vertex 4.08579 141.314 17.51
      vertex 3.91329 141.118 23.5
      vertex 3.91329 141.118 17.51
    endloop
  endfacet
  facet normal 0.321121 -0.947038 0
    outer loop
      vertex 4.73463 141.748 17.51
      vertex 4.98236 141.832 23.5
      vertex 4.73463 141.748 23.5
    endloop
  endfacet
  facet normal 0.321121 -0.947038 0
    outer loop
      vertex 4.98236 141.832 23.5
      vertex 4.73463 141.748 17.51
      vertex 4.98236 141.832 17.51
    endloop
  endfacet
  facet normal 0.750676 0.660671 0
    outer loop
      vertex 4.08579 138.486 23.5
      vertex 3.91329 138.682 17.51
      vertex 3.91329 138.682 23.5
    endloop
  endfacet
  facet normal 0.750676 0.660671 0
    outer loop
      vertex 3.91329 138.682 17.51
      vertex 4.08579 138.486 23.5
      vertex 4.08579 138.486 17.51
    endloop
  endfacet
  facet normal 0.554665 0.832074 -0
    outer loop
      vertex 4.5 138.168 17.51
      vertex 4.28248 138.313 23.5
      vertex 4.5 138.168 23.5
    endloop
  endfacet
  facet normal 0.554665 0.832074 0
    outer loop
      vertex 4.28248 138.313 23.5
      vertex 4.5 138.168 17.51
      vertex 4.28248 138.313 17.51
    endloop
  endfacet
  facet normal -0.750676 -0.660671 0
    outer loop
      vertex 7.08671 141.118 17.51
      vertex 6.91421 141.314 23.5
      vertex 6.91421 141.314 17.51
    endloop
  endfacet
  facet normal -0.750676 -0.660671 0
    outer loop
      vertex 6.91421 141.314 23.5
      vertex 7.08671 141.118 17.51
      vertex 7.08671 141.118 23.5
    endloop
  endfacet
  facet normal 0.897144 -0.441738 0
    outer loop
      vertex 3.65224 140.665 23.5
      vertex 3.76795 140.9 17.51
      vertex 3.76795 140.9 23.5
    endloop
  endfacet
  facet normal 0.897144 -0.441738 0
    outer loop
      vertex 3.76795 140.9 17.51
      vertex 3.65224 140.665 23.5
      vertex 3.65224 140.665 17.51
    endloop
  endfacet
  facet normal 0.66044 0.750879 -0
    outer loop
      vertex 4.28248 138.313 17.51
      vertex 4.08579 138.486 23.5
      vertex 4.28248 138.313 23.5
    endloop
  endfacet
  facet normal 0.66044 0.750879 0
    outer loop
      vertex 4.08579 138.486 23.5
      vertex 4.28248 138.313 17.51
      vertex 4.08579 138.486 17.51
    endloop
  endfacet
  facet normal -0.44319 0.896428 0
    outer loop
      vertex 6.5 138.168 17.51
      vertex 6.26537 138.052 23.5
      vertex 6.5 138.168 23.5
    endloop
  endfacet
  facet normal -0.44319 0.896428 0
    outer loop
      vertex 6.26537 138.052 23.5
      vertex 6.5 138.168 17.51
      vertex 6.26537 138.052 17.51
    endloop
  endfacet
  facet normal -0.946644 -0.322281 0
    outer loop
      vertex 7.43185 140.418 17.51
      vertex 7.34776 140.665 23.5
      vertex 7.34776 140.665 17.51
    endloop
  endfacet
  facet normal -0.946644 -0.322281 0
    outer loop
      vertex 7.34776 140.665 23.5
      vertex 7.43185 140.418 17.51
      vertex 7.43185 140.418 23.5
    endloop
  endfacet
  facet normal -0.66044 0.750879 0
    outer loop
      vertex 6.91421 138.486 17.51
      vertex 6.71752 138.313 23.5
      vertex 6.91421 138.486 23.5
    endloop
  endfacet
  facet normal -0.66044 0.750879 0
    outer loop
      vertex 6.71752 138.313 23.5
      vertex 6.91421 138.486 17.51
      vertex 6.71752 138.313 17.51
    endloop
  endfacet
  facet normal -0.66044 -0.750879 0
    outer loop
      vertex 6.71752 141.487 17.51
      vertex 6.91421 141.314 23.5
      vertex 6.71752 141.487 23.5
    endloop
  endfacet
  facet normal -0.66044 -0.750879 -0
    outer loop
      vertex 6.91421 141.314 23.5
      vertex 6.71752 141.487 17.51
      vertex 6.91421 141.314 17.51
    endloop
  endfacet
  facet normal -0.064984 -0.997886 0
    outer loop
      vertex 5.5 141.9 17.51
      vertex 5.76105 141.883 23.5
      vertex 5.5 141.9 23.5
    endloop
  endfacet
  facet normal -0.064984 -0.997886 -0
    outer loop
      vertex 5.76105 141.883 23.5
      vertex 5.5 141.9 17.51
      vertex 5.76105 141.883 17.51
    endloop
  endfacet
  facet normal 0.946644 0.322281 0
    outer loop
      vertex 3.65224 139.135 23.5
      vertex 3.56815 139.382 17.51
      vertex 3.56815 139.382 23.5
    endloop
  endfacet
  facet normal 0.946644 0.322281 0
    outer loop
      vertex 3.56815 139.382 17.51
      vertex 3.65224 139.135 23.5
      vertex 3.65224 139.135 17.51
    endloop
  endfacet
  facet normal 0.064984 0.997886 -0
    outer loop
      vertex 5.5 137.9 17.51
      vertex 5.23895 137.917 23.5
      vertex 5.5 137.9 23.5
    endloop
  endfacet
  facet normal 0.064984 0.997886 0
    outer loop
      vertex 5.23895 137.917 23.5
      vertex 5.5 137.9 17.51
      vertex 5.23895 137.917 17.51
    endloop
  endfacet
  facet normal 0.980844 -0.194795 0
    outer loop
      vertex 3.51711 140.161 23.5
      vertex 3.56815 140.418 17.51
      vertex 3.56815 140.418 23.5
    endloop
  endfacet
  facet normal 0.980844 -0.194795 0
    outer loop
      vertex 3.56815 140.418 17.51
      vertex 3.51711 140.161 23.5
      vertex 3.51711 140.161 17.51
    endloop
  endfacet
  facet normal 0.980844 0.194795 0
    outer loop
      vertex 3.56815 139.382 23.5
      vertex 3.51711 139.639 17.51
      vertex 3.51711 139.639 23.5
    endloop
  endfacet
  facet normal 0.980844 0.194795 0
    outer loop
      vertex 3.51711 139.639 17.51
      vertex 3.56815 139.382 23.5
      vertex 3.56815 139.382 17.51
    endloop
  endfacet
  facet normal -0.750676 0.660671 0
    outer loop
      vertex 6.91421 138.486 17.51
      vertex 7.08671 138.682 23.5
      vertex 7.08671 138.682 17.51
    endloop
  endfacet
  facet normal -0.750676 0.660671 0
    outer loop
      vertex 7.08671 138.682 23.5
      vertex 6.91421 138.486 17.51
      vertex 6.91421 138.486 23.5
    endloop
  endfacet
  facet normal -0.064984 0.997886 0
    outer loop
      vertex 5.76105 137.917 17.51
      vertex 5.5 137.9 23.5
      vertex 5.76105 137.917 23.5
    endloop
  endfacet
  facet normal -0.064984 0.997886 0
    outer loop
      vertex 5.5 137.9 23.5
      vertex 5.76105 137.917 17.51
      vertex 5.5 137.9 17.51
    endloop
  endfacet
  facet normal 0.946644 -0.322281 0
    outer loop
      vertex 3.56815 140.418 23.5
      vertex 3.65224 140.665 17.51
      vertex 3.65224 140.665 23.5
    endloop
  endfacet
  facet normal 0.946644 -0.322281 0
    outer loop
      vertex 3.65224 140.665 17.51
      vertex 3.56815 140.418 23.5
      vertex 3.56815 140.418 17.51
    endloop
  endfacet
  facet normal -0.832039 0.554718 0
    outer loop
      vertex 7.08671 138.682 17.51
      vertex 7.23205 138.9 23.5
      vertex 7.23205 138.9 17.51
    endloop
  endfacet
  facet normal -0.832039 0.554718 0
    outer loop
      vertex 7.23205 138.9 23.5
      vertex 7.08671 138.682 17.51
      vertex 7.08671 138.682 23.5
    endloop
  endfacet
  facet normal -0.554665 0.832074 0
    outer loop
      vertex 6.71752 138.313 17.51
      vertex 6.5 138.168 23.5
      vertex 6.71752 138.313 23.5
    endloop
  endfacet
  facet normal -0.554665 0.832074 0
    outer loop
      vertex 6.5 138.168 23.5
      vertex 6.71752 138.313 17.51
      vertex 6.5 138.168 17.51
    endloop
  endfacet
  facet normal 0.321121 0.947038 -0
    outer loop
      vertex 4.98236 137.968 17.51
      vertex 4.73463 138.052 23.5
      vertex 4.98236 137.968 23.5
    endloop
  endfacet
  facet normal 0.321121 0.947038 0
    outer loop
      vertex 4.73463 138.052 23.5
      vertex 4.98236 137.968 17.51
      vertex 4.73463 138.052 17.51
    endloop
  endfacet
  facet normal -0.997858 -0.0654151 0
    outer loop
      vertex 7.5 139.9 17.51
      vertex 7.48289 140.161 23.5
      vertex 7.48289 140.161 17.51
    endloop
  endfacet
  facet normal -0.997858 -0.0654151 0
    outer loop
      vertex 7.48289 140.161 23.5
      vertex 7.5 139.9 17.51
      vertex 7.5 139.9 23.5
    endloop
  endfacet
  facet normal 0.997858 0.0654151 0
    outer loop
      vertex 3.51711 139.639 23.5
      vertex 3.5 139.9 17.51
      vertex 3.5 139.9 23.5
    endloop
  endfacet
  facet normal 0.997858 0.0654151 0
    outer loop
      vertex 3.5 139.9 17.51
      vertex 3.51711 139.639 23.5
      vertex 3.51711 139.639 17.51
    endloop
  endfacet
  facet normal -0.44319 -0.896428 0
    outer loop
      vertex 6.26537 141.748 17.51
      vertex 6.5 141.632 23.5
      vertex 6.26537 141.748 23.5
    endloop
  endfacet
  facet normal -0.44319 -0.896428 -0
    outer loop
      vertex 6.5 141.632 23.5
      vertex 6.26537 141.748 17.51
      vertex 6.5 141.632 17.51
    endloop
  endfacet
  facet normal -0.897144 -0.441738 0
    outer loop
      vertex 7.34776 140.665 17.51
      vertex 7.23205 140.9 23.5
      vertex 7.23205 140.9 17.51
    endloop
  endfacet
  facet normal -0.897144 -0.441738 0
    outer loop
      vertex 7.23205 140.9 23.5
      vertex 7.34776 140.665 17.51
      vertex 7.34776 140.665 23.5
    endloop
  endfacet
  facet normal -0.832039 -0.554718 0
    outer loop
      vertex 7.23205 140.9 17.51
      vertex 7.08671 141.118 23.5
      vertex 7.08671 141.118 17.51
    endloop
  endfacet
  facet normal -0.832039 -0.554718 0
    outer loop
      vertex 7.08671 141.118 23.5
      vertex 7.23205 140.9 17.51
      vertex 7.23205 140.9 23.5
    endloop
  endfacet
  facet normal 0.194947 0.980814 -0
    outer loop
      vertex 5.23895 137.917 17.51
      vertex 4.98236 137.968 23.5
      vertex 5.23895 137.917 23.5
    endloop
  endfacet
  facet normal 0.194947 0.980814 0
    outer loop
      vertex 4.98236 137.968 23.5
      vertex 5.23895 137.917 17.51
      vertex 4.98236 137.968 17.51
    endloop
  endfacet
  facet normal 0.44319 0.896428 -0
    outer loop
      vertex 4.73463 138.052 17.51
      vertex 4.5 138.168 23.5
      vertex 4.73463 138.052 23.5
    endloop
  endfacet
  facet normal 0.44319 0.896428 0
    outer loop
      vertex 4.5 138.168 23.5
      vertex 4.73463 138.052 17.51
      vertex 4.5 138.168 17.51
    endloop
  endfacet
  facet normal 0.832039 -0.554718 0
    outer loop
      vertex 3.76795 140.9 23.5
      vertex 3.91329 141.118 17.51
      vertex 3.91329 141.118 23.5
    endloop
  endfacet
  facet normal 0.832039 -0.554718 0
    outer loop
      vertex 3.91329 141.118 17.51
      vertex 3.76795 140.9 23.5
      vertex 3.76795 140.9 17.51
    endloop
  endfacet
  facet normal -0.194947 0.980814 0
    outer loop
      vertex 6.01764 137.968 17.51
      vertex 5.76105 137.917 23.5
      vertex 6.01764 137.968 23.5
    endloop
  endfacet
  facet normal -0.194947 0.980814 0
    outer loop
      vertex 5.76105 137.917 23.5
      vertex 6.01764 137.968 17.51
      vertex 5.76105 137.917 17.51
    endloop
  endfacet
  facet normal -0.554665 -0.832074 0
    outer loop
      vertex 6.5 141.632 17.51
      vertex 6.71752 141.487 23.5
      vertex 6.5 141.632 23.5
    endloop
  endfacet
  facet normal -0.554665 -0.832074 -0
    outer loop
      vertex 6.71752 141.487 23.5
      vertex 6.5 141.632 17.51
      vertex 6.71752 141.487 17.51
    endloop
  endfacet
  facet normal -0.321121 0.947038 0
    outer loop
      vertex 6.26537 138.052 17.51
      vertex 6.01764 137.968 23.5
      vertex 6.26537 138.052 23.5
    endloop
  endfacet
  facet normal -0.321121 0.947038 0
    outer loop
      vertex 6.01764 137.968 23.5
      vertex 6.26537 138.052 17.51
      vertex 6.01764 137.968 17.51
    endloop
  endfacet
  facet normal 0.997858 -0.0654151 0
    outer loop
      vertex 3.5 139.9 23.5
      vertex 3.51711 140.161 17.51
      vertex 3.51711 140.161 23.5
    endloop
  endfacet
  facet normal 0.997858 -0.0654151 0
    outer loop
      vertex 3.51711 140.161 17.51
      vertex 3.5 139.9 23.5
      vertex 3.5 139.9 17.51
    endloop
  endfacet
  facet normal -0.897144 0.441738 0
    outer loop
      vertex 7.23205 138.9 17.51
      vertex 7.34776 139.135 23.5
      vertex 7.34776 139.135 17.51
    endloop
  endfacet
  facet normal -0.897144 0.441738 0
    outer loop
      vertex 7.34776 139.135 23.5
      vertex 7.23205 138.9 17.51
      vertex 7.23205 138.9 23.5
    endloop
  endfacet
  facet normal 0.194947 -0.980814 0
    outer loop
      vertex 4.98236 141.832 17.51
      vertex 5.23895 141.883 23.5
      vertex 4.98236 141.832 23.5
    endloop
  endfacet
  facet normal 0.194947 -0.980814 0
    outer loop
      vertex 5.23895 141.883 23.5
      vertex 4.98236 141.832 17.51
      vertex 5.23895 141.883 17.51
    endloop
  endfacet
  facet normal -0.946644 0.322281 0
    outer loop
      vertex 7.34776 139.135 17.51
      vertex 7.43185 139.382 23.5
      vertex 7.43185 139.382 17.51
    endloop
  endfacet
  facet normal -0.946644 0.322281 0
    outer loop
      vertex 7.43185 139.382 23.5
      vertex 7.34776 139.135 17.51
      vertex 7.34776 139.135 23.5
    endloop
  endfacet
  facet normal -0.321121 -0.947038 0
    outer loop
      vertex 6.01764 141.832 17.51
      vertex 6.26537 141.748 23.5
      vertex 6.01764 141.832 23.5
    endloop
  endfacet
  facet normal -0.321121 -0.947038 -0
    outer loop
      vertex 6.26537 141.748 23.5
      vertex 6.01764 141.832 17.51
      vertex 6.26537 141.748 17.51
    endloop
  endfacet
  facet normal 0.66044 -0.750879 0
    outer loop
      vertex 4.08579 141.314 17.51
      vertex 4.28248 141.487 23.5
      vertex 4.08579 141.314 23.5
    endloop
  endfacet
  facet normal 0.66044 -0.750879 0
    outer loop
      vertex 4.28248 141.487 23.5
      vertex 4.08579 141.314 17.51
      vertex 4.28248 141.487 17.51
    endloop
  endfacet
  facet normal 0.832039 0.554718 0
    outer loop
      vertex 3.91329 138.682 23.5
      vertex 3.76795 138.9 17.51
      vertex 3.76795 138.9 23.5
    endloop
  endfacet
  facet normal 0.832039 0.554718 0
    outer loop
      vertex 3.76795 138.9 17.51
      vertex 3.91329 138.682 23.5
      vertex 3.91329 138.682 17.51
    endloop
  endfacet
  facet normal 0.064984 -0.997886 0
    outer loop
      vertex 5.23895 141.883 17.51
      vertex 5.5 141.9 23.5
      vertex 5.23895 141.883 23.5
    endloop
  endfacet
  facet normal 0.064984 -0.997886 0
    outer loop
      vertex 5.5 141.9 23.5
      vertex 5.23895 141.883 17.51
      vertex 5.5 141.9 17.51
    endloop
  endfacet
  facet normal 0.44319 -0.896428 0
    outer loop
      vertex 4.5 141.632 17.51
      vertex 4.73463 141.748 23.5
      vertex 4.5 141.632 23.5
    endloop
  endfacet
  facet normal 0.44319 -0.896428 0
    outer loop
      vertex 4.73463 141.748 23.5
      vertex 4.5 141.632 17.51
      vertex 4.73463 141.748 17.51
    endloop
  endfacet
  facet normal 0 0 1
    outer loop
      vertex 7.48289 140.161 17.51
      vertex 7.48289 139.639 17.51
      vertex 7.5 139.9 17.51
    endloop
  endfacet
  facet normal 0 0 1
    outer loop
      vertex 7.43185 140.418 17.51
      vertex 7.48289 139.639 17.51
      vertex 7.48289 140.161 17.51
    endloop
  endfacet
  facet normal 0 0 1
    outer loop
      vertex 7.43185 140.418 17.51
      vertex 7.43185 139.382 17.51
      vertex 7.48289 139.639 17.51
    endloop
  endfacet
  facet normal 0 0 1
    outer loop
      vertex 7.34776 140.665 17.51
      vertex 7.43185 139.382 17.51
      vertex 7.43185 140.418 17.51
    endloop
  endfacet
  facet normal 0 0 1
    outer loop
      vertex 7.34776 140.665 17.51
      vertex 7.34776 139.135 17.51
      vertex 7.43185 139.382 17.51
    endloop
  endfacet
  facet normal 0 0 1
    outer loop
      vertex 7.23205 140.9 17.51
      vertex 7.34776 139.135 17.51
      vertex 7.34776 140.665 17.51
    endloop
  endfacet
  facet normal 0 0 1
    outer loop
      vertex 7.23205 140.9 17.51
      vertex 7.23205 138.9 17.51
      vertex 7.34776 139.135 17.51
    endloop
  endfacet
  facet normal 0 0 1
    outer loop
      vertex 7.08671 141.118 17.51
      vertex 7.23205 138.9 17.51
      vertex 7.23205 140.9 17.51
    endloop
  endfacet
  facet normal 0 0 1
    outer loop
      vertex 7.08671 141.118 17.51
      vertex 7.08671 138.682 17.51
      vertex 7.23205 138.9 17.51
    endloop
  endfacet
  facet normal 0 0 1
    outer loop
      vertex 6.91421 141.314 17.51
      vertex 7.08671 138.682 17.51
      vertex 7.08671 141.118 17.51
    endloop
  endfacet
  facet normal 0 0 1
    outer loop
      vertex 6.91421 141.314 17.51
      vertex 6.91421 138.486 17.51
      vertex 7.08671 138.682 17.51
    endloop
  endfacet
  facet normal 0 0 1
    outer loop
      vertex 6.71752 141.487 17.51
      vertex 6.91421 138.486 17.51
      vertex 6.91421 141.314 17.51
    endloop
  endfacet
  facet normal 0 0 1
    outer loop
      vertex 6.71752 141.487 17.51
      vertex 6.71752 138.313 17.51
      vertex 6.91421 138.486 17.51
    endloop
  endfacet
  facet normal 0 0 1
    outer loop
      vertex 6.5 141.632 17.51
      vertex 6.71752 138.313 17.51
      vertex 6.71752 141.487 17.51
    endloop
  endfacet
  facet normal 0 0 1
    outer loop
      vertex 6.5 141.632 17.51
      vertex 6.5 138.168 17.51
      vertex 6.71752 138.313 17.51
    endloop
  endfacet
  facet normal 0 0 1
    outer loop
      vertex 6.26537 141.748 17.51
      vertex 6.5 138.168 17.51
      vertex 6.5 141.632 17.51
    endloop
  endfacet
  facet normal 0 0 1
    outer loop
      vertex 6.26537 141.748 17.51
      vertex 6.26537 138.052 17.51
      vertex 6.5 138.168 17.51
    endloop
  endfacet
  facet normal 0 0 1
    outer loop
      vertex 6.01764 141.832 17.51
      vertex 6.26537 138.052 17.51
      vertex 6.26537 141.748 17.51
    endloop
  endfacet
  facet normal 0 0 1
    outer loop
      vertex 6.01764 141.832 17.51
      vertex 6.01764 137.968 17.51
      vertex 6.26537 138.052 17.51
    endloop
  endfacet
  facet normal 0 0 1
    outer loop
      vertex 5.76105 141.883 17.51
      vertex 6.01764 137.968 17.51
      vertex 6.01764 141.832 17.51
    endloop
  endfacet
  facet normal 0 0 1
    outer loop
      vertex 5.76105 141.883 17.51
      vertex 5.76105 137.917 17.51
      vertex 6.01764 137.968 17.51
    endloop
  endfacet
  facet normal 0 0 1
    outer loop
      vertex 5.5 141.9 17.51
      vertex 5.76105 137.917 17.51
      vertex 5.76105 141.883 17.51
    endloop
  endfacet
  facet normal 0 0 1
    outer loop
      vertex 5.5 141.9 17.51
      vertex 5.5 137.9 17.51
      vertex 5.76105 137.917 17.51
    endloop
  endfacet
  facet normal -0 0 1
    outer loop
      vertex 5.23895 141.883 17.51
      vertex 5.5 137.9 17.51
      vertex 5.5 141.9 17.51
    endloop
  endfacet
  facet normal 0 0 1
    outer loop
      vertex 5.23895 141.883 17.51
      vertex 5.23895 137.917 17.51
      vertex 5.5 137.9 17.51
    endloop
  endfacet
  facet normal -0 0 1
    outer loop
      vertex 4.98236 141.832 17.51
      vertex 5.23895 137.917 17.51
      vertex 5.23895 141.883 17.51
    endloop
  endfacet
  facet normal 0 0 1
    outer loop
      vertex 4.98236 141.832 17.51
      vertex 4.98236 137.968 17.51
      vertex 5.23895 137.917 17.51
    endloop
  endfacet
  facet normal -0 0 1
    outer loop
      vertex 4.73463 141.748 17.51
      vertex 4.98236 137.968 17.51
      vertex 4.98236 141.832 17.51
    endloop
  endfacet
  facet normal 0 0 1
    outer loop
      vertex 4.73463 141.748 17.51
      vertex 4.73463 138.052 17.51
      vertex 4.98236 137.968 17.51
    endloop
  endfacet
  facet normal -0 0 1
    outer loop
      vertex 4.5 141.632 17.51
      vertex 4.73463 138.052 17.51
      vertex 4.73463 141.748 17.51
    endloop
  endfacet
  facet normal 0 0 1
    outer loop
      vertex 4.5 141.632 17.51
      vertex 4.5 138.168 17.51
      vertex 4.73463 138.052 17.51
    endloop
  endfacet
  facet normal -0 0 1
    outer loop
      vertex 4.28248 141.487 17.51
      vertex 4.5 138.168 17.51
      vertex 4.5 141.632 17.51
    endloop
  endfacet
  facet normal 0 0 1
    outer loop
      vertex 4.28248 141.487 17.51
      vertex 4.28248 138.313 17.51
      vertex 4.5 138.168 17.51
    endloop
  endfacet
  facet normal -0 0 1
    outer loop
      vertex 4.08579 141.314 17.51
      vertex 4.28248 138.313 17.51
      vertex 4.28248 141.487 17.51
    endloop
  endfacet
  facet normal 0 0 1
    outer loop
      vertex 4.08579 141.314 17.51
      vertex 4.08579 138.486 17.51
      vertex 4.28248 138.313 17.51
    endloop
  endfacet
  facet normal -0 0 1
    outer loop
      vertex 3.91329 141.118 17.51
      vertex 4.08579 138.486 17.51
      vertex 4.08579 141.314 17.51
    endloop
  endfacet
  facet normal 0 0 1
    outer loop
      vertex 3.91329 141.118 17.51
      vertex 3.91329 138.682 17.51
      vertex 4.08579 138.486 17.51
    endloop
  endfacet
  facet normal -0 0 1
    outer loop
      vertex 3.76795 140.9 17.51
      vertex 3.91329 138.682 17.51
      vertex 3.91329 141.118 17.51
    endloop
  endfacet
  facet normal 0 0 1
    outer loop
      vertex 3.76795 140.9 17.51
      vertex 3.76795 138.9 17.51
      vertex 3.91329 138.682 17.51
    endloop
  endfacet
  facet normal -0 0 1
    outer loop
      vertex 3.65224 140.665 17.51
      vertex 3.76795 138.9 17.51
      vertex 3.76795 140.9 17.51
    endloop
  endfacet
  facet normal 0 0 1
    outer loop
      vertex 3.65224 140.665 17.51
      vertex 3.65224 139.135 17.51
      vertex 3.76795 138.9 17.51
    endloop
  endfacet
  facet normal -0 0 1
    outer loop
      vertex 3.56815 140.418 17.51
      vertex 3.65224 139.135 17.51
      vertex 3.65224 140.665 17.51
    endloop
  endfacet
  facet normal 0 0 1
    outer loop
      vertex 3.56815 140.418 17.51
      vertex 3.56815 139.382 17.51
      vertex 3.65224 139.135 17.51
    endloop
  endfacet
  facet normal -0 0 1
    outer loop
      vertex 3.51711 140.161 17.51
      vertex 3.56815 139.382 17.51
      vertex 3.56815 140.418 17.51
    endloop
  endfacet
  facet normal 0 0 1
    outer loop
      vertex 3.51711 140.161 17.51
      vertex 3.51711 139.639 17.51
      vertex 3.56815 139.382 17.51
    endloop
  endfacet
  facet normal 0 -0 1
    outer loop
      vertex 3.51711 139.639 17.51
      vertex 3.51711 140.161 17.51
      vertex 3.5 139.9 17.51
    endloop
  endfacet
  facet normal -0.9808 0.195015 0
    outer loop
      vertex 94.8318 139.382 17.51
      vertex 94.8829 139.639 23.5
      vertex 94.8829 139.639 17.51
    endloop
  endfacet
  facet normal -0.9808 0.195015 0
    outer loop
      vertex 94.8829 139.639 23.5
      vertex 94.8318 139.382 17.51
      vertex 94.8318 139.382 23.5
    endloop
  endfacet
  facet normal -0.997861 0.0653771 0
    outer loop
      vertex 94.8829 139.639 17.51
      vertex 94.9 139.9 23.5
      vertex 94.9 139.9 17.51
    endloop
  endfacet
  facet normal -0.997861 0.0653771 0
    outer loop
      vertex 94.9 139.9 23.5
      vertex 94.8829 139.639 17.51
      vertex 94.8829 139.639 23.5
    endloop
  endfacet
  facet normal -0.946749 0.321971 0
    outer loop
      vertex 94.7478 139.135 17.51
      vertex 94.8318 139.382 23.5
      vertex 94.8318 139.382 17.51
    endloop
  endfacet
  facet normal -0.946749 0.321971 0
    outer loop
      vertex 94.8318 139.382 23.5
      vertex 94.7478 139.135 17.51
      vertex 94.7478 139.135 23.5
    endloop
  endfacet
  facet normal -0.897008 0.442015 0
    outer loop
      vertex 94.632 138.9 17.51
      vertex 94.7478 139.135 23.5
      vertex 94.7478 139.135 17.51
    endloop
  endfacet
  facet normal -0.897008 0.442015 0
    outer loop
      vertex 94.7478 139.135 23.5
      vertex 94.632 138.9 17.51
      vertex 94.632 138.9 23.5
    endloop
  endfacet
  facet normal 0.195013 0.980801 -0
    outer loop
      vertex 92.6389 137.917 17.51
      vertex 92.3824 137.968 23.5
      vertex 92.6389 137.917 23.5
    endloop
  endfacet
  facet normal 0.195013 0.980801 0
    outer loop
      vertex 92.3824 137.968 23.5
      vertex 92.6389 137.917 17.51
      vertex 92.3824 137.968 17.51
    endloop
  endfacet
  facet normal -0.19494 -0.980815 0
    outer loop
      vertex 93.161 141.883 17.51
      vertex 93.4176 141.832 23.5
      vertex 93.161 141.883 23.5
    endloop
  endfacet
  facet normal -0.19494 -0.980815 -0
    outer loop
      vertex 93.4176 141.832 23.5
      vertex 93.161 141.883 17.51
      vertex 93.4176 141.832 17.51
    endloop
  endfacet
  facet normal 0.980873 -0.194648 0
    outer loop
      vertex 90.9171 140.161 23.5
      vertex 90.9681 140.418 17.51
      vertex 90.9681 140.418 23.5
    endloop
  endfacet
  facet normal 0.980873 -0.194648 0
    outer loop
      vertex 90.9681 140.418 17.51
      vertex 90.9171 140.161 23.5
      vertex 90.9171 140.161 17.51
    endloop
  endfacet
  facet normal -0.832109 -0.554612 0
    outer loop
      vertex 94.632 140.9 17.51
      vertex 94.4867 141.118 23.5
      vertex 94.4867 141.118 17.51
    endloop
  endfacet
  facet normal -0.832109 -0.554612 0
    outer loop
      vertex 94.4867 141.118 23.5
      vertex 94.632 140.9 17.51
      vertex 94.632 140.9 23.5
    endloop
  endfacet
  facet normal -0.0649964 0.997886 0
    outer loop
      vertex 93.161 137.917 17.51
      vertex 92.9 137.9 23.5
      vertex 93.161 137.917 23.5
    endloop
  endfacet
  facet normal -0.0649964 0.997886 0
    outer loop
      vertex 92.9 137.9 23.5
      vertex 93.161 137.917 17.51
      vertex 92.9 137.9 17.51
    endloop
  endfacet
  facet normal 0.5547 0.83205 -0
    outer loop
      vertex 91.9 138.168 17.51
      vertex 91.6825 138.313 23.5
      vertex 91.9 138.168 23.5
    endloop
  endfacet
  facet normal 0.5547 0.83205 0
    outer loop
      vertex 91.6825 138.313 23.5
      vertex 91.9 138.168 17.51
      vertex 91.6825 138.313 17.51
    endloop
  endfacet
  facet normal 0.0649716 0.997887 -0
    outer loop
      vertex 92.9 137.9 17.51
      vertex 92.6389 137.917 23.5
      vertex 92.9 137.9 23.5
    endloop
  endfacet
  facet normal 0.0649716 0.997887 0
    outer loop
      vertex 92.6389 137.917 23.5
      vertex 92.9 137.9 17.51
      vertex 92.6389 137.917 17.51
    endloop
  endfacet
  facet normal 0.750676 0.660671 0
    outer loop
      vertex 91.4858 138.486 23.5
      vertex 91.3133 138.682 17.51
      vertex 91.3133 138.682 23.5
    endloop
  endfacet
  facet normal 0.750676 0.660671 0
    outer loop
      vertex 91.3133 138.682 17.51
      vertex 91.4858 138.486 23.5
      vertex 91.4858 138.486 17.51
    endloop
  endfacet
  facet normal 0.443235 0.896405 -0
    outer loop
      vertex 92.1346 138.052 17.51
      vertex 91.9 138.168 23.5
      vertex 92.1346 138.052 23.5
    endloop
  endfacet
  facet normal 0.443235 0.896405 0
    outer loop
      vertex 91.9 138.168 23.5
      vertex 92.1346 138.052 17.51
      vertex 91.9 138.168 17.51
    endloop
  endfacet
  facet normal 0.980873 0.194648 0
    outer loop
      vertex 90.9681 139.382 23.5
      vertex 90.9171 139.639 17.51
      vertex 90.9171 139.639 23.5
    endloop
  endfacet
  facet normal 0.980873 0.194648 0
    outer loop
      vertex 90.9171 139.639 17.51
      vertex 90.9681 139.382 23.5
      vertex 90.9681 139.382 17.51
    endloop
  endfacet
  facet normal 0.997861 0.0653771 0
    outer loop
      vertex 90.9171 139.639 23.5
      vertex 90.9 139.9 17.51
      vertex 90.9 139.9 23.5
    endloop
  endfacet
  facet normal 0.997861 0.0653771 0
    outer loop
      vertex 90.9 139.9 17.51
      vertex 90.9171 139.639 23.5
      vertex 90.9171 139.639 17.51
    endloop
  endfacet
  facet normal 0.897159 0.441708 0
    outer loop
      vertex 91.1679 138.9 23.5
      vertex 91.0522 139.135 17.51
      vertex 91.0522 139.135 23.5
    endloop
  endfacet
  facet normal 0.897159 0.441708 0
    outer loop
      vertex 91.0522 139.135 17.51
      vertex 91.1679 138.9 23.5
      vertex 91.1679 138.9 17.51
    endloop
  endfacet
  facet normal 0.750676 -0.660671 0
    outer loop
      vertex 91.3133 141.118 23.5
      vertex 91.4858 141.314 17.51
      vertex 91.4858 141.314 23.5
    endloop
  endfacet
  facet normal 0.750676 -0.660671 0
    outer loop
      vertex 91.4858 141.314 17.51
      vertex 91.3133 141.118 23.5
      vertex 91.3133 141.118 17.51
    endloop
  endfacet
  facet normal -0.660421 0.750895 0
    outer loop
      vertex 94.3142 138.486 17.51
      vertex 94.1175 138.313 23.5
      vertex 94.3142 138.486 23.5
    endloop
  endfacet
  facet normal -0.660421 0.750895 0
    outer loop
      vertex 94.1175 138.313 23.5
      vertex 94.3142 138.486 17.51
      vertex 94.1175 138.313 17.51
    endloop
  endfacet
  facet normal -0.443235 0.896405 0
    outer loop
      vertex 93.9 138.168 17.51
      vertex 93.6654 138.052 23.5
      vertex 93.9 138.168 23.5
    endloop
  endfacet
  facet normal -0.443235 0.896405 0
    outer loop
      vertex 93.6654 138.052 23.5
      vertex 93.9 138.168 17.51
      vertex 93.6654 138.052 17.51
    endloop
  endfacet
  facet normal -0.5547 0.83205 0
    outer loop
      vertex 94.1175 138.313 17.51
      vertex 93.9 138.168 23.5
      vertex 94.1175 138.313 23.5
    endloop
  endfacet
  facet normal -0.5547 0.83205 0
    outer loop
      vertex 93.9 138.168 23.5
      vertex 94.1175 138.313 17.51
      vertex 93.9 138.168 17.51
    endloop
  endfacet
  facet normal 0.443235 -0.896405 0
    outer loop
      vertex 91.9 141.632 17.51
      vertex 92.1346 141.748 23.5
      vertex 91.9 141.632 23.5
    endloop
  endfacet
  facet normal 0.443235 -0.896405 0
    outer loop
      vertex 92.1346 141.748 23.5
      vertex 91.9 141.632 17.51
      vertex 92.1346 141.748 17.51
    endloop
  endfacet
  facet normal -0.750676 0.660671 0
    outer loop
      vertex 94.3142 138.486 17.51
      vertex 94.4867 138.682 23.5
      vertex 94.4867 138.682 17.51
    endloop
  endfacet
  facet normal -0.750676 0.660671 0
    outer loop
      vertex 94.4867 138.682 23.5
      vertex 94.3142 138.486 17.51
      vertex 94.3142 138.486 23.5
    endloop
  endfacet
  facet normal 0.946632 -0.322315 0
    outer loop
      vertex 90.9681 140.418 23.5
      vertex 91.0522 140.665 17.51
      vertex 91.0522 140.665 23.5
    endloop
  endfacet
  facet normal 0.946632 -0.322315 0
    outer loop
      vertex 91.0522 140.665 17.51
      vertex 90.9681 140.418 23.5
      vertex 90.9681 140.418 17.51
    endloop
  endfacet
  facet normal -0.0649964 -0.997886 0
    outer loop
      vertex 92.9 141.9 17.51
      vertex 93.161 141.883 23.5
      vertex 92.9 141.9 23.5
    endloop
  endfacet
  facet normal -0.0649964 -0.997886 -0
    outer loop
      vertex 93.161 141.883 23.5
      vertex 92.9 141.9 17.51
      vertex 93.161 141.883 17.51
    endloop
  endfacet
  facet normal 0.831933 0.554876 0
    outer loop
      vertex 91.3133 138.682 23.5
      vertex 91.1679 138.9 17.51
      vertex 91.1679 138.9 23.5
    endloop
  endfacet
  facet normal 0.831933 0.554876 0
    outer loop
      vertex 91.1679 138.9 17.51
      vertex 91.3133 138.682 23.5
      vertex 91.3133 138.682 17.51
    endloop
  endfacet
  facet normal 0.195013 -0.980801 0
    outer loop
      vertex 92.3824 141.832 17.51
      vertex 92.6389 141.883 23.5
      vertex 92.3824 141.832 23.5
    endloop
  endfacet
  facet normal 0.195013 -0.980801 0
    outer loop
      vertex 92.6389 141.883 23.5
      vertex 92.3824 141.832 17.51
      vertex 92.6389 141.883 17.51
    endloop
  endfacet
  facet normal 0.897159 -0.441708 0
    outer loop
      vertex 91.0522 140.665 23.5
      vertex 91.1679 140.9 17.51
      vertex 91.1679 140.9 23.5
    endloop
  endfacet
  facet normal 0.897159 -0.441708 0
    outer loop
      vertex 91.1679 140.9 17.51
      vertex 91.0522 140.665 23.5
      vertex 91.0522 140.665 17.51
    endloop
  endfacet
  facet normal 0.321039 -0.947066 0
    outer loop
      vertex 92.1346 141.748 17.51
      vertex 92.3824 141.832 23.5
      vertex 92.1346 141.748 23.5
    endloop
  endfacet
  facet normal 0.321039 -0.947066 0
    outer loop
      vertex 92.3824 141.832 23.5
      vertex 92.1346 141.748 17.51
      vertex 92.3824 141.832 17.51
    endloop
  endfacet
  facet normal 0.831933 -0.554876 0
    outer loop
      vertex 91.1679 140.9 23.5
      vertex 91.3133 141.118 17.51
      vertex 91.3133 141.118 23.5
    endloop
  endfacet
  facet normal 0.831933 -0.554876 0
    outer loop
      vertex 91.3133 141.118 17.51
      vertex 91.1679 140.9 23.5
      vertex 91.1679 140.9 17.51
    endloop
  endfacet
  facet normal 0.946632 0.322315 0
    outer loop
      vertex 91.0522 139.135 23.5
      vertex 90.9681 139.382 17.51
      vertex 90.9681 139.382 23.5
    endloop
  endfacet
  facet normal 0.946632 0.322315 0
    outer loop
      vertex 90.9681 139.382 17.51
      vertex 91.0522 139.135 23.5
      vertex 91.0522 139.135 17.51
    endloop
  endfacet
  facet normal -0.946749 -0.321971 0
    outer loop
      vertex 94.8318 140.418 17.51
      vertex 94.7478 140.665 23.5
      vertex 94.7478 140.665 17.51
    endloop
  endfacet
  facet normal -0.946749 -0.321971 0
    outer loop
      vertex 94.7478 140.665 23.5
      vertex 94.8318 140.418 17.51
      vertex 94.8318 140.418 23.5
    endloop
  endfacet
  facet normal -0.5547 -0.83205 0
    outer loop
      vertex 93.9 141.632 17.51
      vertex 94.1175 141.487 23.5
      vertex 93.9 141.632 23.5
    endloop
  endfacet
  facet normal -0.5547 -0.83205 -0
    outer loop
      vertex 94.1175 141.487 23.5
      vertex 93.9 141.632 17.51
      vertex 94.1175 141.487 17.51
    endloop
  endfacet
  facet normal -0.832109 0.554612 0
    outer loop
      vertex 94.4867 138.682 17.51
      vertex 94.632 138.9 23.5
      vertex 94.632 138.9 17.51
    endloop
  endfacet
  facet normal -0.832109 0.554612 0
    outer loop
      vertex 94.632 138.9 23.5
      vertex 94.4867 138.682 17.51
      vertex 94.4867 138.682 23.5
    endloop
  endfacet
  facet normal 0.660421 0.750895 -0
    outer loop
      vertex 91.6825 138.313 17.51
      vertex 91.4858 138.486 23.5
      vertex 91.6825 138.313 23.5
    endloop
  endfacet
  facet normal 0.660421 0.750895 0
    outer loop
      vertex 91.4858 138.486 23.5
      vertex 91.6825 138.313 17.51
      vertex 91.4858 138.486 17.51
    endloop
  endfacet
  facet normal -0.321039 0.947066 0
    outer loop
      vertex 93.6654 138.052 17.51
      vertex 93.4176 137.968 23.5
      vertex 93.6654 138.052 23.5
    endloop
  endfacet
  facet normal -0.321039 0.947066 0
    outer loop
      vertex 93.4176 137.968 23.5
      vertex 93.6654 138.052 17.51
      vertex 93.4176 137.968 17.51
    endloop
  endfacet
  facet normal 0.660421 -0.750895 0
    outer loop
      vertex 91.4858 141.314 17.51
      vertex 91.6825 141.487 23.5
      vertex 91.4858 141.314 23.5
    endloop
  endfacet
  facet normal 0.660421 -0.750895 0
    outer loop
      vertex 91.6825 141.487 23.5
      vertex 91.4858 141.314 17.51
      vertex 91.6825 141.487 17.51
    endloop
  endfacet
  facet normal 0.0649716 -0.997887 0
    outer loop
      vertex 92.6389 141.883 17.51
      vertex 92.9 141.9 23.5
      vertex 92.6389 141.883 23.5
    endloop
  endfacet
  facet normal 0.0649716 -0.997887 0
    outer loop
      vertex 92.9 141.9 23.5
      vertex 92.6389 141.883 17.51
      vertex 92.9 141.9 17.51
    endloop
  endfacet
  facet normal -0.997861 -0.0653771 0
    outer loop
      vertex 94.9 139.9 17.51
      vertex 94.8829 140.161 23.5
      vertex 94.8829 140.161 17.51
    endloop
  endfacet
  facet normal -0.997861 -0.0653771 0
    outer loop
      vertex 94.8829 140.161 23.5
      vertex 94.9 139.9 17.51
      vertex 94.9 139.9 23.5
    endloop
  endfacet
  facet normal -0.9808 -0.195015 0
    outer loop
      vertex 94.8829 140.161 17.51
      vertex 94.8318 140.418 23.5
      vertex 94.8318 140.418 17.51
    endloop
  endfacet
  facet normal -0.9808 -0.195015 0
    outer loop
      vertex 94.8318 140.418 23.5
      vertex 94.8829 140.161 17.51
      vertex 94.8829 140.161 23.5
    endloop
  endfacet
  facet normal -0.321039 -0.947066 0
    outer loop
      vertex 93.4176 141.832 17.51
      vertex 93.6654 141.748 23.5
      vertex 93.4176 141.832 23.5
    endloop
  endfacet
  facet normal -0.321039 -0.947066 -0
    outer loop
      vertex 93.6654 141.748 23.5
      vertex 93.4176 141.832 17.51
      vertex 93.6654 141.748 17.51
    endloop
  endfacet
  facet normal -0.443235 -0.896405 0
    outer loop
      vertex 93.6654 141.748 17.51
      vertex 93.9 141.632 23.5
      vertex 93.6654 141.748 23.5
    endloop
  endfacet
  facet normal -0.443235 -0.896405 -0
    outer loop
      vertex 93.9 141.632 23.5
      vertex 93.6654 141.748 17.51
      vertex 93.9 141.632 17.51
    endloop
  endfacet
  facet normal 0.321039 0.947066 -0
    outer loop
      vertex 92.3824 137.968 17.51
      vertex 92.1346 138.052 23.5
      vertex 92.3824 137.968 23.5
    endloop
  endfacet
  facet normal 0.321039 0.947066 0
    outer loop
      vertex 92.1346 138.052 23.5
      vertex 92.3824 137.968 17.51
      vertex 92.1346 138.052 17.51
    endloop
  endfacet
  facet normal -0.897008 -0.442015 0
    outer loop
      vertex 94.7478 140.665 17.51
      vertex 94.632 140.9 23.5
      vertex 94.632 140.9 17.51
    endloop
  endfacet
  facet normal -0.897008 -0.442015 0
    outer loop
      vertex 94.632 140.9 23.5
      vertex 94.7478 140.665 17.51
      vertex 94.7478 140.665 23.5
    endloop
  endfacet
  facet normal -0.750676 -0.660671 0
    outer loop
      vertex 94.4867 141.118 17.51
      vertex 94.3142 141.314 23.5
      vertex 94.3142 141.314 17.51
    endloop
  endfacet
  facet normal -0.750676 -0.660671 0
    outer loop
      vertex 94.3142 141.314 23.5
      vertex 94.4867 141.118 17.51
      vertex 94.4867 141.118 23.5
    endloop
  endfacet
  facet normal 0.997861 -0.0653771 0
    outer loop
      vertex 90.9 139.9 23.5
      vertex 90.9171 140.161 17.51
      vertex 90.9171 140.161 23.5
    endloop
  endfacet
  facet normal 0.997861 -0.0653771 0
    outer loop
      vertex 90.9171 140.161 17.51
      vertex 90.9 139.9 23.5
      vertex 90.9 139.9 17.51
    endloop
  endfacet
  facet normal 0.5547 -0.83205 0
    outer loop
      vertex 91.6825 141.487 17.51
      vertex 91.9 141.632 23.5
      vertex 91.6825 141.487 23.5
    endloop
  endfacet
  facet normal 0.5547 -0.83205 0
    outer loop
      vertex 91.9 141.632 23.5
      vertex 91.6825 141.487 17.51
      vertex 91.9 141.632 17.51
    endloop
  endfacet
  facet normal -0.19494 0.980815 0
    outer loop
      vertex 93.4176 137.968 17.51
      vertex 93.161 137.917 23.5
      vertex 93.4176 137.968 23.5
    endloop
  endfacet
  facet normal -0.19494 0.980815 0
    outer loop
      vertex 93.161 137.917 23.5
      vertex 93.4176 137.968 17.51
      vertex 93.161 137.917 17.51
    endloop
  endfacet
  facet normal 0 0 1
    outer loop
      vertex 94.8829 140.161 17.51
      vertex 94.8829 139.639 17.51
      vertex 94.9 139.9 17.51
    endloop
  endfacet
  facet normal 0 0 1
    outer loop
      vertex 94.8318 140.418 17.51
      vertex 94.8829 139.639 17.51
      vertex 94.8829 140.161 17.51
    endloop
  endfacet
  facet normal 0 0 1
    outer loop
      vertex 94.8318 140.418 17.51
      vertex 94.8318 139.382 17.51
      vertex 94.8829 139.639 17.51
    endloop
  endfacet
  facet normal 0 0 1
    outer loop
      vertex 94.7478 140.665 17.51
      vertex 94.8318 139.382 17.51
      vertex 94.8318 140.418 17.51
    endloop
  endfacet
  facet normal 0 0 1
    outer loop
      vertex 94.7478 140.665 17.51
      vertex 94.7478 139.135 17.51
      vertex 94.8318 139.382 17.51
    endloop
  endfacet
  facet normal 0 0 1
    outer loop
      vertex 94.632 140.9 17.51
      vertex 94.7478 139.135 17.51
      vertex 94.7478 140.665 17.51
    endloop
  endfacet
  facet normal 0 0 1
    outer loop
      vertex 94.632 140.9 17.51
      vertex 94.632 138.9 17.51
      vertex 94.7478 139.135 17.51
    endloop
  endfacet
  facet normal 0 0 1
    outer loop
      vertex 94.4867 141.118 17.51
      vertex 94.632 138.9 17.51
      vertex 94.632 140.9 17.51
    endloop
  endfacet
  facet normal 0 0 1
    outer loop
      vertex 94.4867 141.118 17.51
      vertex 94.4867 138.682 17.51
      vertex 94.632 138.9 17.51
    endloop
  endfacet
  facet normal 0 0 1
    outer loop
      vertex 94.3142 141.314 17.51
      vertex 94.4867 138.682 17.51
      vertex 94.4867 141.118 17.51
    endloop
  endfacet
  facet normal 0 0 1
    outer loop
      vertex 94.3142 141.314 17.51
      vertex 94.3142 138.486 17.51
      vertex 94.4867 138.682 17.51
    endloop
  endfacet
  facet normal 0 0 1
    outer loop
      vertex 94.1175 141.487 17.51
      vertex 94.3142 138.486 17.51
      vertex 94.3142 141.314 17.51
    endloop
  endfacet
  facet normal 0 0 1
    outer loop
      vertex 94.1175 141.487 17.51
      vertex 94.1175 138.313 17.51
      vertex 94.3142 138.486 17.51
    endloop
  endfacet
  facet normal 0 0 1
    outer loop
      vertex 93.9 141.632 17.51
      vertex 94.1175 138.313 17.51
      vertex 94.1175 141.487 17.51
    endloop
  endfacet
  facet normal 0 0 1
    outer loop
      vertex 93.9 141.632 17.51
      vertex 93.9 138.168 17.51
      vertex 94.1175 138.313 17.51
    endloop
  endfacet
  facet normal 0 0 1
    outer loop
      vertex 93.6654 141.748 17.51
      vertex 93.9 138.168 17.51
      vertex 93.9 141.632 17.51
    endloop
  endfacet
  facet normal 0 0 1
    outer loop
      vertex 93.6654 141.748 17.51
      vertex 93.6654 138.052 17.51
      vertex 93.9 138.168 17.51
    endloop
  endfacet
  facet normal 0 0 1
    outer loop
      vertex 93.4176 141.832 17.51
      vertex 93.6654 138.052 17.51
      vertex 93.6654 141.748 17.51
    endloop
  endfacet
  facet normal 0 0 1
    outer loop
      vertex 93.4176 141.832 17.51
      vertex 93.4176 137.968 17.51
      vertex 93.6654 138.052 17.51
    endloop
  endfacet
  facet normal 0 0 1
    outer loop
      vertex 93.161 141.883 17.51
      vertex 93.4176 137.968 17.51
      vertex 93.4176 141.832 17.51
    endloop
  endfacet
  facet normal 0 0 1
    outer loop
      vertex 93.161 141.883 17.51
      vertex 93.161 137.917 17.51
      vertex 93.4176 137.968 17.51
    endloop
  endfacet
  facet normal 0 0 1
    outer loop
      vertex 92.9 141.9 17.51
      vertex 93.161 137.917 17.51
      vertex 93.161 141.883 17.51
    endloop
  endfacet
  facet normal 0 0 1
    outer loop
      vertex 92.9 141.9 17.51
      vertex 92.9 137.9 17.51
      vertex 93.161 137.917 17.51
    endloop
  endfacet
  facet normal -0 0 1
    outer loop
      vertex 92.6389 141.883 17.51
      vertex 92.9 137.9 17.51
      vertex 92.9 141.9 17.51
    endloop
  endfacet
  facet normal 0 0 1
    outer loop
      vertex 92.6389 141.883 17.51
      vertex 92.6389 137.917 17.51
      vertex 92.9 137.9 17.51
    endloop
  endfacet
  facet normal -0 0 1
    outer loop
      vertex 92.3824 141.832 17.51
      vertex 92.6389 137.917 17.51
      vertex 92.6389 141.883 17.51
    endloop
  endfacet
  facet normal 0 0 1
    outer loop
      vertex 92.3824 141.832 17.51
      vertex 92.3824 137.968 17.51
      vertex 92.6389 137.917 17.51
    endloop
  endfacet
  facet normal -0 0 1
    outer loop
      vertex 92.1346 141.748 17.51
      vertex 92.3824 137.968 17.51
      vertex 92.3824 141.832 17.51
    endloop
  endfacet
  facet normal 0 0 1
    outer loop
      vertex 92.1346 141.748 17.51
      vertex 92.1346 138.052 17.51
      vertex 92.3824 137.968 17.51
    endloop
  endfacet
  facet normal -0 0 1
    outer loop
      vertex 91.9 141.632 17.51
      vertex 92.1346 138.052 17.51
      vertex 92.1346 141.748 17.51
    endloop
  endfacet
  facet normal 0 0 1
    outer loop
      vertex 91.9 141.632 17.51
      vertex 91.9 138.168 17.51
      vertex 92.1346 138.052 17.51
    endloop
  endfacet
  facet normal -0 0 1
    outer loop
      vertex 91.6825 141.487 17.51
      vertex 91.9 138.168 17.51
      vertex 91.9 141.632 17.51
    endloop
  endfacet
  facet normal 0 0 1
    outer loop
      vertex 91.6825 141.487 17.51
      vertex 91.6825 138.313 17.51
      vertex 91.9 138.168 17.51
    endloop
  endfacet
  facet normal -0 0 1
    outer loop
      vertex 91.4858 141.314 17.51
      vertex 91.6825 138.313 17.51
      vertex 91.6825 141.487 17.51
    endloop
  endfacet
  facet normal 0 0 1
    outer loop
      vertex 91.4858 141.314 17.51
      vertex 91.4858 138.486 17.51
      vertex 91.6825 138.313 17.51
    endloop
  endfacet
  facet normal -0 0 1
    outer loop
      vertex 91.3133 141.118 17.51
      vertex 91.4858 138.486 17.51
      vertex 91.4858 141.314 17.51
    endloop
  endfacet
  facet normal 0 0 1
    outer loop
      vertex 91.3133 141.118 17.51
      vertex 91.3133 138.682 17.51
      vertex 91.4858 138.486 17.51
    endloop
  endfacet
  facet normal -0 0 1
    outer loop
      vertex 91.1679 140.9 17.51
      vertex 91.3133 138.682 17.51
      vertex 91.3133 141.118 17.51
    endloop
  endfacet
  facet normal 0 0 1
    outer loop
      vertex 91.1679 140.9 17.51
      vertex 91.1679 138.9 17.51
      vertex 91.3133 138.682 17.51
    endloop
  endfacet
  facet normal -0 0 1
    outer loop
      vertex 91.0522 140.665 17.51
      vertex 91.1679 138.9 17.51
      vertex 91.1679 140.9 17.51
    endloop
  endfacet
  facet normal 0 0 1
    outer loop
      vertex 91.0522 140.665 17.51
      vertex 91.0522 139.135 17.51
      vertex 91.1679 138.9 17.51
    endloop
  endfacet
  facet normal -0 0 1
    outer loop
      vertex 90.9681 140.418 17.51
      vertex 91.0522 139.135 17.51
      vertex 91.0522 140.665 17.51
    endloop
  endfacet
  facet normal 0 0 1
    outer loop
      vertex 90.9681 140.418 17.51
      vertex 90.9681 139.382 17.51
      vertex 91.0522 139.135 17.51
    endloop
  endfacet
  facet normal -0 0 1
    outer loop
      vertex 90.9171 140.161 17.51
      vertex 90.9681 139.382 17.51
      vertex 90.9681 140.418 17.51
    endloop
  endfacet
  facet normal 0 0 1
    outer loop
      vertex 90.9171 140.161 17.51
      vertex 90.9171 139.639 17.51
      vertex 90.9681 139.382 17.51
    endloop
  endfacet
  facet normal 0 -0 1
    outer loop
      vertex 90.9171 139.639 17.51
      vertex 90.9171 140.161 17.51
      vertex 90.9 139.9 17.51
    endloop
  endfacet
  facet normal -0.660421 -0.750895 0
    outer loop
      vertex 94.1175 141.487 17.51
      vertex 94.3142 141.314 23.5
      vertex 94.1175 141.487 23.5
    endloop
  endfacet
  facet normal -0.660421 -0.750895 -0
    outer loop
      vertex 94.3142 141.314 23.5
      vertex 94.1175 141.487 17.51
      vertex 94.3142 141.314 17.51
    endloop
  endfacet
  facet normal 0.751826 -0.659362 0
    outer loop
      vertex 3.91329 6.71752 23.5
      vertex 4.08579 6.91421 17.51
      vertex 4.08579 6.91421 23.5
    endloop
  endfacet
  facet normal 0.751826 -0.659362 0
    outer loop
      vertex 4.08579 6.91421 17.51
      vertex 3.91329 6.71752 23.5
      vertex 3.91329 6.71752 17.51
    endloop
  endfacet
  facet normal -0.980784 0.195094 0
    outer loop
      vertex 7.43185 4.98236 17.51
      vertex 7.48289 5.23895 23.5
      vertex 7.48289 5.23895 17.51
    endloop
  endfacet
  facet normal -0.980784 0.195094 0
    outer loop
      vertex 7.48289 5.23895 23.5
      vertex 7.43185 4.98236 17.51
      vertex 7.43185 4.98236 23.5
    endloop
  endfacet
  facet normal -0.997859 0.0654027 0
    outer loop
      vertex 7.48289 5.23895 17.51
      vertex 7.5 5.5 23.5
      vertex 7.5 5.5 17.51
    endloop
  endfacet
  facet normal -0.997859 0.0654027 0
    outer loop
      vertex 7.5 5.5 23.5
      vertex 7.48289 5.23895 17.51
      vertex 7.48289 5.23895 23.5
    endloop
  endfacet
  facet normal -0.321429 0.946934 0
    outer loop
      vertex 6.26537 3.65224 17.51
      vertex 6.01764 3.56815 23.5
      vertex 6.26537 3.65224 23.5
    endloop
  endfacet
  facet normal -0.321429 0.946934 0
    outer loop
      vertex 6.01764 3.56815 23.5
      vertex 6.26537 3.65224 17.51
      vertex 6.01764 3.56815 17.51
    endloop
  endfacet
  facet normal 0.946934 -0.321429 0
    outer loop
      vertex 3.56815 6.01764 23.5
      vertex 3.65224 6.26537 17.51
      vertex 3.65224 6.26537 23.5
    endloop
  endfacet
  facet normal 0.946934 -0.321429 0
    outer loop
      vertex 3.65224 6.26537 17.51
      vertex 3.56815 6.01764 23.5
      vertex 3.56815 6.01764 17.51
    endloop
  endfacet
  facet normal -0.555564 -0.831474 0
    outer loop
      vertex 6.5 7.23205 17.51
      vertex 6.71752 7.08671 23.5
      vertex 6.5 7.23205 23.5
    endloop
  endfacet
  facet normal -0.555564 -0.831474 -0
    outer loop
      vertex 6.71752 7.08671 23.5
      vertex 6.5 7.23205 17.51
      vertex 6.71752 7.08671 17.51
    endloop
  endfacet
  facet normal 0.555564 -0.831474 0
    outer loop
      vertex 4.28248 7.08671 17.51
      vertex 4.5 7.23205 23.5
      vertex 4.28248 7.08671 23.5
    endloop
  endfacet
  facet normal 0.555564 -0.831474 0
    outer loop
      vertex 4.5 7.23205 23.5
      vertex 4.28248 7.08671 17.51
      vertex 4.5 7.23205 17.51
    endloop
  endfacet
  facet normal -0.442299 -0.896868 0
    outer loop
      vertex 6.26537 7.34776 17.51
      vertex 6.5 7.23205 23.5
      vertex 6.26537 7.34776 23.5
    endloop
  endfacet
  facet normal -0.442299 -0.896868 -0
    outer loop
      vertex 6.5 7.23205 23.5
      vertex 6.26537 7.34776 17.51
      vertex 6.5 7.23205 17.51
    endloop
  endfacet
  facet normal 0.442299 0.896868 -0
    outer loop
      vertex 4.73463 3.65224 17.51
      vertex 4.5 3.76795 23.5
      vertex 4.73463 3.65224 23.5
    endloop
  endfacet
  facet normal 0.442299 0.896868 0
    outer loop
      vertex 4.5 3.76795 23.5
      vertex 4.73463 3.65224 17.51
      vertex 4.5 3.76795 17.51
    endloop
  endfacet
  facet normal 0.0654027 -0.997859 0
    outer loop
      vertex 5.23895 7.48289 17.51
      vertex 5.5 7.5 23.5
      vertex 5.23895 7.48289 23.5
    endloop
  endfacet
  facet normal 0.0654027 -0.997859 0
    outer loop
      vertex 5.5 7.5 23.5
      vertex 5.23895 7.48289 17.51
      vertex 5.5 7.5 17.51
    endloop
  endfacet
  facet normal 0.555564 0.831474 -0
    outer loop
      vertex 4.5 3.76795 17.51
      vertex 4.28248 3.91329 23.5
      vertex 4.5 3.76795 23.5
    endloop
  endfacet
  facet normal 0.555564 0.831474 0
    outer loop
      vertex 4.28248 3.91329 23.5
      vertex 4.5 3.76795 17.51
      vertex 4.28248 3.91329 17.51
    endloop
  endfacet
  facet normal -0.751826 0.659362 0
    outer loop
      vertex 6.91421 4.08579 17.51
      vertex 7.08671 4.28248 23.5
      vertex 7.08671 4.28248 17.51
    endloop
  endfacet
  facet normal -0.751826 0.659362 0
    outer loop
      vertex 7.08671 4.28248 23.5
      vertex 6.91421 4.08579 17.51
      vertex 6.91421 4.08579 23.5
    endloop
  endfacet
  facet normal 0.751826 0.659362 0
    outer loop
      vertex 4.08579 4.08579 23.5
      vertex 3.91329 4.28248 17.51
      vertex 3.91329 4.28248 23.5
    endloop
  endfacet
  facet normal 0.751826 0.659362 0
    outer loop
      vertex 3.91329 4.28248 17.51
      vertex 4.08579 4.08579 23.5
      vertex 4.08579 4.08579 17.51
    endloop
  endfacet
  facet normal 0.659362 0.751826 -0
    outer loop
      vertex 4.28248 3.91329 17.51
      vertex 4.08579 4.08579 23.5
      vertex 4.28248 3.91329 23.5
    endloop
  endfacet
  facet normal 0.659362 0.751826 0
    outer loop
      vertex 4.08579 4.08579 23.5
      vertex 4.28248 3.91329 17.51
      vertex 4.08579 4.08579 17.51
    endloop
  endfacet
  facet normal 0.896868 0.442299 0
    outer loop
      vertex 3.76795 4.5 23.5
      vertex 3.65224 4.73463 17.51
      vertex 3.65224 4.73463 23.5
    endloop
  endfacet
  facet normal 0.896868 0.442299 0
    outer loop
      vertex 3.65224 4.73463 17.51
      vertex 3.76795 4.5 23.5
      vertex 3.76795 4.5 17.51
    endloop
  endfacet
  facet normal 0.0654027 0.997859 -0
    outer loop
      vertex 5.5 3.5 17.51
      vertex 5.23895 3.51711 23.5
      vertex 5.5 3.5 23.5
    endloop
  endfacet
  facet normal 0.0654027 0.997859 0
    outer loop
      vertex 5.23895 3.51711 23.5
      vertex 5.5 3.5 17.51
      vertex 5.23895 3.51711 17.51
    endloop
  endfacet
  facet normal -0.321429 -0.946934 0
    outer loop
      vertex 6.01764 7.43185 17.51
      vertex 6.26537 7.34776 23.5
      vertex 6.01764 7.43185 23.5
    endloop
  endfacet
  facet normal -0.321429 -0.946934 -0
    outer loop
      vertex 6.26537 7.34776 23.5
      vertex 6.01764 7.43185 17.51
      vertex 6.26537 7.34776 17.51
    endloop
  endfacet
  facet normal 0.659362 -0.751826 0
    outer loop
      vertex 4.08579 6.91421 17.51
      vertex 4.28248 7.08671 23.5
      vertex 4.08579 6.91421 23.5
    endloop
  endfacet
  facet normal 0.659362 -0.751826 0
    outer loop
      vertex 4.28248 7.08671 23.5
      vertex 4.08579 6.91421 17.51
      vertex 4.28248 7.08671 17.51
    endloop
  endfacet
  facet normal 0.831474 -0.555564 0
    outer loop
      vertex 3.76795 6.5 23.5
      vertex 3.91329 6.71752 17.51
      vertex 3.91329 6.71752 23.5
    endloop
  endfacet
  facet normal 0.831474 -0.555564 0
    outer loop
      vertex 3.91329 6.71752 17.51
      vertex 3.76795 6.5 23.5
      vertex 3.76795 6.5 17.51
    endloop
  endfacet
  facet normal -0.831474 -0.555564 0
    outer loop
      vertex 7.23205 6.5 17.51
      vertex 7.08671 6.71752 23.5
      vertex 7.08671 6.71752 17.51
    endloop
  endfacet
  facet normal -0.831474 -0.555564 0
    outer loop
      vertex 7.08671 6.71752 23.5
      vertex 7.23205 6.5 17.51
      vertex 7.23205 6.5 23.5
    endloop
  endfacet
  facet normal -0.831474 0.555564 0
    outer loop
      vertex 7.08671 4.28248 17.51
      vertex 7.23205 4.5 23.5
      vertex 7.23205 4.5 17.51
    endloop
  endfacet
  facet normal -0.831474 0.555564 0
    outer loop
      vertex 7.23205 4.5 23.5
      vertex 7.08671 4.28248 17.51
      vertex 7.08671 4.28248 23.5
    endloop
  endfacet
  facet normal 0.442299 -0.896868 0
    outer loop
      vertex 4.5 7.23205 17.51
      vertex 4.73463 7.34776 23.5
      vertex 4.5 7.23205 23.5
    endloop
  endfacet
  facet normal 0.442299 -0.896868 0
    outer loop
      vertex 4.73463 7.34776 23.5
      vertex 4.5 7.23205 17.51
      vertex 4.73463 7.34776 17.51
    endloop
  endfacet
  facet normal 0 0 1
    outer loop
      vertex 7.48289 5.76105 17.51
      vertex 7.48289 5.23895 17.51
      vertex 7.5 5.5 17.51
    endloop
  endfacet
  facet normal 0 0 1
    outer loop
      vertex 7.43185 6.01764 17.51
      vertex 7.48289 5.23895 17.51
      vertex 7.48289 5.76105 17.51
    endloop
  endfacet
  facet normal 0 0 1
    outer loop
      vertex 7.43185 6.01764 17.51
      vertex 7.43185 4.98236 17.51
      vertex 7.48289 5.23895 17.51
    endloop
  endfacet
  facet normal 0 0 1
    outer loop
      vertex 7.34776 6.26537 17.51
      vertex 7.43185 4.98236 17.51
      vertex 7.43185 6.01764 17.51
    endloop
  endfacet
  facet normal 0 0 1
    outer loop
      vertex 7.34776 6.26537 17.51
      vertex 7.34776 4.73463 17.51
      vertex 7.43185 4.98236 17.51
    endloop
  endfacet
  facet normal 0 0 1
    outer loop
      vertex 7.23205 6.5 17.51
      vertex 7.34776 4.73463 17.51
      vertex 7.34776 6.26537 17.51
    endloop
  endfacet
  facet normal 0 0 1
    outer loop
      vertex 7.23205 6.5 17.51
      vertex 7.23205 4.5 17.51
      vertex 7.34776 4.73463 17.51
    endloop
  endfacet
  facet normal 0 0 1
    outer loop
      vertex 7.08671 6.71752 17.51
      vertex 7.23205 4.5 17.51
      vertex 7.23205 6.5 17.51
    endloop
  endfacet
  facet normal 0 0 1
    outer loop
      vertex 7.08671 6.71752 17.51
      vertex 7.08671 4.28248 17.51
      vertex 7.23205 4.5 17.51
    endloop
  endfacet
  facet normal 0 0 1
    outer loop
      vertex 6.91421 6.91421 17.51
      vertex 7.08671 4.28248 17.51
      vertex 7.08671 6.71752 17.51
    endloop
  endfacet
  facet normal 0 0 1
    outer loop
      vertex 6.91421 6.91421 17.51
      vertex 6.91421 4.08579 17.51
      vertex 7.08671 4.28248 17.51
    endloop
  endfacet
  facet normal 0 0 1
    outer loop
      vertex 6.71752 7.08671 17.51
      vertex 6.91421 4.08579 17.51
      vertex 6.91421 6.91421 17.51
    endloop
  endfacet
  facet normal 0 0 1
    outer loop
      vertex 6.71752 7.08671 17.51
      vertex 6.71752 3.91329 17.51
      vertex 6.91421 4.08579 17.51
    endloop
  endfacet
  facet normal 0 0 1
    outer loop
      vertex 6.5 7.23205 17.51
      vertex 6.71752 3.91329 17.51
      vertex 6.71752 7.08671 17.51
    endloop
  endfacet
  facet normal 0 0 1
    outer loop
      vertex 6.5 7.23205 17.51
      vertex 6.5 3.76795 17.51
      vertex 6.71752 3.91329 17.51
    endloop
  endfacet
  facet normal 0 0 1
    outer loop
      vertex 6.26537 7.34776 17.51
      vertex 6.5 3.76795 17.51
      vertex 6.5 7.23205 17.51
    endloop
  endfacet
  facet normal 0 0 1
    outer loop
      vertex 6.26537 7.34776 17.51
      vertex 6.26537 3.65224 17.51
      vertex 6.5 3.76795 17.51
    endloop
  endfacet
  facet normal 0 0 1
    outer loop
      vertex 6.01764 7.43185 17.51
      vertex 6.26537 3.65224 17.51
      vertex 6.26537 7.34776 17.51
    endloop
  endfacet
  facet normal 0 0 1
    outer loop
      vertex 6.01764 7.43185 17.51
      vertex 6.01764 3.56815 17.51
      vertex 6.26537 3.65224 17.51
    endloop
  endfacet
  facet normal 0 0 1
    outer loop
      vertex 5.76105 7.48289 17.51
      vertex 6.01764 3.56815 17.51
      vertex 6.01764 7.43185 17.51
    endloop
  endfacet
  facet normal 0 0 1
    outer loop
      vertex 5.76105 7.48289 17.51
      vertex 5.76105 3.51711 17.51
      vertex 6.01764 3.56815 17.51
    endloop
  endfacet
  facet normal 0 0 1
    outer loop
      vertex 5.5 7.5 17.51
      vertex 5.76105 3.51711 17.51
      vertex 5.76105 7.48289 17.51
    endloop
  endfacet
  facet normal 0 0 1
    outer loop
      vertex 5.5 7.5 17.51
      vertex 5.5 3.5 17.51
      vertex 5.76105 3.51711 17.51
    endloop
  endfacet
  facet normal -0 0 1
    outer loop
      vertex 5.23895 7.48289 17.51
      vertex 5.5 3.5 17.51
      vertex 5.5 7.5 17.51
    endloop
  endfacet
  facet normal 0 0 1
    outer loop
      vertex 5.23895 7.48289 17.51
      vertex 5.23895 3.51711 17.51
      vertex 5.5 3.5 17.51
    endloop
  endfacet
  facet normal -0 0 1
    outer loop
      vertex 4.98236 7.43185 17.51
      vertex 5.23895 3.51711 17.51
      vertex 5.23895 7.48289 17.51
    endloop
  endfacet
  facet normal 0 0 1
    outer loop
      vertex 4.98236 7.43185 17.51
      vertex 4.98236 3.56815 17.51
      vertex 5.23895 3.51711 17.51
    endloop
  endfacet
  facet normal -0 0 1
    outer loop
      vertex 4.73463 7.34776 17.51
      vertex 4.98236 3.56815 17.51
      vertex 4.98236 7.43185 17.51
    endloop
  endfacet
  facet normal 0 0 1
    outer loop
      vertex 4.73463 7.34776 17.51
      vertex 4.73463 3.65224 17.51
      vertex 4.98236 3.56815 17.51
    endloop
  endfacet
  facet normal -0 0 1
    outer loop
      vertex 4.5 7.23205 17.51
      vertex 4.73463 3.65224 17.51
      vertex 4.73463 7.34776 17.51
    endloop
  endfacet
  facet normal 0 0 1
    outer loop
      vertex 4.5 7.23205 17.51
      vertex 4.5 3.76795 17.51
      vertex 4.73463 3.65224 17.51
    endloop
  endfacet
  facet normal -0 0 1
    outer loop
      vertex 4.28248 7.08671 17.51
      vertex 4.5 3.76795 17.51
      vertex 4.5 7.23205 17.51
    endloop
  endfacet
  facet normal 0 0 1
    outer loop
      vertex 4.28248 7.08671 17.51
      vertex 4.28248 3.91329 17.51
      vertex 4.5 3.76795 17.51
    endloop
  endfacet
  facet normal -0 0 1
    outer loop
      vertex 4.08579 6.91421 17.51
      vertex 4.28248 3.91329 17.51
      vertex 4.28248 7.08671 17.51
    endloop
  endfacet
  facet normal 0 0 1
    outer loop
      vertex 4.08579 6.91421 17.51
      vertex 4.08579 4.08579 17.51
      vertex 4.28248 3.91329 17.51
    endloop
  endfacet
  facet normal -0 0 1
    outer loop
      vertex 3.91329 6.71752 17.51
      vertex 4.08579 4.08579 17.51
      vertex 4.08579 6.91421 17.51
    endloop
  endfacet
  facet normal 0 0 1
    outer loop
      vertex 3.91329 6.71752 17.51
      vertex 3.91329 4.28248 17.51
      vertex 4.08579 4.08579 17.51
    endloop
  endfacet
  facet normal -0 0 1
    outer loop
      vertex 3.76795 6.5 17.51
      vertex 3.91329 4.28248 17.51
      vertex 3.91329 6.71752 17.51
    endloop
  endfacet
  facet normal 0 0 1
    outer loop
      vertex 3.76795 6.5 17.51
      vertex 3.76795 4.5 17.51
      vertex 3.91329 4.28248 17.51
    endloop
  endfacet
  facet normal -0 0 1
    outer loop
      vertex 3.65224 6.26537 17.51
      vertex 3.76795 4.5 17.51
      vertex 3.76795 6.5 17.51
    endloop
  endfacet
  facet normal 0 0 1
    outer loop
      vertex 3.65224 6.26537 17.51
      vertex 3.65224 4.73463 17.51
      vertex 3.76795 4.5 17.51
    endloop
  endfacet
  facet normal -0 0 1
    outer loop
      vertex 3.56815 6.01764 17.51
      vertex 3.65224 4.73463 17.51
      vertex 3.65224 6.26537 17.51
    endloop
  endfacet
  facet normal 0 0 1
    outer loop
      vertex 3.56815 6.01764 17.51
      vertex 3.56815 4.98236 17.51
      vertex 3.65224 4.73463 17.51
    endloop
  endfacet
  facet normal -0 0 1
    outer loop
      vertex 3.51711 5.76105 17.51
      vertex 3.56815 4.98236 17.51
      vertex 3.56815 6.01764 17.51
    endloop
  endfacet
  facet normal 0 0 1
    outer loop
      vertex 3.51711 5.76105 17.51
      vertex 3.51711 5.23895 17.51
      vertex 3.56815 4.98236 17.51
    endloop
  endfacet
  facet normal 0 -0 1
    outer loop
      vertex 3.51711 5.23895 17.51
      vertex 3.51711 5.76105 17.51
      vertex 3.5 5.5 17.51
    endloop
  endfacet
  facet normal -0.997859 -0.0654027 0
    outer loop
      vertex 7.5 5.5 17.51
      vertex 7.48289 5.76105 23.5
      vertex 7.48289 5.76105 17.51
    endloop
  endfacet
  facet normal -0.997859 -0.0654027 0
    outer loop
      vertex 7.48289 5.76105 23.5
      vertex 7.5 5.5 17.51
      vertex 7.5 5.5 23.5
    endloop
  endfacet
  facet normal -0.659362 0.751826 0
    outer loop
      vertex 6.91421 4.08579 17.51
      vertex 6.71752 3.91329 23.5
      vertex 6.91421 4.08579 23.5
    endloop
  endfacet
  facet normal -0.659362 0.751826 0
    outer loop
      vertex 6.71752 3.91329 23.5
      vertex 6.91421 4.08579 17.51
      vertex 6.71752 3.91329 17.51
    endloop
  endfacet
  facet normal -0.442299 0.896868 0
    outer loop
      vertex 6.5 3.76795 17.51
      vertex 6.26537 3.65224 23.5
      vertex 6.5 3.76795 23.5
    endloop
  endfacet
  facet normal -0.442299 0.896868 0
    outer loop
      vertex 6.26537 3.65224 23.5
      vertex 6.5 3.76795 17.51
      vertex 6.26537 3.65224 17.51
    endloop
  endfacet
  facet normal -0.555564 0.831474 0
    outer loop
      vertex 6.71752 3.91329 17.51
      vertex 6.5 3.76795 23.5
      vertex 6.71752 3.91329 23.5
    endloop
  endfacet
  facet normal -0.555564 0.831474 0
    outer loop
      vertex 6.5 3.76795 23.5
      vertex 6.71752 3.91329 17.51
      vertex 6.5 3.76795 17.51
    endloop
  endfacet
  facet normal -0.195094 -0.980784 0
    outer loop
      vertex 5.76105 7.48289 17.51
      vertex 6.01764 7.43185 23.5
      vertex 5.76105 7.48289 23.5
    endloop
  endfacet
  facet normal -0.195094 -0.980784 -0
    outer loop
      vertex 6.01764 7.43185 23.5
      vertex 5.76105 7.48289 17.51
      vertex 6.01764 7.43185 17.51
    endloop
  endfacet
  facet normal -0.896868 0.442299 0
    outer loop
      vertex 7.23205 4.5 17.51
      vertex 7.34776 4.73463 23.5
      vertex 7.34776 4.73463 17.51
    endloop
  endfacet
  facet normal -0.896868 0.442299 0
    outer loop
      vertex 7.34776 4.73463 23.5
      vertex 7.23205 4.5 17.51
      vertex 7.23205 4.5 23.5
    endloop
  endfacet
  facet normal 0.896868 -0.442299 0
    outer loop
      vertex 3.65224 6.26537 23.5
      vertex 3.76795 6.5 17.51
      vertex 3.76795 6.5 23.5
    endloop
  endfacet
  facet normal 0.896868 -0.442299 0
    outer loop
      vertex 3.76795 6.5 17.51
      vertex 3.65224 6.26537 23.5
      vertex 3.65224 6.26537 17.51
    endloop
  endfacet
  facet normal -0.751826 -0.659362 0
    outer loop
      vertex 7.08671 6.71752 17.51
      vertex 6.91421 6.91421 23.5
      vertex 6.91421 6.91421 17.51
    endloop
  endfacet
  facet normal -0.751826 -0.659362 0
    outer loop
      vertex 6.91421 6.91421 23.5
      vertex 7.08671 6.71752 17.51
      vertex 7.08671 6.71752 23.5
    endloop
  endfacet
  facet normal 0.980784 -0.195094 0
    outer loop
      vertex 3.51711 5.76105 23.5
      vertex 3.56815 6.01764 17.51
      vertex 3.56815 6.01764 23.5
    endloop
  endfacet
  facet normal 0.980784 -0.195094 0
    outer loop
      vertex 3.56815 6.01764 17.51
      vertex 3.51711 5.76105 23.5
      vertex 3.51711 5.76105 17.51
    endloop
  endfacet
  facet normal 0.321429 0.946934 -0
    outer loop
      vertex 4.98236 3.56815 17.51
      vertex 4.73463 3.65224 23.5
      vertex 4.98236 3.56815 23.5
    endloop
  endfacet
  facet normal 0.321429 0.946934 0
    outer loop
      vertex 4.73463 3.65224 23.5
      vertex 4.98236 3.56815 17.51
      vertex 4.73463 3.65224 17.51
    endloop
  endfacet
  facet normal -0.980784 -0.195094 0
    outer loop
      vertex 7.48289 5.76105 17.51
      vertex 7.43185 6.01764 23.5
      vertex 7.43185 6.01764 17.51
    endloop
  endfacet
  facet normal -0.980784 -0.195094 0
    outer loop
      vertex 7.43185 6.01764 23.5
      vertex 7.48289 5.76105 17.51
      vertex 7.48289 5.76105 23.5
    endloop
  endfacet
  facet normal 0.195094 -0.980784 0
    outer loop
      vertex 4.98236 7.43185 17.51
      vertex 5.23895 7.48289 23.5
      vertex 4.98236 7.43185 23.5
    endloop
  endfacet
  facet normal 0.195094 -0.980784 0
    outer loop
      vertex 5.23895 7.48289 23.5
      vertex 4.98236 7.43185 17.51
      vertex 5.23895 7.48289 17.51
    endloop
  endfacet
  facet normal 0.997859 -0.0654027 0
    outer loop
      vertex 3.5 5.5 23.5
      vertex 3.51711 5.76105 17.51
      vertex 3.51711 5.76105 23.5
    endloop
  endfacet
  facet normal 0.997859 -0.0654027 0
    outer loop
      vertex 3.51711 5.76105 17.51
      vertex 3.5 5.5 23.5
      vertex 3.5 5.5 17.51
    endloop
  endfacet
  facet normal 0.980784 0.195094 0
    outer loop
      vertex 3.56815 4.98236 23.5
      vertex 3.51711 5.23895 17.51
      vertex 3.51711 5.23895 23.5
    endloop
  endfacet
  facet normal 0.980784 0.195094 0
    outer loop
      vertex 3.51711 5.23895 17.51
      vertex 3.56815 4.98236 23.5
      vertex 3.56815 4.98236 17.51
    endloop
  endfacet
  facet normal 0.997859 0.0654027 0
    outer loop
      vertex 3.51711 5.23895 23.5
      vertex 3.5 5.5 17.51
      vertex 3.5 5.5 23.5
    endloop
  endfacet
  facet normal 0.997859 0.0654027 0
    outer loop
      vertex 3.5 5.5 17.51
      vertex 3.51711 5.23895 23.5
      vertex 3.51711 5.23895 17.51
    endloop
  endfacet
  facet normal -0.946934 0.321429 0
    outer loop
      vertex 7.34776 4.73463 17.51
      vertex 7.43185 4.98236 23.5
      vertex 7.43185 4.98236 17.51
    endloop
  endfacet
  facet normal -0.946934 0.321429 0
    outer loop
      vertex 7.43185 4.98236 23.5
      vertex 7.34776 4.73463 17.51
      vertex 7.34776 4.73463 23.5
    endloop
  endfacet
  facet normal -0.946934 -0.321429 0
    outer loop
      vertex 7.43185 6.01764 17.51
      vertex 7.34776 6.26537 23.5
      vertex 7.34776 6.26537 17.51
    endloop
  endfacet
  facet normal -0.946934 -0.321429 0
    outer loop
      vertex 7.34776 6.26537 23.5
      vertex 7.43185 6.01764 17.51
      vertex 7.43185 6.01764 23.5
    endloop
  endfacet
  facet normal 0.831474 0.555564 0
    outer loop
      vertex 3.91329 4.28248 23.5
      vertex 3.76795 4.5 17.51
      vertex 3.76795 4.5 23.5
    endloop
  endfacet
  facet normal 0.831474 0.555564 0
    outer loop
      vertex 3.76795 4.5 17.51
      vertex 3.91329 4.28248 23.5
      vertex 3.91329 4.28248 17.51
    endloop
  endfacet
  facet normal 0.195094 0.980784 -0
    outer loop
      vertex 5.23895 3.51711 17.51
      vertex 4.98236 3.56815 23.5
      vertex 5.23895 3.51711 23.5
    endloop
  endfacet
  facet normal 0.195094 0.980784 0
    outer loop
      vertex 4.98236 3.56815 23.5
      vertex 5.23895 3.51711 17.51
      vertex 4.98236 3.56815 17.51
    endloop
  endfacet
  facet normal -0.896868 -0.442299 0
    outer loop
      vertex 7.34776 6.26537 17.51
      vertex 7.23205 6.5 23.5
      vertex 7.23205 6.5 17.51
    endloop
  endfacet
  facet normal -0.896868 -0.442299 0
    outer loop
      vertex 7.23205 6.5 23.5
      vertex 7.34776 6.26537 17.51
      vertex 7.34776 6.26537 23.5
    endloop
  endfacet
  facet normal -0.659362 -0.751826 0
    outer loop
      vertex 6.71752 7.08671 17.51
      vertex 6.91421 6.91421 23.5
      vertex 6.71752 7.08671 23.5
    endloop
  endfacet
  facet normal -0.659362 -0.751826 -0
    outer loop
      vertex 6.91421 6.91421 23.5
      vertex 6.71752 7.08671 17.51
      vertex 6.91421 6.91421 17.51
    endloop
  endfacet
  facet normal 0.321429 -0.946934 0
    outer loop
      vertex 4.73463 7.34776 17.51
      vertex 4.98236 7.43185 23.5
      vertex 4.73463 7.34776 23.5
    endloop
  endfacet
  facet normal 0.321429 -0.946934 0
    outer loop
      vertex 4.98236 7.43185 23.5
      vertex 4.73463 7.34776 17.51
      vertex 4.98236 7.43185 17.51
    endloop
  endfacet
  facet normal -0.0654027 0.997859 0
    outer loop
      vertex 5.76105 3.51711 17.51
      vertex 5.5 3.5 23.5
      vertex 5.76105 3.51711 23.5
    endloop
  endfacet
  facet normal -0.0654027 0.997859 0
    outer loop
      vertex 5.5 3.5 23.5
      vertex 5.76105 3.51711 17.51
      vertex 5.5 3.5 17.51
    endloop
  endfacet
  facet normal -0.0654027 -0.997859 0
    outer loop
      vertex 5.5 7.5 17.51
      vertex 5.76105 7.48289 23.5
      vertex 5.5 7.5 23.5
    endloop
  endfacet
  facet normal -0.0654027 -0.997859 -0
    outer loop
      vertex 5.76105 7.48289 23.5
      vertex 5.5 7.5 17.51
      vertex 5.76105 7.48289 17.51
    endloop
  endfacet
  facet normal -0.195094 0.980784 0
    outer loop
      vertex 6.01764 3.56815 17.51
      vertex 5.76105 3.51711 23.5
      vertex 6.01764 3.56815 23.5
    endloop
  endfacet
  facet normal -0.195094 0.980784 0
    outer loop
      vertex 5.76105 3.51711 23.5
      vertex 6.01764 3.56815 17.51
      vertex 5.76105 3.51711 17.51
    endloop
  endfacet
  facet normal 0.946934 0.321429 0
    outer loop
      vertex 3.65224 4.73463 23.5
      vertex 3.56815 4.98236 17.51
      vertex 3.56815 4.98236 23.5
    endloop
  endfacet
  facet normal 0.946934 0.321429 0
    outer loop
      vertex 3.56815 4.98236 17.51
      vertex 3.65224 4.73463 23.5
      vertex 3.65224 4.73463 17.51
    endloop
  endfacet
  facet normal -0.980741 0.195315 0
    outer loop
      vertex 94.8318 4.98236 17.51
      vertex 94.8829 5.23895 23.5
      vertex 94.8829 5.23895 17.51
    endloop
  endfacet
  facet normal -0.980741 0.195315 0
    outer loop
      vertex 94.8829 5.23895 23.5
      vertex 94.8318 4.98236 17.51
      vertex 94.8318 4.98236 23.5
    endloop
  endfacet
  facet normal -0.997861 0.0653646 0
    outer loop
      vertex 94.8829 5.23895 17.51
      vertex 94.9 5.5 23.5
      vertex 94.9 5.5 17.51
    endloop
  endfacet
  facet normal -0.997861 0.0653646 0
    outer loop
      vertex 94.9 5.5 23.5
      vertex 94.8829 5.23895 17.51
      vertex 94.8829 5.23895 23.5
    endloop
  endfacet
  facet normal -0.947038 0.321121 0
    outer loop
      vertex 94.7478 4.73463 17.51
      vertex 94.8318 4.98236 23.5
      vertex 94.8318 4.98236 17.51
    endloop
  endfacet
  facet normal -0.947038 0.321121 0
    outer loop
      vertex 94.8318 4.98236 23.5
      vertex 94.7478 4.73463 17.51
      vertex 94.7478 4.73463 23.5
    endloop
  endfacet
  facet normal 0.321348 0.946961 -0
    outer loop
      vertex 92.3824 3.56815 17.51
      vertex 92.1346 3.65224 23.5
      vertex 92.3824 3.56815 23.5
    endloop
  endfacet
  facet normal 0.321348 0.946961 0
    outer loop
      vertex 92.1346 3.65224 23.5
      vertex 92.3824 3.56815 17.51
      vertex 92.1346 3.65224 17.51
    endloop
  endfacet
  facet normal 0.751826 -0.659362 0
    outer loop
      vertex 91.3133 6.71752 23.5
      vertex 91.4858 6.91421 17.51
      vertex 91.4858 6.91421 23.5
    endloop
  endfacet
  facet normal 0.751826 -0.659362 0
    outer loop
      vertex 91.4858 6.91421 17.51
      vertex 91.3133 6.71752 23.5
      vertex 91.3133 6.71752 17.51
    endloop
  endfacet
  facet normal 0.19516 0.980771 -0
    outer loop
      vertex 92.6389 3.51711 17.51
      vertex 92.3824 3.56815 23.5
      vertex 92.6389 3.51711 23.5
    endloop
  endfacet
  facet normal 0.19516 0.980771 0
    outer loop
      vertex 92.3824 3.56815 23.5
      vertex 92.6389 3.51711 17.51
      vertex 92.3824 3.56815 17.51
    endloop
  endfacet
  facet normal -0.831544 0.555459 0
    outer loop
      vertex 94.4867 4.28248 17.51
      vertex 94.632 4.5 23.5
      vertex 94.632 4.5 17.51
    endloop
  endfacet
  facet normal -0.831544 0.555459 0
    outer loop
      vertex 94.632 4.5 23.5
      vertex 94.4867 4.28248 17.51
      vertex 94.4867 4.28248 23.5
    endloop
  endfacet
  facet normal 0.946922 -0.321463 0
    outer loop
      vertex 90.9681 6.01764 23.5
      vertex 91.0522 6.26537 17.51
      vertex 91.0522 6.26537 23.5
    endloop
  endfacet
  facet normal 0.946922 -0.321463 0
    outer loop
      vertex 91.0522 6.26537 17.51
      vertex 90.9681 6.01764 23.5
      vertex 90.9681 6.01764 17.51
    endloop
  endfacet
  facet normal -0.442344 -0.896845 0
    outer loop
      vertex 93.6654 7.34776 17.51
      vertex 93.9 7.23205 23.5
      vertex 93.6654 7.34776 23.5
    endloop
  endfacet
  facet normal -0.442344 -0.896845 -0
    outer loop
      vertex 93.9 7.23205 23.5
      vertex 93.6654 7.34776 17.51
      vertex 93.9 7.23205 17.51
    endloop
  endfacet
  facet normal -0.896731 0.442575 0
    outer loop
      vertex 94.632 4.5 17.51
      vertex 94.7478 4.73463 23.5
      vertex 94.7478 4.73463 17.51
    endloop
  endfacet
  facet normal -0.896731 0.442575 0
    outer loop
      vertex 94.7478 4.73463 23.5
      vertex 94.632 4.5 17.51
      vertex 94.632 4.5 23.5
    endloop
  endfacet
  facet normal -0.442344 0.896845 0
    outer loop
      vertex 93.9 3.76795 17.51
      vertex 93.6654 3.65224 23.5
      vertex 93.9 3.76795 23.5
    endloop
  endfacet
  facet normal -0.442344 0.896845 0
    outer loop
      vertex 93.6654 3.65224 23.5
      vertex 93.9 3.76795 17.51
      vertex 93.6654 3.65224 17.51
    endloop
  endfacet
  facet normal -0.195087 -0.980786 0
    outer loop
      vertex 93.161 7.48289 17.51
      vertex 93.4176 7.43185 23.5
      vertex 93.161 7.48289 23.5
    endloop
  endfacet
  facet normal -0.195087 -0.980786 -0
    outer loop
      vertex 93.4176 7.43185 23.5
      vertex 93.161 7.48289 17.51
      vertex 93.4176 7.43185 17.51
    endloop
  endfacet
  facet normal -0.831544 -0.555459 0
    outer loop
      vertex 94.632 6.5 17.51
      vertex 94.4867 6.71752 23.5
      vertex 94.4867 6.71752 17.51
    endloop
  endfacet
  facet normal -0.831544 -0.555459 0
    outer loop
      vertex 94.4867 6.71752 23.5
      vertex 94.632 6.5 17.51
      vertex 94.632 6.5 23.5
    endloop
  endfacet
  facet normal 0.751826 0.659362 0
    outer loop
      vertex 91.4858 4.08579 23.5
      vertex 91.3133 4.28248 17.51
      vertex 91.3133 4.28248 23.5
    endloop
  endfacet
  facet normal 0.751826 0.659362 0
    outer loop
      vertex 91.3133 4.28248 17.51
      vertex 91.4858 4.08579 23.5
      vertex 91.4858 4.08579 17.51
    endloop
  endfacet
  facet normal -0.659343 0.751842 0
    outer loop
      vertex 94.3142 4.08579 17.51
      vertex 94.1175 3.91329 23.5
      vertex 94.3142 4.08579 23.5
    endloop
  endfacet
  facet normal -0.659343 0.751842 0
    outer loop
      vertex 94.1175 3.91329 23.5
      vertex 94.3142 4.08579 17.51
      vertex 94.1175 3.91329 17.51
    endloop
  endfacet
  facet normal 0.831368 -0.555723 0
    outer loop
      vertex 91.1679 6.5 23.5
      vertex 91.3133 6.71752 17.51
      vertex 91.3133 6.71752 23.5
    endloop
  endfacet
  facet normal 0.831368 -0.555723 0
    outer loop
      vertex 91.3133 6.71752 17.51
      vertex 91.1679 6.5 23.5
      vertex 91.1679 6.5 17.51
    endloop
  endfacet
  facet normal -0.5556 0.83145 0
    outer loop
      vertex 94.1175 3.91329 17.51
      vertex 93.9 3.76795 23.5
      vertex 94.1175 3.91329 23.5
    endloop
  endfacet
  facet normal -0.5556 0.83145 0
    outer loop
      vertex 93.9 3.76795 23.5
      vertex 94.1175 3.91329 17.51
      vertex 93.9 3.76795 17.51
    endloop
  endfacet
  facet normal -0.659343 -0.751842 0
    outer loop
      vertex 94.1175 7.08671 17.51
      vertex 94.3142 6.91421 23.5
      vertex 94.1175 7.08671 23.5
    endloop
  endfacet
  facet normal -0.659343 -0.751842 -0
    outer loop
      vertex 94.3142 6.91421 23.5
      vertex 94.1175 7.08671 17.51
      vertex 94.3142 6.91421 17.51
    endloop
  endfacet
  facet normal -0.751826 0.659362 0
    outer loop
      vertex 94.3142 4.08579 17.51
      vertex 94.4867 4.28248 23.5
      vertex 94.4867 4.28248 17.51
    endloop
  endfacet
  facet normal -0.751826 0.659362 0
    outer loop
      vertex 94.4867 4.28248 23.5
      vertex 94.3142 4.08579 17.51
      vertex 94.3142 4.08579 23.5
    endloop
  endfacet
  facet normal -0.896731 -0.442575 0
    outer loop
      vertex 94.7478 6.26537 17.51
      vertex 94.632 6.5 23.5
      vertex 94.632 6.5 17.51
    endloop
  endfacet
  facet normal -0.896731 -0.442575 0
    outer loop
      vertex 94.632 6.5 23.5
      vertex 94.7478 6.26537 17.51
      vertex 94.7478 6.26537 23.5
    endloop
  endfacet
  facet normal -0.997861 -0.0653646 0
    outer loop
      vertex 94.9 5.5 17.51
      vertex 94.8829 5.76105 23.5
      vertex 94.8829 5.76105 17.51
    endloop
  endfacet
  facet normal -0.997861 -0.0653646 0
    outer loop
      vertex 94.8829 5.76105 23.5
      vertex 94.9 5.5 17.51
      vertex 94.9 5.5 23.5
    endloop
  endfacet
  facet normal 0.442344 0.896845 -0
    outer loop
      vertex 92.1346 3.65224 17.51
      vertex 91.9 3.76795 23.5
      vertex 92.1346 3.65224 23.5
    endloop
  endfacet
  facet normal 0.442344 0.896845 0
    outer loop
      vertex 91.9 3.76795 23.5
      vertex 92.1346 3.65224 17.51
      vertex 91.9 3.76795 17.51
    endloop
  endfacet
  facet normal 0 0 1
    outer loop
      vertex 94.8829 5.76105 17.51
      vertex 94.8829 5.23895 17.51
      vertex 94.9 5.5 17.51
    endloop
  endfacet
  facet normal 0 0 1
    outer loop
      vertex 94.8318 6.01764 17.51
      vertex 94.8829 5.23895 17.51
      vertex 94.8829 5.76105 17.51
    endloop
  endfacet
  facet normal 0 0 1
    outer loop
      vertex 94.8318 6.01764 17.51
      vertex 94.8318 4.98236 17.51
      vertex 94.8829 5.23895 17.51
    endloop
  endfacet
  facet normal 0 0 1
    outer loop
      vertex 94.7478 6.26537 17.51
      vertex 94.8318 4.98236 17.51
      vertex 94.8318 6.01764 17.51
    endloop
  endfacet
  facet normal 0 0 1
    outer loop
      vertex 94.7478 6.26537 17.51
      vertex 94.7478 4.73463 17.51
      vertex 94.8318 4.98236 17.51
    endloop
  endfacet
  facet normal 0 0 1
    outer loop
      vertex 94.632 6.5 17.51
      vertex 94.7478 4.73463 17.51
      vertex 94.7478 6.26537 17.51
    endloop
  endfacet
  facet normal 0 0 1
    outer loop
      vertex 94.632 6.5 17.51
      vertex 94.632 4.5 17.51
      vertex 94.7478 4.73463 17.51
    endloop
  endfacet
  facet normal 0 0 1
    outer loop
      vertex 94.4867 6.71752 17.51
      vertex 94.632 4.5 17.51
      vertex 94.632 6.5 17.51
    endloop
  endfacet
  facet normal 0 0 1
    outer loop
      vertex 94.4867 6.71752 17.51
      vertex 94.4867 4.28248 17.51
      vertex 94.632 4.5 17.51
    endloop
  endfacet
  facet normal 0 0 1
    outer loop
      vertex 94.3142 6.91421 17.51
      vertex 94.4867 4.28248 17.51
      vertex 94.4867 6.71752 17.51
    endloop
  endfacet
  facet normal 0 0 1
    outer loop
      vertex 94.3142 6.91421 17.51
      vertex 94.3142 4.08579 17.51
      vertex 94.4867 4.28248 17.51
    endloop
  endfacet
  facet normal 0 0 1
    outer loop
      vertex 94.1175 7.08671 17.51
      vertex 94.3142 4.08579 17.51
      vertex 94.3142 6.91421 17.51
    endloop
  endfacet
  facet normal 0 0 1
    outer loop
      vertex 94.1175 7.08671 17.51
      vertex 94.1175 3.91329 17.51
      vertex 94.3142 4.08579 17.51
    endloop
  endfacet
  facet normal 0 0 1
    outer loop
      vertex 93.9 7.23205 17.51
      vertex 94.1175 3.91329 17.51
      vertex 94.1175 7.08671 17.51
    endloop
  endfacet
  facet normal 0 0 1
    outer loop
      vertex 93.9 7.23205 17.51
      vertex 93.9 3.76795 17.51
      vertex 94.1175 3.91329 17.51
    endloop
  endfacet
  facet normal 0 0 1
    outer loop
      vertex 93.6654 7.34776 17.51
      vertex 93.9 3.76795 17.51
      vertex 93.9 7.23205 17.51
    endloop
  endfacet
  facet normal 0 0 1
    outer loop
      vertex 93.6654 7.34776 17.51
      vertex 93.6654 3.65224 17.51
      vertex 93.9 3.76795 17.51
    endloop
  endfacet
  facet normal 0 0 1
    outer loop
      vertex 93.4176 7.43185 17.51
      vertex 93.6654 3.65224 17.51
      vertex 93.6654 7.34776 17.51
    endloop
  endfacet
  facet normal 0 0 1
    outer loop
      vertex 93.4176 7.43185 17.51
      vertex 93.4176 3.56815 17.51
      vertex 93.6654 3.65224 17.51
    endloop
  endfacet
  facet normal 0 0 1
    outer loop
      vertex 93.161 7.48289 17.51
      vertex 93.4176 3.56815 17.51
      vertex 93.4176 7.43185 17.51
    endloop
  endfacet
  facet normal 0 0 1
    outer loop
      vertex 93.161 7.48289 17.51
      vertex 93.161 3.51711 17.51
      vertex 93.4176 3.56815 17.51
    endloop
  endfacet
  facet normal 0 0 1
    outer loop
      vertex 92.9 7.5 17.51
      vertex 93.161 3.51711 17.51
      vertex 93.161 7.48289 17.51
    endloop
  endfacet
  facet normal 0 0 1
    outer loop
      vertex 92.9 7.5 17.51
      vertex 92.9 3.5 17.51
      vertex 93.161 3.51711 17.51
    endloop
  endfacet
  facet normal -0 0 1
    outer loop
      vertex 92.6389 7.48289 17.51
      vertex 92.9 3.5 17.51
      vertex 92.9 7.5 17.51
    endloop
  endfacet
  facet normal 0 0 1
    outer loop
      vertex 92.6389 7.48289 17.51
      vertex 92.6389 3.51711 17.51
      vertex 92.9 3.5 17.51
    endloop
  endfacet
  facet normal -0 0 1
    outer loop
      vertex 92.3824 7.43185 17.51
      vertex 92.6389 3.51711 17.51
      vertex 92.6389 7.48289 17.51
    endloop
  endfacet
  facet normal 0 0 1
    outer loop
      vertex 92.3824 7.43185 17.51
      vertex 92.3824 3.56815 17.51
      vertex 92.6389 3.51711 17.51
    endloop
  endfacet
  facet normal -0 0 1
    outer loop
      vertex 92.1346 7.34776 17.51
      vertex 92.3824 3.56815 17.51
      vertex 92.3824 7.43185 17.51
    endloop
  endfacet
  facet normal 0 0 1
    outer loop
      vertex 92.1346 7.34776 17.51
      vertex 92.1346 3.65224 17.51
      vertex 92.3824 3.56815 17.51
    endloop
  endfacet
  facet normal -0 0 1
    outer loop
      vertex 91.9 7.23205 17.51
      vertex 92.1346 3.65224 17.51
      vertex 92.1346 7.34776 17.51
    endloop
  endfacet
  facet normal 0 0 1
    outer loop
      vertex 91.9 7.23205 17.51
      vertex 91.9 3.76795 17.51
      vertex 92.1346 3.65224 17.51
    endloop
  endfacet
  facet normal -0 0 1
    outer loop
      vertex 91.6825 7.08671 17.51
      vertex 91.9 3.76795 17.51
      vertex 91.9 7.23205 17.51
    endloop
  endfacet
  facet normal 0 0 1
    outer loop
      vertex 91.6825 7.08671 17.51
      vertex 91.6825 3.91329 17.51
      vertex 91.9 3.76795 17.51
    endloop
  endfacet
  facet normal -0 0 1
    outer loop
      vertex 91.4858 6.91421 17.51
      vertex 91.6825 3.91329 17.51
      vertex 91.6825 7.08671 17.51
    endloop
  endfacet
  facet normal 0 0 1
    outer loop
      vertex 91.4858 6.91421 17.51
      vertex 91.4858 4.08579 17.51
      vertex 91.6825 3.91329 17.51
    endloop
  endfacet
  facet normal -0 0 1
    outer loop
      vertex 91.3133 6.71752 17.51
      vertex 91.4858 4.08579 17.51
      vertex 91.4858 6.91421 17.51
    endloop
  endfacet
  facet normal 0 0 1
    outer loop
      vertex 91.3133 6.71752 17.51
      vertex 91.3133 4.28248 17.51
      vertex 91.4858 4.08579 17.51
    endloop
  endfacet
  facet normal -0 0 1
    outer loop
      vertex 91.1679 6.5 17.51
      vertex 91.3133 4.28248 17.51
      vertex 91.3133 6.71752 17.51
    endloop
  endfacet
  facet normal 0 0 1
    outer loop
      vertex 91.1679 6.5 17.51
      vertex 91.1679 4.5 17.51
      vertex 91.3133 4.28248 17.51
    endloop
  endfacet
  facet normal -0 0 1
    outer loop
      vertex 91.0522 6.26537 17.51
      vertex 91.1679 4.5 17.51
      vertex 91.1679 6.5 17.51
    endloop
  endfacet
  facet normal 0 0 1
    outer loop
      vertex 91.0522 6.26537 17.51
      vertex 91.0522 4.73463 17.51
      vertex 91.1679 4.5 17.51
    endloop
  endfacet
  facet normal -0 0 1
    outer loop
      vertex 90.9681 6.01764 17.51
      vertex 91.0522 4.73463 17.51
      vertex 91.0522 6.26537 17.51
    endloop
  endfacet
  facet normal 0 0 1
    outer loop
      vertex 90.9681 6.01764 17.51
      vertex 90.9681 4.98236 17.51
      vertex 91.0522 4.73463 17.51
    endloop
  endfacet
  facet normal -0 0 1
    outer loop
      vertex 90.9171 5.76105 17.51
      vertex 90.9681 4.98236 17.51
      vertex 90.9681 6.01764 17.51
    endloop
  endfacet
  facet normal 0 0 1
    outer loop
      vertex 90.9171 5.76105 17.51
      vertex 90.9171 5.23895 17.51
      vertex 90.9681 4.98236 17.51
    endloop
  endfacet
  facet normal 0 -0 1
    outer loop
      vertex 90.9171 5.23895 17.51
      vertex 90.9171 5.76105 17.51
      vertex 90.9 5.5 17.51
    endloop
  endfacet
  facet normal 0.831368 0.555723 0
    outer loop
      vertex 91.3133 4.28248 23.5
      vertex 91.1679 4.5 17.51
      vertex 91.1679 4.5 23.5
    endloop
  endfacet
  facet normal 0.831368 0.555723 0
    outer loop
      vertex 91.1679 4.5 17.51
      vertex 91.3133 4.28248 23.5
      vertex 91.3133 4.28248 17.51
    endloop
  endfacet
  facet normal -0.980741 -0.195315 0
    outer loop
      vertex 94.8829 5.76105 17.51
      vertex 94.8318 6.01764 23.5
      vertex 94.8318 6.01764 17.51
    endloop
  endfacet
  facet normal -0.980741 -0.195315 0
    outer loop
      vertex 94.8318 6.01764 23.5
      vertex 94.8829 5.76105 17.51
      vertex 94.8829 5.76105 23.5
    endloop
  endfacet
  facet normal -0.751826 -0.659362 0
    outer loop
      vertex 94.4867 6.71752 17.51
      vertex 94.3142 6.91421 23.5
      vertex 94.3142 6.91421 17.51
    endloop
  endfacet
  facet normal -0.751826 -0.659362 0
    outer loop
      vertex 94.3142 6.91421 23.5
      vertex 94.4867 6.71752 17.51
      vertex 94.4867 6.71752 23.5
    endloop
  endfacet
  facet normal -0.5556 -0.83145 0
    outer loop
      vertex 93.9 7.23205 17.51
      vertex 94.1175 7.08671 23.5
      vertex 93.9 7.23205 23.5
    endloop
  endfacet
  facet normal -0.5556 -0.83145 -0
    outer loop
      vertex 94.1175 7.08671 23.5
      vertex 93.9 7.23205 17.51
      vertex 94.1175 7.08671 17.51
    endloop
  endfacet
  facet normal 0.896883 -0.442268 0
    outer loop
      vertex 91.0522 6.26537 23.5
      vertex 91.1679 6.5 17.51
      vertex 91.1679 6.5 23.5
    endloop
  endfacet
  facet normal 0.896883 -0.442268 0
    outer loop
      vertex 91.1679 6.5 17.51
      vertex 91.0522 6.26537 23.5
      vertex 91.0522 6.26537 17.51
    endloop
  endfacet
  facet normal 0.997861 -0.0653646 0
    outer loop
      vertex 90.9 5.5 23.5
      vertex 90.9171 5.76105 17.51
      vertex 90.9171 5.76105 23.5
    endloop
  endfacet
  facet normal 0.997861 -0.0653646 0
    outer loop
      vertex 90.9171 5.76105 17.51
      vertex 90.9 5.5 23.5
      vertex 90.9 5.5 17.51
    endloop
  endfacet
  facet normal 0.946922 0.321463 0
    outer loop
      vertex 91.0522 4.73463 23.5
      vertex 90.9681 4.98236 17.51
      vertex 90.9681 4.98236 23.5
    endloop
  endfacet
  facet normal 0.946922 0.321463 0
    outer loop
      vertex 90.9681 4.98236 17.51
      vertex 91.0522 4.73463 23.5
      vertex 91.0522 4.73463 17.51
    endloop
  endfacet
  facet normal 0.5556 0.83145 -0
    outer loop
      vertex 91.9 3.76795 17.51
      vertex 91.6825 3.91329 23.5
      vertex 91.9 3.76795 23.5
    endloop
  endfacet
  facet normal 0.5556 0.83145 0
    outer loop
      vertex 91.6825 3.91329 23.5
      vertex 91.9 3.76795 17.51
      vertex 91.6825 3.91329 17.51
    endloop
  endfacet
  facet normal 0.321348 -0.946961 0
    outer loop
      vertex 92.1346 7.34776 17.51
      vertex 92.3824 7.43185 23.5
      vertex 92.1346 7.34776 23.5
    endloop
  endfacet
  facet normal 0.321348 -0.946961 0
    outer loop
      vertex 92.3824 7.43185 23.5
      vertex 92.1346 7.34776 17.51
      vertex 92.3824 7.43185 17.51
    endloop
  endfacet
  facet normal 0.5556 -0.83145 0
    outer loop
      vertex 91.6825 7.08671 17.51
      vertex 91.9 7.23205 23.5
      vertex 91.6825 7.08671 23.5
    endloop
  endfacet
  facet normal 0.5556 -0.83145 0
    outer loop
      vertex 91.9 7.23205 23.5
      vertex 91.6825 7.08671 17.51
      vertex 91.9 7.23205 17.51
    endloop
  endfacet
  facet normal 0.659343 -0.751842 0
    outer loop
      vertex 91.4858 6.91421 17.51
      vertex 91.6825 7.08671 23.5
      vertex 91.4858 6.91421 23.5
    endloop
  endfacet
  facet normal 0.659343 -0.751842 0
    outer loop
      vertex 91.6825 7.08671 23.5
      vertex 91.4858 6.91421 17.51
      vertex 91.6825 7.08671 17.51
    endloop
  endfacet
  facet normal -0.321348 -0.946961 0
    outer loop
      vertex 93.4176 7.43185 17.51
      vertex 93.6654 7.34776 23.5
      vertex 93.4176 7.43185 23.5
    endloop
  endfacet
  facet normal -0.321348 -0.946961 -0
    outer loop
      vertex 93.6654 7.34776 23.5
      vertex 93.4176 7.43185 17.51
      vertex 93.6654 7.34776 17.51
    endloop
  endfacet
  facet normal -0.321348 0.946961 0
    outer loop
      vertex 93.6654 3.65224 17.51
      vertex 93.4176 3.56815 23.5
      vertex 93.6654 3.65224 23.5
    endloop
  endfacet
  facet normal -0.321348 0.946961 0
    outer loop
      vertex 93.4176 3.56815 23.5
      vertex 93.6654 3.65224 17.51
      vertex 93.4176 3.56815 17.51
    endloop
  endfacet
  facet normal 0.980814 -0.194947 0
    outer loop
      vertex 90.9171 5.76105 23.5
      vertex 90.9681 6.01764 17.51
      vertex 90.9681 6.01764 23.5
    endloop
  endfacet
  facet normal 0.980814 -0.194947 0
    outer loop
      vertex 90.9681 6.01764 17.51
      vertex 90.9171 5.76105 23.5
      vertex 90.9171 5.76105 17.51
    endloop
  endfacet
  facet normal 0.442344 -0.896845 0
    outer loop
      vertex 91.9 7.23205 17.51
      vertex 92.1346 7.34776 23.5
      vertex 91.9 7.23205 23.5
    endloop
  endfacet
  facet normal 0.442344 -0.896845 0
    outer loop
      vertex 92.1346 7.34776 23.5
      vertex 91.9 7.23205 17.51
      vertex 92.1346 7.34776 17.51
    endloop
  endfacet
  facet normal 0.0653902 0.99786 -0
    outer loop
      vertex 92.9 3.5 17.51
      vertex 92.6389 3.51711 23.5
      vertex 92.9 3.5 23.5
    endloop
  endfacet
  facet normal 0.0653902 0.99786 0
    outer loop
      vertex 92.6389 3.51711 23.5
      vertex 92.9 3.5 17.51
      vertex 92.6389 3.51711 17.51
    endloop
  endfacet
  facet normal 0.980814 0.194947 0
    outer loop
      vertex 90.9681 4.98236 23.5
      vertex 90.9171 5.23895 17.51
      vertex 90.9171 5.23895 23.5
    endloop
  endfacet
  facet normal 0.980814 0.194947 0
    outer loop
      vertex 90.9171 5.23895 17.51
      vertex 90.9681 4.98236 23.5
      vertex 90.9681 4.98236 17.51
    endloop
  endfacet
  facet normal 0.896883 0.442268 0
    outer loop
      vertex 91.1679 4.5 23.5
      vertex 91.0522 4.73463 17.51
      vertex 91.0522 4.73463 23.5
    endloop
  endfacet
  facet normal 0.896883 0.442268 0
    outer loop
      vertex 91.0522 4.73463 17.51
      vertex 91.1679 4.5 23.5
      vertex 91.1679 4.5 17.51
    endloop
  endfacet
  facet normal 0.997861 0.0653646 0
    outer loop
      vertex 90.9171 5.23895 23.5
      vertex 90.9 5.5 17.51
      vertex 90.9 5.5 23.5
    endloop
  endfacet
  facet normal 0.997861 0.0653646 0
    outer loop
      vertex 90.9 5.5 17.51
      vertex 90.9171 5.23895 23.5
      vertex 90.9171 5.23895 17.51
    endloop
  endfacet
  facet normal -0.947038 -0.321121 0
    outer loop
      vertex 94.8318 6.01764 17.51
      vertex 94.7478 6.26537 23.5
      vertex 94.7478 6.26537 17.51
    endloop
  endfacet
  facet normal -0.947038 -0.321121 0
    outer loop
      vertex 94.7478 6.26537 23.5
      vertex 94.8318 6.01764 17.51
      vertex 94.8318 6.01764 23.5
    endloop
  endfacet
  facet normal -0.0654151 -0.997858 0
    outer loop
      vertex 92.9 7.5 17.51
      vertex 93.161 7.48289 23.5
      vertex 92.9 7.5 23.5
    endloop
  endfacet
  facet normal -0.0654151 -0.997858 -0
    outer loop
      vertex 93.161 7.48289 23.5
      vertex 92.9 7.5 17.51
      vertex 93.161 7.48289 17.51
    endloop
  endfacet
  facet normal 0.19516 -0.980771 0
    outer loop
      vertex 92.3824 7.43185 17.51
      vertex 92.6389 7.48289 23.5
      vertex 92.3824 7.43185 23.5
    endloop
  endfacet
  facet normal 0.19516 -0.980771 0
    outer loop
      vertex 92.6389 7.48289 23.5
      vertex 92.3824 7.43185 17.51
      vertex 92.6389 7.48289 17.51
    endloop
  endfacet
  facet normal 0.659343 0.751842 -0
    outer loop
      vertex 91.6825 3.91329 17.51
      vertex 91.4858 4.08579 23.5
      vertex 91.6825 3.91329 23.5
    endloop
  endfacet
  facet normal 0.659343 0.751842 0
    outer loop
      vertex 91.4858 4.08579 23.5
      vertex 91.6825 3.91329 17.51
      vertex 91.4858 4.08579 17.51
    endloop
  endfacet
  facet normal -0.0654151 0.997858 0
    outer loop
      vertex 93.161 3.51711 17.51
      vertex 92.9 3.5 23.5
      vertex 93.161 3.51711 23.5
    endloop
  endfacet
  facet normal -0.0654151 0.997858 0
    outer loop
      vertex 92.9 3.5 23.5
      vertex 93.161 3.51711 17.51
      vertex 92.9 3.5 17.51
    endloop
  endfacet
  facet normal -0.195087 0.980786 0
    outer loop
      vertex 93.4176 3.56815 17.51
      vertex 93.161 3.51711 23.5
      vertex 93.4176 3.56815 23.5
    endloop
  endfacet
  facet normal -0.195087 0.980786 0
    outer loop
      vertex 93.161 3.51711 23.5
      vertex 93.4176 3.56815 17.51
      vertex 93.161 3.51711 17.51
    endloop
  endfacet
  facet normal 0.0653902 -0.99786 0
    outer loop
      vertex 92.6389 7.48289 17.51
      vertex 92.9 7.5 23.5
      vertex 92.6389 7.48289 23.5
    endloop
  endfacet
  facet normal 0.0653902 -0.99786 0
    outer loop
      vertex 92.9 7.5 23.5
      vertex 92.6389 7.48289 17.51
      vertex 92.9 7.5 17.51
    endloop
  endfacet
  facet normal -0.980801 -0.195013 0
    outer loop
      vertex 16.9829 76.1611 7.01
      vertex 16.9319 76.4176 13
      vertex 16.9319 76.4176 7.01
    endloop
  endfacet
  facet normal -0.980801 -0.195013 0
    outer loop
      vertex 16.9319 76.4176 13
      vertex 16.9829 76.1611 7.01
      vertex 16.9829 76.1611 13
    endloop
  endfacet
  facet normal -0.195013 -0.980801 0
    outer loop
      vertex 15.2611 77.8829 7.01
      vertex 15.5176 77.8319 13
      vertex 15.2611 77.8829 13
    endloop
  endfacet
  facet normal -0.195013 -0.980801 -0
    outer loop
      vertex 15.5176 77.8319 13
      vertex 15.2611 77.8829 7.01
      vertex 15.5176 77.8319 7.01
    endloop
  endfacet
  facet normal -0.980801 0.195013 0
    outer loop
      vertex 16.9319 75.3824 7.01
      vertex 16.9829 75.6389 13
      vertex 16.9829 75.6389 7.01
    endloop
  endfacet
  facet normal -0.980801 0.195013 0
    outer loop
      vertex 16.9829 75.6389 13
      vertex 16.9319 75.3824 7.01
      vertex 16.9319 75.3824 13
    endloop
  endfacet
  facet normal -0.997862 0.0653521 0
    outer loop
      vertex 16.9829 75.6389 7.01
      vertex 17 75.9 13
      vertex 17 75.9 7.01
    endloop
  endfacet
  facet normal -0.997862 0.0653521 0
    outer loop
      vertex 17 75.9 13
      vertex 16.9829 75.6389 7.01
      vertex 16.9829 75.6389 13
    endloop
  endfacet
  facet normal 0.555494 -0.831521 0
    outer loop
      vertex 13.7825 77.4867 7.01
      vertex 14 77.632 13
      vertex 13.7825 77.4867 13
    endloop
  endfacet
  facet normal 0.555494 -0.831521 0
    outer loop
      vertex 14 77.632 13
      vertex 13.7825 77.4867 7.01
      vertex 14 77.632 7.01
    endloop
  endfacet
  facet normal 0.89686 0.442314 0
    outer loop
      vertex 13.2679 74.9 13
      vertex 13.1522 75.1346 7.01
      vertex 13.1522 75.1346 13
    endloop
  endfacet
  facet normal 0.89686 0.442314 0
    outer loop
      vertex 13.1522 75.1346 7.01
      vertex 13.2679 74.9 13
      vertex 13.2679 74.9 7.01
    endloop
  endfacet
  facet normal 0.751842 -0.659343 0
    outer loop
      vertex 13.4133 77.1175 13
      vertex 13.5858 77.3142 7.01
      vertex 13.5858 77.3142 13
    endloop
  endfacet
  facet normal 0.751842 -0.659343 0
    outer loop
      vertex 13.5858 77.3142 7.01
      vertex 13.4133 77.1175 13
      vertex 13.4133 77.1175 7.01
    endloop
  endfacet
  facet normal 0.321382 -0.94695 0
    outer loop
      vertex 14.2346 77.7478 7.01
      vertex 14.4824 77.8319 13
      vertex 14.2346 77.7478 13
    endloop
  endfacet
  facet normal 0.321382 -0.94695 0
    outer loop
      vertex 14.4824 77.8319 13
      vertex 14.2346 77.7478 7.01
      vertex 14.4824 77.8319 7.01
    endloop
  endfacet
  facet normal 0.659343 -0.751842 0
    outer loop
      vertex 13.5858 77.3142 7.01
      vertex 13.7825 77.4867 13
      vertex 13.5858 77.3142 13
    endloop
  endfacet
  facet normal 0.659343 -0.751842 0
    outer loop
      vertex 13.7825 77.4867 13
      vertex 13.5858 77.3142 7.01
      vertex 13.7825 77.4867 7.01
    endloop
  endfacet
  facet normal 0.751842 0.659343 0
    outer loop
      vertex 13.5858 74.4858 13
      vertex 13.4133 74.6825 7.01
      vertex 13.4133 74.6825 13
    endloop
  endfacet
  facet normal 0.751842 0.659343 0
    outer loop
      vertex 13.4133 74.6825 7.01
      vertex 13.5858 74.4858 13
      vertex 13.5858 74.4858 7.01
    endloop
  endfacet
  facet normal 0.555494 0.831521 -0
    outer loop
      vertex 14 74.168 7.01
      vertex 13.7825 74.3133 13
      vertex 14 74.168 13
    endloop
  endfacet
  facet normal 0.555494 0.831521 0
    outer loop
      vertex 13.7825 74.3133 13
      vertex 14 74.168 7.01
      vertex 13.7825 74.3133 7.01
    endloop
  endfacet
  facet normal -0.751842 -0.659343 0
    outer loop
      vertex 16.5867 77.1175 7.01
      vertex 16.4142 77.3142 13
      vertex 16.4142 77.3142 7.01
    endloop
  endfacet
  facet normal -0.751842 -0.659343 0
    outer loop
      vertex 16.4142 77.3142 13
      vertex 16.5867 77.1175 7.01
      vertex 16.5867 77.1175 13
    endloop
  endfacet
  facet normal 0.89686 -0.442314 0
    outer loop
      vertex 13.1522 76.6654 13
      vertex 13.2679 76.9 7.01
      vertex 13.2679 76.9 13
    endloop
  endfacet
  facet normal 0.89686 -0.442314 0
    outer loop
      vertex 13.2679 76.9 7.01
      vertex 13.1522 76.6654 13
      vertex 13.1522 76.6654 7.01
    endloop
  endfacet
  facet normal 0.659343 0.751842 -0
    outer loop
      vertex 13.7825 74.3133 7.01
      vertex 13.5858 74.4858 13
      vertex 13.7825 74.3133 13
    endloop
  endfacet
  facet normal 0.659343 0.751842 0
    outer loop
      vertex 13.5858 74.4858 13
      vertex 13.7825 74.3133 7.01
      vertex 13.5858 74.4858 7.01
    endloop
  endfacet
  facet normal -0.442621 0.896709 0
    outer loop
      vertex 16 74.168 7.01
      vertex 15.7654 74.0522 13
      vertex 16 74.168 13
    endloop
  endfacet
  facet normal -0.442621 0.896709 0
    outer loop
      vertex 15.7654 74.0522 13
      vertex 16 74.168 7.01
      vertex 15.7654 74.0522 7.01
    endloop
  endfacet
  facet normal -0.94695 -0.321382 0
    outer loop
      vertex 16.9319 76.4176 7.01
      vertex 16.8478 76.6654 13
      vertex 16.8478 76.6654 7.01
    endloop
  endfacet
  facet normal -0.94695 -0.321382 0
    outer loop
      vertex 16.8478 76.6654 13
      vertex 16.9319 76.4176 7.01
      vertex 16.9319 76.4176 13
    endloop
  endfacet
  facet normal -0.659343 0.751842 0
    outer loop
      vertex 16.4142 74.4858 7.01
      vertex 16.2175 74.3133 13
      vertex 16.4142 74.4858 13
    endloop
  endfacet
  facet normal -0.659343 0.751842 0
    outer loop
      vertex 16.2175 74.3133 13
      vertex 16.4142 74.4858 7.01
      vertex 16.2175 74.3133 7.01
    endloop
  endfacet
  facet normal -0.659343 -0.751842 0
    outer loop
      vertex 16.2175 77.4867 7.01
      vertex 16.4142 77.3142 13
      vertex 16.2175 77.4867 13
    endloop
  endfacet
  facet normal -0.659343 -0.751842 -0
    outer loop
      vertex 16.4142 77.3142 13
      vertex 16.2175 77.4867 7.01
      vertex 16.4142 77.3142 7.01
    endloop
  endfacet
  facet normal -0.0653521 -0.997862 0
    outer loop
      vertex 15 77.9 7.01
      vertex 15.2611 77.8829 13
      vertex 15 77.9 13
    endloop
  endfacet
  facet normal -0.0653521 -0.997862 -0
    outer loop
      vertex 15.2611 77.8829 13
      vertex 15 77.9 7.01
      vertex 15.2611 77.8829 7.01
    endloop
  endfacet
  facet normal 0.94695 0.321382 0
    outer loop
      vertex 13.1522 75.1346 13
      vertex 13.0681 75.3824 7.01
      vertex 13.0681 75.3824 13
    endloop
  endfacet
  facet normal 0.94695 0.321382 0
    outer loop
      vertex 13.0681 75.3824 7.01
      vertex 13.1522 75.1346 13
      vertex 13.1522 75.1346 7.01
    endloop
  endfacet
  facet normal 0.0653521 0.997862 -0
    outer loop
      vertex 15 73.9 7.01
      vertex 14.7389 73.9171 13
      vertex 15 73.9 13
    endloop
  endfacet
  facet normal 0.0653521 0.997862 0
    outer loop
      vertex 14.7389 73.9171 13
      vertex 15 73.9 7.01
      vertex 14.7389 73.9171 7.01
    endloop
  endfacet
  facet normal 0.980801 -0.195013 0
    outer loop
      vertex 13.0171 76.1611 13
      vertex 13.0681 76.4176 7.01
      vertex 13.0681 76.4176 13
    endloop
  endfacet
  facet normal 0.980801 -0.195013 0
    outer loop
      vertex 13.0681 76.4176 7.01
      vertex 13.0171 76.1611 13
      vertex 13.0171 76.1611 7.01
    endloop
  endfacet
  facet normal 0.980801 0.195013 0
    outer loop
      vertex 13.0681 75.3824 13
      vertex 13.0171 75.6389 7.01
      vertex 13.0171 75.6389 13
    endloop
  endfacet
  facet normal 0.980801 0.195013 0
    outer loop
      vertex 13.0171 75.6389 7.01
      vertex 13.0681 75.3824 13
      vertex 13.0681 75.3824 7.01
    endloop
  endfacet
  facet normal -0.751842 0.659343 0
    outer loop
      vertex 16.4142 74.4858 7.01
      vertex 16.5867 74.6825 13
      vertex 16.5867 74.6825 7.01
    endloop
  endfacet
  facet normal -0.751842 0.659343 0
    outer loop
      vertex 16.5867 74.6825 13
      vertex 16.4142 74.4858 7.01
      vertex 16.4142 74.4858 13
    endloop
  endfacet
  facet normal -0.0653521 0.997862 0
    outer loop
      vertex 15.2611 73.9171 7.01
      vertex 15 73.9 13
      vertex 15.2611 73.9171 13
    endloop
  endfacet
  facet normal -0.0653521 0.997862 0
    outer loop
      vertex 15 73.9 13
      vertex 15.2611 73.9171 7.01
      vertex 15 73.9 7.01
    endloop
  endfacet
  facet normal 0.94695 -0.321382 0
    outer loop
      vertex 13.0681 76.4176 13
      vertex 13.1522 76.6654 7.01
      vertex 13.1522 76.6654 13
    endloop
  endfacet
  facet normal 0.94695 -0.321382 0
    outer loop
      vertex 13.1522 76.6654 7.01
      vertex 13.0681 76.4176 13
      vertex 13.0681 76.4176 7.01
    endloop
  endfacet
  facet normal -0.831521 0.555494 0
    outer loop
      vertex 16.5867 74.6825 7.01
      vertex 16.732 74.9 13
      vertex 16.732 74.9 7.01
    endloop
  endfacet
  facet normal -0.831521 0.555494 0
    outer loop
      vertex 16.732 74.9 13
      vertex 16.5867 74.6825 7.01
      vertex 16.5867 74.6825 13
    endloop
  endfacet
  facet normal 0.321382 0.94695 -0
    outer loop
      vertex 14.4824 73.9681 7.01
      vertex 14.2346 74.0522 13
      vertex 14.4824 73.9681 13
    endloop
  endfacet
  facet normal 0.321382 0.94695 0
    outer loop
      vertex 14.2346 74.0522 13
      vertex 14.4824 73.9681 7.01
      vertex 14.2346 74.0522 7.01
    endloop
  endfacet
  facet normal -0.997862 -0.0653521 0
    outer loop
      vertex 17 75.9 7.01
      vertex 16.9829 76.1611 13
      vertex 16.9829 76.1611 7.01
    endloop
  endfacet
  facet normal -0.997862 -0.0653521 0
    outer loop
      vertex 16.9829 76.1611 13
      vertex 17 75.9 7.01
      vertex 17 75.9 13
    endloop
  endfacet
  facet normal 0.997862 0.0653521 0
    outer loop
      vertex 13.0171 75.6389 13
      vertex 13 75.9 7.01
      vertex 13 75.9 13
    endloop
  endfacet
  facet normal 0.997862 0.0653521 0
    outer loop
      vertex 13 75.9 7.01
      vertex 13.0171 75.6389 13
      vertex 13.0171 75.6389 7.01
    endloop
  endfacet
  facet normal -0.555494 0.831521 0
    outer loop
      vertex 16.2175 74.3133 7.01
      vertex 16 74.168 13
      vertex 16.2175 74.3133 13
    endloop
  endfacet
  facet normal -0.555494 0.831521 0
    outer loop
      vertex 16 74.168 13
      vertex 16.2175 74.3133 7.01
      vertex 16 74.168 7.01
    endloop
  endfacet
  facet normal -0.442621 -0.896709 0
    outer loop
      vertex 15.7654 77.7478 7.01
      vertex 16 77.632 13
      vertex 15.7654 77.7478 13
    endloop
  endfacet
  facet normal -0.442621 -0.896709 -0
    outer loop
      vertex 16 77.632 13
      vertex 15.7654 77.7478 7.01
      vertex 16 77.632 7.01
    endloop
  endfacet
  facet normal -0.896709 -0.442621 0
    outer loop
      vertex 16.8478 76.6654 7.01
      vertex 16.732 76.9 13
      vertex 16.732 76.9 7.01
    endloop
  endfacet
  facet normal -0.896709 -0.442621 0
    outer loop
      vertex 16.732 76.9 13
      vertex 16.8478 76.6654 7.01
      vertex 16.8478 76.6654 13
    endloop
  endfacet
  facet normal -0.831521 -0.555494 0
    outer loop
      vertex 16.732 76.9 7.01
      vertex 16.5867 77.1175 13
      vertex 16.5867 77.1175 7.01
    endloop
  endfacet
  facet normal -0.831521 -0.555494 0
    outer loop
      vertex 16.5867 77.1175 13
      vertex 16.732 76.9 7.01
      vertex 16.732 76.9 13
    endloop
  endfacet
  facet normal 0.195013 0.980801 -0
    outer loop
      vertex 14.7389 73.9171 7.01
      vertex 14.4824 73.9681 13
      vertex 14.7389 73.9171 13
    endloop
  endfacet
  facet normal 0.195013 0.980801 0
    outer loop
      vertex 14.4824 73.9681 13
      vertex 14.7389 73.9171 7.01
      vertex 14.4824 73.9681 7.01
    endloop
  endfacet
  facet normal 0.442621 0.896709 -0
    outer loop
      vertex 14.2346 74.0522 7.01
      vertex 14 74.168 13
      vertex 14.2346 74.0522 13
    endloop
  endfacet
  facet normal 0.442621 0.896709 0
    outer loop
      vertex 14 74.168 13
      vertex 14.2346 74.0522 7.01
      vertex 14 74.168 7.01
    endloop
  endfacet
  facet normal 0.831344 -0.555758 0
    outer loop
      vertex 13.2679 76.9 13
      vertex 13.4133 77.1175 7.01
      vertex 13.4133 77.1175 13
    endloop
  endfacet
  facet normal 0.831344 -0.555758 0
    outer loop
      vertex 13.4133 77.1175 7.01
      vertex 13.2679 76.9 13
      vertex 13.2679 76.9 7.01
    endloop
  endfacet
  facet normal -0.195013 0.980801 0
    outer loop
      vertex 15.5176 73.9681 7.01
      vertex 15.2611 73.9171 13
      vertex 15.5176 73.9681 13
    endloop
  endfacet
  facet normal -0.195013 0.980801 0
    outer loop
      vertex 15.2611 73.9171 13
      vertex 15.5176 73.9681 7.01
      vertex 15.2611 73.9171 7.01
    endloop
  endfacet
  facet normal -0.555494 -0.831521 0
    outer loop
      vertex 16 77.632 7.01
      vertex 16.2175 77.4867 13
      vertex 16 77.632 13
    endloop
  endfacet
  facet normal -0.555494 -0.831521 -0
    outer loop
      vertex 16.2175 77.4867 13
      vertex 16 77.632 7.01
      vertex 16.2175 77.4867 7.01
    endloop
  endfacet
  facet normal -0.321382 0.94695 0
    outer loop
      vertex 15.7654 74.0522 7.01
      vertex 15.5176 73.9681 13
      vertex 15.7654 74.0522 13
    endloop
  endfacet
  facet normal -0.321382 0.94695 0
    outer loop
      vertex 15.5176 73.9681 13
      vertex 15.7654 74.0522 7.01
      vertex 15.5176 73.9681 7.01
    endloop
  endfacet
  facet normal 0.997862 -0.0653521 0
    outer loop
      vertex 13 75.9 13
      vertex 13.0171 76.1611 7.01
      vertex 13.0171 76.1611 13
    endloop
  endfacet
  facet normal 0.997862 -0.0653521 0
    outer loop
      vertex 13.0171 76.1611 7.01
      vertex 13 75.9 13
      vertex 13 75.9 7.01
    endloop
  endfacet
  facet normal -0.896709 0.442621 0
    outer loop
      vertex 16.732 74.9 7.01
      vertex 16.8478 75.1346 13
      vertex 16.8478 75.1346 7.01
    endloop
  endfacet
  facet normal -0.896709 0.442621 0
    outer loop
      vertex 16.8478 75.1346 13
      vertex 16.732 74.9 7.01
      vertex 16.732 74.9 13
    endloop
  endfacet
  facet normal 0.195013 -0.980801 0
    outer loop
      vertex 14.4824 77.8319 7.01
      vertex 14.7389 77.8829 13
      vertex 14.4824 77.8319 13
    endloop
  endfacet
  facet normal 0.195013 -0.980801 0
    outer loop
      vertex 14.7389 77.8829 13
      vertex 14.4824 77.8319 7.01
      vertex 14.7389 77.8829 7.01
    endloop
  endfacet
  facet normal -0.94695 0.321382 0
    outer loop
      vertex 16.8478 75.1346 7.01
      vertex 16.9319 75.3824 13
      vertex 16.9319 75.3824 7.01
    endloop
  endfacet
  facet normal -0.94695 0.321382 0
    outer loop
      vertex 16.9319 75.3824 13
      vertex 16.8478 75.1346 7.01
      vertex 16.8478 75.1346 13
    endloop
  endfacet
  facet normal -0.321382 -0.94695 0
    outer loop
      vertex 15.5176 77.8319 7.01
      vertex 15.7654 77.7478 13
      vertex 15.5176 77.8319 13
    endloop
  endfacet
  facet normal -0.321382 -0.94695 -0
    outer loop
      vertex 15.7654 77.7478 13
      vertex 15.5176 77.8319 7.01
      vertex 15.7654 77.7478 7.01
    endloop
  endfacet
  facet normal 0.831344 0.555758 0
    outer loop
      vertex 13.4133 74.6825 13
      vertex 13.2679 74.9 7.01
      vertex 13.2679 74.9 13
    endloop
  endfacet
  facet normal 0.831344 0.555758 0
    outer loop
      vertex 13.2679 74.9 7.01
      vertex 13.4133 74.6825 13
      vertex 13.4133 74.6825 7.01
    endloop
  endfacet
  facet normal 0.0653521 -0.997862 0
    outer loop
      vertex 14.7389 77.8829 7.01
      vertex 15 77.9 13
      vertex 14.7389 77.8829 13
    endloop
  endfacet
  facet normal 0.0653521 -0.997862 0
    outer loop
      vertex 15 77.9 13
      vertex 14.7389 77.8829 7.01
      vertex 15 77.9 7.01
    endloop
  endfacet
  facet normal 0.442621 -0.896709 0
    outer loop
      vertex 14 77.632 7.01
      vertex 14.2346 77.7478 13
      vertex 14 77.632 13
    endloop
  endfacet
  facet normal 0.442621 -0.896709 0
    outer loop
      vertex 14.2346 77.7478 13
      vertex 14 77.632 7.01
      vertex 14.2346 77.7478 7.01
    endloop
  endfacet
  facet normal 0 0 1
    outer loop
      vertex 16.9829 76.1611 7.01
      vertex 16.9829 75.6389 7.01
      vertex 17 75.9 7.01
    endloop
  endfacet
  facet normal 0 0 1
    outer loop
      vertex 16.9319 76.4176 7.01
      vertex 16.9829 75.6389 7.01
      vertex 16.9829 76.1611 7.01
    endloop
  endfacet
  facet normal 0 0 1
    outer loop
      vertex 16.9319 76.4176 7.01
      vertex 16.9319 75.3824 7.01
      vertex 16.9829 75.6389 7.01
    endloop
  endfacet
  facet normal 0 0 1
    outer loop
      vertex 16.8478 76.6654 7.01
      vertex 16.9319 75.3824 7.01
      vertex 16.9319 76.4176 7.01
    endloop
  endfacet
  facet normal 0 0 1
    outer loop
      vertex 16.8478 76.6654 7.01
      vertex 16.8478 75.1346 7.01
      vertex 16.9319 75.3824 7.01
    endloop
  endfacet
  facet normal 0 0 1
    outer loop
      vertex 16.732 76.9 7.01
      vertex 16.8478 75.1346 7.01
      vertex 16.8478 76.6654 7.01
    endloop
  endfacet
  facet normal 0 0 1
    outer loop
      vertex 16.732 76.9 7.01
      vertex 16.732 74.9 7.01
      vertex 16.8478 75.1346 7.01
    endloop
  endfacet
  facet normal 0 0 1
    outer loop
      vertex 16.5867 77.1175 7.01
      vertex 16.732 74.9 7.01
      vertex 16.732 76.9 7.01
    endloop
  endfacet
  facet normal 0 0 1
    outer loop
      vertex 16.5867 77.1175 7.01
      vertex 16.5867 74.6825 7.01
      vertex 16.732 74.9 7.01
    endloop
  endfacet
  facet normal 0 0 1
    outer loop
      vertex 16.4142 77.3142 7.01
      vertex 16.5867 74.6825 7.01
      vertex 16.5867 77.1175 7.01
    endloop
  endfacet
  facet normal 0 0 1
    outer loop
      vertex 16.4142 77.3142 7.01
      vertex 16.4142 74.4858 7.01
      vertex 16.5867 74.6825 7.01
    endloop
  endfacet
  facet normal 0 0 1
    outer loop
      vertex 16.2175 77.4867 7.01
      vertex 16.4142 74.4858 7.01
      vertex 16.4142 77.3142 7.01
    endloop
  endfacet
  facet normal 0 0 1
    outer loop
      vertex 16.2175 77.4867 7.01
      vertex 16.2175 74.3133 7.01
      vertex 16.4142 74.4858 7.01
    endloop
  endfacet
  facet normal 0 0 1
    outer loop
      vertex 16 77.632 7.01
      vertex 16.2175 74.3133 7.01
      vertex 16.2175 77.4867 7.01
    endloop
  endfacet
  facet normal 0 0 1
    outer loop
      vertex 16 77.632 7.01
      vertex 16 74.168 7.01
      vertex 16.2175 74.3133 7.01
    endloop
  endfacet
  facet normal 0 0 1
    outer loop
      vertex 15.7654 77.7478 7.01
      vertex 16 74.168 7.01
      vertex 16 77.632 7.01
    endloop
  endfacet
  facet normal 0 0 1
    outer loop
      vertex 15.7654 77.7478 7.01
      vertex 15.7654 74.0522 7.01
      vertex 16 74.168 7.01
    endloop
  endfacet
  facet normal 0 0 1
    outer loop
      vertex 15.5176 77.8319 7.01
      vertex 15.7654 74.0522 7.01
      vertex 15.7654 77.7478 7.01
    endloop
  endfacet
  facet normal 0 0 1
    outer loop
      vertex 15.5176 77.8319 7.01
      vertex 15.5176 73.9681 7.01
      vertex 15.7654 74.0522 7.01
    endloop
  endfacet
  facet normal 0 0 1
    outer loop
      vertex 15.2611 77.8829 7.01
      vertex 15.5176 73.9681 7.01
      vertex 15.5176 77.8319 7.01
    endloop
  endfacet
  facet normal 0 0 1
    outer loop
      vertex 15.2611 77.8829 7.01
      vertex 15.2611 73.9171 7.01
      vertex 15.5176 73.9681 7.01
    endloop
  endfacet
  facet normal 0 0 1
    outer loop
      vertex 15 77.9 7.01
      vertex 15.2611 73.9171 7.01
      vertex 15.2611 77.8829 7.01
    endloop
  endfacet
  facet normal 0 0 1
    outer loop
      vertex 15 77.9 7.01
      vertex 15 73.9 7.01
      vertex 15.2611 73.9171 7.01
    endloop
  endfacet
  facet normal -0 0 1
    outer loop
      vertex 14.7389 77.8829 7.01
      vertex 15 73.9 7.01
      vertex 15 77.9 7.01
    endloop
  endfacet
  facet normal 0 0 1
    outer loop
      vertex 14.7389 77.8829 7.01
      vertex 14.7389 73.9171 7.01
      vertex 15 73.9 7.01
    endloop
  endfacet
  facet normal -0 0 1
    outer loop
      vertex 14.4824 77.8319 7.01
      vertex 14.7389 73.9171 7.01
      vertex 14.7389 77.8829 7.01
    endloop
  endfacet
  facet normal 0 0 1
    outer loop
      vertex 14.4824 77.8319 7.01
      vertex 14.4824 73.9681 7.01
      vertex 14.7389 73.9171 7.01
    endloop
  endfacet
  facet normal -0 0 1
    outer loop
      vertex 14.2346 77.7478 7.01
      vertex 14.4824 73.9681 7.01
      vertex 14.4824 77.8319 7.01
    endloop
  endfacet
  facet normal 0 0 1
    outer loop
      vertex 14.2346 77.7478 7.01
      vertex 14.2346 74.0522 7.01
      vertex 14.4824 73.9681 7.01
    endloop
  endfacet
  facet normal -0 0 1
    outer loop
      vertex 14 77.632 7.01
      vertex 14.2346 74.0522 7.01
      vertex 14.2346 77.7478 7.01
    endloop
  endfacet
  facet normal 0 0 1
    outer loop
      vertex 14 77.632 7.01
      vertex 14 74.168 7.01
      vertex 14.2346 74.0522 7.01
    endloop
  endfacet
  facet normal -0 0 1
    outer loop
      vertex 13.7825 77.4867 7.01
      vertex 14 74.168 7.01
      vertex 14 77.632 7.01
    endloop
  endfacet
  facet normal 0 0 1
    outer loop
      vertex 13.7825 77.4867 7.01
      vertex 13.7825 74.3133 7.01
      vertex 14 74.168 7.01
    endloop
  endfacet
  facet normal -0 0 1
    outer loop
      vertex 13.5858 77.3142 7.01
      vertex 13.7825 74.3133 7.01
      vertex 13.7825 77.4867 7.01
    endloop
  endfacet
  facet normal 0 0 1
    outer loop
      vertex 13.5858 77.3142 7.01
      vertex 13.5858 74.4858 7.01
      vertex 13.7825 74.3133 7.01
    endloop
  endfacet
  facet normal -0 0 1
    outer loop
      vertex 13.4133 77.1175 7.01
      vertex 13.5858 74.4858 7.01
      vertex 13.5858 77.3142 7.01
    endloop
  endfacet
  facet normal 0 0 1
    outer loop
      vertex 13.4133 77.1175 7.01
      vertex 13.4133 74.6825 7.01
      vertex 13.5858 74.4858 7.01
    endloop
  endfacet
  facet normal -0 0 1
    outer loop
      vertex 13.2679 76.9 7.01
      vertex 13.4133 74.6825 7.01
      vertex 13.4133 77.1175 7.01
    endloop
  endfacet
  facet normal 0 0 1
    outer loop
      vertex 13.2679 76.9 7.01
      vertex 13.2679 74.9 7.01
      vertex 13.4133 74.6825 7.01
    endloop
  endfacet
  facet normal -0 0 1
    outer loop
      vertex 13.1522 76.6654 7.01
      vertex 13.2679 74.9 7.01
      vertex 13.2679 76.9 7.01
    endloop
  endfacet
  facet normal 0 0 1
    outer loop
      vertex 13.1522 76.6654 7.01
      vertex 13.1522 75.1346 7.01
      vertex 13.2679 74.9 7.01
    endloop
  endfacet
  facet normal -0 0 1
    outer loop
      vertex 13.0681 76.4176 7.01
      vertex 13.1522 75.1346 7.01
      vertex 13.1522 76.6654 7.01
    endloop
  endfacet
  facet normal 0 0 1
    outer loop
      vertex 13.0681 76.4176 7.01
      vertex 13.0681 75.3824 7.01
      vertex 13.1522 75.1346 7.01
    endloop
  endfacet
  facet normal -0 0 1
    outer loop
      vertex 13.0171 76.1611 7.01
      vertex 13.0681 75.3824 7.01
      vertex 13.0681 76.4176 7.01
    endloop
  endfacet
  facet normal 0 0 1
    outer loop
      vertex 13.0171 76.1611 7.01
      vertex 13.0171 75.6389 7.01
      vertex 13.0681 75.3824 7.01
    endloop
  endfacet
  facet normal 0 -0 1
    outer loop
      vertex 13.0171 75.6389 7.01
      vertex 13.0171 76.1611 7.01
      vertex 13 75.9 7.01
    endloop
  endfacet
  facet normal 0.751826 -0.659362 0
    outer loop
      vertex 13.4133 7.71752 13
      vertex 13.5858 7.91421 7.01
      vertex 13.5858 7.91421 13
    endloop
  endfacet
  facet normal 0.751826 -0.659362 0
    outer loop
      vertex 13.5858 7.91421 7.01
      vertex 13.4133 7.71752 13
      vertex 13.4133 7.71752 7.01
    endloop
  endfacet
  facet normal -0.980814 0.194947 0
    outer loop
      vertex 16.9319 5.98236 7.01
      vertex 16.9829 6.23895 13
      vertex 16.9829 6.23895 7.01
    endloop
  endfacet
  facet normal -0.980814 0.194947 0
    outer loop
      vertex 16.9829 6.23895 13
      vertex 16.9319 5.98236 7.01
      vertex 16.9319 5.98236 13
    endloop
  endfacet
  facet normal -0.997861 0.0653646 0
    outer loop
      vertex 16.9829 6.23895 7.01
      vertex 17 6.5 13
      vertex 17 6.5 7.01
    endloop
  endfacet
  facet normal -0.997861 0.0653646 0
    outer loop
      vertex 17 6.5 13
      vertex 16.9829 6.23895 7.01
      vertex 16.9829 6.23895 13
    endloop
  endfacet
  facet normal -0.321348 0.946961 0
    outer loop
      vertex 15.7654 4.65224 7.01
      vertex 15.5176 4.56815 13
      vertex 15.7654 4.65224 13
    endloop
  endfacet
  facet normal -0.321348 0.946961 0
    outer loop
      vertex 15.5176 4.56815 13
      vertex 15.7654 4.65224 7.01
      vertex 15.5176 4.56815 7.01
    endloop
  endfacet
  facet normal 0.321348 -0.946961 0
    outer loop
      vertex 14.2346 8.34776 7.01
      vertex 14.4824 8.43185 13
      vertex 14.2346 8.34776 13
    endloop
  endfacet
  facet normal 0.321348 -0.946961 0
    outer loop
      vertex 14.4824 8.43185 13
      vertex 14.2346 8.34776 7.01
      vertex 14.4824 8.43185 7.01
    endloop
  endfacet
  facet normal 0.946922 -0.321463 0
    outer loop
      vertex 13.0681 7.01764 13
      vertex 13.1522 7.26537 7.01
      vertex 13.1522 7.26537 13
    endloop
  endfacet
  facet normal 0.946922 -0.321463 0
    outer loop
      vertex 13.1522 7.26537 7.01
      vertex 13.0681 7.01764 13
      vertex 13.0681 7.01764 7.01
    endloop
  endfacet
  facet normal -0.5556 -0.83145 0
    outer loop
      vertex 16 8.23205 7.01
      vertex 16.2175 8.08671 13
      vertex 16 8.23205 13
    endloop
  endfacet
  facet normal -0.5556 -0.83145 -0
    outer loop
      vertex 16.2175 8.08671 13
      vertex 16 8.23205 7.01
      vertex 16.2175 8.08671 7.01
    endloop
  endfacet
  facet normal 0.5556 -0.83145 0
    outer loop
      vertex 13.7825 8.08671 7.01
      vertex 14 8.23205 13
      vertex 13.7825 8.08671 13
    endloop
  endfacet
  facet normal 0.5556 -0.83145 0
    outer loop
      vertex 14 8.23205 13
      vertex 13.7825 8.08671 7.01
      vertex 14 8.23205 7.01
    endloop
  endfacet
  facet normal -0.442344 -0.896845 0
    outer loop
      vertex 15.7654 8.34776 7.01
      vertex 16 8.23205 13
      vertex 15.7654 8.34776 13
    endloop
  endfacet
  facet normal -0.442344 -0.896845 -0
    outer loop
      vertex 16 8.23205 13
      vertex 15.7654 8.34776 7.01
      vertex 16 8.23205 7.01
    endloop
  endfacet
  facet normal 0.442344 0.896845 -0
    outer loop
      vertex 14.2346 4.65224 7.01
      vertex 14 4.76795 13
      vertex 14.2346 4.65224 13
    endloop
  endfacet
  facet normal 0.442344 0.896845 0
    outer loop
      vertex 14 4.76795 13
      vertex 14.2346 4.65224 7.01
      vertex 14 4.76795 7.01
    endloop
  endfacet
  facet normal 0.0653902 -0.99786 0
    outer loop
      vertex 14.7389 8.48289 7.01
      vertex 15 8.5 13
      vertex 14.7389 8.48289 13
    endloop
  endfacet
  facet normal 0.0653902 -0.99786 0
    outer loop
      vertex 15 8.5 13
      vertex 14.7389 8.48289 7.01
      vertex 15 8.5 7.01
    endloop
  endfacet
  facet normal 0.5556 0.83145 -0
    outer loop
      vertex 14 4.76795 7.01
      vertex 13.7825 4.91329 13
      vertex 14 4.76795 13
    endloop
  endfacet
  facet normal 0.5556 0.83145 0
    outer loop
      vertex 13.7825 4.91329 13
      vertex 14 4.76795 7.01
      vertex 13.7825 4.91329 7.01
    endloop
  endfacet
  facet normal 0.659343 0.751842 -0
    outer loop
      vertex 13.7825 4.91329 7.01
      vertex 13.5858 5.08579 13
      vertex 13.7825 4.91329 13
    endloop
  endfacet
  facet normal 0.659343 0.751842 0
    outer loop
      vertex 13.5858 5.08579 13
      vertex 13.7825 4.91329 7.01
      vertex 13.5858 5.08579 7.01
    endloop
  endfacet
  facet normal -0.751826 0.659362 0
    outer loop
      vertex 16.4142 5.08579 7.01
      vertex 16.5867 5.28248 13
      vertex 16.5867 5.28248 7.01
    endloop
  endfacet
  facet normal -0.751826 0.659362 0
    outer loop
      vertex 16.5867 5.28248 13
      vertex 16.4142 5.08579 7.01
      vertex 16.4142 5.08579 13
    endloop
  endfacet
  facet normal 0.751826 0.659362 0
    outer loop
      vertex 13.5858 5.08579 13
      vertex 13.4133 5.28248 7.01
      vertex 13.4133 5.28248 13
    endloop
  endfacet
  facet normal 0.751826 0.659362 0
    outer loop
      vertex 13.4133 5.28248 7.01
      vertex 13.5858 5.08579 13
      vertex 13.5858 5.08579 7.01
    endloop
  endfacet
  facet normal 0.896883 0.442268 0
    outer loop
      vertex 13.2679 5.5 13
      vertex 13.1522 5.73463 7.01
      vertex 13.1522 5.73463 13
    endloop
  endfacet
  facet normal 0.896883 0.442268 0
    outer loop
      vertex 13.1522 5.73463 7.01
      vertex 13.2679 5.5 13
      vertex 13.2679 5.5 7.01
    endloop
  endfacet
  facet normal 0.0653902 0.99786 -0
    outer loop
      vertex 15 4.5 7.01
      vertex 14.7389 4.51711 13
      vertex 15 4.5 13
    endloop
  endfacet
  facet normal 0.0653902 0.99786 0
    outer loop
      vertex 14.7389 4.51711 13
      vertex 15 4.5 7.01
      vertex 14.7389 4.51711 7.01
    endloop
  endfacet
  facet normal -0.321348 -0.946961 0
    outer loop
      vertex 15.5176 8.43185 7.01
      vertex 15.7654 8.34776 13
      vertex 15.5176 8.43185 13
    endloop
  endfacet
  facet normal -0.321348 -0.946961 -0
    outer loop
      vertex 15.7654 8.34776 13
      vertex 15.5176 8.43185 7.01
      vertex 15.7654 8.34776 7.01
    endloop
  endfacet
  facet normal 0.659343 -0.751842 0
    outer loop
      vertex 13.5858 7.91421 7.01
      vertex 13.7825 8.08671 13
      vertex 13.5858 7.91421 13
    endloop
  endfacet
  facet normal 0.659343 -0.751842 0
    outer loop
      vertex 13.7825 8.08671 13
      vertex 13.5858 7.91421 7.01
      vertex 13.7825 8.08671 7.01
    endloop
  endfacet
  facet normal 0.831368 -0.555723 0
    outer loop
      vertex 13.2679 7.5 13
      vertex 13.4133 7.71752 7.01
      vertex 13.4133 7.71752 13
    endloop
  endfacet
  facet normal 0.831368 -0.555723 0
    outer loop
      vertex 13.4133 7.71752 7.01
      vertex 13.2679 7.5 13
      vertex 13.2679 7.5 7.01
    endloop
  endfacet
  facet normal -0.831544 -0.555459 0
    outer loop
      vertex 16.732 7.5 7.01
      vertex 16.5867 7.71752 13
      vertex 16.5867 7.71752 7.01
    endloop
  endfacet
  facet normal -0.831544 -0.555459 0
    outer loop
      vertex 16.5867 7.71752 13
      vertex 16.732 7.5 7.01
      vertex 16.732 7.5 13
    endloop
  endfacet
  facet normal -0.831544 0.555459 0
    outer loop
      vertex 16.5867 5.28248 7.01
      vertex 16.732 5.5 13
      vertex 16.732 5.5 7.01
    endloop
  endfacet
  facet normal -0.831544 0.555459 0
    outer loop
      vertex 16.732 5.5 13
      vertex 16.5867 5.28248 7.01
      vertex 16.5867 5.28248 13
    endloop
  endfacet
  facet normal 0.442344 -0.896845 0
    outer loop
      vertex 14 8.23205 7.01
      vertex 14.2346 8.34776 13
      vertex 14 8.23205 13
    endloop
  endfacet
  facet normal 0.442344 -0.896845 0
    outer loop
      vertex 14.2346 8.34776 13
      vertex 14 8.23205 7.01
      vertex 14.2346 8.34776 7.01
    endloop
  endfacet
  facet normal 0 0 1
    outer loop
      vertex 16.9829 6.76105 7.01
      vertex 16.9829 6.23895 7.01
      vertex 17 6.5 7.01
    endloop
  endfacet
  facet normal 0 0 1
    outer loop
      vertex 16.9319 7.01764 7.01
      vertex 16.9829 6.23895 7.01
      vertex 16.9829 6.76105 7.01
    endloop
  endfacet
  facet normal 0 0 1
    outer loop
      vertex 16.9319 7.01764 7.01
      vertex 16.9319 5.98236 7.01
      vertex 16.9829 6.23895 7.01
    endloop
  endfacet
  facet normal 0 0 1
    outer loop
      vertex 16.8478 7.26537 7.01
      vertex 16.9319 5.98236 7.01
      vertex 16.9319 7.01764 7.01
    endloop
  endfacet
  facet normal 0 0 1
    outer loop
      vertex 16.8478 7.26537 7.01
      vertex 16.8478 5.73463 7.01
      vertex 16.9319 5.98236 7.01
    endloop
  endfacet
  facet normal 0 0 1
    outer loop
      vertex 16.732 7.5 7.01
      vertex 16.8478 5.73463 7.01
      vertex 16.8478 7.26537 7.01
    endloop
  endfacet
  facet normal 0 0 1
    outer loop
      vertex 16.732 7.5 7.01
      vertex 16.732 5.5 7.01
      vertex 16.8478 5.73463 7.01
    endloop
  endfacet
  facet normal 0 0 1
    outer loop
      vertex 16.5867 7.71752 7.01
      vertex 16.732 5.5 7.01
      vertex 16.732 7.5 7.01
    endloop
  endfacet
  facet normal 0 0 1
    outer loop
      vertex 16.5867 7.71752 7.01
      vertex 16.5867 5.28248 7.01
      vertex 16.732 5.5 7.01
    endloop
  endfacet
  facet normal 0 0 1
    outer loop
      vertex 16.4142 7.91421 7.01
      vertex 16.5867 5.28248 7.01
      vertex 16.5867 7.71752 7.01
    endloop
  endfacet
  facet normal 0 0 1
    outer loop
      vertex 16.4142 7.91421 7.01
      vertex 16.4142 5.08579 7.01
      vertex 16.5867 5.28248 7.01
    endloop
  endfacet
  facet normal 0 0 1
    outer loop
      vertex 16.2175 8.08671 7.01
      vertex 16.4142 5.08579 7.01
      vertex 16.4142 7.91421 7.01
    endloop
  endfacet
  facet normal 0 0 1
    outer loop
      vertex 16.2175 8.08671 7.01
      vertex 16.2175 4.91329 7.01
      vertex 16.4142 5.08579 7.01
    endloop
  endfacet
  facet normal 0 0 1
    outer loop
      vertex 16 8.23205 7.01
      vertex 16.2175 4.91329 7.01
      vertex 16.2175 8.08671 7.01
    endloop
  endfacet
  facet normal 0 0 1
    outer loop
      vertex 16 8.23205 7.01
      vertex 16 4.76795 7.01
      vertex 16.2175 4.91329 7.01
    endloop
  endfacet
  facet normal 0 0 1
    outer loop
      vertex 15.7654 8.34776 7.01
      vertex 16 4.76795 7.01
      vertex 16 8.23205 7.01
    endloop
  endfacet
  facet normal 0 0 1
    outer loop
      vertex 15.7654 8.34776 7.01
      vertex 15.7654 4.65224 7.01
      vertex 16 4.76795 7.01
    endloop
  endfacet
  facet normal 0 0 1
    outer loop
      vertex 15.5176 8.43185 7.01
      vertex 15.7654 4.65224 7.01
      vertex 15.7654 8.34776 7.01
    endloop
  endfacet
  facet normal 0 0 1
    outer loop
      vertex 15.5176 8.43185 7.01
      vertex 15.5176 4.56815 7.01
      vertex 15.7654 4.65224 7.01
    endloop
  endfacet
  facet normal 0 0 1
    outer loop
      vertex 15.2611 8.48289 7.01
      vertex 15.5176 4.56815 7.01
      vertex 15.5176 8.43185 7.01
    endloop
  endfacet
  facet normal 0 0 1
    outer loop
      vertex 15.2611 8.48289 7.01
      vertex 15.2611 4.51711 7.01
      vertex 15.5176 4.56815 7.01
    endloop
  endfacet
  facet normal 0 0 1
    outer loop
      vertex 15 8.5 7.01
      vertex 15.2611 4.51711 7.01
      vertex 15.2611 8.48289 7.01
    endloop
  endfacet
  facet normal 0 0 1
    outer loop
      vertex 15 8.5 7.01
      vertex 15 4.5 7.01
      vertex 15.2611 4.51711 7.01
    endloop
  endfacet
  facet normal -0 0 1
    outer loop
      vertex 14.7389 8.48289 7.01
      vertex 15 4.5 7.01
      vertex 15 8.5 7.01
    endloop
  endfacet
  facet normal 0 0 1
    outer loop
      vertex 14.7389 8.48289 7.01
      vertex 14.7389 4.51711 7.01
      vertex 15 4.5 7.01
    endloop
  endfacet
  facet normal -0 0 1
    outer loop
      vertex 14.4824 8.43185 7.01
      vertex 14.7389 4.51711 7.01
      vertex 14.7389 8.48289 7.01
    endloop
  endfacet
  facet normal 0 0 1
    outer loop
      vertex 14.4824 8.43185 7.01
      vertex 14.4824 4.56815 7.01
      vertex 14.7389 4.51711 7.01
    endloop
  endfacet
  facet normal -0 0 1
    outer loop
      vertex 14.2346 8.34776 7.01
      vertex 14.4824 4.56815 7.01
      vertex 14.4824 8.43185 7.01
    endloop
  endfacet
  facet normal 0 0 1
    outer loop
      vertex 14.2346 8.34776 7.01
      vertex 14.2346 4.65224 7.01
      vertex 14.4824 4.56815 7.01
    endloop
  endfacet
  facet normal -0 0 1
    outer loop
      vertex 14 8.23205 7.01
      vertex 14.2346 4.65224 7.01
      vertex 14.2346 8.34776 7.01
    endloop
  endfacet
  facet normal 0 0 1
    outer loop
      vertex 14 8.23205 7.01
      vertex 14 4.76795 7.01
      vertex 14.2346 4.65224 7.01
    endloop
  endfacet
  facet normal -0 0 1
    outer loop
      vertex 13.7825 8.08671 7.01
      vertex 14 4.76795 7.01
      vertex 14 8.23205 7.01
    endloop
  endfacet
  facet normal 0 0 1
    outer loop
      vertex 13.7825 8.08671 7.01
      vertex 13.7825 4.91329 7.01
      vertex 14 4.76795 7.01
    endloop
  endfacet
  facet normal -0 0 1
    outer loop
      vertex 13.5858 7.91421 7.01
      vertex 13.7825 4.91329 7.01
      vertex 13.7825 8.08671 7.01
    endloop
  endfacet
  facet normal 0 0 1
    outer loop
      vertex 13.5858 7.91421 7.01
      vertex 13.5858 5.08579 7.01
      vertex 13.7825 4.91329 7.01
    endloop
  endfacet
  facet normal -0 0 1
    outer loop
      vertex 13.4133 7.71752 7.01
      vertex 13.5858 5.08579 7.01
      vertex 13.5858 7.91421 7.01
    endloop
  endfacet
  facet normal 0 0 1
    outer loop
      vertex 13.4133 7.71752 7.01
      vertex 13.4133 5.28248 7.01
      vertex 13.5858 5.08579 7.01
    endloop
  endfacet
  facet normal -0 0 1
    outer loop
      vertex 13.2679 7.5 7.01
      vertex 13.4133 5.28248 7.01
      vertex 13.4133 7.71752 7.01
    endloop
  endfacet
  facet normal 0 0 1
    outer loop
      vertex 13.2679 7.5 7.01
      vertex 13.2679 5.5 7.01
      vertex 13.4133 5.28248 7.01
    endloop
  endfacet
  facet normal -0 0 1
    outer loop
      vertex 13.1522 7.26537 7.01
      vertex 13.2679 5.5 7.01
      vertex 13.2679 7.5 7.01
    endloop
  endfacet
  facet normal 0 0 1
    outer loop
      vertex 13.1522 7.26537 7.01
      vertex 13.1522 5.73463 7.01
      vertex 13.2679 5.5 7.01
    endloop
  endfacet
  facet normal -0 0 1
    outer loop
      vertex 13.0681 7.01764 7.01
      vertex 13.1522 5.73463 7.01
      vertex 13.1522 7.26537 7.01
    endloop
  endfacet
  facet normal 0 0 1
    outer loop
      vertex 13.0681 7.01764 7.01
      vertex 13.0681 5.98236 7.01
      vertex 13.1522 5.73463 7.01
    endloop
  endfacet
  facet normal -0 0 1
    outer loop
      vertex 13.0171 6.76105 7.01
      vertex 13.0681 5.98236 7.01
      vertex 13.0681 7.01764 7.01
    endloop
  endfacet
  facet normal 0 0 1
    outer loop
      vertex 13.0171 6.76105 7.01
      vertex 13.0171 6.23895 7.01
      vertex 13.0681 5.98236 7.01
    endloop
  endfacet
  facet normal 0 -0 1
    outer loop
      vertex 13.0171 6.23895 7.01
      vertex 13.0171 6.76105 7.01
      vertex 13 6.5 7.01
    endloop
  endfacet
  facet normal -0.997861 -0.0653646 0
    outer loop
      vertex 17 6.5 7.01
      vertex 16.9829 6.76105 13
      vertex 16.9829 6.76105 7.01
    endloop
  endfacet
  facet normal -0.997861 -0.0653646 0
    outer loop
      vertex 16.9829 6.76105 13
      vertex 17 6.5 7.01
      vertex 17 6.5 13
    endloop
  endfacet
  facet normal -0.659343 0.751842 0
    outer loop
      vertex 16.4142 5.08579 7.01
      vertex 16.2175 4.91329 13
      vertex 16.4142 5.08579 13
    endloop
  endfacet
  facet normal -0.659343 0.751842 0
    outer loop
      vertex 16.2175 4.91329 13
      vertex 16.4142 5.08579 7.01
      vertex 16.2175 4.91329 7.01
    endloop
  endfacet
  facet normal -0.442344 0.896845 0
    outer loop
      vertex 16 4.76795 7.01
      vertex 15.7654 4.65224 13
      vertex 16 4.76795 13
    endloop
  endfacet
  facet normal -0.442344 0.896845 0
    outer loop
      vertex 15.7654 4.65224 13
      vertex 16 4.76795 7.01
      vertex 15.7654 4.65224 7.01
    endloop
  endfacet
  facet normal -0.5556 0.83145 0
    outer loop
      vertex 16.2175 4.91329 7.01
      vertex 16 4.76795 13
      vertex 16.2175 4.91329 13
    endloop
  endfacet
  facet normal -0.5556 0.83145 0
    outer loop
      vertex 16 4.76795 13
      vertex 16.2175 4.91329 7.01
      vertex 16 4.76795 7.01
    endloop
  endfacet
  facet normal -0.19516 -0.980771 0
    outer loop
      vertex 15.2611 8.48289 7.01
      vertex 15.5176 8.43185 13
      vertex 15.2611 8.48289 13
    endloop
  endfacet
  facet normal -0.19516 -0.980771 -0
    outer loop
      vertex 15.5176 8.43185 13
      vertex 15.2611 8.48289 7.01
      vertex 15.5176 8.43185 7.01
    endloop
  endfacet
  facet normal -0.896731 0.442575 0
    outer loop
      vertex 16.732 5.5 7.01
      vertex 16.8478 5.73463 13
      vertex 16.8478 5.73463 7.01
    endloop
  endfacet
  facet normal -0.896731 0.442575 0
    outer loop
      vertex 16.8478 5.73463 13
      vertex 16.732 5.5 7.01
      vertex 16.732 5.5 13
    endloop
  endfacet
  facet normal 0.896883 -0.442268 0
    outer loop
      vertex 13.1522 7.26537 13
      vertex 13.2679 7.5 7.01
      vertex 13.2679 7.5 13
    endloop
  endfacet
  facet normal 0.896883 -0.442268 0
    outer loop
      vertex 13.2679 7.5 7.01
      vertex 13.1522 7.26537 13
      vertex 13.1522 7.26537 7.01
    endloop
  endfacet
  facet normal -0.751826 -0.659362 0
    outer loop
      vertex 16.5867 7.71752 7.01
      vertex 16.4142 7.91421 13
      vertex 16.4142 7.91421 7.01
    endloop
  endfacet
  facet normal -0.751826 -0.659362 0
    outer loop
      vertex 16.4142 7.91421 13
      vertex 16.5867 7.71752 7.01
      vertex 16.5867 7.71752 13
    endloop
  endfacet
  facet normal 0.980814 -0.194947 0
    outer loop
      vertex 13.0171 6.76105 13
      vertex 13.0681 7.01764 7.01
      vertex 13.0681 7.01764 13
    endloop
  endfacet
  facet normal 0.980814 -0.194947 0
    outer loop
      vertex 13.0681 7.01764 7.01
      vertex 13.0171 6.76105 13
      vertex 13.0171 6.76105 7.01
    endloop
  endfacet
  facet normal 0.321348 0.946961 -0
    outer loop
      vertex 14.4824 4.56815 7.01
      vertex 14.2346 4.65224 13
      vertex 14.4824 4.56815 13
    endloop
  endfacet
  facet normal 0.321348 0.946961 0
    outer loop
      vertex 14.2346 4.65224 13
      vertex 14.4824 4.56815 7.01
      vertex 14.2346 4.65224 7.01
    endloop
  endfacet
  facet normal -0.980814 -0.194947 0
    outer loop
      vertex 16.9829 6.76105 7.01
      vertex 16.9319 7.01764 13
      vertex 16.9319 7.01764 7.01
    endloop
  endfacet
  facet normal -0.980814 -0.194947 0
    outer loop
      vertex 16.9319 7.01764 13
      vertex 16.9829 6.76105 7.01
      vertex 16.9829 6.76105 13
    endloop
  endfacet
  facet normal 0.19516 -0.980771 0
    outer loop
      vertex 14.4824 8.43185 7.01
      vertex 14.7389 8.48289 13
      vertex 14.4824 8.43185 13
    endloop
  endfacet
  facet normal 0.19516 -0.980771 0
    outer loop
      vertex 14.7389 8.48289 13
      vertex 14.4824 8.43185 7.01
      vertex 14.7389 8.48289 7.01
    endloop
  endfacet
  facet normal 0.997861 -0.0653646 0
    outer loop
      vertex 13 6.5 13
      vertex 13.0171 6.76105 7.01
      vertex 13.0171 6.76105 13
    endloop
  endfacet
  facet normal 0.997861 -0.0653646 0
    outer loop
      vertex 13.0171 6.76105 7.01
      vertex 13 6.5 13
      vertex 13 6.5 7.01
    endloop
  endfacet
  facet normal 0.980814 0.194947 0
    outer loop
      vertex 13.0681 5.98236 13
      vertex 13.0171 6.23895 7.01
      vertex 13.0171 6.23895 13
    endloop
  endfacet
  facet normal 0.980814 0.194947 0
    outer loop
      vertex 13.0171 6.23895 7.01
      vertex 13.0681 5.98236 13
      vertex 13.0681 5.98236 7.01
    endloop
  endfacet
  facet normal 0.997861 0.0653646 0
    outer loop
      vertex 13.0171 6.23895 13
      vertex 13 6.5 7.01
      vertex 13 6.5 13
    endloop
  endfacet
  facet normal 0.997861 0.0653646 0
    outer loop
      vertex 13 6.5 7.01
      vertex 13.0171 6.23895 13
      vertex 13.0171 6.23895 7.01
    endloop
  endfacet
  facet normal -0.946922 0.321463 0
    outer loop
      vertex 16.8478 5.73463 7.01
      vertex 16.9319 5.98236 13
      vertex 16.9319 5.98236 7.01
    endloop
  endfacet
  facet normal -0.946922 0.321463 0
    outer loop
      vertex 16.9319 5.98236 13
      vertex 16.8478 5.73463 7.01
      vertex 16.8478 5.73463 13
    endloop
  endfacet
  facet normal -0.946922 -0.321463 0
    outer loop
      vertex 16.9319 7.01764 7.01
      vertex 16.8478 7.26537 13
      vertex 16.8478 7.26537 7.01
    endloop
  endfacet
  facet normal -0.946922 -0.321463 0
    outer loop
      vertex 16.8478 7.26537 13
      vertex 16.9319 7.01764 7.01
      vertex 16.9319 7.01764 13
    endloop
  endfacet
  facet normal 0.831368 0.555723 0
    outer loop
      vertex 13.4133 5.28248 13
      vertex 13.2679 5.5 7.01
      vertex 13.2679 5.5 13
    endloop
  endfacet
  facet normal 0.831368 0.555723 0
    outer loop
      vertex 13.2679 5.5 7.01
      vertex 13.4133 5.28248 13
      vertex 13.4133 5.28248 7.01
    endloop
  endfacet
  facet normal 0.19516 0.980771 -0
    outer loop
      vertex 14.7389 4.51711 7.01
      vertex 14.4824 4.56815 13
      vertex 14.7389 4.51711 13
    endloop
  endfacet
  facet normal 0.19516 0.980771 0
    outer loop
      vertex 14.4824 4.56815 13
      vertex 14.7389 4.51711 7.01
      vertex 14.4824 4.56815 7.01
    endloop
  endfacet
  facet normal -0.896731 -0.442575 0
    outer loop
      vertex 16.8478 7.26537 7.01
      vertex 16.732 7.5 13
      vertex 16.732 7.5 7.01
    endloop
  endfacet
  facet normal -0.896731 -0.442575 0
    outer loop
      vertex 16.732 7.5 13
      vertex 16.8478 7.26537 7.01
      vertex 16.8478 7.26537 13
    endloop
  endfacet
  facet normal -0.659343 -0.751842 0
    outer loop
      vertex 16.2175 8.08671 7.01
      vertex 16.4142 7.91421 13
      vertex 16.2175 8.08671 13
    endloop
  endfacet
  facet normal -0.659343 -0.751842 -0
    outer loop
      vertex 16.4142 7.91421 13
      vertex 16.2175 8.08671 7.01
      vertex 16.4142 7.91421 7.01
    endloop
  endfacet
  facet normal -0.0653902 0.99786 0
    outer loop
      vertex 15.2611 4.51711 7.01
      vertex 15 4.5 13
      vertex 15.2611 4.51711 13
    endloop
  endfacet
  facet normal -0.0653902 0.99786 0
    outer loop
      vertex 15 4.5 13
      vertex 15.2611 4.51711 7.01
      vertex 15 4.5 7.01
    endloop
  endfacet
  facet normal -0.0653902 -0.99786 0
    outer loop
      vertex 15 8.5 7.01
      vertex 15.2611 8.48289 13
      vertex 15 8.5 13
    endloop
  endfacet
  facet normal -0.0653902 -0.99786 -0
    outer loop
      vertex 15.2611 8.48289 13
      vertex 15 8.5 7.01
      vertex 15.2611 8.48289 7.01
    endloop
  endfacet
  facet normal -0.19516 0.980771 0
    outer loop
      vertex 15.5176 4.56815 7.01
      vertex 15.2611 4.51711 13
      vertex 15.5176 4.56815 13
    endloop
  endfacet
  facet normal -0.19516 0.980771 0
    outer loop
      vertex 15.2611 4.51711 13
      vertex 15.5176 4.56815 7.01
      vertex 15.2611 4.51711 7.01
    endloop
  endfacet
  facet normal 0.946922 0.321463 0
    outer loop
      vertex 13.1522 5.73463 13
      vertex 13.0681 5.98236 7.01
      vertex 13.0681 5.98236 13
    endloop
  endfacet
  facet normal 0.946922 0.321463 0
    outer loop
      vertex 13.0681 5.98236 7.01
      vertex 13.1522 5.73463 13
      vertex 13.1522 5.73463 7.01
    endloop
  endfacet
  facet normal -0.980727 0.195381 0
    outer loop
      vertex 85.3318 75.3824 7.01
      vertex 85.3829 75.6389 13
      vertex 85.3829 75.6389 7.01
    endloop
  endfacet
  facet normal -0.980727 0.195381 0
    outer loop
      vertex 85.3829 75.6389 13
      vertex 85.3318 75.3824 7.01
      vertex 85.3318 75.3824 13
    endloop
  endfacet
  facet normal -0.997862 0.0653521 0
    outer loop
      vertex 85.3829 75.6389 7.01
      vertex 85.4 75.9 13
      vertex 85.4 75.9 7.01
    endloop
  endfacet
  facet normal -0.997862 0.0653521 0
    outer loop
      vertex 85.4 75.9 13
      vertex 85.3829 75.6389 7.01
      vertex 85.3829 75.6389 13
    endloop
  endfacet
  facet normal -0.947066 0.321039 0
    outer loop
      vertex 85.2478 75.1346 7.01
      vertex 85.3318 75.3824 13
      vertex 85.3318 75.3824 7.01
    endloop
  endfacet
  facet normal -0.947066 0.321039 0
    outer loop
      vertex 85.3318 75.3824 13
      vertex 85.2478 75.1346 7.01
      vertex 85.2478 75.1346 13
    endloop
  endfacet
  facet normal -0.896709 0.442621 0
    outer loop
      vertex 85.132 74.9 7.01
      vertex 85.2478 75.1346 13
      vertex 85.2478 75.1346 7.01
    endloop
  endfacet
  facet normal -0.896709 0.442621 0
    outer loop
      vertex 85.2478 75.1346 13
      vertex 85.132 74.9 7.01
      vertex 85.132 74.9 13
    endloop
  endfacet
  facet normal 0.195013 0.980801 -0
    outer loop
      vertex 83.1389 73.9171 7.01
      vertex 82.8824 73.9681 13
      vertex 83.1389 73.9171 13
    endloop
  endfacet
  facet normal 0.195013 0.980801 0
    outer loop
      vertex 82.8824 73.9681 13
      vertex 83.1389 73.9171 7.01
      vertex 82.8824 73.9681 7.01
    endloop
  endfacet
  facet normal -0.19494 -0.980815 0
    outer loop
      vertex 83.661 77.8829 7.01
      vertex 83.9176 77.8319 13
      vertex 83.661 77.8829 13
    endloop
  endfacet
  facet normal -0.19494 -0.980815 -0
    outer loop
      vertex 83.9176 77.8319 13
      vertex 83.661 77.8829 7.01
      vertex 83.9176 77.8319 7.01
    endloop
  endfacet
  facet normal 0.980801 -0.195013 0
    outer loop
      vertex 81.4171 76.1611 13
      vertex 81.4681 76.4176 7.01
      vertex 81.4681 76.4176 13
    endloop
  endfacet
  facet normal 0.980801 -0.195013 0
    outer loop
      vertex 81.4681 76.4176 7.01
      vertex 81.4171 76.1611 13
      vertex 81.4171 76.1611 7.01
    endloop
  endfacet
  facet normal -0.831521 -0.555494 0
    outer loop
      vertex 85.132 76.9 7.01
      vertex 84.9867 77.1175 13
      vertex 84.9867 77.1175 7.01
    endloop
  endfacet
  facet normal -0.831521 -0.555494 0
    outer loop
      vertex 84.9867 77.1175 13
      vertex 85.132 76.9 7.01
      vertex 85.132 76.9 13
    endloop
  endfacet
  facet normal -0.0653771 0.997861 0
    outer loop
      vertex 83.661 73.9171 7.01
      vertex 83.4 73.9 13
      vertex 83.661 73.9171 13
    endloop
  endfacet
  facet normal -0.0653771 0.997861 0
    outer loop
      vertex 83.4 73.9 13
      vertex 83.661 73.9171 7.01
      vertex 83.4 73.9 7.01
    endloop
  endfacet
  facet normal 0.555494 0.831521 -0
    outer loop
      vertex 82.4 74.168 7.01
      vertex 82.1825 74.3133 13
      vertex 82.4 74.168 13
    endloop
  endfacet
  facet normal 0.555494 0.831521 0
    outer loop
      vertex 82.1825 74.3133 13
      vertex 82.4 74.168 7.01
      vertex 82.1825 74.3133 7.01
    endloop
  endfacet
  facet normal 0.0653521 0.997862 -0
    outer loop
      vertex 83.4 73.9 7.01
      vertex 83.1389 73.9171 13
      vertex 83.4 73.9 13
    endloop
  endfacet
  facet normal 0.0653521 0.997862 0
    outer loop
      vertex 83.1389 73.9171 13
      vertex 83.4 73.9 7.01
      vertex 83.1389 73.9171 7.01
    endloop
  endfacet
  facet normal 0.751842 0.659343 0
    outer loop
      vertex 81.9858 74.4858 13
      vertex 81.8133 74.6825 7.01
      vertex 81.8133 74.6825 13
    endloop
  endfacet
  facet normal 0.751842 0.659343 0
    outer loop
      vertex 81.8133 74.6825 7.01
      vertex 81.9858 74.4858 13
      vertex 81.9858 74.4858 7.01
    endloop
  endfacet
  facet normal 0.442621 0.896709 -0
    outer loop
      vertex 82.6346 74.0522 7.01
      vertex 82.4 74.168 13
      vertex 82.6346 74.0522 13
    endloop
  endfacet
  facet normal 0.442621 0.896709 0
    outer loop
      vertex 82.4 74.168 13
      vertex 82.6346 74.0522 7.01
      vertex 82.4 74.168 7.01
    endloop
  endfacet
  facet normal 0.980801 0.195013 0
    outer loop
      vertex 81.4681 75.3824 13
      vertex 81.4171 75.6389 7.01
      vertex 81.4171 75.6389 13
    endloop
  endfacet
  facet normal 0.980801 0.195013 0
    outer loop
      vertex 81.4171 75.6389 7.01
      vertex 81.4681 75.3824 13
      vertex 81.4681 75.3824 7.01
    endloop
  endfacet
  facet normal 0.997862 0.0653521 0
    outer loop
      vertex 81.4171 75.6389 13
      vertex 81.4 75.9 7.01
      vertex 81.4 75.9 13
    endloop
  endfacet
  facet normal 0.997862 0.0653521 0
    outer loop
      vertex 81.4 75.9 7.01
      vertex 81.4171 75.6389 13
      vertex 81.4171 75.6389 7.01
    endloop
  endfacet
  facet normal 0.89686 0.442314 0
    outer loop
      vertex 81.6679 74.9 13
      vertex 81.5522 75.1346 7.01
      vertex 81.5522 75.1346 13
    endloop
  endfacet
  facet normal 0.89686 0.442314 0
    outer loop
      vertex 81.5522 75.1346 7.01
      vertex 81.6679 74.9 13
      vertex 81.6679 74.9 7.01
    endloop
  endfacet
  facet normal 0.751842 -0.659343 0
    outer loop
      vertex 81.8133 77.1175 13
      vertex 81.9858 77.3142 7.01
      vertex 81.9858 77.3142 13
    endloop
  endfacet
  facet normal 0.751842 -0.659343 0
    outer loop
      vertex 81.9858 77.3142 7.01
      vertex 81.8133 77.1175 13
      vertex 81.8133 77.1175 7.01
    endloop
  endfacet
  facet normal -0.659343 0.751842 0
    outer loop
      vertex 84.8142 74.4858 7.01
      vertex 84.6175 74.3133 13
      vertex 84.8142 74.4858 13
    endloop
  endfacet
  facet normal -0.659343 0.751842 0
    outer loop
      vertex 84.6175 74.3133 13
      vertex 84.8142 74.4858 7.01
      vertex 84.6175 74.3133 7.01
    endloop
  endfacet
  facet normal -0.442621 0.896709 0
    outer loop
      vertex 84.4 74.168 7.01
      vertex 84.1654 74.0522 13
      vertex 84.4 74.168 13
    endloop
  endfacet
  facet normal -0.442621 0.896709 0
    outer loop
      vertex 84.1654 74.0522 13
      vertex 84.4 74.168 7.01
      vertex 84.1654 74.0522 7.01
    endloop
  endfacet
  facet normal -0.555494 0.831521 0
    outer loop
      vertex 84.6175 74.3133 7.01
      vertex 84.4 74.168 13
      vertex 84.6175 74.3133 13
    endloop
  endfacet
  facet normal -0.555494 0.831521 0
    outer loop
      vertex 84.4 74.168 13
      vertex 84.6175 74.3133 7.01
      vertex 84.4 74.168 7.01
    endloop
  endfacet
  facet normal 0.442621 -0.896709 0
    outer loop
      vertex 82.4 77.632 7.01
      vertex 82.6346 77.7478 13
      vertex 82.4 77.632 13
    endloop
  endfacet
  facet normal 0.442621 -0.896709 0
    outer loop
      vertex 82.6346 77.7478 13
      vertex 82.4 77.632 7.01
      vertex 82.6346 77.7478 7.01
    endloop
  endfacet
  facet normal -0.751842 0.659343 0
    outer loop
      vertex 84.8142 74.4858 7.01
      vertex 84.9867 74.6825 13
      vertex 84.9867 74.6825 7.01
    endloop
  endfacet
  facet normal -0.751842 0.659343 0
    outer loop
      vertex 84.9867 74.6825 13
      vertex 84.8142 74.4858 7.01
      vertex 84.8142 74.4858 13
    endloop
  endfacet
  facet normal -0.0653771 -0.997861 0
    outer loop
      vertex 83.4 77.9 7.01
      vertex 83.661 77.8829 13
      vertex 83.4 77.9 13
    endloop
  endfacet
  facet normal -0.0653771 -0.997861 -0
    outer loop
      vertex 83.661 77.8829 13
      vertex 83.4 77.9 7.01
      vertex 83.661 77.8829 7.01
    endloop
  endfacet
  facet normal 0.831344 0.555758 0
    outer loop
      vertex 81.8133 74.6825 13
      vertex 81.6679 74.9 7.01
      vertex 81.6679 74.9 13
    endloop
  endfacet
  facet normal 0.831344 0.555758 0
    outer loop
      vertex 81.6679 74.9 7.01
      vertex 81.8133 74.6825 13
      vertex 81.8133 74.6825 7.01
    endloop
  endfacet
  facet normal 0.195013 -0.980801 0
    outer loop
      vertex 82.8824 77.8319 7.01
      vertex 83.1389 77.8829 13
      vertex 82.8824 77.8319 13
    endloop
  endfacet
  facet normal 0.195013 -0.980801 0
    outer loop
      vertex 83.1389 77.8829 13
      vertex 82.8824 77.8319 7.01
      vertex 83.1389 77.8829 7.01
    endloop
  endfacet
  facet normal 0.89686 -0.442314 0
    outer loop
      vertex 81.5522 76.6654 13
      vertex 81.6679 76.9 7.01
      vertex 81.6679 76.9 13
    endloop
  endfacet
  facet normal 0.89686 -0.442314 0
    outer loop
      vertex 81.6679 76.9 7.01
      vertex 81.5522 76.6654 13
      vertex 81.5522 76.6654 7.01
    endloop
  endfacet
  facet normal 0.321382 -0.94695 0
    outer loop
      vertex 82.6346 77.7478 7.01
      vertex 82.8824 77.8319 13
      vertex 82.6346 77.7478 13
    endloop
  endfacet
  facet normal 0.321382 -0.94695 0
    outer loop
      vertex 82.8824 77.8319 13
      vertex 82.6346 77.7478 7.01
      vertex 82.8824 77.8319 7.01
    endloop
  endfacet
  facet normal 0.831344 -0.555758 0
    outer loop
      vertex 81.6679 76.9 13
      vertex 81.8133 77.1175 7.01
      vertex 81.8133 77.1175 13
    endloop
  endfacet
  facet normal 0.831344 -0.555758 0
    outer loop
      vertex 81.8133 77.1175 7.01
      vertex 81.6679 76.9 13
      vertex 81.6679 76.9 7.01
    endloop
  endfacet
  facet normal 0.94695 0.321382 0
    outer loop
      vertex 81.5522 75.1346 13
      vertex 81.4681 75.3824 7.01
      vertex 81.4681 75.3824 13
    endloop
  endfacet
  facet normal 0.94695 0.321382 0
    outer loop
      vertex 81.4681 75.3824 7.01
      vertex 81.5522 75.1346 13
      vertex 81.5522 75.1346 7.01
    endloop
  endfacet
  facet normal -0.947066 -0.321039 0
    outer loop
      vertex 85.3318 76.4176 7.01
      vertex 85.2478 76.6654 13
      vertex 85.2478 76.6654 7.01
    endloop
  endfacet
  facet normal -0.947066 -0.321039 0
    outer loop
      vertex 85.2478 76.6654 13
      vertex 85.3318 76.4176 7.01
      vertex 85.3318 76.4176 13
    endloop
  endfacet
  facet normal -0.555494 -0.831521 0
    outer loop
      vertex 84.4 77.632 7.01
      vertex 84.6175 77.4867 13
      vertex 84.4 77.632 13
    endloop
  endfacet
  facet normal -0.555494 -0.831521 -0
    outer loop
      vertex 84.6175 77.4867 13
      vertex 84.4 77.632 7.01
      vertex 84.6175 77.4867 7.01
    endloop
  endfacet
  facet normal -0.831521 0.555494 0
    outer loop
      vertex 84.9867 74.6825 7.01
      vertex 85.132 74.9 13
      vertex 85.132 74.9 7.01
    endloop
  endfacet
  facet normal -0.831521 0.555494 0
    outer loop
      vertex 85.132 74.9 13
      vertex 84.9867 74.6825 7.01
      vertex 84.9867 74.6825 13
    endloop
  endfacet
  facet normal 0.659343 0.751842 -0
    outer loop
      vertex 82.1825 74.3133 7.01
      vertex 81.9858 74.4858 13
      vertex 82.1825 74.3133 13
    endloop
  endfacet
  facet normal 0.659343 0.751842 0
    outer loop
      vertex 81.9858 74.4858 13
      vertex 82.1825 74.3133 7.01
      vertex 81.9858 74.4858 7.01
    endloop
  endfacet
  facet normal -0.321382 0.94695 0
    outer loop
      vertex 84.1654 74.0522 7.01
      vertex 83.9176 73.9681 13
      vertex 84.1654 74.0522 13
    endloop
  endfacet
  facet normal -0.321382 0.94695 0
    outer loop
      vertex 83.9176 73.9681 13
      vertex 84.1654 74.0522 7.01
      vertex 83.9176 73.9681 7.01
    endloop
  endfacet
  facet normal 0.659343 -0.751842 0
    outer loop
      vertex 81.9858 77.3142 7.01
      vertex 82.1825 77.4867 13
      vertex 81.9858 77.3142 13
    endloop
  endfacet
  facet normal 0.659343 -0.751842 0
    outer loop
      vertex 82.1825 77.4867 13
      vertex 81.9858 77.3142 7.01
      vertex 82.1825 77.4867 7.01
    endloop
  endfacet
  facet normal 0.0653521 -0.997862 0
    outer loop
      vertex 83.1389 77.8829 7.01
      vertex 83.4 77.9 13
      vertex 83.1389 77.8829 13
    endloop
  endfacet
  facet normal 0.0653521 -0.997862 0
    outer loop
      vertex 83.4 77.9 13
      vertex 83.1389 77.8829 7.01
      vertex 83.4 77.9 7.01
    endloop
  endfacet
  facet normal 0.94695 -0.321382 0
    outer loop
      vertex 81.4681 76.4176 13
      vertex 81.5522 76.6654 7.01
      vertex 81.5522 76.6654 13
    endloop
  endfacet
  facet normal 0.94695 -0.321382 0
    outer loop
      vertex 81.5522 76.6654 7.01
      vertex 81.4681 76.4176 13
      vertex 81.4681 76.4176 7.01
    endloop
  endfacet
  facet normal -0.997862 -0.0653521 0
    outer loop
      vertex 85.4 75.9 7.01
      vertex 85.3829 76.1611 13
      vertex 85.3829 76.1611 7.01
    endloop
  endfacet
  facet normal -0.997862 -0.0653521 0
    outer loop
      vertex 85.3829 76.1611 13
      vertex 85.4 75.9 7.01
      vertex 85.4 75.9 13
    endloop
  endfacet
  facet normal -0.980727 -0.195381 0
    outer loop
      vertex 85.3829 76.1611 7.01
      vertex 85.3318 76.4176 13
      vertex 85.3318 76.4176 7.01
    endloop
  endfacet
  facet normal -0.980727 -0.195381 0
    outer loop
      vertex 85.3318 76.4176 13
      vertex 85.3829 76.1611 7.01
      vertex 85.3829 76.1611 13
    endloop
  endfacet
  facet normal -0.321382 -0.94695 0
    outer loop
      vertex 83.9176 77.8319 7.01
      vertex 84.1654 77.7478 13
      vertex 83.9176 77.8319 13
    endloop
  endfacet
  facet normal -0.321382 -0.94695 -0
    outer loop
      vertex 84.1654 77.7478 13
      vertex 83.9176 77.8319 7.01
      vertex 84.1654 77.7478 7.01
    endloop
  endfacet
  facet normal -0.442621 -0.896709 0
    outer loop
      vertex 84.1654 77.7478 7.01
      vertex 84.4 77.632 13
      vertex 84.1654 77.7478 13
    endloop
  endfacet
  facet normal -0.442621 -0.896709 -0
    outer loop
      vertex 84.4 77.632 13
      vertex 84.1654 77.7478 7.01
      vertex 84.4 77.632 7.01
    endloop
  endfacet
  facet normal 0.321382 0.94695 -0
    outer loop
      vertex 82.8824 73.9681 7.01
      vertex 82.6346 74.0522 13
      vertex 82.8824 73.9681 13
    endloop
  endfacet
  facet normal 0.321382 0.94695 0
    outer loop
      vertex 82.6346 74.0522 13
      vertex 82.8824 73.9681 7.01
      vertex 82.6346 74.0522 7.01
    endloop
  endfacet
  facet normal -0.896709 -0.442621 0
    outer loop
      vertex 85.2478 76.6654 7.01
      vertex 85.132 76.9 13
      vertex 85.132 76.9 7.01
    endloop
  endfacet
  facet normal -0.896709 -0.442621 0
    outer loop
      vertex 85.132 76.9 13
      vertex 85.2478 76.6654 7.01
      vertex 85.2478 76.6654 13
    endloop
  endfacet
  facet normal -0.751842 -0.659343 0
    outer loop
      vertex 84.9867 77.1175 7.01
      vertex 84.8142 77.3142 13
      vertex 84.8142 77.3142 7.01
    endloop
  endfacet
  facet normal -0.751842 -0.659343 0
    outer loop
      vertex 84.8142 77.3142 13
      vertex 84.9867 77.1175 7.01
      vertex 84.9867 77.1175 13
    endloop
  endfacet
  facet normal 0.997862 -0.0653521 0
    outer loop
      vertex 81.4 75.9 13
      vertex 81.4171 76.1611 7.01
      vertex 81.4171 76.1611 13
    endloop
  endfacet
  facet normal 0.997862 -0.0653521 0
    outer loop
      vertex 81.4171 76.1611 7.01
      vertex 81.4 75.9 13
      vertex 81.4 75.9 7.01
    endloop
  endfacet
  facet normal 0.555494 -0.831521 0
    outer loop
      vertex 82.1825 77.4867 7.01
      vertex 82.4 77.632 13
      vertex 82.1825 77.4867 13
    endloop
  endfacet
  facet normal 0.555494 -0.831521 0
    outer loop
      vertex 82.4 77.632 13
      vertex 82.1825 77.4867 7.01
      vertex 82.4 77.632 7.01
    endloop
  endfacet
  facet normal -0.19494 0.980815 0
    outer loop
      vertex 83.9176 73.9681 7.01
      vertex 83.661 73.9171 13
      vertex 83.9176 73.9681 13
    endloop
  endfacet
  facet normal -0.19494 0.980815 0
    outer loop
      vertex 83.661 73.9171 13
      vertex 83.9176 73.9681 7.01
      vertex 83.661 73.9171 7.01
    endloop
  endfacet
  facet normal 0 0 1
    outer loop
      vertex 85.3829 76.1611 7.01
      vertex 85.3829 75.6389 7.01
      vertex 85.4 75.9 7.01
    endloop
  endfacet
  facet normal 0 0 1
    outer loop
      vertex 85.3318 76.4176 7.01
      vertex 85.3829 75.6389 7.01
      vertex 85.3829 76.1611 7.01
    endloop
  endfacet
  facet normal 0 0 1
    outer loop
      vertex 85.3318 76.4176 7.01
      vertex 85.3318 75.3824 7.01
      vertex 85.3829 75.6389 7.01
    endloop
  endfacet
  facet normal 0 0 1
    outer loop
      vertex 85.2478 76.6654 7.01
      vertex 85.3318 75.3824 7.01
      vertex 85.3318 76.4176 7.01
    endloop
  endfacet
  facet normal 0 0 1
    outer loop
      vertex 85.2478 76.6654 7.01
      vertex 85.2478 75.1346 7.01
      vertex 85.3318 75.3824 7.01
    endloop
  endfacet
  facet normal 0 0 1
    outer loop
      vertex 85.132 76.9 7.01
      vertex 85.2478 75.1346 7.01
      vertex 85.2478 76.6654 7.01
    endloop
  endfacet
  facet normal 0 0 1
    outer loop
      vertex 85.132 76.9 7.01
      vertex 85.132 74.9 7.01
      vertex 85.2478 75.1346 7.01
    endloop
  endfacet
  facet normal 0 0 1
    outer loop
      vertex 84.9867 77.1175 7.01
      vertex 85.132 74.9 7.01
      vertex 85.132 76.9 7.01
    endloop
  endfacet
  facet normal 0 0 1
    outer loop
      vertex 84.9867 77.1175 7.01
      vertex 84.9867 74.6825 7.01
      vertex 85.132 74.9 7.01
    endloop
  endfacet
  facet normal 0 0 1
    outer loop
      vertex 84.8142 77.3142 7.01
      vertex 84.9867 74.6825 7.01
      vertex 84.9867 77.1175 7.01
    endloop
  endfacet
  facet normal 0 0 1
    outer loop
      vertex 84.8142 77.3142 7.01
      vertex 84.8142 74.4858 7.01
      vertex 84.9867 74.6825 7.01
    endloop
  endfacet
  facet normal 0 0 1
    outer loop
      vertex 84.6175 77.4867 7.01
      vertex 84.8142 74.4858 7.01
      vertex 84.8142 77.3142 7.01
    endloop
  endfacet
  facet normal 0 0 1
    outer loop
      vertex 84.6175 77.4867 7.01
      vertex 84.6175 74.3133 7.01
      vertex 84.8142 74.4858 7.01
    endloop
  endfacet
  facet normal 0 0 1
    outer loop
      vertex 84.4 77.632 7.01
      vertex 84.6175 74.3133 7.01
      vertex 84.6175 77.4867 7.01
    endloop
  endfacet
  facet normal 0 0 1
    outer loop
      vertex 84.4 77.632 7.01
      vertex 84.4 74.168 7.01
      vertex 84.6175 74.3133 7.01
    endloop
  endfacet
  facet normal 0 0 1
    outer loop
      vertex 84.1654 77.7478 7.01
      vertex 84.4 74.168 7.01
      vertex 84.4 77.632 7.01
    endloop
  endfacet
  facet normal 0 0 1
    outer loop
      vertex 84.1654 77.7478 7.01
      vertex 84.1654 74.0522 7.01
      vertex 84.4 74.168 7.01
    endloop
  endfacet
  facet normal 0 0 1
    outer loop
      vertex 83.9176 77.8319 7.01
      vertex 84.1654 74.0522 7.01
      vertex 84.1654 77.7478 7.01
    endloop
  endfacet
  facet normal 0 0 1
    outer loop
      vertex 83.9176 77.8319 7.01
      vertex 83.9176 73.9681 7.01
      vertex 84.1654 74.0522 7.01
    endloop
  endfacet
  facet normal 0 0 1
    outer loop
      vertex 83.661 77.8829 7.01
      vertex 83.9176 73.9681 7.01
      vertex 83.9176 77.8319 7.01
    endloop
  endfacet
  facet normal 0 0 1
    outer loop
      vertex 83.661 77.8829 7.01
      vertex 83.661 73.9171 7.01
      vertex 83.9176 73.9681 7.01
    endloop
  endfacet
  facet normal 0 0 1
    outer loop
      vertex 83.4 77.9 7.01
      vertex 83.661 73.9171 7.01
      vertex 83.661 77.8829 7.01
    endloop
  endfacet
  facet normal 0 0 1
    outer loop
      vertex 83.4 77.9 7.01
      vertex 83.4 73.9 7.01
      vertex 83.661 73.9171 7.01
    endloop
  endfacet
  facet normal -0 0 1
    outer loop
      vertex 83.1389 77.8829 7.01
      vertex 83.4 73.9 7.01
      vertex 83.4 77.9 7.01
    endloop
  endfacet
  facet normal 0 0 1
    outer loop
      vertex 83.1389 77.8829 7.01
      vertex 83.1389 73.9171 7.01
      vertex 83.4 73.9 7.01
    endloop
  endfacet
  facet normal -0 0 1
    outer loop
      vertex 82.8824 77.8319 7.01
      vertex 83.1389 73.9171 7.01
      vertex 83.1389 77.8829 7.01
    endloop
  endfacet
  facet normal 0 0 1
    outer loop
      vertex 82.8824 77.8319 7.01
      vertex 82.8824 73.9681 7.01
      vertex 83.1389 73.9171 7.01
    endloop
  endfacet
  facet normal -0 0 1
    outer loop
      vertex 82.6346 77.7478 7.01
      vertex 82.8824 73.9681 7.01
      vertex 82.8824 77.8319 7.01
    endloop
  endfacet
  facet normal 0 0 1
    outer loop
      vertex 82.6346 77.7478 7.01
      vertex 82.6346 74.0522 7.01
      vertex 82.8824 73.9681 7.01
    endloop
  endfacet
  facet normal -0 0 1
    outer loop
      vertex 82.4 77.632 7.01
      vertex 82.6346 74.0522 7.01
      vertex 82.6346 77.7478 7.01
    endloop
  endfacet
  facet normal 0 0 1
    outer loop
      vertex 82.4 77.632 7.01
      vertex 82.4 74.168 7.01
      vertex 82.6346 74.0522 7.01
    endloop
  endfacet
  facet normal -0 0 1
    outer loop
      vertex 82.1825 77.4867 7.01
      vertex 82.4 74.168 7.01
      vertex 82.4 77.632 7.01
    endloop
  endfacet
  facet normal 0 0 1
    outer loop
      vertex 82.1825 77.4867 7.01
      vertex 82.1825 74.3133 7.01
      vertex 82.4 74.168 7.01
    endloop
  endfacet
  facet normal -0 0 1
    outer loop
      vertex 81.9858 77.3142 7.01
      vertex 82.1825 74.3133 7.01
      vertex 82.1825 77.4867 7.01
    endloop
  endfacet
  facet normal 0 0 1
    outer loop
      vertex 81.9858 77.3142 7.01
      vertex 81.9858 74.4858 7.01
      vertex 82.1825 74.3133 7.01
    endloop
  endfacet
  facet normal -0 0 1
    outer loop
      vertex 81.8133 77.1175 7.01
      vertex 81.9858 74.4858 7.01
      vertex 81.9858 77.3142 7.01
    endloop
  endfacet
  facet normal 0 0 1
    outer loop
      vertex 81.8133 77.1175 7.01
      vertex 81.8133 74.6825 7.01
      vertex 81.9858 74.4858 7.01
    endloop
  endfacet
  facet normal -0 0 1
    outer loop
      vertex 81.6679 76.9 7.01
      vertex 81.8133 74.6825 7.01
      vertex 81.8133 77.1175 7.01
    endloop
  endfacet
  facet normal 0 0 1
    outer loop
      vertex 81.6679 76.9 7.01
      vertex 81.6679 74.9 7.01
      vertex 81.8133 74.6825 7.01
    endloop
  endfacet
  facet normal -0 0 1
    outer loop
      vertex 81.5522 76.6654 7.01
      vertex 81.6679 74.9 7.01
      vertex 81.6679 76.9 7.01
    endloop
  endfacet
  facet normal 0 0 1
    outer loop
      vertex 81.5522 76.6654 7.01
      vertex 81.5522 75.1346 7.01
      vertex 81.6679 74.9 7.01
    endloop
  endfacet
  facet normal -0 0 1
    outer loop
      vertex 81.4681 76.4176 7.01
      vertex 81.5522 75.1346 7.01
      vertex 81.5522 76.6654 7.01
    endloop
  endfacet
  facet normal 0 0 1
    outer loop
      vertex 81.4681 76.4176 7.01
      vertex 81.4681 75.3824 7.01
      vertex 81.5522 75.1346 7.01
    endloop
  endfacet
  facet normal -0 0 1
    outer loop
      vertex 81.4171 76.1611 7.01
      vertex 81.4681 75.3824 7.01
      vertex 81.4681 76.4176 7.01
    endloop
  endfacet
  facet normal 0 0 1
    outer loop
      vertex 81.4171 76.1611 7.01
      vertex 81.4171 75.6389 7.01
      vertex 81.4681 75.3824 7.01
    endloop
  endfacet
  facet normal 0 -0 1
    outer loop
      vertex 81.4171 75.6389 7.01
      vertex 81.4171 76.1611 7.01
      vertex 81.4 75.9 7.01
    endloop
  endfacet
  facet normal -0.659343 -0.751842 0
    outer loop
      vertex 84.6175 77.4867 7.01
      vertex 84.8142 77.3142 13
      vertex 84.6175 77.4867 13
    endloop
  endfacet
  facet normal -0.659343 -0.751842 -0
    outer loop
      vertex 84.8142 77.3142 13
      vertex 84.6175 77.4867 7.01
      vertex 84.8142 77.3142 7.01
    endloop
  endfacet
  facet normal -0.980741 0.195315 0
    outer loop
      vertex 85.3318 5.98236 7.01
      vertex 85.3829 6.23895 13
      vertex 85.3829 6.23895 7.01
    endloop
  endfacet
  facet normal -0.980741 0.195315 0
    outer loop
      vertex 85.3829 6.23895 13
      vertex 85.3318 5.98236 7.01
      vertex 85.3318 5.98236 13
    endloop
  endfacet
  facet normal -0.997861 0.0653646 0
    outer loop
      vertex 85.3829 6.23895 7.01
      vertex 85.4 6.5 13
      vertex 85.4 6.5 7.01
    endloop
  endfacet
  facet normal -0.997861 0.0653646 0
    outer loop
      vertex 85.4 6.5 13
      vertex 85.3829 6.23895 7.01
      vertex 85.3829 6.23895 13
    endloop
  endfacet
  facet normal -0.947038 0.321121 0
    outer loop
      vertex 85.2478 5.73463 7.01
      vertex 85.3318 5.98236 13
      vertex 85.3318 5.98236 7.01
    endloop
  endfacet
  facet normal -0.947038 0.321121 0
    outer loop
      vertex 85.3318 5.98236 13
      vertex 85.2478 5.73463 7.01
      vertex 85.2478 5.73463 13
    endloop
  endfacet
  facet normal 0.321348 0.946961 -0
    outer loop
      vertex 82.8824 4.56815 7.01
      vertex 82.6346 4.65224 13
      vertex 82.8824 4.56815 13
    endloop
  endfacet
  facet normal 0.321348 0.946961 0
    outer loop
      vertex 82.6346 4.65224 13
      vertex 82.8824 4.56815 7.01
      vertex 82.6346 4.65224 7.01
    endloop
  endfacet
  facet normal 0.751826 -0.659362 0
    outer loop
      vertex 81.8133 7.71752 13
      vertex 81.9858 7.91421 7.01
      vertex 81.9858 7.91421 13
    endloop
  endfacet
  facet normal 0.751826 -0.659362 0
    outer loop
      vertex 81.9858 7.91421 7.01
      vertex 81.8133 7.71752 13
      vertex 81.8133 7.71752 7.01
    endloop
  endfacet
  facet normal 0.19516 0.980771 -0
    outer loop
      vertex 83.1389 4.51711 7.01
      vertex 82.8824 4.56815 13
      vertex 83.1389 4.51711 13
    endloop
  endfacet
  facet normal 0.19516 0.980771 0
    outer loop
      vertex 82.8824 4.56815 13
      vertex 83.1389 4.51711 7.01
      vertex 82.8824 4.56815 7.01
    endloop
  endfacet
  facet normal -0.831544 0.555459 0
    outer loop
      vertex 84.9867 5.28248 7.01
      vertex 85.132 5.5 13
      vertex 85.132 5.5 7.01
    endloop
  endfacet
  facet normal -0.831544 0.555459 0
    outer loop
      vertex 85.132 5.5 13
      vertex 84.9867 5.28248 7.01
      vertex 84.9867 5.28248 13
    endloop
  endfacet
  facet normal 0.946922 -0.321463 0
    outer loop
      vertex 81.4681 7.01764 13
      vertex 81.5522 7.26537 7.01
      vertex 81.5522 7.26537 13
    endloop
  endfacet
  facet normal 0.946922 -0.321463 0
    outer loop
      vertex 81.5522 7.26537 7.01
      vertex 81.4681 7.01764 13
      vertex 81.4681 7.01764 7.01
    endloop
  endfacet
  facet normal -0.442344 -0.896845 0
    outer loop
      vertex 84.1654 8.34776 7.01
      vertex 84.4 8.23205 13
      vertex 84.1654 8.34776 13
    endloop
  endfacet
  facet normal -0.442344 -0.896845 -0
    outer loop
      vertex 84.4 8.23205 13
      vertex 84.1654 8.34776 7.01
      vertex 84.4 8.23205 7.01
    endloop
  endfacet
  facet normal -0.896731 0.442575 0
    outer loop
      vertex 85.132 5.5 7.01
      vertex 85.2478 5.73463 13
      vertex 85.2478 5.73463 7.01
    endloop
  endfacet
  facet normal -0.896731 0.442575 0
    outer loop
      vertex 85.2478 5.73463 13
      vertex 85.132 5.5 7.01
      vertex 85.132 5.5 13
    endloop
  endfacet
  facet normal -0.442344 0.896845 0
    outer loop
      vertex 84.4 4.76795 7.01
      vertex 84.1654 4.65224 13
      vertex 84.4 4.76795 13
    endloop
  endfacet
  facet normal -0.442344 0.896845 0
    outer loop
      vertex 84.1654 4.65224 13
      vertex 84.4 4.76795 7.01
      vertex 84.1654 4.65224 7.01
    endloop
  endfacet
  facet normal -0.195087 -0.980786 0
    outer loop
      vertex 83.661 8.48289 7.01
      vertex 83.9176 8.43185 13
      vertex 83.661 8.48289 13
    endloop
  endfacet
  facet normal -0.195087 -0.980786 -0
    outer loop
      vertex 83.9176 8.43185 13
      vertex 83.661 8.48289 7.01
      vertex 83.9176 8.43185 7.01
    endloop
  endfacet
  facet normal -0.831544 -0.555459 0
    outer loop
      vertex 85.132 7.5 7.01
      vertex 84.9867 7.71752 13
      vertex 84.9867 7.71752 7.01
    endloop
  endfacet
  facet normal -0.831544 -0.555459 0
    outer loop
      vertex 84.9867 7.71752 13
      vertex 85.132 7.5 7.01
      vertex 85.132 7.5 13
    endloop
  endfacet
  facet normal 0.751826 0.659362 0
    outer loop
      vertex 81.9858 5.08579 13
      vertex 81.8133 5.28248 7.01
      vertex 81.8133 5.28248 13
    endloop
  endfacet
  facet normal 0.751826 0.659362 0
    outer loop
      vertex 81.8133 5.28248 7.01
      vertex 81.9858 5.08579 13
      vertex 81.9858 5.08579 7.01
    endloop
  endfacet
  facet normal -0.659343 0.751842 0
    outer loop
      vertex 84.8142 5.08579 7.01
      vertex 84.6175 4.91329 13
      vertex 84.8142 5.08579 13
    endloop
  endfacet
  facet normal -0.659343 0.751842 0
    outer loop
      vertex 84.6175 4.91329 13
      vertex 84.8142 5.08579 7.01
      vertex 84.6175 4.91329 7.01
    endloop
  endfacet
  facet normal 0.831368 -0.555723 0
    outer loop
      vertex 81.6679 7.5 13
      vertex 81.8133 7.71752 7.01
      vertex 81.8133 7.71752 13
    endloop
  endfacet
  facet normal 0.831368 -0.555723 0
    outer loop
      vertex 81.8133 7.71752 7.01
      vertex 81.6679 7.5 13
      vertex 81.6679 7.5 7.01
    endloop
  endfacet
  facet normal -0.5556 0.83145 0
    outer loop
      vertex 84.6175 4.91329 7.01
      vertex 84.4 4.76795 13
      vertex 84.6175 4.91329 13
    endloop
  endfacet
  facet normal -0.5556 0.83145 0
    outer loop
      vertex 84.4 4.76795 13
      vertex 84.6175 4.91329 7.01
      vertex 84.4 4.76795 7.01
    endloop
  endfacet
  facet normal -0.659343 -0.751842 0
    outer loop
      vertex 84.6175 8.08671 7.01
      vertex 84.8142 7.91421 13
      vertex 84.6175 8.08671 13
    endloop
  endfacet
  facet normal -0.659343 -0.751842 -0
    outer loop
      vertex 84.8142 7.91421 13
      vertex 84.6175 8.08671 7.01
      vertex 84.8142 7.91421 7.01
    endloop
  endfacet
  facet normal -0.751826 0.659362 0
    outer loop
      vertex 84.8142 5.08579 7.01
      vertex 84.9867 5.28248 13
      vertex 84.9867 5.28248 7.01
    endloop
  endfacet
  facet normal -0.751826 0.659362 0
    outer loop
      vertex 84.9867 5.28248 13
      vertex 84.8142 5.08579 7.01
      vertex 84.8142 5.08579 13
    endloop
  endfacet
  facet normal -0.896731 -0.442575 0
    outer loop
      vertex 85.2478 7.26537 7.01
      vertex 85.132 7.5 13
      vertex 85.132 7.5 7.01
    endloop
  endfacet
  facet normal -0.896731 -0.442575 0
    outer loop
      vertex 85.132 7.5 13
      vertex 85.2478 7.26537 7.01
      vertex 85.2478 7.26537 13
    endloop
  endfacet
  facet normal -0.751826 -0.659362 0
    outer loop
      vertex 84.9867 7.71752 7.01
      vertex 84.8142 7.91421 13
      vertex 84.8142 7.91421 7.01
    endloop
  endfacet
  facet normal -0.751826 -0.659362 0
    outer loop
      vertex 84.8142 7.91421 13
      vertex 84.9867 7.71752 7.01
      vertex 84.9867 7.71752 13
    endloop
  endfacet
  facet normal -0.997861 -0.0653646 0
    outer loop
      vertex 85.4 6.5 7.01
      vertex 85.3829 6.76105 13
      vertex 85.3829 6.76105 7.01
    endloop
  endfacet
  facet normal -0.997861 -0.0653646 0
    outer loop
      vertex 85.3829 6.76105 13
      vertex 85.4 6.5 7.01
      vertex 85.4 6.5 13
    endloop
  endfacet
  facet normal 0.442344 0.896845 -0
    outer loop
      vertex 82.6346 4.65224 7.01
      vertex 82.4 4.76795 13
      vertex 82.6346 4.65224 13
    endloop
  endfacet
  facet normal 0.442344 0.896845 0
    outer loop
      vertex 82.4 4.76795 13
      vertex 82.6346 4.65224 7.01
      vertex 82.4 4.76795 7.01
    endloop
  endfacet
  facet normal 0 0 1
    outer loop
      vertex 85.3829 6.76105 7.01
      vertex 85.3829 6.23895 7.01
      vertex 85.4 6.5 7.01
    endloop
  endfacet
  facet normal 0 0 1
    outer loop
      vertex 85.3318 7.01764 7.01
      vertex 85.3829 6.23895 7.01
      vertex 85.3829 6.76105 7.01
    endloop
  endfacet
  facet normal 0 0 1
    outer loop
      vertex 85.3318 7.01764 7.01
      vertex 85.3318 5.98236 7.01
      vertex 85.3829 6.23895 7.01
    endloop
  endfacet
  facet normal 0 0 1
    outer loop
      vertex 85.2478 7.26537 7.01
      vertex 85.3318 5.98236 7.01
      vertex 85.3318 7.01764 7.01
    endloop
  endfacet
  facet normal 0 0 1
    outer loop
      vertex 85.2478 7.26537 7.01
      vertex 85.2478 5.73463 7.01
      vertex 85.3318 5.98236 7.01
    endloop
  endfacet
  facet normal 0 0 1
    outer loop
      vertex 85.132 7.5 7.01
      vertex 85.2478 5.73463 7.01
      vertex 85.2478 7.26537 7.01
    endloop
  endfacet
  facet normal 0 0 1
    outer loop
      vertex 85.132 7.5 7.01
      vertex 85.132 5.5 7.01
      vertex 85.2478 5.73463 7.01
    endloop
  endfacet
  facet normal 0 0 1
    outer loop
      vertex 84.9867 7.71752 7.01
      vertex 85.132 5.5 7.01
      vertex 85.132 7.5 7.01
    endloop
  endfacet
  facet normal 0 0 1
    outer loop
      vertex 84.9867 7.71752 7.01
      vertex 84.9867 5.28248 7.01
      vertex 85.132 5.5 7.01
    endloop
  endfacet
  facet normal 0 0 1
    outer loop
      vertex 84.8142 7.91421 7.01
      vertex 84.9867 5.28248 7.01
      vertex 84.9867 7.71752 7.01
    endloop
  endfacet
  facet normal 0 0 1
    outer loop
      vertex 84.8142 7.91421 7.01
      vertex 84.8142 5.08579 7.01
      vertex 84.9867 5.28248 7.01
    endloop
  endfacet
  facet normal 0 0 1
    outer loop
      vertex 84.6175 8.08671 7.01
      vertex 84.8142 5.08579 7.01
      vertex 84.8142 7.91421 7.01
    endloop
  endfacet
  facet normal 0 0 1
    outer loop
      vertex 84.6175 8.08671 7.01
      vertex 84.6175 4.91329 7.01
      vertex 84.8142 5.08579 7.01
    endloop
  endfacet
  facet normal 0 0 1
    outer loop
      vertex 84.4 8.23205 7.01
      vertex 84.6175 4.91329 7.01
      vertex 84.6175 8.08671 7.01
    endloop
  endfacet
  facet normal 0 0 1
    outer loop
      vertex 84.4 8.23205 7.01
      vertex 84.4 4.76795 7.01
      vertex 84.6175 4.91329 7.01
    endloop
  endfacet
  facet normal 0 0 1
    outer loop
      vertex 84.1654 8.34776 7.01
      vertex 84.4 4.76795 7.01
      vertex 84.4 8.23205 7.01
    endloop
  endfacet
  facet normal 0 0 1
    outer loop
      vertex 84.1654 8.34776 7.01
      vertex 84.1654 4.65224 7.01
      vertex 84.4 4.76795 7.01
    endloop
  endfacet
  facet normal 0 0 1
    outer loop
      vertex 83.9176 8.43185 7.01
      vertex 84.1654 4.65224 7.01
      vertex 84.1654 8.34776 7.01
    endloop
  endfacet
  facet normal 0 0 1
    outer loop
      vertex 83.9176 8.43185 7.01
      vertex 83.9176 4.56815 7.01
      vertex 84.1654 4.65224 7.01
    endloop
  endfacet
  facet normal 0 0 1
    outer loop
      vertex 83.661 8.48289 7.01
      vertex 83.9176 4.56815 7.01
      vertex 83.9176 8.43185 7.01
    endloop
  endfacet
  facet normal 0 0 1
    outer loop
      vertex 83.661 8.48289 7.01
      vertex 83.661 4.51711 7.01
      vertex 83.9176 4.56815 7.01
    endloop
  endfacet
  facet normal 0 0 1
    outer loop
      vertex 83.4 8.5 7.01
      vertex 83.661 4.51711 7.01
      vertex 83.661 8.48289 7.01
    endloop
  endfacet
  facet normal 0 0 1
    outer loop
      vertex 83.4 8.5 7.01
      vertex 83.4 4.5 7.01
      vertex 83.661 4.51711 7.01
    endloop
  endfacet
  facet normal -0 0 1
    outer loop
      vertex 83.1389 8.48289 7.01
      vertex 83.4 4.5 7.01
      vertex 83.4 8.5 7.01
    endloop
  endfacet
  facet normal 0 0 1
    outer loop
      vertex 83.1389 8.48289 7.01
      vertex 83.1389 4.51711 7.01
      vertex 83.4 4.5 7.01
    endloop
  endfacet
  facet normal -0 0 1
    outer loop
      vertex 82.8824 8.43185 7.01
      vertex 83.1389 4.51711 7.01
      vertex 83.1389 8.48289 7.01
    endloop
  endfacet
  facet normal 0 0 1
    outer loop
      vertex 82.8824 8.43185 7.01
      vertex 82.8824 4.56815 7.01
      vertex 83.1389 4.51711 7.01
    endloop
  endfacet
  facet normal -0 0 1
    outer loop
      vertex 82.6346 8.34776 7.01
      vertex 82.8824 4.56815 7.01
      vertex 82.8824 8.43185 7.01
    endloop
  endfacet
  facet normal 0 0 1
    outer loop
      vertex 82.6346 8.34776 7.01
      vertex 82.6346 4.65224 7.01
      vertex 82.8824 4.56815 7.01
    endloop
  endfacet
  facet normal -0 0 1
    outer loop
      vertex 82.4 8.23205 7.01
      vertex 82.6346 4.65224 7.01
      vertex 82.6346 8.34776 7.01
    endloop
  endfacet
  facet normal 0 0 1
    outer loop
      vertex 82.4 8.23205 7.01
      vertex 82.4 4.76795 7.01
      vertex 82.6346 4.65224 7.01
    endloop
  endfacet
  facet normal -0 0 1
    outer loop
      vertex 82.1825 8.08671 7.01
      vertex 82.4 4.76795 7.01
      vertex 82.4 8.23205 7.01
    endloop
  endfacet
  facet normal 0 0 1
    outer loop
      vertex 82.1825 8.08671 7.01
      vertex 82.1825 4.91329 7.01
      vertex 82.4 4.76795 7.01
    endloop
  endfacet
  facet normal -0 0 1
    outer loop
      vertex 81.9858 7.91421 7.01
      vertex 82.1825 4.91329 7.01
      vertex 82.1825 8.08671 7.01
    endloop
  endfacet
  facet normal 0 0 1
    outer loop
      vertex 81.9858 7.91421 7.01
      vertex 81.9858 5.08579 7.01
      vertex 82.1825 4.91329 7.01
    endloop
  endfacet
  facet normal -0 0 1
    outer loop
      vertex 81.8133 7.71752 7.01
      vertex 81.9858 5.08579 7.01
      vertex 81.9858 7.91421 7.01
    endloop
  endfacet
  facet normal 0 0 1
    outer loop
      vertex 81.8133 7.71752 7.01
      vertex 81.8133 5.28248 7.01
      vertex 81.9858 5.08579 7.01
    endloop
  endfacet
  facet normal -0 0 1
    outer loop
      vertex 81.6679 7.5 7.01
      vertex 81.8133 5.28248 7.01
      vertex 81.8133 7.71752 7.01
    endloop
  endfacet
  facet normal 0 0 1
    outer loop
      vertex 81.6679 7.5 7.01
      vertex 81.6679 5.5 7.01
      vertex 81.8133 5.28248 7.01
    endloop
  endfacet
  facet normal -0 0 1
    outer loop
      vertex 81.5522 7.26537 7.01
      vertex 81.6679 5.5 7.01
      vertex 81.6679 7.5 7.01
    endloop
  endfacet
  facet normal 0 0 1
    outer loop
      vertex 81.5522 7.26537 7.01
      vertex 81.5522 5.73463 7.01
      vertex 81.6679 5.5 7.01
    endloop
  endfacet
  facet normal -0 0 1
    outer loop
      vertex 81.4681 7.01764 7.01
      vertex 81.5522 5.73463 7.01
      vertex 81.5522 7.26537 7.01
    endloop
  endfacet
  facet normal 0 0 1
    outer loop
      vertex 81.4681 7.01764 7.01
      vertex 81.4681 5.98236 7.01
      vertex 81.5522 5.73463 7.01
    endloop
  endfacet
  facet normal -0 0 1
    outer loop
      vertex 81.4171 6.76105 7.01
      vertex 81.4681 5.98236 7.01
      vertex 81.4681 7.01764 7.01
    endloop
  endfacet
  facet normal 0 0 1
    outer loop
      vertex 81.4171 6.76105 7.01
      vertex 81.4171 6.23895 7.01
      vertex 81.4681 5.98236 7.01
    endloop
  endfacet
  facet normal 0 -0 1
    outer loop
      vertex 81.4171 6.23895 7.01
      vertex 81.4171 6.76105 7.01
      vertex 81.4 6.5 7.01
    endloop
  endfacet
  facet normal 0.831368 0.555723 0
    outer loop
      vertex 81.8133 5.28248 13
      vertex 81.6679 5.5 7.01
      vertex 81.6679 5.5 13
    endloop
  endfacet
  facet normal 0.831368 0.555723 0
    outer loop
      vertex 81.6679 5.5 7.01
      vertex 81.8133 5.28248 13
      vertex 81.8133 5.28248 7.01
    endloop
  endfacet
  facet normal -0.980741 -0.195315 0
    outer loop
      vertex 85.3829 6.76105 7.01
      vertex 85.3318 7.01764 13
      vertex 85.3318 7.01764 7.01
    endloop
  endfacet
  facet normal -0.980741 -0.195315 0
    outer loop
      vertex 85.3318 7.01764 13
      vertex 85.3829 6.76105 7.01
      vertex 85.3829 6.76105 13
    endloop
  endfacet
  facet normal -0.5556 -0.83145 0
    outer loop
      vertex 84.4 8.23205 7.01
      vertex 84.6175 8.08671 13
      vertex 84.4 8.23205 13
    endloop
  endfacet
  facet normal -0.5556 -0.83145 -0
    outer loop
      vertex 84.6175 8.08671 13
      vertex 84.4 8.23205 7.01
      vertex 84.6175 8.08671 7.01
    endloop
  endfacet
  facet normal 0.896883 -0.442268 0
    outer loop
      vertex 81.5522 7.26537 13
      vertex 81.6679 7.5 7.01
      vertex 81.6679 7.5 13
    endloop
  endfacet
  facet normal 0.896883 -0.442268 0
    outer loop
      vertex 81.6679 7.5 7.01
      vertex 81.5522 7.26537 13
      vertex 81.5522 7.26537 7.01
    endloop
  endfacet
  facet normal 0.997861 -0.0653646 0
    outer loop
      vertex 81.4 6.5 13
      vertex 81.4171 6.76105 7.01
      vertex 81.4171 6.76105 13
    endloop
  endfacet
  facet normal 0.997861 -0.0653646 0
    outer loop
      vertex 81.4171 6.76105 7.01
      vertex 81.4 6.5 13
      vertex 81.4 6.5 7.01
    endloop
  endfacet
  facet normal 0.946922 0.321463 0
    outer loop
      vertex 81.5522 5.73463 13
      vertex 81.4681 5.98236 7.01
      vertex 81.4681 5.98236 13
    endloop
  endfacet
  facet normal 0.946922 0.321463 0
    outer loop
      vertex 81.4681 5.98236 7.01
      vertex 81.5522 5.73463 13
      vertex 81.5522 5.73463 7.01
    endloop
  endfacet
  facet normal 0.5556 0.83145 -0
    outer loop
      vertex 82.4 4.76795 7.01
      vertex 82.1825 4.91329 13
      vertex 82.4 4.76795 13
    endloop
  endfacet
  facet normal 0.5556 0.83145 0
    outer loop
      vertex 82.1825 4.91329 13
      vertex 82.4 4.76795 7.01
      vertex 82.1825 4.91329 7.01
    endloop
  endfacet
  facet normal 0.321348 -0.946961 0
    outer loop
      vertex 82.6346 8.34776 7.01
      vertex 82.8824 8.43185 13
      vertex 82.6346 8.34776 13
    endloop
  endfacet
  facet normal 0.321348 -0.946961 0
    outer loop
      vertex 82.8824 8.43185 13
      vertex 82.6346 8.34776 7.01
      vertex 82.8824 8.43185 7.01
    endloop
  endfacet
  facet normal 0.5556 -0.83145 0
    outer loop
      vertex 82.1825 8.08671 7.01
      vertex 82.4 8.23205 13
      vertex 82.1825 8.08671 13
    endloop
  endfacet
  facet normal 0.5556 -0.83145 0
    outer loop
      vertex 82.4 8.23205 13
      vertex 82.1825 8.08671 7.01
      vertex 82.4 8.23205 7.01
    endloop
  endfacet
  facet normal 0.659343 -0.751842 0
    outer loop
      vertex 81.9858 7.91421 7.01
      vertex 82.1825 8.08671 13
      vertex 81.9858 7.91421 13
    endloop
  endfacet
  facet normal 0.659343 -0.751842 0
    outer loop
      vertex 82.1825 8.08671 13
      vertex 81.9858 7.91421 7.01
      vertex 82.1825 8.08671 7.01
    endloop
  endfacet
  facet normal -0.321348 -0.946961 0
    outer loop
      vertex 83.9176 8.43185 7.01
      vertex 84.1654 8.34776 13
      vertex 83.9176 8.43185 13
    endloop
  endfacet
  facet normal -0.321348 -0.946961 -0
    outer loop
      vertex 84.1654 8.34776 13
      vertex 83.9176 8.43185 7.01
      vertex 84.1654 8.34776 7.01
    endloop
  endfacet
  facet normal -0.321348 0.946961 0
    outer loop
      vertex 84.1654 4.65224 7.01
      vertex 83.9176 4.56815 13
      vertex 84.1654 4.65224 13
    endloop
  endfacet
  facet normal -0.321348 0.946961 0
    outer loop
      vertex 83.9176 4.56815 13
      vertex 84.1654 4.65224 7.01
      vertex 83.9176 4.56815 7.01
    endloop
  endfacet
  facet normal 0.980814 -0.194947 0
    outer loop
      vertex 81.4171 6.76105 13
      vertex 81.4681 7.01764 7.01
      vertex 81.4681 7.01764 13
    endloop
  endfacet
  facet normal 0.980814 -0.194947 0
    outer loop
      vertex 81.4681 7.01764 7.01
      vertex 81.4171 6.76105 13
      vertex 81.4171 6.76105 7.01
    endloop
  endfacet
  facet normal 0.442344 -0.896845 0
    outer loop
      vertex 82.4 8.23205 7.01
      vertex 82.6346 8.34776 13
      vertex 82.4 8.23205 13
    endloop
  endfacet
  facet normal 0.442344 -0.896845 0
    outer loop
      vertex 82.6346 8.34776 13
      vertex 82.4 8.23205 7.01
      vertex 82.6346 8.34776 7.01
    endloop
  endfacet
  facet normal 0.0653902 0.99786 -0
    outer loop
      vertex 83.4 4.5 7.01
      vertex 83.1389 4.51711 13
      vertex 83.4 4.5 13
    endloop
  endfacet
  facet normal 0.0653902 0.99786 0
    outer loop
      vertex 83.1389 4.51711 13
      vertex 83.4 4.5 7.01
      vertex 83.1389 4.51711 7.01
    endloop
  endfacet
  facet normal 0.980814 0.194947 0
    outer loop
      vertex 81.4681 5.98236 13
      vertex 81.4171 6.23895 7.01
      vertex 81.4171 6.23895 13
    endloop
  endfacet
  facet normal 0.980814 0.194947 0
    outer loop
      vertex 81.4171 6.23895 7.01
      vertex 81.4681 5.98236 13
      vertex 81.4681 5.98236 7.01
    endloop
  endfacet
  facet normal 0.896883 0.442268 0
    outer loop
      vertex 81.6679 5.5 13
      vertex 81.5522 5.73463 7.01
      vertex 81.5522 5.73463 13
    endloop
  endfacet
  facet normal 0.896883 0.442268 0
    outer loop
      vertex 81.5522 5.73463 7.01
      vertex 81.6679 5.5 13
      vertex 81.6679 5.5 7.01
    endloop
  endfacet
  facet normal 0.997861 0.0653646 0
    outer loop
      vertex 81.4171 6.23895 13
      vertex 81.4 6.5 7.01
      vertex 81.4 6.5 13
    endloop
  endfacet
  facet normal 0.997861 0.0653646 0
    outer loop
      vertex 81.4 6.5 7.01
      vertex 81.4171 6.23895 13
      vertex 81.4171 6.23895 7.01
    endloop
  endfacet
  facet normal -0.947038 -0.321121 0
    outer loop
      vertex 85.3318 7.01764 7.01
      vertex 85.2478 7.26537 13
      vertex 85.2478 7.26537 7.01
    endloop
  endfacet
  facet normal -0.947038 -0.321121 0
    outer loop
      vertex 85.2478 7.26537 13
      vertex 85.3318 7.01764 7.01
      vertex 85.3318 7.01764 13
    endloop
  endfacet
  facet normal -0.0654151 -0.997858 0
    outer loop
      vertex 83.4 8.5 7.01
      vertex 83.661 8.48289 13
      vertex 83.4 8.5 13
    endloop
  endfacet
  facet normal -0.0654151 -0.997858 -0
    outer loop
      vertex 83.661 8.48289 13
      vertex 83.4 8.5 7.01
      vertex 83.661 8.48289 7.01
    endloop
  endfacet
  facet normal 0.19516 -0.980771 0
    outer loop
      vertex 82.8824 8.43185 7.01
      vertex 83.1389 8.48289 13
      vertex 82.8824 8.43185 13
    endloop
  endfacet
  facet normal 0.19516 -0.980771 0
    outer loop
      vertex 83.1389 8.48289 13
      vertex 82.8824 8.43185 7.01
      vertex 83.1389 8.48289 7.01
    endloop
  endfacet
  facet normal 0.659343 0.751842 -0
    outer loop
      vertex 82.1825 4.91329 7.01
      vertex 81.9858 5.08579 13
      vertex 82.1825 4.91329 13
    endloop
  endfacet
  facet normal 0.659343 0.751842 0
    outer loop
      vertex 81.9858 5.08579 13
      vertex 82.1825 4.91329 7.01
      vertex 81.9858 5.08579 7.01
    endloop
  endfacet
  facet normal -0.0654151 0.997858 0
    outer loop
      vertex 83.661 4.51711 7.01
      vertex 83.4 4.5 13
      vertex 83.661 4.51711 13
    endloop
  endfacet
  facet normal -0.0654151 0.997858 0
    outer loop
      vertex 83.4 4.5 13
      vertex 83.661 4.51711 7.01
      vertex 83.4 4.5 7.01
    endloop
  endfacet
  facet normal -0.195087 0.980786 0
    outer loop
      vertex 83.9176 4.56815 7.01
      vertex 83.661 4.51711 13
      vertex 83.9176 4.56815 13
    endloop
  endfacet
  facet normal -0.195087 0.980786 0
    outer loop
      vertex 83.661 4.51711 13
      vertex 83.9176 4.56815 7.01
      vertex 83.661 4.51711 7.01
    endloop
  endfacet
  facet normal 0.0653902 -0.99786 0
    outer loop
      vertex 83.1389 8.48289 7.01
      vertex 83.4 8.5 13
      vertex 83.1389 8.48289 13
    endloop
  endfacet
  facet normal 0.0653902 -0.99786 0
    outer loop
      vertex 83.4 8.5 13
      vertex 83.1389 8.48289 7.01
      vertex 83.4 8.5 7.01
    endloop
  endfacet
  facet normal -1 0 0
    outer loop
      vertex 29.6 1 17.4
      vertex 29.6 2.00001 20.8
      vertex 29.6 2.00001 17.4
    endloop
  endfacet
  facet normal -1 -0 0
    outer loop
      vertex 29.6 2.00001 20.8
      vertex 29.6 1 17.4
      vertex 29.6 1 20.8
    endloop
  endfacet
  facet normal -0 0 1
    outer loop
      vertex 20.4 2.00001 17.4
      vertex 29.6 1 17.4
      vertex 29.6 2.00001 17.4
    endloop
  endfacet
  facet normal 0 0 1
    outer loop
      vertex 29.6 1 17.4
      vertex 20.4 2.00001 17.4
      vertex 20.4 1 17.4
    endloop
  endfacet
  facet normal 0 0 -1
    outer loop
      vertex 20.4 1 20.8
      vertex 29.6 2.00001 20.8
      vertex 29.6 1 20.8
    endloop
  endfacet
  facet normal -0 0 -1
    outer loop
      vertex 29.6 2.00001 20.8
      vertex 20.4 1 20.8
      vertex 20.4 2.00001 20.8
    endloop
  endfacet
  facet normal 1 -0 0
    outer loop
      vertex 20.4 1 20.8
      vertex 20.4 2.00001 17.4
      vertex 20.4 2.00001 20.8
    endloop
  endfacet
  facet normal 1 0 0
    outer loop
      vertex 20.4 2.00001 17.4
      vertex 20.4 1 20.8
      vertex 20.4 1 17.4
    endloop
  endfacet
  facet normal -1 0 0
    outer loop
      vertex 31.25 6.10352e-06 15.6
      vertex 31.25 1 22.6
      vertex 31.25 1 15.6
    endloop
  endfacet
  facet normal -1 -0 0
    outer loop
      vertex 31.25 1 22.6
      vertex 31.25 6.10352e-06 15.6
      vertex 31.25 6.10352e-06 22.6
    endloop
  endfacet
  facet normal -0 0 1
    outer loop
      vertex 18.75 1 15.6
      vertex 31.25 6.10352e-06 15.6
      vertex 31.25 1 15.6
    endloop
  endfacet
  facet normal 0 0 1
    outer loop
      vertex 31.25 6.10352e-06 15.6
      vertex 18.75 1 15.6
      vertex 18.75 6.10352e-06 15.6
    endloop
  endfacet
  facet normal 0 0 -1
    outer loop
      vertex 18.75 6.10352e-06 22.6
      vertex 31.25 1 22.6
      vertex 31.25 6.10352e-06 22.6
    endloop
  endfacet
  facet normal -0 0 -1
    outer loop
      vertex 31.25 1 22.6
      vertex 18.75 6.10352e-06 22.6
      vertex 18.75 1 22.6
    endloop
  endfacet
  facet normal 1 -0 0
    outer loop
      vertex 18.75 6.10352e-06 22.6
      vertex 18.75 1 15.6
      vertex 18.75 1 22.6
    endloop
  endfacet
  facet normal 1 0 0
    outer loop
      vertex 18.75 1 15.6
      vertex 18.75 6.10352e-06 22.6
      vertex 18.75 6.10352e-06 15.6
    endloop
  endfacet
  facet normal 0 -1 0
    outer loop
      vertex 18.75 1 22.6
      vertex 20.4 1 20.8
      vertex 31.25 1 22.6
    endloop
  endfacet
  facet normal 0 -1 0
    outer loop
      vertex 18.75 1 22.6
      vertex 20.4 1 17.4
      vertex 20.4 1 20.8
    endloop
  endfacet
  facet normal 0 -1 -0
    outer loop
      vertex 20.4 1 17.4
      vertex 18.75 1 15.6
      vertex 29.6 1 17.4
    endloop
  endfacet
  facet normal 0 -1 0
    outer loop
      vertex 18.75 1 15.6
      vertex 20.4 1 17.4
      vertex 18.75 1 22.6
    endloop
  endfacet
  facet normal 0 -1 0
    outer loop
      vertex 29.6 1 20.8
      vertex 31.25 1 22.6
      vertex 20.4 1 20.8
    endloop
  endfacet
  facet normal 0 -1 0
    outer loop
      vertex 29.6 1 17.4
      vertex 31.25 1 22.6
      vertex 29.6 1 20.8
    endloop
  endfacet
  facet normal 0 -1 0
    outer loop
      vertex 29.6 1 17.4
      vertex 31.25 1 15.6
      vertex 31.25 1 22.6
    endloop
  endfacet
  facet normal 0 -1 0
    outer loop
      vertex 31.25 1 15.6
      vertex 29.6 1 17.4
      vertex 18.75 1 15.6
    endloop
  endfacet
  facet normal -0.980776 0 0.195136
    outer loop
      vertex 58.0427 6.10352e-06 16.6847
      vertex 58.1231 2.00001 17.0888
      vertex 58.0427 2.00001 16.6847
    endloop
  endfacet
  facet normal -0.980776 0 0.195136
    outer loop
      vertex 58.1231 2.00001 17.0888
      vertex 58.0427 6.10352e-06 16.6847
      vertex 58.1231 6.10352e-06 17.0888
    endloop
  endfacet
  facet normal -0.997867 0 0.0652788
    outer loop
      vertex 58.1231 6.10352e-06 17.0888
      vertex 58.15 2.00001 17.5
      vertex 58.1231 2.00001 17.0888
    endloop
  endfacet
  facet normal -0.997867 0 0.0652788
    outer loop
      vertex 58.15 2.00001 17.5
      vertex 58.1231 6.10352e-06 17.0888
      vertex 58.15 6.10352e-06 17.5
    endloop
  endfacet
  facet normal -0.946897 0 0.321537
    outer loop
      vertex 57.9102 6.10352e-06 16.2945
      vertex 58.0427 2.00001 16.6847
      vertex 57.9102 2.00001 16.2945
    endloop
  endfacet
  facet normal -0.946897 0 0.321537
    outer loop
      vertex 58.0427 2.00001 16.6847
      vertex 57.9102 6.10352e-06 16.2945
      vertex 58.0427 6.10352e-06 16.6847
    endloop
  endfacet
  facet normal 0.896889 0 -0.442255
    outer loop
      vertex 52.272 6.10352e-06 19.075
      vertex 52.0898 2.00001 18.7055
      vertex 52.272 2.00001 19.075
    endloop
  endfacet
  facet normal 0.896889 0 -0.442255
    outer loop
      vertex 52.0898 2.00001 18.7055
      vertex 52.272 6.10352e-06 19.075
      vertex 52.0898 6.10352e-06 18.7055
    endloop
  endfacet
  facet normal -0.55554 0 -0.83149
    outer loop
      vertex 56.575 6.10352e-06 20.228
      vertex 56.9176 2.00001 19.9991
      vertex 56.9176 6.10352e-06 19.9991
    endloop
  endfacet
  facet normal -0.55554 0 -0.83149
    outer loop
      vertex 56.9176 2.00001 19.9991
      vertex 56.575 6.10352e-06 20.228
      vertex 56.575 2.00001 20.228
    endloop
  endfacet
  facet normal -0.946897 0 -0.321537
    outer loop
      vertex 58.0427 6.10352e-06 18.3153
      vertex 57.9102 2.00001 18.7055
      vertex 58.0427 2.00001 18.3153
    endloop
  endfacet
  facet normal -0.946897 -0 -0.321537
    outer loop
      vertex 57.9102 2.00001 18.7055
      vertex 58.0427 6.10352e-06 18.3153
      vertex 57.9102 6.10352e-06 18.7055
    endloop
  endfacet
  facet normal 0.195136 0 0.980776
    outer loop
      vertex 54.1847 2.00001 14.4573
      vertex 54.5888 6.10352e-06 14.3769
      vertex 54.5888 2.00001 14.3769
    endloop
  endfacet
  facet normal 0.195136 0 0.980776
    outer loop
      vertex 54.5888 6.10352e-06 14.3769
      vertex 54.1847 2.00001 14.4573
      vertex 54.1847 6.10352e-06 14.4573
    endloop
  endfacet
  facet normal -0.321537 0 0.946897
    outer loop
      vertex 55.8153 2.00001 14.4573
      vertex 56.2055 6.10352e-06 14.5898
      vertex 56.2055 2.00001 14.5898
    endloop
  endfacet
  facet normal -0.321537 0 0.946897
    outer loop
      vertex 56.2055 6.10352e-06 14.5898
      vertex 55.8153 2.00001 14.4573
      vertex 55.8153 6.10352e-06 14.4573
    endloop
  endfacet
  facet normal 0.751825 -0 0.659363
    outer loop
      vertex 52.5009 6.10352e-06 15.5824
      vertex 52.7726 2.00001 15.2726
      vertex 52.5009 2.00001 15.5824
    endloop
  endfacet
  facet normal 0.751825 0 0.659363
    outer loop
      vertex 52.7726 2.00001 15.2726
      vertex 52.5009 6.10352e-06 15.5824
      vertex 52.7726 6.10352e-06 15.2726
    endloop
  endfacet
  facet normal 0.0652788 0 0.997867
    outer loop
      vertex 54.5888 2.00001 14.3769
      vertex 55 6.10352e-06 14.35
      vertex 55 2.00001 14.35
    endloop
  endfacet
  facet normal 0.0652788 0 0.997867
    outer loop
      vertex 55 6.10352e-06 14.35
      vertex 54.5888 2.00001 14.3769
      vertex 54.5888 6.10352e-06 14.3769
    endloop
  endfacet
  facet normal 0.751825 0 -0.659363
    outer loop
      vertex 52.7726 6.10352e-06 19.7274
      vertex 52.5009 2.00001 19.4176
      vertex 52.7726 2.00001 19.7274
    endloop
  endfacet
  facet normal 0.751825 0 -0.659363
    outer loop
      vertex 52.5009 2.00001 19.4176
      vertex 52.7726 6.10352e-06 19.7274
      vertex 52.5009 6.10352e-06 19.4176
    endloop
  endfacet
  facet normal 0.946897 0 -0.321537
    outer loop
      vertex 52.0898 6.10352e-06 18.7055
      vertex 51.9573 2.00001 18.3153
      vertex 52.0898 2.00001 18.7055
    endloop
  endfacet
  facet normal 0.946897 0 -0.321537
    outer loop
      vertex 51.9573 2.00001 18.3153
      vertex 52.0898 6.10352e-06 18.7055
      vertex 51.9573 6.10352e-06 18.3153
    endloop
  endfacet
  facet normal 0.0652788 0 -0.997867
    outer loop
      vertex 54.5888 6.10352e-06 20.6231
      vertex 55 2.00001 20.65
      vertex 55 6.10352e-06 20.65
    endloop
  endfacet
  facet normal 0.0652788 0 -0.997867
    outer loop
      vertex 55 2.00001 20.65
      vertex 54.5888 6.10352e-06 20.6231
      vertex 54.5888 2.00001 20.6231
    endloop
  endfacet
  facet normal -0.442255 0 -0.896889
    outer loop
      vertex 56.2055 6.10352e-06 20.4102
      vertex 56.575 2.00001 20.228
      vertex 56.575 6.10352e-06 20.228
    endloop
  endfacet
  facet normal -0.442255 0 -0.896889
    outer loop
      vertex 56.575 2.00001 20.228
      vertex 56.2055 6.10352e-06 20.4102
      vertex 56.2055 2.00001 20.4102
    endloop
  endfacet
  facet normal -0.195136 0 -0.980776
    outer loop
      vertex 55.4112 6.10352e-06 20.6231
      vertex 55.8153 2.00001 20.5427
      vertex 55.8153 6.10352e-06 20.5427
    endloop
  endfacet
  facet normal -0.195136 0 -0.980776
    outer loop
      vertex 55.8153 2.00001 20.5427
      vertex 55.4112 6.10352e-06 20.6231
      vertex 55.4112 2.00001 20.6231
    endloop
  endfacet
  facet normal 0.659363 0 -0.751825
    outer loop
      vertex 52.7726 6.10352e-06 19.7274
      vertex 53.0824 2.00001 19.9991
      vertex 53.0824 6.10352e-06 19.9991
    endloop
  endfacet
  facet normal 0.659363 0 -0.751825
    outer loop
      vertex 53.0824 2.00001 19.9991
      vertex 52.7726 6.10352e-06 19.7274
      vertex 52.7726 2.00001 19.7274
    endloop
  endfacet
  facet normal 0.55554 0 -0.83149
    outer loop
      vertex 53.0824 6.10352e-06 19.9991
      vertex 53.425 2.00001 20.228
      vertex 53.425 6.10352e-06 20.228
    endloop
  endfacet
  facet normal 0.55554 0 -0.83149
    outer loop
      vertex 53.425 2.00001 20.228
      vertex 53.0824 6.10352e-06 19.9991
      vertex 53.0824 2.00001 19.9991
    endloop
  endfacet
  facet normal -0.980776 0 -0.195136
    outer loop
      vertex 58.1231 6.10352e-06 17.9112
      vertex 58.0427 2.00001 18.3153
      vertex 58.1231 2.00001 17.9112
    endloop
  endfacet
  facet normal -0.980776 -0 -0.195136
    outer loop
      vertex 58.0427 2.00001 18.3153
      vertex 58.1231 6.10352e-06 17.9112
      vertex 58.0427 6.10352e-06 18.3153
    endloop
  endfacet
  facet normal -0.321537 0 -0.946897
    outer loop
      vertex 55.8153 6.10352e-06 20.5427
      vertex 56.2055 2.00001 20.4102
      vertex 56.2055 6.10352e-06 20.4102
    endloop
  endfacet
  facet normal -0.321537 0 -0.946897
    outer loop
      vertex 56.2055 2.00001 20.4102
      vertex 55.8153 6.10352e-06 20.5427
      vertex 55.8153 2.00001 20.5427
    endloop
  endfacet
  facet normal -0.896889 0 0.442255
    outer loop
      vertex 57.728 6.10352e-06 15.925
      vertex 57.9102 2.00001 16.2945
      vertex 57.728 2.00001 15.925
    endloop
  endfacet
  facet normal -0.896889 0 0.442255
    outer loop
      vertex 57.9102 2.00001 16.2945
      vertex 57.728 6.10352e-06 15.925
      vertex 57.9102 6.10352e-06 16.2945
    endloop
  endfacet
  facet normal -0.195136 0 0.980776
    outer loop
      vertex 55.4112 2.00001 14.3769
      vertex 55.8153 6.10352e-06 14.4573
      vertex 55.8153 2.00001 14.4573
    endloop
  endfacet
  facet normal -0.195136 0 0.980776
    outer loop
      vertex 55.8153 6.10352e-06 14.4573
      vertex 55.4112 2.00001 14.3769
      vertex 55.4112 6.10352e-06 14.3769
    endloop
  endfacet
  facet normal -0.659363 0 0.751825
    outer loop
      vertex 56.9176 2.00001 15.0009
      vertex 57.2274 6.10352e-06 15.2726
      vertex 57.2274 2.00001 15.2726
    endloop
  endfacet
  facet normal -0.659363 0 0.751825
    outer loop
      vertex 57.2274 6.10352e-06 15.2726
      vertex 56.9176 2.00001 15.0009
      vertex 56.9176 6.10352e-06 15.0009
    endloop
  endfacet
  facet normal 0.442255 0 0.896889
    outer loop
      vertex 53.425 2.00001 14.772
      vertex 53.7945 6.10352e-06 14.5898
      vertex 53.7945 2.00001 14.5898
    endloop
  endfacet
  facet normal 0.442255 0 0.896889
    outer loop
      vertex 53.7945 6.10352e-06 14.5898
      vertex 53.425 2.00001 14.772
      vertex 53.425 6.10352e-06 14.772
    endloop
  endfacet
  facet normal 0.946897 -0 0.321537
    outer loop
      vertex 51.9573 6.10352e-06 16.6847
      vertex 52.0898 2.00001 16.2945
      vertex 51.9573 2.00001 16.6847
    endloop
  endfacet
  facet normal 0.946897 0 0.321537
    outer loop
      vertex 52.0898 2.00001 16.2945
      vertex 51.9573 6.10352e-06 16.6847
      vertex 52.0898 6.10352e-06 16.2945
    endloop
  endfacet
  facet normal 0.55554 0 0.83149
    outer loop
      vertex 53.0824 2.00001 15.0009
      vertex 53.425 6.10352e-06 14.772
      vertex 53.425 2.00001 14.772
    endloop
  endfacet
  facet normal 0.55554 0 0.83149
    outer loop
      vertex 53.425 6.10352e-06 14.772
      vertex 53.0824 2.00001 15.0009
      vertex 53.0824 6.10352e-06 15.0009
    endloop
  endfacet
  facet normal -0.751825 0 0.659363
    outer loop
      vertex 57.2274 6.10352e-06 15.2726
      vertex 57.4991 2.00001 15.5824
      vertex 57.2274 2.00001 15.2726
    endloop
  endfacet
  facet normal -0.751825 0 0.659363
    outer loop
      vertex 57.4991 2.00001 15.5824
      vertex 57.2274 6.10352e-06 15.2726
      vertex 57.4991 6.10352e-06 15.5824
    endloop
  endfacet
  facet normal -0.83149 0 0.55554
    outer loop
      vertex 57.4991 6.10352e-06 15.5824
      vertex 57.728 2.00001 15.925
      vertex 57.4991 2.00001 15.5824
    endloop
  endfacet
  facet normal -0.83149 0 0.55554
    outer loop
      vertex 57.728 2.00001 15.925
      vertex 57.4991 6.10352e-06 15.5824
      vertex 57.728 6.10352e-06 15.925
    endloop
  endfacet
  facet normal -0.896889 0 -0.442255
    outer loop
      vertex 57.9102 6.10352e-06 18.7055
      vertex 57.728 2.00001 19.075
      vertex 57.9102 2.00001 18.7055
    endloop
  endfacet
  facet normal -0.896889 -0 -0.442255
    outer loop
      vertex 57.728 2.00001 19.075
      vertex 57.9102 6.10352e-06 18.7055
      vertex 57.728 6.10352e-06 19.075
    endloop
  endfacet
  facet normal 0.321537 0 -0.946897
    outer loop
      vertex 53.7945 6.10352e-06 20.4102
      vertex 54.1847 2.00001 20.5427
      vertex 54.1847 6.10352e-06 20.5427
    endloop
  endfacet
  facet normal 0.321537 0 -0.946897
    outer loop
      vertex 54.1847 2.00001 20.5427
      vertex 53.7945 6.10352e-06 20.4102
      vertex 53.7945 2.00001 20.4102
    endloop
  endfacet
  facet normal -0.55554 0 0.83149
    outer loop
      vertex 56.575 2.00001 14.772
      vertex 56.9176 6.10352e-06 15.0009
      vertex 56.9176 2.00001 15.0009
    endloop
  endfacet
  facet normal -0.55554 0 0.83149
    outer loop
      vertex 56.9176 6.10352e-06 15.0009
      vertex 56.575 2.00001 14.772
      vertex 56.575 6.10352e-06 14.772
    endloop
  endfacet
  facet normal -0.83149 0 -0.55554
    outer loop
      vertex 57.728 6.10352e-06 19.075
      vertex 57.4991 2.00001 19.4176
      vertex 57.728 2.00001 19.075
    endloop
  endfacet
  facet normal -0.83149 -0 -0.55554
    outer loop
      vertex 57.4991 2.00001 19.4176
      vertex 57.728 6.10352e-06 19.075
      vertex 57.4991 6.10352e-06 19.4176
    endloop
  endfacet
  facet normal 0.83149 -0 0.55554
    outer loop
      vertex 52.272 6.10352e-06 15.925
      vertex 52.5009 2.00001 15.5824
      vertex 52.272 2.00001 15.925
    endloop
  endfacet
  facet normal 0.83149 0 0.55554
    outer loop
      vertex 52.5009 2.00001 15.5824
      vertex 52.272 6.10352e-06 15.925
      vertex 52.5009 6.10352e-06 15.5824
    endloop
  endfacet
  facet normal 0.659363 0 0.751825
    outer loop
      vertex 52.7726 2.00001 15.2726
      vertex 53.0824 6.10352e-06 15.0009
      vertex 53.0824 2.00001 15.0009
    endloop
  endfacet
  facet normal 0.659363 0 0.751825
    outer loop
      vertex 53.0824 6.10352e-06 15.0009
      vertex 52.7726 2.00001 15.2726
      vertex 52.7726 6.10352e-06 15.2726
    endloop
  endfacet
  facet normal 0.83149 0 -0.55554
    outer loop
      vertex 52.5009 6.10352e-06 19.4176
      vertex 52.272 2.00001 19.075
      vertex 52.5009 2.00001 19.4176
    endloop
  endfacet
  facet normal 0.83149 0 -0.55554
    outer loop
      vertex 52.272 2.00001 19.075
      vertex 52.5009 6.10352e-06 19.4176
      vertex 52.272 6.10352e-06 19.075
    endloop
  endfacet
  facet normal -0.0652788 0 -0.997867
    outer loop
      vertex 55 6.10352e-06 20.65
      vertex 55.4112 2.00001 20.6231
      vertex 55.4112 6.10352e-06 20.6231
    endloop
  endfacet
  facet normal -0.0652788 0 -0.997867
    outer loop
      vertex 55.4112 2.00001 20.6231
      vertex 55 6.10352e-06 20.65
      vertex 55 2.00001 20.65
    endloop
  endfacet
  facet normal -0.751825 0 -0.659363
    outer loop
      vertex 57.4991 6.10352e-06 19.4176
      vertex 57.2274 2.00001 19.7274
      vertex 57.4991 2.00001 19.4176
    endloop
  endfacet
  facet normal -0.751825 -0 -0.659363
    outer loop
      vertex 57.2274 2.00001 19.7274
      vertex 57.4991 6.10352e-06 19.4176
      vertex 57.2274 6.10352e-06 19.7274
    endloop
  endfacet
  facet normal -0.997867 0 -0.0652788
    outer loop
      vertex 58.15 6.10352e-06 17.5
      vertex 58.1231 2.00001 17.9112
      vertex 58.15 2.00001 17.5
    endloop
  endfacet
  facet normal -0.997867 -0 -0.0652788
    outer loop
      vertex 58.1231 2.00001 17.9112
      vertex 58.15 6.10352e-06 17.5
      vertex 58.1231 6.10352e-06 17.9112
    endloop
  endfacet
  facet normal -0.0652788 0 0.997867
    outer loop
      vertex 55 2.00001 14.35
      vertex 55.4112 6.10352e-06 14.3769
      vertex 55.4112 2.00001 14.3769
    endloop
  endfacet
  facet normal -0.0652788 0 0.997867
    outer loop
      vertex 55.4112 6.10352e-06 14.3769
      vertex 55 2.00001 14.35
      vertex 55 6.10352e-06 14.35
    endloop
  endfacet
  facet normal 0.980776 0 -0.195136
    outer loop
      vertex 51.9573 6.10352e-06 18.3153
      vertex 51.8769 2.00001 17.9112
      vertex 51.9573 2.00001 18.3153
    endloop
  endfacet
  facet normal 0.980776 0 -0.195136
    outer loop
      vertex 51.8769 2.00001 17.9112
      vertex 51.9573 6.10352e-06 18.3153
      vertex 51.8769 6.10352e-06 17.9112
    endloop
  endfacet
  facet normal 0.997867 0 -0.0652788
    outer loop
      vertex 51.8769 6.10352e-06 17.9112
      vertex 51.85 2.00001 17.5
      vertex 51.8769 2.00001 17.9112
    endloop
  endfacet
  facet normal 0.997867 0 -0.0652788
    outer loop
      vertex 51.85 2.00001 17.5
      vertex 51.8769 6.10352e-06 17.9112
      vertex 51.85 6.10352e-06 17.5
    endloop
  endfacet
  facet normal -0.442255 0 0.896889
    outer loop
      vertex 56.2055 2.00001 14.5898
      vertex 56.575 6.10352e-06 14.772
      vertex 56.575 2.00001 14.772
    endloop
  endfacet
  facet normal -0.442255 0 0.896889
    outer loop
      vertex 56.575 6.10352e-06 14.772
      vertex 56.2055 2.00001 14.5898
      vertex 56.2055 6.10352e-06 14.5898
    endloop
  endfacet
  facet normal 0.321537 0 0.946897
    outer loop
      vertex 53.7945 2.00001 14.5898
      vertex 54.1847 6.10352e-06 14.4573
      vertex 54.1847 2.00001 14.4573
    endloop
  endfacet
  facet normal 0.321537 0 0.946897
    outer loop
      vertex 54.1847 6.10352e-06 14.4573
      vertex 53.7945 2.00001 14.5898
      vertex 53.7945 6.10352e-06 14.5898
    endloop
  endfacet
  facet normal 0.195136 0 -0.980776
    outer loop
      vertex 54.1847 6.10352e-06 20.5427
      vertex 54.5888 2.00001 20.6231
      vertex 54.5888 6.10352e-06 20.6231
    endloop
  endfacet
  facet normal 0.195136 0 -0.980776
    outer loop
      vertex 54.5888 2.00001 20.6231
      vertex 54.1847 6.10352e-06 20.5427
      vertex 54.1847 2.00001 20.5427
    endloop
  endfacet
  facet normal 0.980776 -0 0.195136
    outer loop
      vertex 51.8769 6.10352e-06 17.0888
      vertex 51.9573 2.00001 16.6847
      vertex 51.8769 2.00001 17.0888
    endloop
  endfacet
  facet normal 0.980776 0 0.195136
    outer loop
      vertex 51.9573 2.00001 16.6847
      vertex 51.8769 6.10352e-06 17.0888
      vertex 51.9573 6.10352e-06 16.6847
    endloop
  endfacet
  facet normal 0.997867 -0 0.0652788
    outer loop
      vertex 51.85 6.10352e-06 17.5
      vertex 51.8769 2.00001 17.0888
      vertex 51.85 2.00001 17.5
    endloop
  endfacet
  facet normal 0.997867 0 0.0652788
    outer loop
      vertex 51.8769 2.00001 17.0888
      vertex 51.85 6.10352e-06 17.5
      vertex 51.8769 6.10352e-06 17.0888
    endloop
  endfacet
  facet normal -0.659363 0 -0.751825
    outer loop
      vertex 56.9176 6.10352e-06 19.9991
      vertex 57.2274 2.00001 19.7274
      vertex 57.2274 6.10352e-06 19.7274
    endloop
  endfacet
  facet normal -0.659363 0 -0.751825
    outer loop
      vertex 57.2274 2.00001 19.7274
      vertex 56.9176 6.10352e-06 19.9991
      vertex 56.9176 2.00001 19.9991
    endloop
  endfacet
  facet normal 0.442255 0 -0.896889
    outer loop
      vertex 53.425 6.10352e-06 20.228
      vertex 53.7945 2.00001 20.4102
      vertex 53.7945 6.10352e-06 20.4102
    endloop
  endfacet
  facet normal 0.442255 0 -0.896889
    outer loop
      vertex 53.7945 2.00001 20.4102
      vertex 53.425 6.10352e-06 20.228
      vertex 53.425 2.00001 20.228
    endloop
  endfacet
  facet normal 0.896889 -0 0.442255
    outer loop
      vertex 52.0898 6.10352e-06 16.2945
      vertex 52.272 2.00001 15.925
      vertex 52.0898 2.00001 16.2945
    endloop
  endfacet
  facet normal 0.896889 0 0.442255
    outer loop
      vertex 52.272 2.00001 15.925
      vertex 52.0898 6.10352e-06 16.2945
      vertex 52.272 6.10352e-06 15.925
    endloop
  endfacet
  facet normal -0.980823 0 0.194902
    outer loop
      vertex 76.0427 6.10352e-06 16.6847
      vertex 76.123 2.00001 17.0888
      vertex 76.0427 2.00001 16.6847
    endloop
  endfacet
  facet normal -0.980823 0 0.194902
    outer loop
      vertex 76.123 2.00001 17.0888
      vertex 76.0427 6.10352e-06 16.6847
      vertex 76.123 6.10352e-06 17.0888
    endloop
  endfacet
  facet normal -0.997851 0 0.0655204
    outer loop
      vertex 76.123 6.10352e-06 17.0888
      vertex 76.15 2.00001 17.5
      vertex 76.123 2.00001 17.0888
    endloop
  endfacet
  facet normal -0.997851 0 0.0655204
    outer loop
      vertex 76.15 2.00001 17.5
      vertex 76.123 6.10352e-06 17.0888
      vertex 76.15 6.10352e-06 17.5
    endloop
  endfacet
  facet normal -0.946897 0 0.321537
    outer loop
      vertex 75.9102 6.10352e-06 16.2945
      vertex 76.0427 2.00001 16.6847
      vertex 75.9102 2.00001 16.2945
    endloop
  endfacet
  facet normal -0.946897 0 0.321537
    outer loop
      vertex 76.0427 2.00001 16.6847
      vertex 75.9102 6.10352e-06 16.2945
      vertex 76.0427 6.10352e-06 16.6847
    endloop
  endfacet
  facet normal 0.896889 0 -0.442255
    outer loop
      vertex 70.272 6.10352e-06 19.075
      vertex 70.0898 2.00001 18.7055
      vertex 70.272 2.00001 19.075
    endloop
  endfacet
  facet normal 0.896889 0 -0.442255
    outer loop
      vertex 70.0898 2.00001 18.7055
      vertex 70.272 6.10352e-06 19.075
      vertex 70.0898 6.10352e-06 18.7055
    endloop
  endfacet
  facet normal -0.946897 0 -0.321537
    outer loop
      vertex 76.0427 6.10352e-06 18.3153
      vertex 75.9102 2.00001 18.7055
      vertex 76.0427 2.00001 18.3153
    endloop
  endfacet
  facet normal -0.946897 -0 -0.321537
    outer loop
      vertex 75.9102 2.00001 18.7055
      vertex 76.0427 6.10352e-06 18.3153
      vertex 75.9102 6.10352e-06 18.7055
    endloop
  endfacet
  facet normal 0.195136 0 0.980776
    outer loop
      vertex 72.1847 2.00001 14.4573
      vertex 72.5888 6.10352e-06 14.3769
      vertex 72.5888 2.00001 14.3769
    endloop
  endfacet
  facet normal 0.195136 0 0.980776
    outer loop
      vertex 72.5888 6.10352e-06 14.3769
      vertex 72.1847 2.00001 14.4573
      vertex 72.1847 6.10352e-06 14.4573
    endloop
  endfacet
  facet normal -0.321537 0 0.946897
    outer loop
      vertex 73.8153 2.00001 14.4573
      vertex 74.2055 6.10352e-06 14.5898
      vertex 74.2055 2.00001 14.5898
    endloop
  endfacet
  facet normal -0.321537 0 0.946897
    outer loop
      vertex 74.2055 6.10352e-06 14.5898
      vertex 73.8153 2.00001 14.4573
      vertex 73.8153 6.10352e-06 14.4573
    endloop
  endfacet
  facet normal 0.751825 -0 0.659363
    outer loop
      vertex 70.5009 6.10352e-06 15.5824
      vertex 70.7726 2.00001 15.2726
      vertex 70.5009 2.00001 15.5824
    endloop
  endfacet
  facet normal 0.751825 0 0.659363
    outer loop
      vertex 70.7726 2.00001 15.2726
      vertex 70.5009 6.10352e-06 15.5824
      vertex 70.7726 6.10352e-06 15.2726
    endloop
  endfacet
  facet normal 0.0652788 0 0.997867
    outer loop
      vertex 72.5888 2.00001 14.3769
      vertex 73 6.10352e-06 14.35
      vertex 73 2.00001 14.35
    endloop
  endfacet
  facet normal 0.0652788 0 0.997867
    outer loop
      vertex 73 6.10352e-06 14.35
      vertex 72.5888 2.00001 14.3769
      vertex 72.5888 6.10352e-06 14.3769
    endloop
  endfacet
  facet normal 0.751825 0 -0.659363
    outer loop
      vertex 70.7726 6.10352e-06 19.7274
      vertex 70.5009 2.00001 19.4176
      vertex 70.7726 2.00001 19.7274
    endloop
  endfacet
  facet normal 0.751825 0 -0.659363
    outer loop
      vertex 70.5009 2.00001 19.4176
      vertex 70.7726 6.10352e-06 19.7274
      vertex 70.5009 6.10352e-06 19.4176
    endloop
  endfacet
  facet normal 0.946897 0 -0.321537
    outer loop
      vertex 70.0898 6.10352e-06 18.7055
      vertex 69.9573 2.00001 18.3153
      vertex 70.0898 2.00001 18.7055
    endloop
  endfacet
  facet normal 0.946897 0 -0.321537
    outer loop
      vertex 69.9573 2.00001 18.3153
      vertex 70.0898 6.10352e-06 18.7055
      vertex 69.9573 6.10352e-06 18.3153
    endloop
  endfacet
  facet normal 0.0652788 0 -0.997867
    outer loop
      vertex 72.5888 6.10352e-06 20.6231
      vertex 73 2.00001 20.65
      vertex 73 6.10352e-06 20.65
    endloop
  endfacet
  facet normal 0.0652788 0 -0.997867
    outer loop
      vertex 73 2.00001 20.65
      vertex 72.5888 6.10352e-06 20.6231
      vertex 72.5888 2.00001 20.6231
    endloop
  endfacet
  facet normal -0.442255 0 -0.896889
    outer loop
      vertex 74.2055 6.10352e-06 20.4102
      vertex 74.575 2.00001 20.228
      vertex 74.575 6.10352e-06 20.228
    endloop
  endfacet
  facet normal -0.442255 0 -0.896889
    outer loop
      vertex 74.575 2.00001 20.228
      vertex 74.2055 6.10352e-06 20.4102
      vertex 74.2055 2.00001 20.4102
    endloop
  endfacet
  facet normal -0.195136 0 -0.980776
    outer loop
      vertex 73.4112 6.10352e-06 20.6231
      vertex 73.8153 2.00001 20.5427
      vertex 73.8153 6.10352e-06 20.5427
    endloop
  endfacet
  facet normal -0.195136 0 -0.980776
    outer loop
      vertex 73.8153 2.00001 20.5427
      vertex 73.4112 6.10352e-06 20.6231
      vertex 73.4112 2.00001 20.6231
    endloop
  endfacet
  facet normal 0.659363 0 -0.751825
    outer loop
      vertex 70.7726 6.10352e-06 19.7274
      vertex 71.0824 2.00001 19.9991
      vertex 71.0824 6.10352e-06 19.9991
    endloop
  endfacet
  facet normal 0.659363 0 -0.751825
    outer loop
      vertex 71.0824 2.00001 19.9991
      vertex 70.7726 6.10352e-06 19.7274
      vertex 70.7726 2.00001 19.7274
    endloop
  endfacet
  facet normal 0.55554 0 -0.83149
    outer loop
      vertex 71.0824 6.10352e-06 19.9991
      vertex 71.425 2.00001 20.228
      vertex 71.425 6.10352e-06 20.228
    endloop
  endfacet
  facet normal 0.55554 0 -0.83149
    outer loop
      vertex 71.425 2.00001 20.228
      vertex 71.0824 6.10352e-06 19.9991
      vertex 71.0824 2.00001 19.9991
    endloop
  endfacet
  facet normal -0.980823 0 -0.194902
    outer loop
      vertex 76.123 6.10352e-06 17.9112
      vertex 76.0427 2.00001 18.3153
      vertex 76.123 2.00001 17.9112
    endloop
  endfacet
  facet normal -0.980823 -0 -0.194902
    outer loop
      vertex 76.0427 2.00001 18.3153
      vertex 76.123 6.10352e-06 17.9112
      vertex 76.0427 6.10352e-06 18.3153
    endloop
  endfacet
  facet normal -0.321537 0 -0.946897
    outer loop
      vertex 73.8153 6.10352e-06 20.5427
      vertex 74.2055 2.00001 20.4102
      vertex 74.2055 6.10352e-06 20.4102
    endloop
  endfacet
  facet normal -0.321537 0 -0.946897
    outer loop
      vertex 74.2055 2.00001 20.4102
      vertex 73.8153 6.10352e-06 20.5427
      vertex 73.8153 2.00001 20.5427
    endloop
  endfacet
  facet normal -0.896889 0 0.442255
    outer loop
      vertex 75.728 6.10352e-06 15.925
      vertex 75.9102 2.00001 16.2945
      vertex 75.728 2.00001 15.925
    endloop
  endfacet
  facet normal -0.896889 0 0.442255
    outer loop
      vertex 75.9102 2.00001 16.2945
      vertex 75.728 6.10352e-06 15.925
      vertex 75.9102 6.10352e-06 16.2945
    endloop
  endfacet
  facet normal -0.195136 0 0.980776
    outer loop
      vertex 73.4112 2.00001 14.3769
      vertex 73.8153 6.10352e-06 14.4573
      vertex 73.8153 2.00001 14.4573
    endloop
  endfacet
  facet normal -0.195136 0 0.980776
    outer loop
      vertex 73.8153 6.10352e-06 14.4573
      vertex 73.4112 2.00001 14.3769
      vertex 73.4112 6.10352e-06 14.3769
    endloop
  endfacet
  facet normal -0.659363 0 -0.751825
    outer loop
      vertex 74.9176 6.10352e-06 19.9991
      vertex 75.2274 2.00001 19.7274
      vertex 75.2274 6.10352e-06 19.7274
    endloop
  endfacet
  facet normal -0.659363 0 -0.751825
    outer loop
      vertex 75.2274 2.00001 19.7274
      vertex 74.9176 6.10352e-06 19.9991
      vertex 74.9176 2.00001 19.9991
    endloop
  endfacet
  facet normal -0.659363 0 0.751825
    outer loop
      vertex 74.9176 2.00001 15.0009
      vertex 75.2274 6.10352e-06 15.2726
      vertex 75.2274 2.00001 15.2726
    endloop
  endfacet
  facet normal -0.659363 0 0.751825
    outer loop
      vertex 75.2274 6.10352e-06 15.2726
      vertex 74.9176 2.00001 15.0009
      vertex 74.9176 6.10352e-06 15.0009
    endloop
  endfacet
  facet normal 0.442255 0 0.896889
    outer loop
      vertex 71.425 2.00001 14.772
      vertex 71.7945 6.10352e-06 14.5898
      vertex 71.7945 2.00001 14.5898
    endloop
  endfacet
  facet normal 0.442255 0 0.896889
    outer loop
      vertex 71.7945 6.10352e-06 14.5898
      vertex 71.425 2.00001 14.772
      vertex 71.425 6.10352e-06 14.772
    endloop
  endfacet
  facet normal 0.946897 -0 0.321537
    outer loop
      vertex 69.9573 6.10352e-06 16.6847
      vertex 70.0898 2.00001 16.2945
      vertex 69.9573 2.00001 16.6847
    endloop
  endfacet
  facet normal 0.946897 0 0.321537
    outer loop
      vertex 70.0898 2.00001 16.2945
      vertex 69.9573 6.10352e-06 16.6847
      vertex 70.0898 6.10352e-06 16.2945
    endloop
  endfacet
  facet normal 0.55554 0 0.83149
    outer loop
      vertex 71.0824 2.00001 15.0009
      vertex 71.425 6.10352e-06 14.772
      vertex 71.425 2.00001 14.772
    endloop
  endfacet
  facet normal 0.55554 0 0.83149
    outer loop
      vertex 71.425 6.10352e-06 14.772
      vertex 71.0824 2.00001 15.0009
      vertex 71.0824 6.10352e-06 15.0009
    endloop
  endfacet
  facet normal -0.751825 0 0.659363
    outer loop
      vertex 75.2274 6.10352e-06 15.2726
      vertex 75.4991 2.00001 15.5824
      vertex 75.2274 2.00001 15.2726
    endloop
  endfacet
  facet normal -0.751825 0 0.659363
    outer loop
      vertex 75.4991 2.00001 15.5824
      vertex 75.2274 6.10352e-06 15.2726
      vertex 75.4991 6.10352e-06 15.5824
    endloop
  endfacet
  facet normal -0.83149 0 0.55554
    outer loop
      vertex 75.4991 6.10352e-06 15.5824
      vertex 75.728 2.00001 15.925
      vertex 75.4991 2.00001 15.5824
    endloop
  endfacet
  facet normal -0.83149 0 0.55554
    outer loop
      vertex 75.728 2.00001 15.925
      vertex 75.4991 6.10352e-06 15.5824
      vertex 75.728 6.10352e-06 15.925
    endloop
  endfacet
  facet normal -0.896889 0 -0.442255
    outer loop
      vertex 75.9102 6.10352e-06 18.7055
      vertex 75.728 2.00001 19.075
      vertex 75.9102 2.00001 18.7055
    endloop
  endfacet
  facet normal -0.896889 -0 -0.442255
    outer loop
      vertex 75.728 2.00001 19.075
      vertex 75.9102 6.10352e-06 18.7055
      vertex 75.728 6.10352e-06 19.075
    endloop
  endfacet
  facet normal 0.321537 0 -0.946897
    outer loop
      vertex 71.7945 6.10352e-06 20.4102
      vertex 72.1847 2.00001 20.5427
      vertex 72.1847 6.10352e-06 20.5427
    endloop
  endfacet
  facet normal 0.321537 0 -0.946897
    outer loop
      vertex 72.1847 2.00001 20.5427
      vertex 71.7945 6.10352e-06 20.4102
      vertex 71.7945 2.00001 20.4102
    endloop
  endfacet
  facet normal -0.55554 0 0.83149
    outer loop
      vertex 74.575 2.00001 14.772
      vertex 74.9176 6.10352e-06 15.0009
      vertex 74.9176 2.00001 15.0009
    endloop
  endfacet
  facet normal -0.55554 0 0.83149
    outer loop
      vertex 74.9176 6.10352e-06 15.0009
      vertex 74.575 2.00001 14.772
      vertex 74.575 6.10352e-06 14.772
    endloop
  endfacet
  facet normal -0.83149 0 -0.55554
    outer loop
      vertex 75.728 6.10352e-06 19.075
      vertex 75.4991 2.00001 19.4176
      vertex 75.728 2.00001 19.075
    endloop
  endfacet
  facet normal -0.83149 -0 -0.55554
    outer loop
      vertex 75.4991 2.00001 19.4176
      vertex 75.728 6.10352e-06 19.075
      vertex 75.4991 6.10352e-06 19.4176
    endloop
  endfacet
  facet normal 0.83149 -0 0.55554
    outer loop
      vertex 70.272 6.10352e-06 15.925
      vertex 70.5009 2.00001 15.5824
      vertex 70.272 2.00001 15.925
    endloop
  endfacet
  facet normal 0.83149 0 0.55554
    outer loop
      vertex 70.5009 2.00001 15.5824
      vertex 70.272 6.10352e-06 15.925
      vertex 70.5009 6.10352e-06 15.5824
    endloop
  endfacet
  facet normal -0.997851 0 -0.0655204
    outer loop
      vertex 76.15 6.10352e-06 17.5
      vertex 76.123 2.00001 17.9112
      vertex 76.15 2.00001 17.5
    endloop
  endfacet
  facet normal -0.997851 -0 -0.0655204
    outer loop
      vertex 76.123 2.00001 17.9112
      vertex 76.15 6.10352e-06 17.5
      vertex 76.123 6.10352e-06 17.9112
    endloop
  endfacet
  facet normal 0.659363 0 0.751825
    outer loop
      vertex 70.7726 2.00001 15.2726
      vertex 71.0824 6.10352e-06 15.0009
      vertex 71.0824 2.00001 15.0009
    endloop
  endfacet
  facet normal 0.659363 0 0.751825
    outer loop
      vertex 71.0824 6.10352e-06 15.0009
      vertex 70.7726 2.00001 15.2726
      vertex 70.7726 6.10352e-06 15.2726
    endloop
  endfacet
  facet normal 0.83149 0 -0.55554
    outer loop
      vertex 70.5009 6.10352e-06 19.4176
      vertex 70.272 2.00001 19.075
      vertex 70.5009 2.00001 19.4176
    endloop
  endfacet
  facet normal 0.83149 0 -0.55554
    outer loop
      vertex 70.272 2.00001 19.075
      vertex 70.5009 6.10352e-06 19.4176
      vertex 70.272 6.10352e-06 19.075
    endloop
  endfacet
  facet normal -0.0652788 0 -0.997867
    outer loop
      vertex 73 6.10352e-06 20.65
      vertex 73.4112 2.00001 20.6231
      vertex 73.4112 6.10352e-06 20.6231
    endloop
  endfacet
  facet normal -0.0652788 0 -0.997867
    outer loop
      vertex 73.4112 2.00001 20.6231
      vertex 73 6.10352e-06 20.65
      vertex 73 2.00001 20.65
    endloop
  endfacet
  facet normal -0.751825 0 -0.659363
    outer loop
      vertex 75.4991 6.10352e-06 19.4176
      vertex 75.2274 2.00001 19.7274
      vertex 75.4991 2.00001 19.4176
    endloop
  endfacet
  facet normal -0.751825 -0 -0.659363
    outer loop
      vertex 75.2274 2.00001 19.7274
      vertex 75.4991 6.10352e-06 19.4176
      vertex 75.2274 6.10352e-06 19.7274
    endloop
  endfacet
  facet normal -0.0652788 0 0.997867
    outer loop
      vertex 73 2.00001 14.35
      vertex 73.4112 6.10352e-06 14.3769
      vertex 73.4112 2.00001 14.3769
    endloop
  endfacet
  facet normal -0.0652788 0 0.997867
    outer loop
      vertex 73.4112 6.10352e-06 14.3769
      vertex 73 2.00001 14.35
      vertex 73 6.10352e-06 14.35
    endloop
  endfacet
  facet normal 0.980776 0 -0.195136
    outer loop
      vertex 69.9573 6.10352e-06 18.3153
      vertex 69.8769 2.00001 17.9112
      vertex 69.9573 2.00001 18.3153
    endloop
  endfacet
  facet normal 0.980776 0 -0.195136
    outer loop
      vertex 69.8769 2.00001 17.9112
      vertex 69.9573 6.10352e-06 18.3153
      vertex 69.8769 6.10352e-06 17.9112
    endloop
  endfacet
  facet normal 0.997867 0 -0.0652788
    outer loop
      vertex 69.8769 6.10352e-06 17.9112
      vertex 69.85 2.00001 17.5
      vertex 69.8769 2.00001 17.9112
    endloop
  endfacet
  facet normal 0.997867 0 -0.0652788
    outer loop
      vertex 69.85 2.00001 17.5
      vertex 69.8769 6.10352e-06 17.9112
      vertex 69.85 6.10352e-06 17.5
    endloop
  endfacet
  facet normal -0.442255 0 0.896889
    outer loop
      vertex 74.2055 2.00001 14.5898
      vertex 74.575 6.10352e-06 14.772
      vertex 74.575 2.00001 14.772
    endloop
  endfacet
  facet normal -0.442255 0 0.896889
    outer loop
      vertex 74.575 6.10352e-06 14.772
      vertex 74.2055 2.00001 14.5898
      vertex 74.2055 6.10352e-06 14.5898
    endloop
  endfacet
  facet normal 0.321537 0 0.946897
    outer loop
      vertex 71.7945 2.00001 14.5898
      vertex 72.1847 6.10352e-06 14.4573
      vertex 72.1847 2.00001 14.4573
    endloop
  endfacet
  facet normal 0.321537 0 0.946897
    outer loop
      vertex 72.1847 6.10352e-06 14.4573
      vertex 71.7945 2.00001 14.5898
      vertex 71.7945 6.10352e-06 14.5898
    endloop
  endfacet
  facet normal -0.55554 0 -0.83149
    outer loop
      vertex 74.575 6.10352e-06 20.228
      vertex 74.9176 2.00001 19.9991
      vertex 74.9176 6.10352e-06 19.9991
    endloop
  endfacet
  facet normal -0.55554 0 -0.83149
    outer loop
      vertex 74.9176 2.00001 19.9991
      vertex 74.575 6.10352e-06 20.228
      vertex 74.575 2.00001 20.228
    endloop
  endfacet
  facet normal 0.980776 -0 0.195136
    outer loop
      vertex 69.8769 6.10352e-06 17.0888
      vertex 69.9573 2.00001 16.6847
      vertex 69.8769 2.00001 17.0888
    endloop
  endfacet
  facet normal 0.980776 0 0.195136
    outer loop
      vertex 69.9573 2.00001 16.6847
      vertex 69.8769 6.10352e-06 17.0888
      vertex 69.9573 6.10352e-06 16.6847
    endloop
  endfacet
  facet normal 0.997867 -0 0.0652788
    outer loop
      vertex 69.85 6.10352e-06 17.5
      vertex 69.8769 2.00001 17.0888
      vertex 69.85 2.00001 17.5
    endloop
  endfacet
  facet normal 0.997867 0 0.0652788
    outer loop
      vertex 69.8769 2.00001 17.0888
      vertex 69.85 6.10352e-06 17.5
      vertex 69.8769 6.10352e-06 17.0888
    endloop
  endfacet
  facet normal 0.442255 0 -0.896889
    outer loop
      vertex 71.425 6.10352e-06 20.228
      vertex 71.7945 2.00001 20.4102
      vertex 71.7945 6.10352e-06 20.4102
    endloop
  endfacet
  facet normal 0.442255 0 -0.896889
    outer loop
      vertex 71.7945 2.00001 20.4102
      vertex 71.425 6.10352e-06 20.228
      vertex 71.425 2.00001 20.228
    endloop
  endfacet
  facet normal 0.896889 -0 0.442255
    outer loop
      vertex 70.0898 6.10352e-06 16.2945
      vertex 70.272 2.00001 15.925
      vertex 70.0898 2.00001 16.2945
    endloop
  endfacet
  facet normal 0.896889 0 0.442255
    outer loop
      vertex 70.272 2.00001 15.925
      vertex 70.0898 6.10352e-06 16.2945
      vertex 70.272 6.10352e-06 15.925
    endloop
  endfacet
  facet normal 0.195136 0 -0.980776
    outer loop
      vertex 72.1847 6.10352e-06 20.5427
      vertex 72.5888 2.00001 20.6231
      vertex 72.5888 6.10352e-06 20.6231
    endloop
  endfacet
  facet normal 0.195136 0 -0.980776
    outer loop
      vertex 72.5888 2.00001 20.6231
      vertex 72.1847 6.10352e-06 20.5427
      vertex 72.1847 2.00001 20.5427
    endloop
  endfacet
  facet normal -1 0 0
    outer loop
      vertex 94.4 12 0
      vertex 94.4 70.4 1.2
      vertex 94.4 70.4 0
    endloop
  endfacet
  facet normal -1 -0 0
    outer loop
      vertex 94.4 70.4 1.2
      vertex 94.4 12 0
      vertex 94.4 12 1.2
    endloop
  endfacet
  facet normal 1 -0 0
    outer loop
      vertex 4 12 1.2
      vertex 4 70.4 0
      vertex 4 70.4 1.2
    endloop
  endfacet
  facet normal 1 0 0
    outer loop
      vertex 4 70.4 0
      vertex 4 12 1.2
      vertex 4 12 0
    endloop
  endfacet
  facet normal 0 1 -0
    outer loop
      vertex 94.4 12 0
      vertex 4 12 1.2
      vertex 94.4 12 1.2
    endloop
  endfacet
  facet normal 0 1 0
    outer loop
      vertex 4 12 1.2
      vertex 94.4 12 0
      vertex 4 12 0
    endloop
  endfacet
  facet normal 0 -1 0
    outer loop
      vertex 4 70.4 0
      vertex 94.4 70.4 1.2
      vertex 4 70.4 1.2
    endloop
  endfacet
  facet normal 0 -1 -0
    outer loop
      vertex 94.4 70.4 1.2
      vertex 4 70.4 0
      vertex 94.4 70.4 0
    endloop
  endfacet
  facet normal -1 0 0
    outer loop
      vertex 95.4 11 1.2
      vertex 95.4 71.4 2.5
      vertex 95.4 71.4 1.2
    endloop
  endfacet
  facet normal -1 -0 0
    outer loop
      vertex 95.4 71.4 2.5
      vertex 95.4 11 1.2
      vertex 95.4 11 2.5
    endloop
  endfacet
  facet normal 0 0 1
    outer loop
      vertex 95.4 71.4 1.2
      vertex 94.4 70.4 1.2
      vertex 95.4 11 1.2
    endloop
  endfacet
  facet normal 0 0 1
    outer loop
      vertex 95.4 71.4 1.2
      vertex 4 70.4 1.2
      vertex 94.4 70.4 1.2
    endloop
  endfacet
  facet normal 0 0 1
    outer loop
      vertex 4 70.4 1.2
      vertex 3 71.4 1.2
      vertex 4 12 1.2
    endloop
  endfacet
  facet normal -0 0 1
    outer loop
      vertex 3 71.4 1.2
      vertex 4 70.4 1.2
      vertex 95.4 71.4 1.2
    endloop
  endfacet
  facet normal -0 0 1
    outer loop
      vertex 94.4 12 1.2
      vertex 95.4 11 1.2
      vertex 94.4 70.4 1.2
    endloop
  endfacet
  facet normal -0 0 1
    outer loop
      vertex 4 12 1.2
      vertex 95.4 11 1.2
      vertex 94.4 12 1.2
    endloop
  endfacet
  facet normal 0 0 1
    outer loop
      vertex 4 12 1.2
      vertex 3 11 1.2
      vertex 95.4 11 1.2
    endloop
  endfacet
  facet normal 0 0 1
    outer loop
      vertex 3 11 1.2
      vertex 4 12 1.2
      vertex 3 71.4 1.2
    endloop
  endfacet
  facet normal 1 -0 0
    outer loop
      vertex 3 11 2.5
      vertex 3 71.4 1.2
      vertex 3 71.4 2.5
    endloop
  endfacet
  facet normal 1 0 0
    outer loop
      vertex 3 71.4 1.2
      vertex 3 11 2.5
      vertex 3 11 1.2
    endloop
  endfacet
  facet normal 0 1 -0
    outer loop
      vertex 95.4 11 1.2
      vertex 3 11 2.5
      vertex 95.4 11 2.5
    endloop
  endfacet
  facet normal 0 1 0
    outer loop
      vertex 3 11 2.5
      vertex 95.4 11 1.2
      vertex 3 11 1.2
    endloop
  endfacet
  facet normal 0 -1 0
    outer loop
      vertex 3 71.4 1.2
      vertex 95.4 71.4 2.5
      vertex 3 71.4 2.5
    endloop
  endfacet
  facet normal 0 -1 -0
    outer loop
      vertex 95.4 71.4 2.5
      vertex 3 71.4 1.2
      vertex 95.4 71.4 1.2
    endloop
  endfacet
  facet normal -0.195177 -0.980768 0
    outer loop
      vertex 78.1699 93.9692 0
      vertex 78.6317 93.8773 2.5
      vertex 78.1699 93.9692 2.5
    endloop
  endfacet
  facet normal -0.195177 -0.980768 -0
    outer loop
      vertex 78.6317 93.8773 2.5
      vertex 78.1699 93.9692 0
      vertex 78.6317 93.8773 0
    endloop
  endfacet
  facet normal -0.980768 0.195177 0
    outer loop
      vertex 81.1773 89.4683 0
      vertex 81.2692 89.9301 2.5
      vertex 81.2692 89.9301 0
    endloop
  endfacet
  facet normal -0.980768 0.195177 0
    outer loop
      vertex 81.2692 89.9301 2.5
      vertex 81.1773 89.4683 0
      vertex 81.1773 89.4683 2.5
    endloop
  endfacet
  facet normal -0.997859 0.0654055 0
    outer loop
      vertex 81.2692 89.9301 0
      vertex 81.3 90.4 2.5
      vertex 81.3 90.4 0
    endloop
  endfacet
  facet normal -0.997859 0.0654055 0
    outer loop
      vertex 81.3 90.4 2.5
      vertex 81.2692 89.9301 0
      vertex 81.2692 89.9301 2.5
    endloop
  endfacet
  facet normal -0.0654055 -0.997859 0
    outer loop
      vertex 77.7 94 0
      vertex 78.1699 93.9692 2.5
      vertex 77.7 94 2.5
    endloop
  endfacet
  facet normal -0.0654055 -0.997859 -0
    outer loop
      vertex 78.1699 93.9692 2.5
      vertex 77.7 94 0
      vertex 78.1699 93.9692 0
    endloop
  endfacet
  facet normal -0.555582 -0.831462 0
    outer loop
      vertex 79.5 93.5177 0
      vertex 79.8915 93.2561 2.5
      vertex 79.5 93.5177 2.5
    endloop
  endfacet
  facet normal -0.555582 -0.831462 -0
    outer loop
      vertex 79.8915 93.2561 2.5
      vertex 79.5 93.5177 0
      vertex 79.8915 93.2561 0
    endloop
  endfacet
  facet normal -0.442365 -0.896835 0
    outer loop
      vertex 79.0777 93.726 0
      vertex 79.5 93.5177 2.5
      vertex 79.0777 93.726 2.5
    endloop
  endfacet
  facet normal -0.442365 -0.896835 -0
    outer loop
      vertex 79.5 93.5177 2.5
      vertex 79.0777 93.726 0
      vertex 79.5 93.5177 0
    endloop
  endfacet
  facet normal -0.442365 0.896835 0
    outer loop
      vertex 79.5 87.2823 0
      vertex 79.0777 87.074 2.5
      vertex 79.5 87.2823 2.5
    endloop
  endfacet
  facet normal -0.442365 0.896835 0
    outer loop
      vertex 79.0777 87.074 2.5
      vertex 79.5 87.2823 0
      vertex 79.0777 87.074 0
    endloop
  endfacet
  facet normal -0.831462 0.555582 0
    outer loop
      vertex 80.5561 88.2085 0
      vertex 80.8177 88.6 2.5
      vertex 80.8177 88.6 0
    endloop
  endfacet
  facet normal -0.831462 0.555582 0
    outer loop
      vertex 80.8177 88.6 2.5
      vertex 80.5561 88.2085 0
      vertex 80.5561 88.2085 2.5
    endloop
  endfacet
  facet normal -0.321256 -0.946993 0
    outer loop
      vertex 78.6317 93.8773 0
      vertex 79.0777 93.726 2.5
      vertex 78.6317 93.8773 2.5
    endloop
  endfacet
  facet normal -0.321256 -0.946993 -0
    outer loop
      vertex 79.0777 93.726 2.5
      vertex 78.6317 93.8773 0
      vertex 79.0777 93.726 0
    endloop
  endfacet
  facet normal 0.946993 -0.321256 0
    outer loop
      vertex 74.2227 91.3317 2.5
      vertex 74.374 91.7777 0
      vertex 74.374 91.7777 2.5
    endloop
  endfacet
  facet normal 0.946993 -0.321256 0
    outer loop
      vertex 74.374 91.7777 0
      vertex 74.2227 91.3317 2.5
      vertex 74.2227 91.3317 0
    endloop
  endfacet
  facet normal -0.751879 -0.659301 0
    outer loop
      vertex 80.5561 92.5915 0
      vertex 80.2456 92.9456 2.5
      vertex 80.2456 92.9456 0
    endloop
  endfacet
  facet normal -0.751879 -0.659301 0
    outer loop
      vertex 80.2456 92.9456 2.5
      vertex 80.5561 92.5915 0
      vertex 80.5561 92.5915 2.5
    endloop
  endfacet
  facet normal -0.997859 -0.0654055 0
    outer loop
      vertex 81.3 90.4 0
      vertex 81.2692 90.8699 2.5
      vertex 81.2692 90.8699 0
    endloop
  endfacet
  facet normal -0.997859 -0.0654055 0
    outer loop
      vertex 81.2692 90.8699 2.5
      vertex 81.3 90.4 0
      vertex 81.3 90.4 2.5
    endloop
  endfacet
  facet normal 0.442365 -0.896835 0
    outer loop
      vertex 75.9 93.5177 0
      vertex 76.3223 93.726 2.5
      vertex 75.9 93.5177 2.5
    endloop
  endfacet
  facet normal 0.442365 -0.896835 0
    outer loop
      vertex 76.3223 93.726 2.5
      vertex 75.9 93.5177 0
      vertex 76.3223 93.726 0
    endloop
  endfacet
  facet normal 0.659301 0.751879 -0
    outer loop
      vertex 75.5085 87.5439 0
      vertex 75.1544 87.8544 2.5
      vertex 75.5085 87.5439 2.5
    endloop
  endfacet
  facet normal 0.659301 0.751879 0
    outer loop
      vertex 75.1544 87.8544 2.5
      vertex 75.5085 87.5439 0
      vertex 75.1544 87.8544 0
    endloop
  endfacet
  facet normal 0.997859 0.0654055 0
    outer loop
      vertex 74.1308 89.9301 2.5
      vertex 74.1 90.4 0
      vertex 74.1 90.4 2.5
    endloop
  endfacet
  facet normal 0.997859 0.0654055 0
    outer loop
      vertex 74.1 90.4 0
      vertex 74.1308 89.9301 2.5
      vertex 74.1308 89.9301 0
    endloop
  endfacet
  facet normal 0.896835 0.442365 0
    outer loop
      vertex 74.5823 88.6 2.5
      vertex 74.374 89.0223 0
      vertex 74.374 89.0223 2.5
    endloop
  endfacet
  facet normal 0.896835 0.442365 0
    outer loop
      vertex 74.374 89.0223 0
      vertex 74.5823 88.6 2.5
      vertex 74.5823 88.6 0
    endloop
  endfacet
  facet normal -0.896835 -0.442365 0
    outer loop
      vertex 81.026 91.7777 0
      vertex 80.8177 92.2 2.5
      vertex 80.8177 92.2 0
    endloop
  endfacet
  facet normal -0.896835 -0.442365 0
    outer loop
      vertex 80.8177 92.2 2.5
      vertex 81.026 91.7777 0
      vertex 81.026 91.7777 2.5
    endloop
  endfacet
  facet normal 0.997859 -0.0654055 0
    outer loop
      vertex 74.1 90.4 2.5
      vertex 74.1308 90.8699 0
      vertex 74.1308 90.8699 2.5
    endloop
  endfacet
  facet normal 0.997859 -0.0654055 0
    outer loop
      vertex 74.1308 90.8699 0
      vertex 74.1 90.4 2.5
      vertex 74.1 90.4 0
    endloop
  endfacet
  facet normal 0.32132 -0.946971 0
    outer loop
      vertex 76.3223 93.726 0
      vertex 76.7682 93.8773 2.5
      vertex 76.3223 93.726 2.5
    endloop
  endfacet
  facet normal 0.32132 -0.946971 0
    outer loop
      vertex 76.7682 93.8773 2.5
      vertex 76.3223 93.726 0
      vertex 76.7682 93.8773 0
    endloop
  endfacet
  facet normal -0.831462 -0.555582 0
    outer loop
      vertex 80.8177 92.2 0
      vertex 80.5561 92.5915 2.5
      vertex 80.5561 92.5915 0
    endloop
  endfacet
  facet normal -0.831462 -0.555582 0
    outer loop
      vertex 80.5561 92.5915 2.5
      vertex 80.8177 92.2 0
      vertex 80.8177 92.2 2.5
    endloop
  endfacet
  facet normal 0.555582 0.831462 -0
    outer loop
      vertex 75.9 87.2823 0
      vertex 75.5085 87.5439 2.5
      vertex 75.9 87.2823 2.5
    endloop
  endfacet
  facet normal 0.555582 0.831462 0
    outer loop
      vertex 75.5085 87.5439 2.5
      vertex 75.9 87.2823 0
      vertex 75.5085 87.5439 0
    endloop
  endfacet
  facet normal -0.896835 0.442365 0
    outer loop
      vertex 80.8177 88.6 0
      vertex 81.026 89.0223 2.5
      vertex 81.026 89.0223 0
    endloop
  endfacet
  facet normal -0.896835 0.442365 0
    outer loop
      vertex 81.026 89.0223 2.5
      vertex 80.8177 88.6 0
      vertex 80.8177 88.6 2.5
    endloop
  endfacet
  facet normal 0.751879 -0.659301 0
    outer loop
      vertex 74.8439 92.5915 2.5
      vertex 75.1544 92.9456 0
      vertex 75.1544 92.9456 2.5
    endloop
  endfacet
  facet normal 0.751879 -0.659301 0
    outer loop
      vertex 75.1544 92.9456 0
      vertex 74.8439 92.5915 2.5
      vertex 74.8439 92.5915 0
    endloop
  endfacet
  facet normal -0.0654055 0.997859 0
    outer loop
      vertex 78.1699 86.8308 0
      vertex 77.7 86.8 2.5
      vertex 78.1699 86.8308 2.5
    endloop
  endfacet
  facet normal -0.0654055 0.997859 0
    outer loop
      vertex 77.7 86.8 2.5
      vertex 78.1699 86.8308 0
      vertex 77.7 86.8 0
    endloop
  endfacet
  facet normal 0.980768 0.195177 0
    outer loop
      vertex 74.2227 89.4683 2.5
      vertex 74.1308 89.9301 0
      vertex 74.1308 89.9301 2.5
    endloop
  endfacet
  facet normal 0.980768 0.195177 0
    outer loop
      vertex 74.1308 89.9301 0
      vertex 74.2227 89.4683 2.5
      vertex 74.2227 89.4683 0
    endloop
  endfacet
  facet normal 0.32132 0.946971 -0
    outer loop
      vertex 76.7682 86.9227 0
      vertex 76.3223 87.074 2.5
      vertex 76.7682 86.9227 2.5
    endloop
  endfacet
  facet normal 0.32132 0.946971 0
    outer loop
      vertex 76.3223 87.074 2.5
      vertex 76.7682 86.9227 0
      vertex 76.3223 87.074 0
    endloop
  endfacet
  facet normal -0.195177 0.980768 0
    outer loop
      vertex 78.6317 86.9227 0
      vertex 78.1699 86.8308 2.5
      vertex 78.6317 86.9227 2.5
    endloop
  endfacet
  facet normal -0.195177 0.980768 0
    outer loop
      vertex 78.1699 86.8308 2.5
      vertex 78.6317 86.9227 0
      vertex 78.1699 86.8308 0
    endloop
  endfacet
  facet normal 0.195136 0.980776 -0
    outer loop
      vertex 77.2301 86.8308 0
      vertex 76.7682 86.9227 2.5
      vertex 77.2301 86.8308 2.5
    endloop
  endfacet
  facet normal 0.195136 0.980776 0
    outer loop
      vertex 76.7682 86.9227 2.5
      vertex 77.2301 86.8308 0
      vertex 76.7682 86.9227 0
    endloop
  endfacet
  facet normal -0.555582 0.831462 0
    outer loop
      vertex 79.8915 87.5439 0
      vertex 79.5 87.2823 2.5
      vertex 79.8915 87.5439 2.5
    endloop
  endfacet
  facet normal -0.555582 0.831462 0
    outer loop
      vertex 79.5 87.2823 2.5
      vertex 79.8915 87.5439 0
      vertex 79.5 87.2823 0
    endloop
  endfacet
  facet normal -0.980768 -0.195177 0
    outer loop
      vertex 81.2692 90.8699 0
      vertex 81.1773 91.3317 2.5
      vertex 81.1773 91.3317 0
    endloop
  endfacet
  facet normal -0.980768 -0.195177 0
    outer loop
      vertex 81.1773 91.3317 2.5
      vertex 81.2692 90.8699 0
      vertex 81.2692 90.8699 2.5
    endloop
  endfacet
  facet normal 0.442365 0.896835 -0
    outer loop
      vertex 76.3223 87.074 0
      vertex 75.9 87.2823 2.5
      vertex 76.3223 87.074 2.5
    endloop
  endfacet
  facet normal 0.442365 0.896835 0
    outer loop
      vertex 75.9 87.2823 2.5
      vertex 76.3223 87.074 0
      vertex 75.9 87.2823 0
    endloop
  endfacet
  facet normal 0.0654055 0.997859 -0
    outer loop
      vertex 77.7 86.8 0
      vertex 77.2301 86.8308 2.5
      vertex 77.7 86.8 2.5
    endloop
  endfacet
  facet normal 0.0654055 0.997859 0
    outer loop
      vertex 77.2301 86.8308 2.5
      vertex 77.7 86.8 0
      vertex 77.2301 86.8308 0
    endloop
  endfacet
  facet normal -0.659301 0.751879 0
    outer loop
      vertex 80.2456 87.8544 0
      vertex 79.8915 87.5439 2.5
      vertex 80.2456 87.8544 2.5
    endloop
  endfacet
  facet normal -0.659301 0.751879 0
    outer loop
      vertex 79.8915 87.5439 2.5
      vertex 80.2456 87.8544 0
      vertex 79.8915 87.5439 0
    endloop
  endfacet
  facet normal 0.195136 -0.980776 0
    outer loop
      vertex 76.7682 93.8773 0
      vertex 77.2301 93.9692 2.5
      vertex 76.7682 93.8773 2.5
    endloop
  endfacet
  facet normal 0.195136 -0.980776 0
    outer loop
      vertex 77.2301 93.9692 2.5
      vertex 76.7682 93.8773 0
      vertex 77.2301 93.9692 0
    endloop
  endfacet
  facet normal 0.831462 0.555582 0
    outer loop
      vertex 74.8439 88.2085 2.5
      vertex 74.5823 88.6 0
      vertex 74.5823 88.6 2.5
    endloop
  endfacet
  facet normal 0.831462 0.555582 0
    outer loop
      vertex 74.5823 88.6 0
      vertex 74.8439 88.2085 2.5
      vertex 74.8439 88.2085 0
    endloop
  endfacet
  facet normal 0.659301 -0.751879 0
    outer loop
      vertex 75.1544 92.9456 0
      vertex 75.5085 93.2561 2.5
      vertex 75.1544 92.9456 2.5
    endloop
  endfacet
  facet normal 0.659301 -0.751879 0
    outer loop
      vertex 75.5085 93.2561 2.5
      vertex 75.1544 92.9456 0
      vertex 75.5085 93.2561 0
    endloop
  endfacet
  facet normal 0.555582 -0.831462 0
    outer loop
      vertex 75.5085 93.2561 0
      vertex 75.9 93.5177 2.5
      vertex 75.5085 93.2561 2.5
    endloop
  endfacet
  facet normal 0.555582 -0.831462 0
    outer loop
      vertex 75.9 93.5177 2.5
      vertex 75.5085 93.2561 0
      vertex 75.9 93.5177 0
    endloop
  endfacet
  facet normal -0.946993 0.321256 0
    outer loop
      vertex 81.026 89.0223 0
      vertex 81.1773 89.4683 2.5
      vertex 81.1773 89.4683 0
    endloop
  endfacet
  facet normal -0.946993 0.321256 0
    outer loop
      vertex 81.1773 89.4683 2.5
      vertex 81.026 89.0223 0
      vertex 81.026 89.0223 2.5
    endloop
  endfacet
  facet normal -0.321256 0.946993 0
    outer loop
      vertex 79.0777 87.074 0
      vertex 78.6317 86.9227 2.5
      vertex 79.0777 87.074 2.5
    endloop
  endfacet
  facet normal -0.321256 0.946993 0
    outer loop
      vertex 78.6317 86.9227 2.5
      vertex 79.0777 87.074 0
      vertex 78.6317 86.9227 0
    endloop
  endfacet
  facet normal 0.946993 0.321256 0
    outer loop
      vertex 74.374 89.0223 2.5
      vertex 74.2227 89.4683 0
      vertex 74.2227 89.4683 2.5
    endloop
  endfacet
  facet normal 0.946993 0.321256 0
    outer loop
      vertex 74.2227 89.4683 0
      vertex 74.374 89.0223 2.5
      vertex 74.374 89.0223 0
    endloop
  endfacet
  facet normal -0.751879 0.659301 0
    outer loop
      vertex 80.2456 87.8544 0
      vertex 80.5561 88.2085 2.5
      vertex 80.5561 88.2085 0
    endloop
  endfacet
  facet normal -0.751879 0.659301 0
    outer loop
      vertex 80.5561 88.2085 2.5
      vertex 80.2456 87.8544 0
      vertex 80.2456 87.8544 2.5
    endloop
  endfacet
  facet normal 0.896835 -0.442365 0
    outer loop
      vertex 74.374 91.7777 2.5
      vertex 74.5823 92.2 0
      vertex 74.5823 92.2 2.5
    endloop
  endfacet
  facet normal 0.896835 -0.442365 0
    outer loop
      vertex 74.5823 92.2 0
      vertex 74.374 91.7777 2.5
      vertex 74.374 91.7777 0
    endloop
  endfacet
  facet normal 0.0654055 -0.997859 0
    outer loop
      vertex 77.2301 93.9692 0
      vertex 77.7 94 2.5
      vertex 77.2301 93.9692 2.5
    endloop
  endfacet
  facet normal 0.0654055 -0.997859 0
    outer loop
      vertex 77.7 94 2.5
      vertex 77.2301 93.9692 0
      vertex 77.7 94 0
    endloop
  endfacet
  facet normal 0.751879 0.659301 0
    outer loop
      vertex 75.1544 87.8544 2.5
      vertex 74.8439 88.2085 0
      vertex 74.8439 88.2085 2.5
    endloop
  endfacet
  facet normal 0.751879 0.659301 0
    outer loop
      vertex 74.8439 88.2085 0
      vertex 75.1544 87.8544 2.5
      vertex 75.1544 87.8544 0
    endloop
  endfacet
  facet normal 0.831462 -0.555582 0
    outer loop
      vertex 74.5823 92.2 2.5
      vertex 74.8439 92.5915 0
      vertex 74.8439 92.5915 2.5
    endloop
  endfacet
  facet normal 0.831462 -0.555582 0
    outer loop
      vertex 74.8439 92.5915 0
      vertex 74.5823 92.2 2.5
      vertex 74.5823 92.2 0
    endloop
  endfacet
  facet normal 0.980768 -0.195177 0
    outer loop
      vertex 74.1308 90.8699 2.5
      vertex 74.2227 91.3317 0
      vertex 74.2227 91.3317 2.5
    endloop
  endfacet
  facet normal 0.980768 -0.195177 0
    outer loop
      vertex 74.2227 91.3317 0
      vertex 74.1308 90.8699 2.5
      vertex 74.1308 90.8699 0
    endloop
  endfacet
  facet normal -0.946993 -0.321256 0
    outer loop
      vertex 81.1773 91.3317 0
      vertex 81.026 91.7777 2.5
      vertex 81.026 91.7777 0
    endloop
  endfacet
  facet normal -0.946993 -0.321256 0
    outer loop
      vertex 81.026 91.7777 2.5
      vertex 81.1773 91.3317 0
      vertex 81.1773 91.3317 2.5
    endloop
  endfacet
  facet normal -0.659301 -0.751879 0
    outer loop
      vertex 79.8915 93.2561 0
      vertex 80.2456 92.9456 2.5
      vertex 79.8915 93.2561 2.5
    endloop
  endfacet
  facet normal -0.659301 -0.751879 -0
    outer loop
      vertex 80.2456 92.9456 2.5
      vertex 79.8915 93.2561 0
      vertex 80.2456 92.9456 0
    endloop
  endfacet
endsolid OpenSCAD_Model
