solid OpenSCAD_Model
  facet normal 1 0 0
    outer loop
      vertex 1.43778 9.77646 4
      vertex 1.43778 9.77645 3
      vertex 1.43778 9.77646 2.99
    endloop
  endfacet
  facet normal 0.980789 0.195072 -1.95072e-06
    outer loop
      vertex 1.51433 9.39158 4
      vertex 1.43778 9.77645 3
      vertex 1.43778 9.77646 4
    endloop
  endfacet
  facet normal 0.980788 0.195077 0
    outer loop
      vertex 1.43778 9.77645 3
      vertex 1.51433 9.39158 4
      vertex 1.51433 9.39158 3
    endloop
  endfacet
  facet normal 1 0 0
    outer loop
      vertex 1.43778 9.77646 2.99
      vertex 1.43778 9.77645 3
      vertex 1.43778 9.77645 2.99
    endloop
  endfacet
  facet normal 0.997858 0.0654145 0
    outer loop
      vertex 1.54 9 4
      vertex 1.51433 9.39158 3
      vertex 1.51433 9.39158 4
    endloop
  endfacet
  facet normal 0.997858 0.0654145 0
    outer loop
      vertex 1.51433 9.39158 3
      vertex 1.54 9 4
      vertex 1.54 9 3
    endloop
  endfacet
  facet normal 0.980789 -0.195072 0
    outer loop
      vertex 1.43778 8.22354 4
      vertex 1.51433 8.60842 3
      vertex 1.51433 8.60842 4
    endloop
  endfacet
  facet normal 0.980789 -0.195072 0
    outer loop
      vertex 1.51433 8.60842 3
      vertex 1.43778 8.22354 4
      vertex 1.43778 8.22354 3
    endloop
  endfacet
  facet normal 0 0 1
    outer loop
      vertex -0.46 9 4
      vertex 1.54 9 4
      vertex 1.51433 9.39158 4
    endloop
  endfacet
  facet normal 0 0 1
    outer loop
      vertex -0.468555 9.13053 4
      vertex 1.51433 9.39158 4
      vertex 1.43778 9.77646 4
    endloop
  endfacet
  facet normal 0 0 1
    outer loop
      vertex 1.54 9 4
      vertex -0.46 9 4
      vertex 1.51433 8.60842 4
    endloop
  endfacet
  facet normal 0 0 1
    outer loop
      vertex -0.494075 9.25882 4
      vertex 1.43778 9.77646 4
      vertex 1.31164 10.148 4
    endloop
  endfacet
  facet normal -0 0 1
    outer loop
      vertex -0.468555 8.86947 4
      vertex 1.51433 8.60842 4
      vertex -0.46 9 4
    endloop
  endfacet
  facet normal 0 0 1
    outer loop
      vertex -0.536121 9.38268 4
      vertex 1.31164 10.148 4
      vertex 1.13808 10.5 4
    endloop
  endfacet
  facet normal 0 0 1
    outer loop
      vertex 1.51433 8.60842 4
      vertex -0.468555 8.86947 4
      vertex 1.43778 8.22354 4
    endloop
  endfacet
  facet normal 0 0 1
    outer loop
      vertex -0.593975 9.5 4
      vertex 1.13808 10.5 4
      vertex 0.920059 10.8263 4
    endloop
  endfacet
  facet normal -0 0 1
    outer loop
      vertex -0.494075 8.74118 4
      vertex 1.43778 8.22354 4
      vertex -0.468555 8.86947 4
    endloop
  endfacet
  facet normal 0 0 1
    outer loop
      vertex -0.666647 9.60876 4
      vertex 0.920059 10.8263 4
      vertex 0.66132 11.1213 4
    endloop
  endfacet
  facet normal 0 0 1
    outer loop
      vertex 1.43778 8.22354 4
      vertex -0.494075 8.74118 4
      vertex 1.31164 7.85195 4
    endloop
  endfacet
  facet normal 0 0 1
    outer loop
      vertex -0.752893 9.70711 4
      vertex 0.66132 11.1213 4
      vertex 0.366283 11.3801 4
    endloop
  endfacet
  facet normal -0 0 1
    outer loop
      vertex -0.536121 8.61732 4
      vertex 1.31164 7.85195 4
      vertex -0.494075 8.74118 4
    endloop
  endfacet
  facet normal 0 0 1
    outer loop
      vertex -0.851239 9.79335 4
      vertex 0.366283 11.3801 4
      vertex 0.04 11.5981 4
    endloop
  endfacet
  facet normal 0 0 1
    outer loop
      vertex 1.31164 7.85195 4
      vertex -0.536121 8.61732 4
      vertex 1.13808 7.5 4
    endloop
  endfacet
  facet normal 0 0 1
    outer loop
      vertex -0.96 9.86602 4
      vertex 0.04 11.5981 4
      vertex -0.311951 11.7716 4
    endloop
  endfacet
  facet normal -0 0 1
    outer loop
      vertex -0.593975 8.5 4
      vertex 1.13808 7.5 4
      vertex -0.536121 8.61732 4
    endloop
  endfacet
  facet normal 0 0 1
    outer loop
      vertex 1.13808 7.5 4
      vertex -0.593975 8.5 4
      vertex 0.920059 7.17372 4
    endloop
  endfacet
  facet normal 0 0 1
    outer loop
      vertex 1.51433 9.39158 4
      vertex -0.468555 9.13053 4
      vertex -0.46 9 4
    endloop
  endfacet
  facet normal 0 0 1
    outer loop
      vertex 1.43778 9.77646 4
      vertex -0.494075 9.25882 4
      vertex -0.468555 9.13053 4
    endloop
  endfacet
  facet normal 0 0 1
    outer loop
      vertex 1.31164 10.148 4
      vertex -0.536121 9.38268 4
      vertex -0.494075 9.25882 4
    endloop
  endfacet
  facet normal 0 0 1
    outer loop
      vertex 1.13808 10.5 4
      vertex -0.593975 9.5 4
      vertex -0.536121 9.38268 4
    endloop
  endfacet
  facet normal 0 0 1
    outer loop
      vertex 0.920059 10.8263 4
      vertex -0.666647 9.60876 4
      vertex -0.593975 9.5 4
    endloop
  endfacet
  facet normal 0 0 1
    outer loop
      vertex -1.07732 9.92388 4
      vertex -0.311951 11.7716 4
      vertex -0.683543 11.8978 4
    endloop
  endfacet
  facet normal 0 0 1
    outer loop
      vertex 0.66132 11.1213 4
      vertex -0.752893 9.70711 4
      vertex -0.666647 9.60876 4
    endloop
  endfacet
  facet normal 0 0 1
    outer loop
      vertex 0.366283 11.3801 4
      vertex -0.851239 9.79335 4
      vertex -0.752893 9.70711 4
    endloop
  endfacet
  facet normal 0 0 1
    outer loop
      vertex 0.04 11.5981 4
      vertex -0.96 9.86602 4
      vertex -0.851239 9.79335 4
    endloop
  endfacet
  facet normal 0 0 1
    outer loop
      vertex -1.20118 9.96593 4
      vertex -0.683543 11.8978 4
      vertex -1.06842 11.9743 4
    endloop
  endfacet
  facet normal 0 0 1
    outer loop
      vertex -0.311951 11.7716 4
      vertex -1.07732 9.92388 4
      vertex -0.96 9.86602 4
    endloop
  endfacet
  facet normal 0 0 1
    outer loop
      vertex -0.683543 11.8978 4
      vertex -1.20118 9.96593 4
      vertex -1.07732 9.92388 4
    endloop
  endfacet
  facet normal 0 0 1
    outer loop
      vertex -1.06842 11.9743 4
      vertex -1.32947 9.99144 4
      vertex -1.20118 9.96593 4
    endloop
  endfacet
  facet normal 0 0 1
    outer loop
      vertex -1.46 12 4
      vertex -1.32947 9.99144 4
      vertex -1.06842 11.9743 4
    endloop
  endfacet
  facet normal 0 0 1
    outer loop
      vertex -1.46 12 4
      vertex -1.46 10 4
      vertex -1.32947 9.99144 4
    endloop
  endfacet
  facet normal 0 0 1
    outer loop
      vertex -1.46 12 4
      vertex -1.59053 9.99144 4
      vertex -1.46 10 4
    endloop
  endfacet
  facet normal -0 0 1
    outer loop
      vertex -1.85158 11.9743 4
      vertex -1.59053 9.99144 4
      vertex -1.46 12 4
    endloop
  endfacet
  facet normal 0 0 1
    outer loop
      vertex -1.59053 9.99144 4
      vertex -1.85158 11.9743 4
      vertex -1.71882 9.96593 4
    endloop
  endfacet
  facet normal -0 0 1
    outer loop
      vertex -2.23646 11.8978 4
      vertex -1.71882 9.96593 4
      vertex -1.85158 11.9743 4
    endloop
  endfacet
  facet normal 0 0 1
    outer loop
      vertex -1.71882 9.96593 4
      vertex -2.23646 11.8978 4
      vertex -1.84268 9.92388 4
    endloop
  endfacet
  facet normal -0 0 1
    outer loop
      vertex -2.60805 11.7716 4
      vertex -1.84268 9.92388 4
      vertex -2.23646 11.8978 4
    endloop
  endfacet
  facet normal 0 0 1
    outer loop
      vertex -1.84268 9.92388 4
      vertex -2.60805 11.7716 4
      vertex -1.96 9.86602 4
    endloop
  endfacet
  facet normal -0 0 1
    outer loop
      vertex -2.96 11.5981 4
      vertex -1.96 9.86602 4
      vertex -2.60805 11.7716 4
    endloop
  endfacet
  facet normal 0 0 1
    outer loop
      vertex -1.96 9.86602 4
      vertex -2.96 11.5981 4
      vertex -2.06876 9.79335 4
    endloop
  endfacet
  facet normal -0 0 1
    outer loop
      vertex -3.28628 11.3801 4
      vertex -2.06876 9.79335 4
      vertex -2.96 11.5981 4
    endloop
  endfacet
  facet normal 0 0 1
    outer loop
      vertex -2.06876 9.79335 4
      vertex -3.28628 11.3801 4
      vertex -2.16711 9.70711 4
    endloop
  endfacet
  facet normal -0 0 1
    outer loop
      vertex -3.58132 11.1213 4
      vertex -2.16711 9.70711 4
      vertex -3.28628 11.3801 4
    endloop
  endfacet
  facet normal 0 0 1
    outer loop
      vertex -2.16711 9.70711 4
      vertex -3.58132 11.1213 4
      vertex -2.25335 9.60876 4
    endloop
  endfacet
  facet normal 0 0 1
    outer loop
      vertex -2.25335 9.60876 4
      vertex -3.84006 10.8263 4
      vertex -2.32603 9.5 4
    endloop
  endfacet
  facet normal -0 0 1
    outer loop
      vertex -3.84006 10.8263 4
      vertex -2.25335 9.60876 4
      vertex -3.58132 11.1213 4
    endloop
  endfacet
  facet normal -0 0 1
    outer loop
      vertex -0.666647 8.39124 4
      vertex 0.920059 7.17372 4
      vertex -0.593975 8.5 4
    endloop
  endfacet
  facet normal 0 0 1
    outer loop
      vertex 0.920059 7.17372 4
      vertex -0.666647 8.39124 4
      vertex 0.66132 6.87868 4
    endloop
  endfacet
  facet normal -0 0 1
    outer loop
      vertex -0.752893 8.29289 4
      vertex 0.66132 6.87868 4
      vertex -0.666647 8.39124 4
    endloop
  endfacet
  facet normal 0 0 1
    outer loop
      vertex 0.66132 6.87868 4
      vertex -0.752893 8.29289 4
      vertex 0.366283 6.61994 4
    endloop
  endfacet
  facet normal -0 0 1
    outer loop
      vertex -0.851239 8.20665 4
      vertex 0.366283 6.61994 4
      vertex -0.752893 8.29289 4
    endloop
  endfacet
  facet normal 0 0 1
    outer loop
      vertex 0.366283 6.61994 4
      vertex -0.851239 8.20665 4
      vertex 0.04 6.40192 4
    endloop
  endfacet
  facet normal -0 0 1
    outer loop
      vertex -0.96 8.13398 4
      vertex 0.04 6.40192 4
      vertex -0.851239 8.20665 4
    endloop
  endfacet
  facet normal 0 0 1
    outer loop
      vertex 0.04 6.40192 4
      vertex -0.96 8.13398 4
      vertex -0.311951 6.22836 4
    endloop
  endfacet
  facet normal -0 0 1
    outer loop
      vertex -1.07732 8.07612 4
      vertex -0.311951 6.22836 4
      vertex -0.96 8.13398 4
    endloop
  endfacet
  facet normal 0 0 1
    outer loop
      vertex -0.311951 6.22836 4
      vertex -1.07732 8.07612 4
      vertex -0.683543 6.10222 4
    endloop
  endfacet
  facet normal -0 0 1
    outer loop
      vertex -1.20118 8.03407 4
      vertex -0.683543 6.10222 4
      vertex -1.07732 8.07612 4
    endloop
  endfacet
  facet normal 0 0 1
    outer loop
      vertex -0.683543 6.10222 4
      vertex -1.20118 8.03407 4
      vertex -1.06842 6.02567 4
    endloop
  endfacet
  facet normal -0 0 1
    outer loop
      vertex -1.32947 8.00856 4
      vertex -1.06842 6.02567 4
      vertex -1.20118 8.03407 4
    endloop
  endfacet
  facet normal -0 0 1
    outer loop
      vertex -1.46 8 4
      vertex -1.06842 6.02567 4
      vertex -1.32947 8.00856 4
    endloop
  endfacet
  facet normal 0 0 1
    outer loop
      vertex -1.46 8 4
      vertex -1.46 6 4
      vertex -1.06842 6.02567 4
    endloop
  endfacet
  facet normal 0 0 1
    outer loop
      vertex -1.59053 8.00856 4
      vertex -1.46 6 4
      vertex -1.46 8 4
    endloop
  endfacet
  facet normal 0 0 1
    outer loop
      vertex -1.85158 6.02567 4
      vertex -1.59053 8.00856 4
      vertex -1.71882 8.03407 4
    endloop
  endfacet
  facet normal 0 0 1
    outer loop
      vertex -2.23646 6.10222 4
      vertex -1.71882 8.03407 4
      vertex -1.84268 8.07612 4
    endloop
  endfacet
  facet normal 0 0 1
    outer loop
      vertex -1.59053 8.00856 4
      vertex -1.85158 6.02567 4
      vertex -1.46 6 4
    endloop
  endfacet
  facet normal 0 0 1
    outer loop
      vertex -2.60805 6.22836 4
      vertex -1.84268 8.07612 4
      vertex -1.96 8.13398 4
    endloop
  endfacet
  facet normal 0 0 1
    outer loop
      vertex -2.96 6.40192 4
      vertex -1.96 8.13398 4
      vertex -2.06876 8.20665 4
    endloop
  endfacet
  facet normal 0 0 1
    outer loop
      vertex -3.28628 6.61994 4
      vertex -2.06876 8.20665 4
      vertex -2.16711 8.29289 4
    endloop
  endfacet
  facet normal 0 0 1
    outer loop
      vertex -1.71882 8.03407 4
      vertex -2.23646 6.10222 4
      vertex -1.85158 6.02567 4
    endloop
  endfacet
  facet normal 0 0 1
    outer loop
      vertex -3.58132 6.87868 4
      vertex -2.16711 8.29289 4
      vertex -2.25335 8.39124 4
    endloop
  endfacet
  facet normal 0 0 1
    outer loop
      vertex -3.84006 7.17372 4
      vertex -2.25335 8.39124 4
      vertex -2.32603 8.5 4
    endloop
  endfacet
  facet normal 0 0 1
    outer loop
      vertex -4.05808 7.5 4
      vertex -2.32603 8.5 4
      vertex -2.38388 8.61732 4
    endloop
  endfacet
  facet normal 0 0 1
    outer loop
      vertex -4.23164 7.85195 4
      vertex -2.38388 8.61732 4
      vertex -2.42593 8.74118 4
    endloop
  endfacet
  facet normal 0 0 1
    outer loop
      vertex -4.35778 8.22354 4
      vertex -2.42593 8.74118 4
      vertex -2.45144 8.86947 4
    endloop
  endfacet
  facet normal 0 0 1
    outer loop
      vertex -1.84268 8.07612 4
      vertex -2.60805 6.22836 4
      vertex -2.23646 6.10222 4
    endloop
  endfacet
  facet normal 0 0 1
    outer loop
      vertex -4.43433 8.60842 4
      vertex -2.45144 8.86947 4
      vertex -2.46 9 4
    endloop
  endfacet
  facet normal -0 0 1
    outer loop
      vertex -4.05808 10.5 4
      vertex -2.32603 9.5 4
      vertex -3.84006 10.8263 4
    endloop
  endfacet
  facet normal 0 0 1
    outer loop
      vertex -2.32603 9.5 4
      vertex -4.05808 10.5 4
      vertex -2.38388 9.38268 4
    endloop
  endfacet
  facet normal 0 0 1
    outer loop
      vertex -1.96 8.13398 4
      vertex -2.96 6.40192 4
      vertex -2.60805 6.22836 4
    endloop
  endfacet
  facet normal -0 0 1
    outer loop
      vertex -4.23164 10.148 4
      vertex -2.38388 9.38268 4
      vertex -4.05808 10.5 4
    endloop
  endfacet
  facet normal 0 0 1
    outer loop
      vertex -2.06876 8.20665 4
      vertex -3.28628 6.61994 4
      vertex -2.96 6.40192 4
    endloop
  endfacet
  facet normal 0 0 1
    outer loop
      vertex -2.38388 9.38268 4
      vertex -4.23164 10.148 4
      vertex -2.42593 9.25882 4
    endloop
  endfacet
  facet normal 0 0 1
    outer loop
      vertex -2.16711 8.29289 4
      vertex -3.58132 6.87868 4
      vertex -3.28628 6.61994 4
    endloop
  endfacet
  facet normal -0 0 1
    outer loop
      vertex -4.35778 9.77646 4
      vertex -2.42593 9.25882 4
      vertex -4.23164 10.148 4
    endloop
  endfacet
  facet normal 0 0 1
    outer loop
      vertex -2.25335 8.39124 4
      vertex -3.84006 7.17372 4
      vertex -3.58132 6.87868 4
    endloop
  endfacet
  facet normal 0 0 1
    outer loop
      vertex -2.42593 9.25882 4
      vertex -4.35778 9.77646 4
      vertex -2.45144 9.13053 4
    endloop
  endfacet
  facet normal 0 0 1
    outer loop
      vertex -2.32603 8.5 4
      vertex -4.05808 7.5 4
      vertex -3.84006 7.17372 4
    endloop
  endfacet
  facet normal -0 0 1
    outer loop
      vertex -4.43433 9.39158 4
      vertex -2.45144 9.13053 4
      vertex -4.35778 9.77646 4
    endloop
  endfacet
  facet normal 0 0 1
    outer loop
      vertex -2.38388 8.61732 4
      vertex -4.23164 7.85195 4
      vertex -4.05808 7.5 4
    endloop
  endfacet
  facet normal 0 0 1
    outer loop
      vertex -2.45144 9.13053 4
      vertex -4.43433 9.39158 4
      vertex -2.46 9 4
    endloop
  endfacet
  facet normal 0 0 1
    outer loop
      vertex -2.42593 8.74118 4
      vertex -4.35778 8.22354 4
      vertex -4.23164 7.85195 4
    endloop
  endfacet
  facet normal 0 0 1
    outer loop
      vertex -4.46 9 4
      vertex -2.46 9 4
      vertex -4.43433 9.39158 4
    endloop
  endfacet
  facet normal 0 0 1
    outer loop
      vertex -2.45144 8.86947 4
      vertex -4.43433 8.60842 4
      vertex -4.35778 8.22354 4
    endloop
  endfacet
  facet normal 0 0 1
    outer loop
      vertex -2.46 9 4
      vertex -4.46 9 4
      vertex -4.43433 8.60842 4
    endloop
  endfacet
  facet normal 0.831476 0.55556 0
    outer loop
      vertex 1.13808 10.5 4
      vertex 0.920059 10.8263 2.99
      vertex 0.920059 10.8263 4
    endloop
  endfacet
  facet normal 0.831476 0.55556 0
    outer loop
      vertex 0.920059 10.8263 2.99
      vertex 1.13808 10.5 4
      vertex 1.13808 10.5 2.99
    endloop
  endfacet
  facet normal 0.555543 0.831488 -0
    outer loop
      vertex 0.366283 11.3801 2.99
      vertex 0.04 11.5981 4
      vertex 0.366283 11.3801 4
    endloop
  endfacet
  facet normal 0.555543 0.831488 0
    outer loop
      vertex 0.04 11.5981 4
      vertex 0.366283 11.3801 2.99
      vertex 0.04 11.5981 2.99
    endloop
  endfacet
  facet normal 0.896875 -0.442283 0
    outer loop
      vertex 1.13808 7.5 4
      vertex 1.31164 7.85195 3
      vertex 1.31164 7.85195 4
    endloop
  endfacet
  facet normal 0.896875 -0.442283 0
    outer loop
      vertex 1.31164 7.85195 3
      vertex 1.13808 7.5 4
      vertex 1.13808 7.5 3
    endloop
  endfacet
  facet normal 0.997858 -0.0654145 0
    outer loop
      vertex 1.51433 8.60842 4
      vertex 1.54 9 3
      vertex 1.54 9 4
    endloop
  endfacet
  facet normal 0.997858 -0.0654145 0
    outer loop
      vertex 1.54 9 3
      vertex 1.51433 8.60842 4
      vertex 1.51433 8.60842 3
    endloop
  endfacet
  facet normal 0.32158 0.946882 -0
    outer loop
      vertex -0.311951 11.7716 3
      vertex -0.683543 11.8978 4
      vertex -0.311951 11.7716 4
    endloop
  endfacet
  facet normal 0.32158 0.946882 0
    outer loop
      vertex -0.683543 11.8978 4
      vertex -0.311951 11.7716 3
      vertex -0.683543 11.8978 3
    endloop
  endfacet
  facet normal -0.8969 0.442233 0
    outer loop
      vertex -4.23164 10.148 3
      vertex -4.05808 10.5 4
      vertex -4.05808 10.5 3
    endloop
  endfacet
  facet normal -0.8969 0.442233 0
    outer loop
      vertex -4.05808 10.5 4
      vertex -4.23164 10.148 3
      vertex -4.23164 10.148 4
    endloop
  endfacet
  facet normal -0.659428 0.751768 0
    outer loop
      vertex -3.28628 11.3801 3
      vertex -3.58132 11.1213 4
      vertex -3.28628 11.3801 4
    endloop
  endfacet
  facet normal -0.659428 0.751768 0
    outer loop
      vertex -3.58132 11.1213 4
      vertex -3.28628 11.3801 3
      vertex -3.58132 11.1213 3
    endloop
  endfacet
  facet normal 0.321443 -0.946929 0
    outer loop
      vertex -0.683543 6.10222 3
      vertex -0.311951 6.22836 4
      vertex -0.683543 6.10222 4
    endloop
  endfacet
  facet normal 0.321443 -0.946929 0
    outer loop
      vertex -0.311951 6.22836 4
      vertex -0.683543 6.10222 3
      vertex -0.311951 6.22836 3
    endloop
  endfacet
  facet normal -0.997859 -0.0653945 -0
    outer loop
      vertex -4.43688 8.64721 3
      vertex -4.46 9 2.99
      vertex -4.43688 8.64721 2.99
    endloop
  endfacet
  facet normal -0.997859 -0.0653945 0
    outer loop
      vertex -4.46 9 2.99
      vertex -4.43688 8.64721 3
      vertex -4.46 9 4
    endloop
  endfacet
  facet normal -0.997846 -0.065597 -0
    outer loop
      vertex -4.43433 8.60842 4
      vertex -4.43688 8.64721 3
      vertex -4.43433 8.60842 3
    endloop
  endfacet
  facet normal -0.997858 -0.0654145 7.10896e-06
    outer loop
      vertex -4.43688 8.64721 3
      vertex -4.43433 8.60842 4
      vertex -4.46 9 4
    endloop
  endfacet
  facet normal -0.659341 -0.751844 0
    outer loop
      vertex -3.58132 6.87868 3
      vertex -3.28628 6.61994 4
      vertex -3.58132 6.87868 4
    endloop
  endfacet
  facet normal -0.659341 -0.751844 -0
    outer loop
      vertex -3.28628 6.61994 4
      vertex -3.58132 6.87868 3
      vertex -3.28628 6.61994 3
    endloop
  endfacet
  facet normal -0.321582 0.946882 0
    outer loop
      vertex -2.23646 11.8978 3
      vertex -2.60805 11.7716 4
      vertex -2.23646 11.8978 4
    endloop
  endfacet
  facet normal -0.321582 0.946882 0
    outer loop
      vertex -2.60805 11.7716 4
      vertex -2.23646 11.8978 3
      vertex -2.60805 11.7716 3
    endloop
  endfacet
  facet normal -0.831462 -0.555582 0
    outer loop
      vertex -3.84006 7.17372 3
      vertex -4.05808 7.5 4
      vertex -4.05808 7.5 3
    endloop
  endfacet
  facet normal -0.831462 -0.555582 0
    outer loop
      vertex -4.05808 7.5 4
      vertex -3.84006 7.17372 3
      vertex -3.84006 7.17372 4
    endloop
  endfacet
  facet normal -0.555547 0.831485 -1.5963e-05
    outer loop
      vertex -2.96 11.5981 4
      vertex -3.27323 11.3888 3
      vertex -3.28628 11.3801 4
    endloop
  endfacet
  facet normal -0.555582 0.831462 0
    outer loop
      vertex -2.96 11.5981 2.99
      vertex -3.27323 11.3888 3
      vertex -2.96 11.5981 4
    endloop
  endfacet
  facet normal -0.555582 0.831462 0
    outer loop
      vertex -3.27323 11.3888 3
      vertex -2.96 11.5981 2.99
      vertex -3.27323 11.3888 2.99
    endloop
  endfacet
  facet normal -0.5547 0.83205 0
    outer loop
      vertex -3.28628 11.3801 4
      vertex -3.27323 11.3888 3
      vertex -3.28628 11.3801 3
    endloop
  endfacet
  facet normal -0.997859 0.0654072 0
    outer loop
      vertex -4.43536 9.37591 2.99
      vertex -4.46 9 2.99
      vertex -4.43536 9.37591 3
    endloop
  endfacet
  facet normal -0.997847 0.0655892 0
    outer loop
      vertex -4.43536 9.37591 3
      vertex -4.43433 9.39158 4
      vertex -4.43433 9.39158 3
    endloop
  endfacet
  facet normal -0.997859 0.0654072 0
    outer loop
      vertex -4.46 9 4
      vertex -4.43536 9.37591 3
      vertex -4.46 9 2.99
    endloop
  endfacet
  facet normal -0.997858 0.0654145 2.74833e-06
    outer loop
      vertex -4.43536 9.37591 3
      vertex -4.46 9 4
      vertex -4.43433 9.39158 4
    endloop
  endfacet
  facet normal 0.194951 0.980813 -0
    outer loop
      vertex -0.683543 11.8978 3
      vertex -1.06842 11.9743 4
      vertex -0.683543 11.8978 4
    endloop
  endfacet
  facet normal 0.194951 0.980813 0
    outer loop
      vertex -1.06842 11.9743 4
      vertex -0.683543 11.8978 3
      vertex -1.06842 11.9743 3
    endloop
  endfacet
  facet normal -0.440056 0.89797 0
    outer loop
      vertex -2.62213 11.7647 3
      vertex -2.60805 11.7716 4
      vertex -2.60805 11.7716 3
    endloop
  endfacet
  facet normal -0.44216 0.896936 3.67618e-05
    outer loop
      vertex -2.60805 11.7716 4
      vertex -2.62213 11.7647 3
      vertex -2.96 11.5981 4
    endloop
  endfacet
  facet normal -0.442248 0.896893 0
    outer loop
      vertex -2.96 11.5981 2.99
      vertex -2.62213 11.7647 3
      vertex -2.62213 11.7647 2.99
    endloop
  endfacet
  facet normal -0.442248 0.896893 0
    outer loop
      vertex -2.62213 11.7647 3
      vertex -2.96 11.5981 2.99
      vertex -2.96 11.5981 4
    endloop
  endfacet
  facet normal 0.0654145 -0.997858 0
    outer loop
      vertex -1.46 6 3
      vertex -1.06842 6.02567 4
      vertex -1.46 6 4
    endloop
  endfacet
  facet normal 0.0654145 -0.997858 0
    outer loop
      vertex -1.06842 6.02567 4
      vertex -1.46 6 3
      vertex -1.06842 6.02567 3
    endloop
  endfacet
  facet normal 0.659345 -0.75184 0
    outer loop
      vertex 0.366283 6.61994 3
      vertex 0.66132 6.87868 4
      vertex 0.366283 6.61994 4
    endloop
  endfacet
  facet normal 0.659345 -0.75184 0
    outer loop
      vertex 0.66132 6.87868 4
      vertex 0.366283 6.61994 3
      vertex 0.66132 6.87868 3
    endloop
  endfacet
  facet normal -0.946928 -0.321444 0
    outer loop
      vertex -4.23164 7.85195 3
      vertex -4.35778 8.22354 4
      vertex -4.35778 8.22354 3
    endloop
  endfacet
  facet normal -0.946928 -0.321444 0
    outer loop
      vertex -4.35778 8.22354 4
      vertex -4.23164 7.85195 3
      vertex -4.23164 7.85195 4
    endloop
  endfacet
  facet normal 0.946928 -0.321444 0
    outer loop
      vertex 1.31164 7.85195 4
      vertex 1.43778 8.22354 3
      vertex 1.43778 8.22354 4
    endloop
  endfacet
  facet normal 0.946928 -0.321444 0
    outer loop
      vertex 1.43778 8.22354 3
      vertex 1.31164 7.85195 4
      vertex 1.31164 7.85195 3
    endloop
  endfacet
  facet normal 0.442159 0.896936 -6.27767e-05
    outer loop
      vertex 0.04 11.5981 4
      vertex 0.032961 11.6015 3
      vertex -0.311951 11.7716 4
    endloop
  endfacet
  facet normal 0.434942 0.900458 -0
    outer loop
      vertex 0.04 11.5981 2.99
      vertex 0.032961 11.6015 3
      vertex 0.04 11.5981 4
    endloop
  endfacet
  facet normal 0.434942 0.900458 0
    outer loop
      vertex 0.032961 11.6015 3
      vertex 0.04 11.5981 2.99
      vertex 0.032961 11.6015 2.99
    endloop
  endfacet
  facet normal 0.442306 0.896864 0
    outer loop
      vertex -0.311951 11.7716 4
      vertex 0.032961 11.6015 3
      vertex -0.311951 11.7716 3
    endloop
  endfacet
  facet normal -0.19495 0.980813 0
    outer loop
      vertex -1.85158 11.9743 3
      vertex -2.23646 11.8978 4
      vertex -1.85158 11.9743 4
    endloop
  endfacet
  facet normal -0.19495 0.980813 0
    outer loop
      vertex -2.23646 11.8978 4
      vertex -1.85158 11.9743 3
      vertex -2.23646 11.8978 3
    endloop
  endfacet
  facet normal 0.751801 0.65939 0
    outer loop
      vertex 0.920059 10.8263 4
      vertex 0.66132 11.1213 2.99
      vertex 0.66132 11.1213 4
    endloop
  endfacet
  facet normal 0.751801 0.65939 0
    outer loop
      vertex 0.66132 11.1213 2.99
      vertex 0.920059 10.8263 4
      vertex 0.920059 10.8263 2.99
    endloop
  endfacet
  facet normal 0.751845 -0.65934 0
    outer loop
      vertex 0.66132 6.87868 4
      vertex 0.920059 7.17372 3
      vertex 0.920059 7.17372 4
    endloop
  endfacet
  facet normal 0.751845 -0.65934 0
    outer loop
      vertex 0.920059 7.17372 3
      vertex 0.66132 6.87868 4
      vertex 0.66132 6.87868 3
    endloop
  endfacet
  facet normal -0.442283 -0.896875 0
    outer loop
      vertex -2.96 6.40192 3
      vertex -2.60805 6.22836 4
      vertex -2.96 6.40192 4
    endloop
  endfacet
  facet normal -0.442283 -0.896875 -0
    outer loop
      vertex -2.60805 6.22836 4
      vertex -2.96 6.40192 3
      vertex -2.60805 6.22836 3
    endloop
  endfacet
  facet normal -0.946915 0.321483 0
    outer loop
      vertex -4.35778 9.77646 3
      vertex -4.23164 10.148 4
      vertex -4.23164 10.148 3
    endloop
  endfacet
  facet normal -0.946915 0.321483 0
    outer loop
      vertex -4.23164 10.148 4
      vertex -4.35778 9.77646 3
      vertex -4.35778 9.77646 4
    endloop
  endfacet
  facet normal 0.195074 -0.980789 0
    outer loop
      vertex -1.06842 6.02567 3
      vertex -0.683543 6.10222 4
      vertex -1.06842 6.02567 4
    endloop
  endfacet
  facet normal 0.195074 -0.980789 0
    outer loop
      vertex -0.683543 6.10222 4
      vertex -1.06842 6.02567 3
      vertex -0.683543 6.10222 3
    endloop
  endfacet
  facet normal 0.442282 -0.896876 0
    outer loop
      vertex -0.311951 6.22836 3
      vertex 0.04 6.40192 4
      vertex -0.311951 6.22836 4
    endloop
  endfacet
  facet normal 0.442282 -0.896876 0
    outer loop
      vertex 0.04 6.40192 4
      vertex -0.311951 6.22836 3
      vertex 0.04 6.40192 3
    endloop
  endfacet
  facet normal -0.751799 0.659392 0
    outer loop
      vertex -3.84006 10.8263 3
      vertex -3.58132 11.1213 4
      vertex -3.58132 11.1213 3
    endloop
  endfacet
  facet normal -0.751799 0.659392 0
    outer loop
      vertex -3.58132 11.1213 4
      vertex -3.84006 10.8263 3
      vertex -3.84006 10.8263 4
    endloop
  endfacet
  facet normal 0.659432 0.751765 -0
    outer loop
      vertex 0.66132 11.1213 2.99
      vertex 0.366283 11.3801 4
      vertex 0.66132 11.1213 4
    endloop
  endfacet
  facet normal 0.659432 0.751765 0
    outer loop
      vertex 0.366283 11.3801 4
      vertex 0.66132 11.1213 2.99
      vertex 0.366283 11.3801 2.99
    endloop
  endfacet
  facet normal -0.896875 -0.442283 0
    outer loop
      vertex -4.05808 7.5 3
      vertex -4.23164 7.85195 4
      vertex -4.23164 7.85195 3
    endloop
  endfacet
  facet normal -0.896875 -0.442283 0
    outer loop
      vertex -4.23164 7.85195 4
      vertex -4.05808 7.5 3
      vertex -4.05808 7.5 4
    endloop
  endfacet
  facet normal 0.831461 -0.555584 0
    outer loop
      vertex 0.920059 7.17372 4
      vertex 1.13808 7.5 3
      vertex 1.13808 7.5 4
    endloop
  endfacet
  facet normal 0.831461 -0.555584 0
    outer loop
      vertex 1.13808 7.5 3
      vertex 0.920059 7.17372 4
      vertex 0.920059 7.17372 3
    endloop
  endfacet
  facet normal 0.8969 0.442233 0
    outer loop
      vertex 1.31164 10.148 4
      vertex 1.13808 10.5 2.99
      vertex 1.13808 10.5 4
    endloop
  endfacet
  facet normal 0.8969 0.442233 0
    outer loop
      vertex 1.13808 10.5 2.99
      vertex 1.31164 10.148 4
      vertex 1.31164 10.148 2.99
    endloop
  endfacet
  facet normal -0.0654145 -0.997858 0
    outer loop
      vertex -1.85158 6.02567 3
      vertex -1.46 6 4
      vertex -1.85158 6.02567 4
    endloop
  endfacet
  facet normal -0.0654145 -0.997858 -0
    outer loop
      vertex -1.46 6 4
      vertex -1.85158 6.02567 3
      vertex -1.46 6 3
    endloop
  endfacet
  facet normal -0.555582 -0.831462 0
    outer loop
      vertex -3.28628 6.61994 3
      vertex -2.96 6.40192 4
      vertex -3.28628 6.61994 4
    endloop
  endfacet
  facet normal -0.555582 -0.831462 -0
    outer loop
      vertex -2.96 6.40192 4
      vertex -3.28628 6.61994 3
      vertex -2.96 6.40192 3
    endloop
  endfacet
  facet normal 0.555578 -0.831464 0
    outer loop
      vertex 0.04 6.40192 3
      vertex 0.366283 6.61994 4
      vertex 0.04 6.40192 4
    endloop
  endfacet
  facet normal 0.555578 -0.831464 0
    outer loop
      vertex 0.366283 6.61994 4
      vertex 0.04 6.40192 3
      vertex 0.366283 6.61994 3
    endloop
  endfacet
  facet normal 0.946915 0.321483 0
    outer loop
      vertex 1.43778 9.77646 4
      vertex 1.31164 10.148 2.99
      vertex 1.31164 10.148 4
    endloop
  endfacet
  facet normal 0.946915 0.321483 0
    outer loop
      vertex 1.31164 10.148 2.99
      vertex 1.43778 9.77646 4
      vertex 1.43778 9.77646 2.99
    endloop
  endfacet
  facet normal -0.980789 0.195072 0
    outer loop
      vertex -4.43433 9.39158 3
      vertex -4.35778 9.77646 4
      vertex -4.35778 9.77646 3
    endloop
  endfacet
  facet normal -0.980789 0.195072 0
    outer loop
      vertex -4.35778 9.77646 4
      vertex -4.43433 9.39158 3
      vertex -4.43433 9.39158 4
    endloop
  endfacet
  facet normal -0.0654906 0.997853 7.14001e-05
    outer loop
      vertex -1.46 12 4
      vertex -1.83591 11.9754 3
      vertex -1.85158 11.9743 4
    endloop
  endfacet
  facet normal -0.0653015 0.997866 0
    outer loop
      vertex -1.46 12 2.99
      vertex -1.83591 11.9754 3
      vertex -1.46 12 4
    endloop
  endfacet
  facet normal -0.0653015 0.997866 0
    outer loop
      vertex -1.83591 11.9754 3
      vertex -1.46 12 2.99
      vertex -1.83591 11.9754 2.99
    endloop
  endfacet
  facet normal -0.0700255 0.997545 0
    outer loop
      vertex -1.85158 11.9743 4
      vertex -1.83591 11.9754 3
      vertex -1.85158 11.9743 3
    endloop
  endfacet
  facet normal -0.321444 -0.946928 0
    outer loop
      vertex -2.60805 6.22836 3
      vertex -2.23646 6.10222 4
      vertex -2.60805 6.22836 4
    endloop
  endfacet
  facet normal -0.321444 -0.946928 -0
    outer loop
      vertex -2.23646 6.10222 4
      vertex -2.60805 6.22836 3
      vertex -2.23646 6.10222 3
    endloop
  endfacet
  facet normal -0.980789 -0.195072 0
    outer loop
      vertex -4.35778 8.22354 3
      vertex -4.43433 8.60842 4
      vertex -4.43433 8.60842 3
    endloop
  endfacet
  facet normal -0.980789 -0.195072 0
    outer loop
      vertex -4.43433 8.60842 4
      vertex -4.35778 8.22354 3
      vertex -4.35778 8.22354 4
    endloop
  endfacet
  facet normal -0.751844 -0.659341 0
    outer loop
      vertex -3.58132 6.87868 3
      vertex -3.84006 7.17372 4
      vertex -3.84006 7.17372 3
    endloop
  endfacet
  facet normal -0.751844 -0.659341 0
    outer loop
      vertex -3.84006 7.17372 4
      vertex -3.58132 6.87868 3
      vertex -3.58132 6.87868 4
    endloop
  endfacet
  facet normal 0.0654906 0.997853 -0
    outer loop
      vertex -1.06842 11.9743 3
      vertex -1.46 12 4
      vertex -1.06842 11.9743 4
    endloop
  endfacet
  facet normal 0.0654906 0.997853 -0
    outer loop
      vertex -1.46 12 3
      vertex -1.46 12 4
      vertex -1.06842 11.9743 3
    endloop
  endfacet
  facet normal 0 -0 0
    outer loop
      vertex -1.46 12 3
      vertex -1.46 12 2.99
      vertex -1.46 12 4
    endloop
  endfacet
  facet normal -0.195072 -0.980789 0
    outer loop
      vertex -2.23646 6.10222 3
      vertex -1.85158 6.02567 4
      vertex -2.23646 6.10222 4
    endloop
  endfacet
  facet normal -0.195072 -0.980789 -0
    outer loop
      vertex -1.85158 6.02567 4
      vertex -2.23646 6.10222 3
      vertex -1.85158 6.02567 3
    endloop
  endfacet
  facet normal -0.831477 0.555558 0
    outer loop
      vertex -4.05808 10.5 3
      vertex -3.84006 10.8263 4
      vertex -3.84006 10.8263 3
    endloop
  endfacet
  facet normal -0.831477 0.555558 0
    outer loop
      vertex -3.84006 10.8263 4
      vertex -4.05808 10.5 3
      vertex -4.05808 10.5 4
    endloop
  endfacet
  facet normal 0.980783 0.195102 0
    outer loop
      vertex -0.468555 9.13053 5.5
      vertex -0.494075 9.25882 4
      vertex -0.494075 9.25882 5.5
    endloop
  endfacet
  facet normal 0.980783 0.195102 0
    outer loop
      vertex -0.494075 9.25882 4
      vertex -0.468555 9.13053 5.5
      vertex -0.468555 9.13053 4
    endloop
  endfacet
  facet normal 0.997859 0.0654002 0
    outer loop
      vertex -0.46 9 5.5
      vertex -0.468555 9.13053 4
      vertex -0.468555 9.13053 5.5
    endloop
  endfacet
  facet normal 0.997859 0.0654002 0
    outer loop
      vertex -0.468555 9.13053 4
      vertex -0.46 9 5.5
      vertex -0.46 9 4
    endloop
  endfacet
  facet normal 0.321475 -0.946918 0
    outer loop
      vertex -1.20118 8.03407 4
      vertex -1.07732 8.07612 5.5
      vertex -1.20118 8.03407 5.5
    endloop
  endfacet
  facet normal 0.321475 -0.946918 0
    outer loop
      vertex -1.07732 8.07612 5.5
      vertex -1.20118 8.03407 4
      vertex -1.07732 8.07612 4
    endloop
  endfacet
  facet normal 0.831466 0.555575 0
    outer loop
      vertex -0.593975 9.5 5.5
      vertex -0.666647 9.60876 4
      vertex -0.666647 9.60876 5.5
    endloop
  endfacet
  facet normal 0.831466 0.555575 0
    outer loop
      vertex -0.666647 9.60876 4
      vertex -0.593975 9.5 5.5
      vertex -0.593975 9.5 4
    endloop
  endfacet
  facet normal -0.89689 0.442253 0
    outer loop
      vertex -2.38388 9.38268 4
      vertex -2.32603 9.5 5.5
      vertex -2.32603 9.5 4
    endloop
  endfacet
  facet normal -0.89689 0.442253 0
    outer loop
      vertex -2.32603 9.5 5.5
      vertex -2.38388 9.38268 4
      vertex -2.38388 9.38268 5.5
    endloop
  endfacet
  facet normal -0.555564 0.831474 0
    outer loop
      vertex -1.96 9.86602 4
      vertex -2.06876 9.79335 5.5
      vertex -1.96 9.86602 5.5
    endloop
  endfacet
  facet normal -0.555564 0.831474 0
    outer loop
      vertex -2.06876 9.79335 5.5
      vertex -1.96 9.86602 4
      vertex -2.06876 9.79335 4
    endloop
  endfacet
  facet normal -0.6593 0.75188 0
    outer loop
      vertex -2.06876 9.79335 4
      vertex -2.16711 9.70711 5.5
      vertex -2.06876 9.79335 5.5
    endloop
  endfacet
  facet normal -0.6593 0.75188 0
    outer loop
      vertex -2.16711 9.70711 5.5
      vertex -2.06876 9.79335 4
      vertex -2.16711 9.70711 4
    endloop
  endfacet
  facet normal -0.75188 0.6593 0
    outer loop
      vertex -2.25335 9.60876 4
      vertex -2.16711 9.70711 5.5
      vertex -2.16711 9.70711 4
    endloop
  endfacet
  facet normal -0.75188 0.6593 0
    outer loop
      vertex -2.16711 9.70711 5.5
      vertex -2.25335 9.60876 4
      vertex -2.25335 9.60876 5.5
    endloop
  endfacet
  facet normal 0.946927 -0.321448 0
    outer loop
      vertex -0.536121 8.61732 5.5
      vertex -0.494075 8.74118 4
      vertex -0.494075 8.74118 5.5
    endloop
  endfacet
  facet normal 0.946927 -0.321448 0
    outer loop
      vertex -0.494075 8.74118 4
      vertex -0.536121 8.61732 5.5
      vertex -0.536121 8.61732 4
    endloop
  endfacet
  facet normal -0.997857 0.0654382 0
    outer loop
      vertex -2.46 9 4
      vertex -2.45144 9.13053 5.5
      vertex -2.45144 9.13053 4
    endloop
  endfacet
  facet normal -0.997857 0.0654382 0
    outer loop
      vertex -2.45144 9.13053 5.5
      vertex -2.46 9 4
      vertex -2.46 9 5.5
    endloop
  endfacet
  facet normal 0.555561 0.831476 -0
    outer loop
      vertex -0.851239 9.79335 4
      vertex -0.96 9.86602 5.5
      vertex -0.851239 9.79335 5.5
    endloop
  endfacet
  facet normal 0.555561 0.831476 0
    outer loop
      vertex -0.96 9.86602 5.5
      vertex -0.851239 9.79335 4
      vertex -0.96 9.86602 4
    endloop
  endfacet
  facet normal -0.321475 -0.946918 0
    outer loop
      vertex -1.84268 8.07612 4
      vertex -1.71882 8.03407 5.5
      vertex -1.84268 8.07612 5.5
    endloop
  endfacet
  facet normal -0.321475 -0.946918 -0
    outer loop
      vertex -1.71882 8.03407 5.5
      vertex -1.84268 8.07612 4
      vertex -1.71882 8.03407 4
    endloop
  endfacet
  facet normal 0.195028 -0.980798 0
    outer loop
      vertex -1.32947 8.00856 4
      vertex -1.20118 8.03407 5.5
      vertex -1.32947 8.00856 5.5
    endloop
  endfacet
  facet normal 0.195028 -0.980798 0
    outer loop
      vertex -1.20118 8.03407 5.5
      vertex -1.32947 8.00856 4
      vertex -1.20118 8.03407 4
    endloop
  endfacet
  facet normal -0.321475 0.946918 0
    outer loop
      vertex -1.71882 9.96593 4
      vertex -1.84268 9.92388 5.5
      vertex -1.71882 9.96593 5.5
    endloop
  endfacet
  facet normal -0.321475 0.946918 0
    outer loop
      vertex -1.84268 9.92388 5.5
      vertex -1.71882 9.96593 4
      vertex -1.84268 9.92388 4
    endloop
  endfacet
  facet normal -0.831438 -0.555617 0
    outer loop
      vertex -2.25335 8.39124 4
      vertex -2.32603 8.5 5.5
      vertex -2.32603 8.5 4
    endloop
  endfacet
  facet normal -0.831438 -0.555617 0
    outer loop
      vertex -2.32603 8.5 5.5
      vertex -2.25335 8.39124 4
      vertex -2.25335 8.39124 5.5
    endloop
  endfacet
  facet normal 0.555561 -0.831476 0
    outer loop
      vertex -0.96 8.13398 4
      vertex -0.851239 8.20665 5.5
      vertex -0.96 8.13398 5.5
    endloop
  endfacet
  facet normal 0.555561 -0.831476 0
    outer loop
      vertex -0.851239 8.20665 5.5
      vertex -0.96 8.13398 4
      vertex -0.851239 8.20665 4
    endloop
  endfacet
  facet normal -0.946918 0.321475 0
    outer loop
      vertex -2.42593 9.25882 4
      vertex -2.38388 9.38268 5.5
      vertex -2.38388 9.38268 4
    endloop
  endfacet
  facet normal -0.946918 0.321475 0
    outer loop
      vertex -2.38388 9.38268 5.5
      vertex -2.42593 9.25882 4
      vertex -2.42593 9.25882 5.5
    endloop
  endfacet
  facet normal 0.321475 0.946918 -0
    outer loop
      vertex -1.07732 9.92388 4
      vertex -1.20118 9.96593 5.5
      vertex -1.07732 9.92388 5.5
    endloop
  endfacet
  facet normal 0.321475 0.946918 0
    outer loop
      vertex -1.20118 9.96593 5.5
      vertex -1.07732 9.92388 4
      vertex -1.20118 9.96593 4
    endloop
  endfacet
  facet normal 0.0654382 0.997857 -0
    outer loop
      vertex -1.32947 9.99144 4
      vertex -1.46 10 5.5
      vertex -1.32947 9.99144 5.5
    endloop
  endfacet
  facet normal 0.0654382 0.997857 0
    outer loop
      vertex -1.46 10 5.5
      vertex -1.32947 9.99144 4
      vertex -1.46 10 4
    endloop
  endfacet
  facet normal -0.442314 0.89686 0
    outer loop
      vertex -1.84268 9.92388 4
      vertex -1.96 9.86602 5.5
      vertex -1.84268 9.92388 5.5
    endloop
  endfacet
  facet normal -0.442314 0.89686 0
    outer loop
      vertex -1.96 9.86602 5.5
      vertex -1.84268 9.92388 4
      vertex -1.96 9.86602 4
    endloop
  endfacet
  facet normal 0.831466 -0.555575 0
    outer loop
      vertex -0.666647 8.39124 5.5
      vertex -0.593975 8.5 4
      vertex -0.593975 8.5 5.5
    endloop
  endfacet
  facet normal 0.831466 -0.555575 0
    outer loop
      vertex -0.593975 8.5 4
      vertex -0.666647 8.39124 5.5
      vertex -0.666647 8.39124 4
    endloop
  endfacet
  facet normal -0.997857 -0.0654382 0
    outer loop
      vertex -2.45144 8.86947 4
      vertex -2.46 9 5.5
      vertex -2.46 9 4
    endloop
  endfacet
  facet normal -0.997857 -0.0654382 0
    outer loop
      vertex -2.46 9 5.5
      vertex -2.45144 8.86947 4
      vertex -2.45144 8.86947 5.5
    endloop
  endfacet
  facet normal -0.946918 -0.321475 0
    outer loop
      vertex -2.38388 8.61732 4
      vertex -2.42593 8.74118 5.5
      vertex -2.42593 8.74118 4
    endloop
  endfacet
  facet normal -0.946918 -0.321475 0
    outer loop
      vertex -2.42593 8.74118 5.5
      vertex -2.38388 8.61732 4
      vertex -2.38388 8.61732 5.5
    endloop
  endfacet
  facet normal -0.6593 -0.75188 0
    outer loop
      vertex -2.16711 8.29289 4
      vertex -2.06876 8.20665 5.5
      vertex -2.16711 8.29289 5.5
    endloop
  endfacet
  facet normal -0.6593 -0.75188 -0
    outer loop
      vertex -2.06876 8.20665 5.5
      vertex -2.16711 8.29289 4
      vertex -2.06876 8.20665 4
    endloop
  endfacet
  facet normal 0.442314 0.89686 -0
    outer loop
      vertex -0.96 9.86602 4
      vertex -1.07732 9.92388 5.5
      vertex -0.96 9.86602 5.5
    endloop
  endfacet
  facet normal 0.442314 0.89686 0
    outer loop
      vertex -1.07732 9.92388 5.5
      vertex -0.96 9.86602 4
      vertex -1.07732 9.92388 4
    endloop
  endfacet
  facet normal -0.195028 0.980798 0
    outer loop
      vertex -1.59053 9.99144 4
      vertex -1.71882 9.96593 5.5
      vertex -1.59053 9.99144 5.5
    endloop
  endfacet
  facet normal -0.195028 0.980798 0
    outer loop
      vertex -1.71882 9.96593 5.5
      vertex -1.59053 9.99144 4
      vertex -1.71882 9.96593 4
    endloop
  endfacet
  facet normal 0.751857 0.659326 0
    outer loop
      vertex -0.666647 9.60876 5.5
      vertex -0.752893 9.70711 4
      vertex -0.752893 9.70711 5.5
    endloop
  endfacet
  facet normal 0.751857 0.659326 0
    outer loop
      vertex -0.752893 9.70711 4
      vertex -0.666647 9.60876 5.5
      vertex -0.666647 9.60876 4
    endloop
  endfacet
  facet normal 0.195028 0.980798 -0
    outer loop
      vertex -1.20118 9.96593 4
      vertex -1.32947 9.99144 5.5
      vertex -1.20118 9.96593 5.5
    endloop
  endfacet
  facet normal 0.195028 0.980798 0
    outer loop
      vertex -1.32947 9.99144 5.5
      vertex -1.20118 9.96593 4
      vertex -1.32947 9.99144 4
    endloop
  endfacet
  facet normal 0.751857 -0.659326 0
    outer loop
      vertex -0.752893 8.29289 5.5
      vertex -0.666647 8.39124 4
      vertex -0.666647 8.39124 5.5
    endloop
  endfacet
  facet normal 0.751857 -0.659326 0
    outer loop
      vertex -0.666647 8.39124 4
      vertex -0.752893 8.29289 5.5
      vertex -0.752893 8.29289 4
    endloop
  endfacet
  facet normal -0.442314 -0.89686 0
    outer loop
      vertex -1.96 8.13398 4
      vertex -1.84268 8.07612 5.5
      vertex -1.96 8.13398 5.5
    endloop
  endfacet
  facet normal -0.442314 -0.89686 -0
    outer loop
      vertex -1.84268 8.07612 5.5
      vertex -1.96 8.13398 4
      vertex -1.84268 8.07612 4
    endloop
  endfacet
  facet normal -0.0654382 0.997857 0
    outer loop
      vertex -1.46 10 4
      vertex -1.59053 9.99144 5.5
      vertex -1.46 10 5.5
    endloop
  endfacet
  facet normal -0.0654382 0.997857 0
    outer loop
      vertex -1.59053 9.99144 5.5
      vertex -1.46 10 4
      vertex -1.59053 9.99144 4
    endloop
  endfacet
  facet normal -0.980798 0.195028 0
    outer loop
      vertex -2.45144 9.13053 4
      vertex -2.42593 9.25882 5.5
      vertex -2.42593 9.25882 4
    endloop
  endfacet
  facet normal -0.980798 0.195028 0
    outer loop
      vertex -2.42593 9.25882 5.5
      vertex -2.45144 9.13053 4
      vertex -2.45144 9.13053 5.5
    endloop
  endfacet
  facet normal 0.0654382 -0.997857 0
    outer loop
      vertex -1.46 8 4
      vertex -1.32947 8.00856 5.5
      vertex -1.46 8 5.5
    endloop
  endfacet
  facet normal 0.0654382 -0.997857 0
    outer loop
      vertex -1.32947 8.00856 5.5
      vertex -1.46 8 4
      vertex -1.32947 8.00856 4
    endloop
  endfacet
  facet normal 0.442314 -0.89686 0
    outer loop
      vertex -1.07732 8.07612 4
      vertex -0.96 8.13398 5.5
      vertex -1.07732 8.07612 5.5
    endloop
  endfacet
  facet normal 0.442314 -0.89686 0
    outer loop
      vertex -0.96 8.13398 5.5
      vertex -1.07732 8.07612 4
      vertex -0.96 8.13398 4
    endloop
  endfacet
  facet normal 0.659315 -0.751867 0
    outer loop
      vertex -0.851239 8.20665 4
      vertex -0.752893 8.29289 5.5
      vertex -0.851239 8.20665 5.5
    endloop
  endfacet
  facet normal 0.659315 -0.751867 0
    outer loop
      vertex -0.752893 8.29289 5.5
      vertex -0.851239 8.20665 4
      vertex -0.752893 8.29289 4
    endloop
  endfacet
  facet normal -0.89689 -0.442253 0
    outer loop
      vertex -2.32603 8.5 4
      vertex -2.38388 8.61732 5.5
      vertex -2.38388 8.61732 4
    endloop
  endfacet
  facet normal -0.89689 -0.442253 0
    outer loop
      vertex -2.38388 8.61732 5.5
      vertex -2.32603 8.5 4
      vertex -2.32603 8.5 5.5
    endloop
  endfacet
  facet normal 0.896878 -0.442277 0
    outer loop
      vertex -0.593975 8.5 5.5
      vertex -0.536121 8.61732 4
      vertex -0.536121 8.61732 5.5
    endloop
  endfacet
  facet normal 0.896878 -0.442277 0
    outer loop
      vertex -0.536121 8.61732 4
      vertex -0.593975 8.5 5.5
      vertex -0.593975 8.5 4
    endloop
  endfacet
  facet normal 0.659315 0.751867 -0
    outer loop
      vertex -0.752893 9.70711 4
      vertex -0.851239 9.79335 5.5
      vertex -0.752893 9.70711 5.5
    endloop
  endfacet
  facet normal 0.659315 0.751867 0
    outer loop
      vertex -0.851239 9.79335 5.5
      vertex -0.752893 9.70711 4
      vertex -0.851239 9.79335 4
    endloop
  endfacet
  facet normal 0.997859 -0.0654002 0
    outer loop
      vertex -0.468555 8.86947 5.5
      vertex -0.46 9 4
      vertex -0.46 9 5.5
    endloop
  endfacet
  facet normal 0.997859 -0.0654002 0
    outer loop
      vertex -0.46 9 4
      vertex -0.468555 8.86947 5.5
      vertex -0.468555 8.86947 4
    endloop
  endfacet
  facet normal -0.555564 -0.831474 0
    outer loop
      vertex -2.06876 8.20665 4
      vertex -1.96 8.13398 5.5
      vertex -2.06876 8.20665 5.5
    endloop
  endfacet
  facet normal -0.555564 -0.831474 -0
    outer loop
      vertex -1.96 8.13398 5.5
      vertex -2.06876 8.20665 4
      vertex -1.96 8.13398 4
    endloop
  endfacet
  facet normal 0.896878 0.442277 0
    outer loop
      vertex -0.536121 9.38268 5.5
      vertex -0.593975 9.5 4
      vertex -0.593975 9.5 5.5
    endloop
  endfacet
  facet normal 0.896878 0.442277 0
    outer loop
      vertex -0.593975 9.5 4
      vertex -0.536121 9.38268 5.5
      vertex -0.536121 9.38268 4
    endloop
  endfacet
  facet normal 0.980783 -0.195102 0
    outer loop
      vertex -0.494075 8.74118 5.5
      vertex -0.468555 8.86947 4
      vertex -0.468555 8.86947 5.5
    endloop
  endfacet
  facet normal 0.980783 -0.195102 0
    outer loop
      vertex -0.468555 8.86947 4
      vertex -0.494075 8.74118 5.5
      vertex -0.494075 8.74118 4
    endloop
  endfacet
  facet normal 0.946927 0.321448 0
    outer loop
      vertex -0.494075 9.25882 5.5
      vertex -0.536121 9.38268 4
      vertex -0.536121 9.38268 5.5
    endloop
  endfacet
  facet normal 0.946927 0.321448 0
    outer loop
      vertex -0.536121 9.38268 4
      vertex -0.494075 9.25882 5.5
      vertex -0.494075 9.25882 4
    endloop
  endfacet
  facet normal -0.980798 -0.195028 0
    outer loop
      vertex -2.42593 8.74118 4
      vertex -2.45144 8.86947 5.5
      vertex -2.45144 8.86947 4
    endloop
  endfacet
  facet normal -0.980798 -0.195028 0
    outer loop
      vertex -2.45144 8.86947 5.5
      vertex -2.42593 8.74118 4
      vertex -2.42593 8.74118 5.5
    endloop
  endfacet
  facet normal -0.75188 -0.6593 0
    outer loop
      vertex -2.16711 8.29289 4
      vertex -2.25335 8.39124 5.5
      vertex -2.25335 8.39124 4
    endloop
  endfacet
  facet normal -0.75188 -0.6593 0
    outer loop
      vertex -2.25335 8.39124 5.5
      vertex -2.16711 8.29289 4
      vertex -2.16711 8.29289 5.5
    endloop
  endfacet
  facet normal 0 0 1
    outer loop
      vertex -0.468555 9.13053 5.5
      vertex -0.468555 8.86947 5.5
      vertex -0.46 9 5.5
    endloop
  endfacet
  facet normal 0 0 1
    outer loop
      vertex -0.494075 9.25882 5.5
      vertex -0.468555 8.86947 5.5
      vertex -0.468555 9.13053 5.5
    endloop
  endfacet
  facet normal 0 0 1
    outer loop
      vertex -0.494075 9.25882 5.5
      vertex -0.494075 8.74118 5.5
      vertex -0.468555 8.86947 5.5
    endloop
  endfacet
  facet normal 0 0 1
    outer loop
      vertex -0.536121 9.38268 5.5
      vertex -0.494075 8.74118 5.5
      vertex -0.494075 9.25882 5.5
    endloop
  endfacet
  facet normal 0 0 1
    outer loop
      vertex -0.536121 9.38268 5.5
      vertex -0.536121 8.61732 5.5
      vertex -0.494075 8.74118 5.5
    endloop
  endfacet
  facet normal 0 0 1
    outer loop
      vertex -0.593975 9.5 5.5
      vertex -0.536121 8.61732 5.5
      vertex -0.536121 9.38268 5.5
    endloop
  endfacet
  facet normal 0 0 1
    outer loop
      vertex -0.593975 9.5 5.5
      vertex -0.593975 8.5 5.5
      vertex -0.536121 8.61732 5.5
    endloop
  endfacet
  facet normal 0 0 1
    outer loop
      vertex -0.666647 9.60876 5.5
      vertex -0.593975 8.5 5.5
      vertex -0.593975 9.5 5.5
    endloop
  endfacet
  facet normal 0 0 1
    outer loop
      vertex -0.666647 9.60876 5.5
      vertex -0.666647 8.39124 5.5
      vertex -0.593975 8.5 5.5
    endloop
  endfacet
  facet normal 0 0 1
    outer loop
      vertex -0.752893 9.70711 5.5
      vertex -0.666647 8.39124 5.5
      vertex -0.666647 9.60876 5.5
    endloop
  endfacet
  facet normal 0 0 1
    outer loop
      vertex -0.752893 9.70711 5.5
      vertex -0.752893 8.29289 5.5
      vertex -0.666647 8.39124 5.5
    endloop
  endfacet
  facet normal 0 0 1
    outer loop
      vertex -0.851239 9.79335 5.5
      vertex -0.752893 8.29289 5.5
      vertex -0.752893 9.70711 5.5
    endloop
  endfacet
  facet normal 0 0 1
    outer loop
      vertex -0.851239 9.79335 5.5
      vertex -0.851239 8.20665 5.5
      vertex -0.752893 8.29289 5.5
    endloop
  endfacet
  facet normal 0 0 1
    outer loop
      vertex -0.96 9.86602 5.5
      vertex -0.851239 8.20665 5.5
      vertex -0.851239 9.79335 5.5
    endloop
  endfacet
  facet normal 0 0 1
    outer loop
      vertex -0.96 9.86602 5.5
      vertex -0.96 8.13398 5.5
      vertex -0.851239 8.20665 5.5
    endloop
  endfacet
  facet normal 0 0 1
    outer loop
      vertex -1.07732 9.92388 5.5
      vertex -0.96 8.13398 5.5
      vertex -0.96 9.86602 5.5
    endloop
  endfacet
  facet normal 0 0 1
    outer loop
      vertex -1.07732 9.92388 5.5
      vertex -1.07732 8.07612 5.5
      vertex -0.96 8.13398 5.5
    endloop
  endfacet
  facet normal 0 0 1
    outer loop
      vertex -1.20118 9.96593 5.5
      vertex -1.07732 8.07612 5.5
      vertex -1.07732 9.92388 5.5
    endloop
  endfacet
  facet normal 0 0 1
    outer loop
      vertex -1.20118 9.96593 5.5
      vertex -1.20118 8.03407 5.5
      vertex -1.07732 8.07612 5.5
    endloop
  endfacet
  facet normal 0 0 1
    outer loop
      vertex -1.32947 9.99144 5.5
      vertex -1.20118 8.03407 5.5
      vertex -1.20118 9.96593 5.5
    endloop
  endfacet
  facet normal 0 0 1
    outer loop
      vertex -1.32947 9.99144 5.5
      vertex -1.32947 8.00856 5.5
      vertex -1.20118 8.03407 5.5
    endloop
  endfacet
  facet normal 0 0 1
    outer loop
      vertex -1.46 10 5.5
      vertex -1.32947 8.00856 5.5
      vertex -1.32947 9.99144 5.5
    endloop
  endfacet
  facet normal 0 0 1
    outer loop
      vertex -1.46 10 5.5
      vertex -1.46 8 5.5
      vertex -1.32947 8.00856 5.5
    endloop
  endfacet
  facet normal -0 0 1
    outer loop
      vertex -1.59053 9.99144 5.5
      vertex -1.46 8 5.5
      vertex -1.46 10 5.5
    endloop
  endfacet
  facet normal 0 0 1
    outer loop
      vertex -1.59053 9.99144 5.5
      vertex -1.59053 8.00856 5.5
      vertex -1.46 8 5.5
    endloop
  endfacet
  facet normal -0 0 1
    outer loop
      vertex -1.71882 9.96593 5.5
      vertex -1.59053 8.00856 5.5
      vertex -1.59053 9.99144 5.5
    endloop
  endfacet
  facet normal 0 0 1
    outer loop
      vertex -1.71882 9.96593 5.5
      vertex -1.71882 8.03407 5.5
      vertex -1.59053 8.00856 5.5
    endloop
  endfacet
  facet normal -0 0 1
    outer loop
      vertex -1.84268 9.92388 5.5
      vertex -1.71882 8.03407 5.5
      vertex -1.71882 9.96593 5.5
    endloop
  endfacet
  facet normal 0 0 1
    outer loop
      vertex -1.84268 9.92388 5.5
      vertex -1.84268 8.07612 5.5
      vertex -1.71882 8.03407 5.5
    endloop
  endfacet
  facet normal -0 0 1
    outer loop
      vertex -1.96 9.86602 5.5
      vertex -1.84268 8.07612 5.5
      vertex -1.84268 9.92388 5.5
    endloop
  endfacet
  facet normal 0 0 1
    outer loop
      vertex -1.96 9.86602 5.5
      vertex -1.96 8.13398 5.5
      vertex -1.84268 8.07612 5.5
    endloop
  endfacet
  facet normal -0 0 1
    outer loop
      vertex -2.06876 9.79335 5.5
      vertex -1.96 8.13398 5.5
      vertex -1.96 9.86602 5.5
    endloop
  endfacet
  facet normal 0 0 1
    outer loop
      vertex -2.06876 9.79335 5.5
      vertex -2.06876 8.20665 5.5
      vertex -1.96 8.13398 5.5
    endloop
  endfacet
  facet normal -0 0 1
    outer loop
      vertex -2.16711 9.70711 5.5
      vertex -2.06876 8.20665 5.5
      vertex -2.06876 9.79335 5.5
    endloop
  endfacet
  facet normal 0 0 1
    outer loop
      vertex -2.16711 9.70711 5.5
      vertex -2.16711 8.29289 5.5
      vertex -2.06876 8.20665 5.5
    endloop
  endfacet
  facet normal -0 0 1
    outer loop
      vertex -2.25335 9.60876 5.5
      vertex -2.16711 8.29289 5.5
      vertex -2.16711 9.70711 5.5
    endloop
  endfacet
  facet normal 0 0 1
    outer loop
      vertex -2.25335 9.60876 5.5
      vertex -2.25335 8.39124 5.5
      vertex -2.16711 8.29289 5.5
    endloop
  endfacet
  facet normal -0 0 1
    outer loop
      vertex -2.32603 9.5 5.5
      vertex -2.25335 8.39124 5.5
      vertex -2.25335 9.60876 5.5
    endloop
  endfacet
  facet normal 0 0 1
    outer loop
      vertex -2.32603 9.5 5.5
      vertex -2.32603 8.5 5.5
      vertex -2.25335 8.39124 5.5
    endloop
  endfacet
  facet normal -0 0 1
    outer loop
      vertex -2.38388 9.38268 5.5
      vertex -2.32603 8.5 5.5
      vertex -2.32603 9.5 5.5
    endloop
  endfacet
  facet normal 0 0 1
    outer loop
      vertex -2.38388 9.38268 5.5
      vertex -2.38388 8.61732 5.5
      vertex -2.32603 8.5 5.5
    endloop
  endfacet
  facet normal -0 0 1
    outer loop
      vertex -2.42593 9.25882 5.5
      vertex -2.38388 8.61732 5.5
      vertex -2.38388 9.38268 5.5
    endloop
  endfacet
  facet normal 0 0 1
    outer loop
      vertex -2.42593 9.25882 5.5
      vertex -2.42593 8.74118 5.5
      vertex -2.38388 8.61732 5.5
    endloop
  endfacet
  facet normal -0 0 1
    outer loop
      vertex -2.45144 9.13053 5.5
      vertex -2.42593 8.74118 5.5
      vertex -2.42593 9.25882 5.5
    endloop
  endfacet
  facet normal 0 0 1
    outer loop
      vertex -2.45144 9.13053 5.5
      vertex -2.45144 8.86947 5.5
      vertex -2.42593 8.74118 5.5
    endloop
  endfacet
  facet normal 0 -0 1
    outer loop
      vertex -2.45144 8.86947 5.5
      vertex -2.45144 9.13053 5.5
      vertex -2.46 9 5.5
    endloop
  endfacet
  facet normal -0.195028 -0.980798 0
    outer loop
      vertex -1.71882 8.03407 4
      vertex -1.59053 8.00856 5.5
      vertex -1.71882 8.03407 5.5
    endloop
  endfacet
  facet normal -0.195028 -0.980798 -0
    outer loop
      vertex -1.59053 8.00856 5.5
      vertex -1.71882 8.03407 4
      vertex -1.59053 8.00856 4
    endloop
  endfacet
  facet normal -0.831438 0.555617 0
    outer loop
      vertex -2.32603 9.5 4
      vertex -2.25335 9.60876 5.5
      vertex -2.25335 9.60876 4
    endloop
  endfacet
  facet normal -0.831438 0.555617 0
    outer loop
      vertex -2.25335 9.60876 5.5
      vertex -2.32603 9.5 4
      vertex -2.32603 9.5 5.5
    endloop
  endfacet
  facet normal -0.0654382 -0.997857 0
    outer loop
      vertex -1.59053 8.00856 4
      vertex -1.46 8 5.5
      vertex -1.59053 8.00856 5.5
    endloop
  endfacet
  facet normal -0.0654382 -0.997857 -0
    outer loop
      vertex -1.46 8 5.5
      vertex -1.59053 8.00856 4
      vertex -1.46 8 4
    endloop
  endfacet
  facet normal 0.896873 -0.442288 0
    outer loop
      vertex 3.03109 -1.75 3
      vertex 3.23358 -1.33939 0
      vertex 3.23358 -1.33939 3
    endloop
  endfacet
  facet normal 0.896873 -0.442288 0
    outer loop
      vertex 3.23358 -1.33939 0
      vertex 3.03109 -1.75 3
      vertex 3.03109 -1.75 0
    endloop
  endfacet
  facet normal -0.99439 -0.105773 0
    outer loop
      vertex -3.47006 -0.456841 0
      vertex -4.43433 8.60842 3
      vertex -4.43433 8.60842 0
    endloop
  endfacet
  facet normal -0.99439 -0.105773 0
    outer loop
      vertex -4.43433 8.60842 3
      vertex -3.47006 -0.456841 0
      vertex -3.47006 -0.456841 3
    endloop
  endfacet
  facet normal -0.321437 -0.946931 0
    outer loop
      vertex -1.33939 -3.23358 0
      vertex -0.905867 -3.38074 3
      vertex -1.33939 -3.23358 3
    endloop
  endfacet
  facet normal -0.321437 -0.946931 -0
    outer loop
      vertex -0.905867 -3.38074 3
      vertex -1.33939 -3.23358 0
      vertex -0.905867 -3.38074 0
    endloop
  endfacet
  facet normal 0.980784 -0.195097 0
    outer loop
      vertex 3.38074 -0.905867 3
      vertex 3.47006 -0.456841 0
      vertex 3.47006 -0.456841 3
    endloop
  endfacet
  facet normal 0.980784 -0.195097 0
    outer loop
      vertex 3.47006 -0.456841 0
      vertex 3.38074 -0.905867 3
      vertex 3.38074 -0.905867 0
    endloop
  endfacet
  facet normal 0.976842 0.213962 0
    outer loop
      vertex 1.43778 9.77645 3
      vertex 3.38074 0.905867 3
      vertex 1.43778 9.77645 2.99
    endloop
  endfacet
  facet normal 1 -0 0
    outer loop
      vertex 1.43778 9.77645 2.99
      vertex 1.43778 9.77646 0
      vertex 1.43778 9.77646 2.99
    endloop
  endfacet
  facet normal 0.976842 0.213962 7.15591e-07
    outer loop
      vertex 3.38074 0.905867 3
      vertex 1.43778 9.77646 0
      vertex 1.43778 9.77645 2.99
    endloop
  endfacet
  facet normal 0.976842 0.213961 0
    outer loop
      vertex 1.43778 9.77646 0
      vertex 3.38074 0.905867 3
      vertex 3.38074 0.905867 0
    endloop
  endfacet
  facet normal 0.8969 0.442233 0
    outer loop
      vertex 1.31164 10.148 2.99
      vertex 1.13808 10.5 0
      vertex 1.13808 10.5 2.99
    endloop
  endfacet
  facet normal 0.8969 0.442233 0
    outer loop
      vertex 1.13808 10.5 0
      vertex 1.31164 10.148 2.99
      vertex 1.31164 10.148 0
    endloop
  endfacet
  facet normal -0.0653015 0.997866 0
    outer loop
      vertex -1.46 12 2.99
      vertex -1.46 12 0
      vertex -1.83591 11.9754 2.99
    endloop
  endfacet
  facet normal 0 0 0
    outer loop
      vertex -1.46 12 0
      vertex -1.46 12 2.99
      vertex -1.46 12 3
    endloop
  endfacet
  facet normal -0.0700255 0.997545 0
    outer loop
      vertex -1.83591 11.9754 2.99
      vertex -1.85158 11.9743 3
      vertex -1.83591 11.9754 3
    endloop
  endfacet
  facet normal -0.0654906 0.997853 -2.38796e-05
    outer loop
      vertex -1.85158 11.9743 0
      vertex -1.83591 11.9754 2.99
      vertex -1.46 12 0
    endloop
  endfacet
  facet normal -0.0700255 0.997545 0
    outer loop
      vertex -1.83591 11.9754 2.99
      vertex -1.85158 11.9743 0
      vertex -1.85158 11.9743 3
    endloop
  endfacet
  facet normal 0.442288 -0.896873 0
    outer loop
      vertex 1.33939 -3.23358 0
      vertex 1.75 -3.03109 3
      vertex 1.33939 -3.23358 3
    endloop
  endfacet
  facet normal 0.442288 -0.896873 0
    outer loop
      vertex 1.75 -3.03109 3
      vertex 1.33939 -3.23358 0
      vertex 1.75 -3.03109 0
    endloop
  endfacet
  facet normal 0.831468 -0.555572 0
    outer loop
      vertex 2.77674 -2.13066 3
      vertex 3.03109 -1.75 0
      vertex 3.03109 -1.75 3
    endloop
  endfacet
  facet normal 0.831468 -0.555572 0
    outer loop
      vertex 3.03109 -1.75 0
      vertex 2.77674 -2.13066 3
      vertex 2.77674 -2.13066 0
    endloop
  endfacet
  facet normal 0.831476 0.55556 0
    outer loop
      vertex 1.13808 10.5 2.99
      vertex 0.920059 10.8263 0
      vertex 0.920059 10.8263 2.99
    endloop
  endfacet
  facet normal 0.831476 0.55556 0
    outer loop
      vertex 0.920059 10.8263 0
      vertex 1.13808 10.5 2.99
      vertex 1.13808 10.5 0
    endloop
  endfacet
  facet normal 0.997859 0.0653967 0
    outer loop
      vertex 3.5 0 3
      vertex 3.47006 0.456841 0
      vertex 3.47006 0.456841 3
    endloop
  endfacet
  facet normal 0.997859 0.0653967 0
    outer loop
      vertex 3.47006 0.456841 0
      vertex 3.5 0 3
      vertex 3.5 0 0
    endloop
  endfacet
  facet normal 0.659353 -0.751833 0
    outer loop
      vertex 2.13066 -2.77674 0
      vertex 2.47487 -2.47487 3
      vertex 2.13066 -2.77674 3
    endloop
  endfacet
  facet normal 0.659353 -0.751833 0
    outer loop
      vertex 2.47487 -2.47487 3
      vertex 2.13066 -2.77674 0
      vertex 2.47487 -2.47487 0
    endloop
  endfacet
  facet normal 0.555543 0.831488 -0
    outer loop
      vertex 0.366283 11.3801 0
      vertex 0.04 11.5981 2.99
      vertex 0.366283 11.3801 2.99
    endloop
  endfacet
  facet normal 0.555543 0.831488 0
    outer loop
      vertex 0.04 11.5981 2.99
      vertex 0.366283 11.3801 0
      vertex 0.04 11.5981 0
    endloop
  endfacet
  facet normal 0.980784 0.195097 0
    outer loop
      vertex 3.47006 0.456841 3
      vertex 3.38074 0.905867 0
      vertex 3.38074 0.905867 3
    endloop
  endfacet
  facet normal 0.980784 0.195097 0
    outer loop
      vertex 3.38074 0.905867 0
      vertex 3.47006 0.456841 3
      vertex 3.47006 0.456841 0
    endloop
  endfacet
  facet normal -0.946931 -0.321437 0
    outer loop
      vertex -3.23358 -1.33939 0
      vertex -3.38074 -0.905867 3
      vertex -3.38074 -0.905867 0
    endloop
  endfacet
  facet normal -0.946931 -0.321437 0
    outer loop
      vertex -3.38074 -0.905867 3
      vertex -3.23358 -1.33939 0
      vertex -3.23358 -1.33939 3
    endloop
  endfacet
  facet normal -0.997847 0.0655892 0
    outer loop
      vertex -4.43433 9.39158 0
      vertex -4.43536 9.37591 2.99
      vertex -4.43433 9.39158 3
    endloop
  endfacet
  facet normal -0.997858 0.0654145 -9.19173e-07
    outer loop
      vertex -4.46 9 0
      vertex -4.43536 9.37591 2.99
      vertex -4.43433 9.39158 0
    endloop
  endfacet
  facet normal -0.997859 0.0654072 0
    outer loop
      vertex -4.43536 9.37591 2.99
      vertex -4.46 9 0
      vertex -4.46 9 2.99
    endloop
  endfacet
  facet normal -0.997847 0.0655892 0
    outer loop
      vertex -4.43433 9.39158 3
      vertex -4.43536 9.37591 2.99
      vertex -4.43536 9.37591 3
    endloop
  endfacet
  facet normal -0.980789 0.195072 0
    outer loop
      vertex -4.43433 9.39158 0
      vertex -4.35778 9.77646 3
      vertex -4.35778 9.77646 0
    endloop
  endfacet
  facet normal -0.980789 0.195072 0
    outer loop
      vertex -4.35778 9.77646 3
      vertex -4.43433 9.39158 0
      vertex -4.43433 9.39158 3
    endloop
  endfacet
  facet normal -0.659428 0.751768 0
    outer loop
      vertex -3.28628 11.3801 0
      vertex -3.58132 11.1213 3
      vertex -3.28628 11.3801 3
    endloop
  endfacet
  facet normal -0.659428 0.751768 0
    outer loop
      vertex -3.58132 11.1213 3
      vertex -3.28628 11.3801 0
      vertex -3.58132 11.1213 0
    endloop
  endfacet
  facet normal -0.442288 -0.896873 0
    outer loop
      vertex -1.75 -3.03109 0
      vertex -1.33939 -3.23358 3
      vertex -1.75 -3.03109 3
    endloop
  endfacet
  facet normal -0.442288 -0.896873 -0
    outer loop
      vertex -1.33939 -3.23358 3
      vertex -1.75 -3.03109 0
      vertex -1.33939 -3.23358 0
    endloop
  endfacet
  facet normal -0.321582 0.946882 0
    outer loop
      vertex -2.23646 11.8978 0
      vertex -2.60805 11.7716 3
      vertex -2.23646 11.8978 3
    endloop
  endfacet
  facet normal -0.321582 0.946882 0
    outer loop
      vertex -2.60805 11.7716 3
      vertex -2.23646 11.8978 0
      vertex -2.60805 11.7716 0
    endloop
  endfacet
  facet normal -0.831468 -0.555572 0
    outer loop
      vertex -2.77674 -2.13066 0
      vertex -3.03109 -1.75 3
      vertex -3.03109 -1.75 0
    endloop
  endfacet
  facet normal -0.831468 -0.555572 0
    outer loop
      vertex -3.03109 -1.75 3
      vertex -2.77674 -2.13066 0
      vertex -2.77674 -2.13066 3
    endloop
  endfacet
  facet normal 0.434942 0.900458 0
    outer loop
      vertex 0.04 11.5981 2.99
      vertex 0.04 11.5981 0
      vertex 0.032961 11.6015 2.99
    endloop
  endfacet
  facet normal 0.442308 0.896863 -0
    outer loop
      vertex 0.032961 11.6015 2.99
      vertex -0.311949 11.7716 3
      vertex 0.032961 11.6015 3
    endloop
  endfacet
  facet normal 0.442162 0.896935 2.10014e-05
    outer loop
      vertex -0.311949 11.7716 0
      vertex 0.032961 11.6015 2.99
      vertex 0.04 11.5981 0
    endloop
  endfacet
  facet normal 0.442308 0.896863 0
    outer loop
      vertex 0.032961 11.6015 2.99
      vertex -0.311949 11.7716 0
      vertex -0.311949 11.7716 3
    endloop
  endfacet
  facet normal -0.8969 0.442233 0
    outer loop
      vertex -4.23164 10.148 0
      vertex -4.05808 10.5 3
      vertex -4.05808 10.5 0
    endloop
  endfacet
  facet normal -0.8969 0.442233 0
    outer loop
      vertex -4.05808 10.5 3
      vertex -4.23164 10.148 0
      vertex -4.23164 10.148 3
    endloop
  endfacet
  facet normal -0.946915 0.321483 0
    outer loop
      vertex -4.35778 9.77646 0
      vertex -4.23164 10.148 3
      vertex -4.23164 10.148 0
    endloop
  endfacet
  facet normal -0.946915 0.321483 0
    outer loop
      vertex -4.23164 10.148 3
      vertex -4.35778 9.77646 0
      vertex -4.35778 9.77646 3
    endloop
  endfacet
  facet normal 0.997859 -0.0653967 0
    outer loop
      vertex 3.47006 -0.456841 3
      vertex 3.5 0 0
      vertex 3.5 0 3
    endloop
  endfacet
  facet normal 0.997859 -0.0653967 0
    outer loop
      vertex 3.5 0 0
      vertex 3.47006 -0.456841 3
      vertex 3.47006 -0.456841 0
    endloop
  endfacet
  facet normal -0.980784 -0.195097 0
    outer loop
      vertex -3.38074 -0.905867 0
      vertex -3.47006 -0.456841 3
      vertex -3.47006 -0.456841 0
    endloop
  endfacet
  facet normal -0.980784 -0.195097 0
    outer loop
      vertex -3.47006 -0.456841 3
      vertex -3.38074 -0.905867 0
      vertex -3.38074 -0.905867 3
    endloop
  endfacet
  facet normal 0.946915 0.321483 0
    outer loop
      vertex 1.43778 9.77646 2.99
      vertex 1.31164 10.148 0
      vertex 1.31164 10.148 2.99
    endloop
  endfacet
  facet normal 0.946915 0.321483 0
    outer loop
      vertex 1.31164 10.148 0
      vertex 1.43778 9.77646 2.99
      vertex 1.43778 9.77646 0
    endloop
  endfacet
  facet normal -0.997859 -0.0653945 0
    outer loop
      vertex -4.46 9 0
      vertex -4.43688 8.64721 2.99
      vertex -4.46 9 2.99
    endloop
  endfacet
  facet normal -0.997858 -0.0654145 -2.37758e-06
    outer loop
      vertex -4.43433 8.60842 0
      vertex -4.43688 8.64721 2.99
      vertex -4.46 9 0
    endloop
  endfacet
  facet normal -0.997846 -0.065597 -0
    outer loop
      vertex -4.43433 8.60842 3
      vertex -4.43688 8.64721 2.99
      vertex -4.43433 8.60842 0
    endloop
  endfacet
  facet normal -0.997846 -0.065597 0
    outer loop
      vertex -4.43688 8.64721 2.99
      vertex -4.43433 8.60842 3
      vertex -4.43688 8.64721 3
    endloop
  endfacet
  facet normal -0.440056 0.89797 0
    outer loop
      vertex -2.60805 11.7716 3
      vertex -2.62213 11.7647 2.99
      vertex -2.62213 11.7647 3
    endloop
  endfacet
  facet normal -0.440056 0.89797 0
    outer loop
      vertex -2.60805 11.7716 0
      vertex -2.62213 11.7647 2.99
      vertex -2.60805 11.7716 3
    endloop
  endfacet
  facet normal -0.442248 0.896893 -1.28066e-05
    outer loop
      vertex -2.60805 11.7716 0
      vertex -2.96 11.5981 2.99
      vertex -2.62213 11.7647 2.99
    endloop
  endfacet
  facet normal -0.44216 0.896936 0
    outer loop
      vertex -2.96 11.5981 2.99
      vertex -2.60805 11.7716 0
      vertex -2.96 11.5981 0
    endloop
  endfacet
  facet normal 0.321437 -0.946931 0
    outer loop
      vertex 0.905867 -3.38074 0
      vertex 1.33939 -3.23358 3
      vertex 0.905867 -3.38074 3
    endloop
  endfacet
  facet normal 0.321437 -0.946931 0
    outer loop
      vertex 1.33939 -3.23358 3
      vertex 0.905867 -3.38074 0
      vertex 1.33939 -3.23358 0
    endloop
  endfacet
  facet normal -0.659353 -0.751833 0
    outer loop
      vertex -2.47487 -2.47487 0
      vertex -2.13066 -2.77674 3
      vertex -2.47487 -2.47487 3
    endloop
  endfacet
  facet normal -0.659353 -0.751833 -0
    outer loop
      vertex -2.13066 -2.77674 3
      vertex -2.47487 -2.47487 0
      vertex -2.13066 -2.77674 0
    endloop
  endfacet
  facet normal 0.0654906 0.997853 -0
    outer loop
      vertex -1.06842 11.9743 0
      vertex -1.46 12 3
      vertex -1.06842 11.9743 3
    endloop
  endfacet
  facet normal 0.0654906 0.997853 0
    outer loop
      vertex -1.46 12 3
      vertex -1.06842 11.9743 0
      vertex -1.46 12 0
    endloop
  endfacet
  facet normal 0.194951 0.980813 -0
    outer loop
      vertex -0.683542 11.8978 0
      vertex -1.06842 11.9743 3
      vertex -0.683542 11.8978 3
    endloop
  endfacet
  facet normal 0.194951 0.980813 0
    outer loop
      vertex -1.06842 11.9743 3
      vertex -0.683542 11.8978 0
      vertex -1.06842 11.9743 0
    endloop
  endfacet
  facet normal -0.555572 -0.831468 0
    outer loop
      vertex -2.13066 -2.77674 0
      vertex -1.75 -3.03109 3
      vertex -2.13066 -2.77674 3
    endloop
  endfacet
  facet normal -0.555572 -0.831468 -0
    outer loop
      vertex -1.75 -3.03109 3
      vertex -2.13066 -2.77674 0
      vertex -1.75 -3.03109 0
    endloop
  endfacet
  facet normal 0 0 -1
    outer loop
      vertex 3.47006 -0.456841 0
      vertex 1.68546 -0.221894 0
      vertex 1.7 0 0
    endloop
  endfacet
  facet normal 0 0 -1
    outer loop
      vertex 2.13066 -2.77674 0
      vertex 1.64207 -0.439992 0
      vertex 1.68546 -0.221894 0
    endloop
  endfacet
  facet normal 0 0 -1
    outer loop
      vertex 2.13066 -2.77674 0
      vertex 1.57059 -0.650561 0
      vertex 1.64207 -0.439992 0
    endloop
  endfacet
  facet normal 0 0 -1
    outer loop
      vertex 2.13066 -2.77674 0
      vertex 1.47224 -0.849999 0
      vertex 1.57059 -0.650561 0
    endloop
  endfacet
  facet normal 0 0 -1
    outer loop
      vertex 2.13066 -2.77674 0
      vertex 1.3487 -1.03489 0
      vertex 1.47224 -0.849999 0
    endloop
  endfacet
  facet normal 0 0 -1
    outer loop
      vertex 0.849999 -1.47224 0
      vertex 1.75 -3.03109 0
      vertex 1.33939 -3.23358 0
    endloop
  endfacet
  facet normal 0 0 -1
    outer loop
      vertex 2.13066 -2.77674 0
      vertex 1.20208 -1.20208 0
      vertex 1.3487 -1.03489 0
    endloop
  endfacet
  facet normal 0 0 -1
    outer loop
      vertex 2.13066 -2.77674 0
      vertex 1.03489 -1.3487 0
      vertex 1.20208 -1.20208 0
    endloop
  endfacet
  facet normal 0 0 -1
    outer loop
      vertex 0.650561 -1.57059 0
      vertex 1.33939 -3.23358 0
      vertex 0.905867 -3.38074 0
    endloop
  endfacet
  facet normal 0 0 -1
    outer loop
      vertex 1.75 -3.03109 0
      vertex 0.849999 -1.47224 0
      vertex 1.03489 -1.3487 0
    endloop
  endfacet
  facet normal 0 0 -1
    outer loop
      vertex 1.33939 -3.23358 0
      vertex 0.650561 -1.57059 0
      vertex 0.849999 -1.47224 0
    endloop
  endfacet
  facet normal 0 0 -1
    outer loop
      vertex 0.439992 -1.64207 0
      vertex 0.905867 -3.38074 0
      vertex 0.456841 -3.47006 0
    endloop
  endfacet
  facet normal 0 0 -1
    outer loop
      vertex 0.905867 -3.38074 0
      vertex 0.439992 -1.64207 0
      vertex 0.650561 -1.57059 0
    endloop
  endfacet
  facet normal 0 0 -1
    outer loop
      vertex 0.456841 -3.47006 0
      vertex 0.221894 -1.68546 0
      vertex 0.439992 -1.64207 0
    endloop
  endfacet
  facet normal 0 0 -1
    outer loop
      vertex 0 -3.5 0
      vertex 0.221894 -1.68546 0
      vertex 0.456841 -3.47006 0
    endloop
  endfacet
  facet normal 0 0 -1
    outer loop
      vertex 0 -3.5 0
      vertex 0 -1.7 0
      vertex 0.221894 -1.68546 0
    endloop
  endfacet
  facet normal 0 0 -1
    outer loop
      vertex 0 -3.5 0
      vertex -0.221894 -1.68546 0
      vertex 0 -1.7 0
    endloop
  endfacet
  facet normal 0 0 -1
    outer loop
      vertex -0.456841 -3.47006 0
      vertex -0.221894 -1.68546 0
      vertex 0 -3.5 0
    endloop
  endfacet
  facet normal -0 0 -1
    outer loop
      vertex -0.221894 -1.68546 0
      vertex -0.456841 -3.47006 0
      vertex -0.439992 -1.64207 0
    endloop
  endfacet
  facet normal 0 0 -1
    outer loop
      vertex -0.905867 -3.38074 0
      vertex -0.439992 -1.64207 0
      vertex -0.456841 -3.47006 0
    endloop
  endfacet
  facet normal -0 0 -1
    outer loop
      vertex -0.439992 -1.64207 0
      vertex -0.905867 -3.38074 0
      vertex -0.650561 -1.57059 0
    endloop
  endfacet
  facet normal 0 0 -1
    outer loop
      vertex -1.33939 -3.23358 0
      vertex -0.650561 -1.57059 0
      vertex -0.905867 -3.38074 0
    endloop
  endfacet
  facet normal -0 0 -1
    outer loop
      vertex -0.650561 -1.57059 0
      vertex -1.33939 -3.23358 0
      vertex -0.849999 -1.47224 0
    endloop
  endfacet
  facet normal 0 0 -1
    outer loop
      vertex -1.75 -3.03109 0
      vertex -0.849999 -1.47224 0
      vertex -1.33939 -3.23358 0
    endloop
  endfacet
  facet normal -0 0 -1
    outer loop
      vertex -0.849999 -1.47224 0
      vertex -1.75 -3.03109 0
      vertex -1.03489 -1.3487 0
    endloop
  endfacet
  facet normal 0 0 -1
    outer loop
      vertex -2.13066 -2.77674 0
      vertex -1.03489 -1.3487 0
      vertex -1.75 -3.03109 0
    endloop
  endfacet
  facet normal -0 0 -1
    outer loop
      vertex -1.03489 -1.3487 0
      vertex -2.13066 -2.77674 0
      vertex -1.20208 -1.20208 0
    endloop
  endfacet
  facet normal 0 0 -1
    outer loop
      vertex -2.47487 -2.47487 0
      vertex -1.20208 -1.20208 0
      vertex -2.13066 -2.77674 0
    endloop
  endfacet
  facet normal -0 0 -1
    outer loop
      vertex -1.20208 -1.20208 0
      vertex -2.47487 -2.47487 0
      vertex -1.3487 -1.03489 0
    endloop
  endfacet
  facet normal 0 0 -1
    outer loop
      vertex -2.77674 -2.13066 0
      vertex -1.3487 -1.03489 0
      vertex -2.47487 -2.47487 0
    endloop
  endfacet
  facet normal 0 0 -1
    outer loop
      vertex -3.03109 -1.75 0
      vertex -1.47224 -0.849999 0
      vertex -2.77674 -2.13066 0
    endloop
  endfacet
  facet normal -0 0 -1
    outer loop
      vertex -1.3487 -1.03489 0
      vertex -2.77674 -2.13066 0
      vertex -1.47224 -0.849999 0
    endloop
  endfacet
  facet normal 0 0 -1
    outer loop
      vertex 1.7 0 0
      vertex 3.5 0 0
      vertex 3.47006 -0.456841 0
    endloop
  endfacet
  facet normal 0 0 -1
    outer loop
      vertex 1.68546 -0.221894 0
      vertex 3.47006 -0.456841 0
      vertex 3.38074 -0.905867 0
    endloop
  endfacet
  facet normal 0 0 -1
    outer loop
      vertex 3.5 0 0
      vertex 1.7 0 0
      vertex 3.47006 0.456841 0
    endloop
  endfacet
  facet normal 0 0 -1
    outer loop
      vertex 1.68546 -0.221894 0
      vertex 3.38074 -0.905867 0
      vertex 3.23358 -1.33939 0
    endloop
  endfacet
  facet normal 0 0 -1
    outer loop
      vertex 1.68546 -0.221894 0
      vertex 3.23358 -1.33939 0
      vertex 3.03109 -1.75 0
    endloop
  endfacet
  facet normal 0 0 -1
    outer loop
      vertex 1.68546 -0.221894 0
      vertex 3.03109 -1.75 0
      vertex 2.77674 -2.13066 0
    endloop
  endfacet
  facet normal 0 0 -1
    outer loop
      vertex 1.68546 -0.221894 0
      vertex 2.77674 -2.13066 0
      vertex 2.47487 -2.47487 0
    endloop
  endfacet
  facet normal 0 0 -1
    outer loop
      vertex 1.68546 -0.221894 0
      vertex 2.47487 -2.47487 0
      vertex 2.13066 -2.77674 0
    endloop
  endfacet
  facet normal 0 0 -1
    outer loop
      vertex 1.03489 -1.3487 0
      vertex 2.13066 -2.77674 0
      vertex 1.75 -3.03109 0
    endloop
  endfacet
  facet normal 0 0 -1
    outer loop
      vertex 1.68546 0.221894 0
      vertex 3.47006 0.456841 0
      vertex 1.7 0 0
    endloop
  endfacet
  facet normal -0 0 -1
    outer loop
      vertex 3.47006 0.456841 0
      vertex 1.68546 0.221894 0
      vertex 3.38074 0.905867 0
    endloop
  endfacet
  facet normal 0 0 -1
    outer loop
      vertex 1.64207 0.439992 0
      vertex 3.38074 0.905867 0
      vertex 1.68546 0.221894 0
    endloop
  endfacet
  facet normal 0 0 -1
    outer loop
      vertex 1.57059 0.650561 0
      vertex 3.38074 0.905867 0
      vertex 1.64207 0.439992 0
    endloop
  endfacet
  facet normal 0 0 -1
    outer loop
      vertex 1.47224 0.849999 0
      vertex 3.38074 0.905867 0
      vertex 1.57059 0.650561 0
    endloop
  endfacet
  facet normal 0 0 -1
    outer loop
      vertex 1.3487 1.03489 0
      vertex 3.38074 0.905867 0
      vertex 1.47224 0.849999 0
    endloop
  endfacet
  facet normal 0 0 -1
    outer loop
      vertex 1.20208 1.20208 0
      vertex 3.38074 0.905867 0
      vertex 1.3487 1.03489 0
    endloop
  endfacet
  facet normal 0 0 -1
    outer loop
      vertex 1.03489 1.3487 0
      vertex 3.38074 0.905867 0
      vertex 1.20208 1.20208 0
    endloop
  endfacet
  facet normal 0 0 -1
    outer loop
      vertex 0.849999 1.47224 0
      vertex 3.38074 0.905867 0
      vertex 1.03489 1.3487 0
    endloop
  endfacet
  facet normal 0 0 -1
    outer loop
      vertex 3.38074 0.905867 0
      vertex 0.849999 1.47224 0
      vertex 1.43778 9.77646 0
    endloop
  endfacet
  facet normal 0 0 -1
    outer loop
      vertex 0.650561 1.57059 0
      vertex 1.43778 9.77646 0
      vertex 0.849999 1.47224 0
    endloop
  endfacet
  facet normal 0 0 -1
    outer loop
      vertex 0.439992 1.64207 0
      vertex 1.43778 9.77646 0
      vertex 0.650561 1.57059 0
    endloop
  endfacet
  facet normal 0 0 -1
    outer loop
      vertex 0.221894 1.68546 0
      vertex 1.43778 9.77646 0
      vertex 0.439992 1.64207 0
    endloop
  endfacet
  facet normal 0 0 -1
    outer loop
      vertex 0 1.7 0
      vertex 1.43778 9.77646 0
      vertex 0.221894 1.68546 0
    endloop
  endfacet
  facet normal 0 0 -1
    outer loop
      vertex -0.221894 1.68546 0
      vertex 1.43778 9.77646 0
      vertex 0 1.7 0
    endloop
  endfacet
  facet normal 0 0 -1
    outer loop
      vertex -4.43433 8.60842 0
      vertex 1.43778 9.77646 0
      vertex -0.221894 1.68546 0
    endloop
  endfacet
  facet normal -0 0 -1
    outer loop
      vertex 1.43778 9.77646 0
      vertex -4.43433 8.60842 0
      vertex 1.31164 10.148 0
    endloop
  endfacet
  facet normal -0 0 -1
    outer loop
      vertex 1.13808 10.5 0
      vertex -4.43433 8.60842 0
      vertex 0.920059 10.8263 0
    endloop
  endfacet
  facet normal -0 0 -1
    outer loop
      vertex 0.920059 10.8263 0
      vertex -4.43433 8.60842 0
      vertex 0.66132 11.1213 0
    endloop
  endfacet
  facet normal -0 0 -1
    outer loop
      vertex 0.66132 11.1213 0
      vertex -4.43433 8.60842 0
      vertex 0.366283 11.3801 0
    endloop
  endfacet
  facet normal -0 0 -1
    outer loop
      vertex 1.31164 10.148 0
      vertex -4.43433 8.60842 0
      vertex 1.13808 10.5 0
    endloop
  endfacet
  facet normal -0 0 -1
    outer loop
      vertex 0.366283 11.3801 0
      vertex -4.43433 8.60842 0
      vertex 0.04 11.5981 0
    endloop
  endfacet
  facet normal 0 0 -1
    outer loop
      vertex -4.43433 8.60842 0
      vertex -0.221894 1.68546 0
      vertex -0.439992 1.64207 0
    endloop
  endfacet
  facet normal 0 0 -1
    outer loop
      vertex -4.43433 8.60842 0
      vertex -0.439992 1.64207 0
      vertex -0.650561 1.57059 0
    endloop
  endfacet
  facet normal -0 0 -1
    outer loop
      vertex 0.04 11.5981 0
      vertex -4.43433 8.60842 0
      vertex -0.311949 11.7716 0
    endloop
  endfacet
  facet normal 0 0 -1
    outer loop
      vertex -4.43433 8.60842 0
      vertex -0.650561 1.57059 0
      vertex -0.849999 1.47224 0
    endloop
  endfacet
  facet normal 0 0 -1
    outer loop
      vertex -4.43433 8.60842 0
      vertex -0.849999 1.47224 0
      vertex -1.03489 1.3487 0
    endloop
  endfacet
  facet normal -0 0 -1
    outer loop
      vertex -0.311949 11.7716 0
      vertex -4.43433 8.60842 0
      vertex -0.683542 11.8978 0
    endloop
  endfacet
  facet normal 0 0 -1
    outer loop
      vertex -4.43433 8.60842 0
      vertex -1.03489 1.3487 0
      vertex -1.20208 1.20208 0
    endloop
  endfacet
  facet normal 0 0 -1
    outer loop
      vertex -4.43433 8.60842 0
      vertex -1.20208 1.20208 0
      vertex -1.3487 1.03489 0
    endloop
  endfacet
  facet normal -0 0 -1
    outer loop
      vertex -0.683542 11.8978 0
      vertex -4.43433 8.60842 0
      vertex -1.06842 11.9743 0
    endloop
  endfacet
  facet normal 0 0 -1
    outer loop
      vertex -3.47006 -0.456841 0
      vertex -1.3487 1.03489 0
      vertex -1.47224 0.849999 0
    endloop
  endfacet
  facet normal 0 0 -1
    outer loop
      vertex -3.47006 -0.456841 0
      vertex -1.47224 0.849999 0
      vertex -1.57059 0.650561 0
    endloop
  endfacet
  facet normal 0 0 -1
    outer loop
      vertex -3.47006 -0.456841 0
      vertex -1.57059 0.650561 0
      vertex -1.64207 0.439992 0
    endloop
  endfacet
  facet normal 0 0 -1
    outer loop
      vertex -3.47006 -0.456841 0
      vertex -1.64207 0.439992 0
      vertex -1.68546 0.221894 0
    endloop
  endfacet
  facet normal 0 0 -1
    outer loop
      vertex -3.47006 -0.456841 0
      vertex -1.68546 0.221894 0
      vertex -1.7 0 0
    endloop
  endfacet
  facet normal -0 0 -1
    outer loop
      vertex -1.06842 11.9743 0
      vertex -4.43433 8.60842 0
      vertex -1.46 12 0
    endloop
  endfacet
  facet normal -0 0 -1
    outer loop
      vertex -1.47224 -0.849999 0
      vertex -3.03109 -1.75 0
      vertex -1.57059 -0.650561 0
    endloop
  endfacet
  facet normal 0 0 -1
    outer loop
      vertex -3.23358 -1.33939 0
      vertex -1.57059 -0.650561 0
      vertex -3.03109 -1.75 0
    endloop
  endfacet
  facet normal -0 0 -1
    outer loop
      vertex -1.3487 1.03489 0
      vertex -3.47006 -0.456841 0
      vertex -4.43433 8.60842 0
    endloop
  endfacet
  facet normal -0 0 -1
    outer loop
      vertex -1.57059 -0.650561 0
      vertex -3.23358 -1.33939 0
      vertex -1.64207 -0.439992 0
    endloop
  endfacet
  facet normal 0 0 -1
    outer loop
      vertex -1.46 12 0
      vertex -4.43433 8.60842 0
      vertex -1.85158 11.9743 0
    endloop
  endfacet
  facet normal 0 0 -1
    outer loop
      vertex -3.38074 -0.905867 0
      vertex -1.64207 -0.439992 0
      vertex -3.23358 -1.33939 0
    endloop
  endfacet
  facet normal 0 0 -1
    outer loop
      vertex -1.85158 11.9743 0
      vertex -4.43433 8.60842 0
      vertex -2.23646 11.8978 0
    endloop
  endfacet
  facet normal -0 0 -1
    outer loop
      vertex -1.64207 -0.439992 0
      vertex -3.38074 -0.905867 0
      vertex -1.68546 -0.221894 0
    endloop
  endfacet
  facet normal 0 0 -1
    outer loop
      vertex -3.47006 -0.456841 0
      vertex -1.68546 -0.221894 0
      vertex -3.38074 -0.905867 0
    endloop
  endfacet
  facet normal 0 0 -1
    outer loop
      vertex -2.23646 11.8978 0
      vertex -4.43433 8.60842 0
      vertex -2.60805 11.7716 0
    endloop
  endfacet
  facet normal -0 0 -1
    outer loop
      vertex -1.68546 -0.221894 0
      vertex -3.47006 -0.456841 0
      vertex -1.7 0 0
    endloop
  endfacet
  facet normal 0 0 -1
    outer loop
      vertex -2.60805 11.7716 0
      vertex -4.43433 8.60842 0
      vertex -2.96 11.5981 0
    endloop
  endfacet
  facet normal 0 0 -1
    outer loop
      vertex -2.96 11.5981 0
      vertex -4.43433 8.60842 0
      vertex -3.28628 11.3801 0
    endloop
  endfacet
  facet normal 0 0 -1
    outer loop
      vertex -3.28628 11.3801 0
      vertex -4.43433 8.60842 0
      vertex -3.58132 11.1213 0
    endloop
  endfacet
  facet normal 0 0 -1
    outer loop
      vertex -3.58132 11.1213 0
      vertex -4.43433 8.60842 0
      vertex -3.84006 10.8263 0
    endloop
  endfacet
  facet normal 0 0 -1
    outer loop
      vertex -3.84006 10.8263 0
      vertex -4.43433 8.60842 0
      vertex -4.05808 10.5 0
    endloop
  endfacet
  facet normal 0 0 -1
    outer loop
      vertex -4.05808 10.5 0
      vertex -4.43433 8.60842 0
      vertex -4.23164 10.148 0
    endloop
  endfacet
  facet normal 0 0 -1
    outer loop
      vertex -4.23164 10.148 0
      vertex -4.43433 8.60842 0
      vertex -4.35778 9.77646 0
    endloop
  endfacet
  facet normal 0 0 -1
    outer loop
      vertex -4.43433 8.60842 0
      vertex -4.43433 9.39158 0
      vertex -4.35778 9.77646 0
    endloop
  endfacet
  facet normal 0 -0 -1
    outer loop
      vertex -4.43433 9.39158 0
      vertex -4.43433 8.60842 0
      vertex -4.46 9 0
    endloop
  endfacet
  facet normal 0.946931 -0.321437 0
    outer loop
      vertex 3.23358 -1.33939 3
      vertex 3.38074 -0.905867 0
      vertex 3.38074 -0.905867 3
    endloop
  endfacet
  facet normal 0.946931 -0.321437 0
    outer loop
      vertex 3.38074 -0.905867 0
      vertex 3.23358 -1.33939 3
      vertex 3.23358 -1.33939 0
    endloop
  endfacet
  facet normal 0.321579 0.946883 -0
    outer loop
      vertex -0.311949 11.7716 0
      vertex -0.683542 11.8978 3
      vertex -0.311949 11.7716 3
    endloop
  endfacet
  facet normal 0.321579 0.946883 0
    outer loop
      vertex -0.683542 11.8978 3
      vertex -0.311949 11.7716 0
      vertex -0.683542 11.8978 0
    endloop
  endfacet
  facet normal -0.896873 -0.442288 0
    outer loop
      vertex -3.03109 -1.75 0
      vertex -3.23358 -1.33939 3
      vertex -3.23358 -1.33939 0
    endloop
  endfacet
  facet normal -0.896873 -0.442288 0
    outer loop
      vertex -3.23358 -1.33939 3
      vertex -3.03109 -1.75 0
      vertex -3.03109 -1.75 3
    endloop
  endfacet
  facet normal -0.555582 0.831462 0
    outer loop
      vertex -2.96 11.5981 2.99
      vertex -2.96 11.5981 0
      vertex -3.27323 11.3888 2.99
    endloop
  endfacet
  facet normal -0.5547 0.83205 0
    outer loop
      vertex -3.27323 11.3888 2.99
      vertex -3.28628 11.3801 3
      vertex -3.27323 11.3888 3
    endloop
  endfacet
  facet normal -0.555547 0.831485 5.33881e-06
    outer loop
      vertex -3.28628 11.3801 0
      vertex -3.27323 11.3888 2.99
      vertex -2.96 11.5981 0
    endloop
  endfacet
  facet normal -0.5547 0.83205 0
    outer loop
      vertex -3.27323 11.3888 2.99
      vertex -3.28628 11.3801 0
      vertex -3.28628 11.3801 3
    endloop
  endfacet
  facet normal 0.0653967 -0.997859 0
    outer loop
      vertex 0 -3.5 0
      vertex 0.456841 -3.47006 3
      vertex 0 -3.5 3
    endloop
  endfacet
  facet normal 0.0653967 -0.997859 0
    outer loop
      vertex 0.456841 -3.47006 3
      vertex 0 -3.5 0
      vertex 0.456841 -3.47006 0
    endloop
  endfacet
  facet normal 0.751833 -0.659353 0
    outer loop
      vertex 2.47487 -2.47487 3
      vertex 2.77674 -2.13066 0
      vertex 2.77674 -2.13066 3
    endloop
  endfacet
  facet normal 0.751833 -0.659353 0
    outer loop
      vertex 2.77674 -2.13066 0
      vertex 2.47487 -2.47487 3
      vertex 2.47487 -2.47487 0
    endloop
  endfacet
  facet normal 0.195097 -0.980784 0
    outer loop
      vertex 0.456841 -3.47006 0
      vertex 0.905867 -3.38074 3
      vertex 0.456841 -3.47006 3
    endloop
  endfacet
  facet normal 0.195097 -0.980784 0
    outer loop
      vertex 0.905867 -3.38074 3
      vertex 0.456841 -3.47006 0
      vertex 0.905867 -3.38074 0
    endloop
  endfacet
  facet normal -0.831477 0.555558 0
    outer loop
      vertex -4.05808 10.5 0
      vertex -3.84006 10.8263 3
      vertex -3.84006 10.8263 0
    endloop
  endfacet
  facet normal -0.831477 0.555558 0
    outer loop
      vertex -3.84006 10.8263 3
      vertex -4.05808 10.5 0
      vertex -4.05808 10.5 3
    endloop
  endfacet
  facet normal -0.751799 0.659392 0
    outer loop
      vertex -3.84006 10.8263 0
      vertex -3.58132 11.1213 3
      vertex -3.58132 11.1213 0
    endloop
  endfacet
  facet normal -0.751799 0.659392 0
    outer loop
      vertex -3.58132 11.1213 3
      vertex -3.84006 10.8263 0
      vertex -3.84006 10.8263 3
    endloop
  endfacet
  facet normal -0.19495 0.980813 0
    outer loop
      vertex -1.85158 11.9743 0
      vertex -2.23646 11.8978 3
      vertex -1.85158 11.9743 3
    endloop
  endfacet
  facet normal -0.19495 0.980813 0
    outer loop
      vertex -2.23646 11.8978 3
      vertex -1.85158 11.9743 0
      vertex -2.23646 11.8978 0
    endloop
  endfacet
  facet normal 0 0 1
    outer loop
      vertex 1.7 0 3
      vertex 3.5 0 3
      vertex 3.47006 0.456841 3
    endloop
  endfacet
  facet normal 0 0 1
    outer loop
      vertex 1.68546 0.221894 3
      vertex 3.47006 0.456841 3
      vertex 3.38074 0.905867 3
    endloop
  endfacet
  facet normal 0 0 1
    outer loop
      vertex 3.5 0 3
      vertex 1.7 0 3
      vertex 3.47006 -0.456841 3
    endloop
  endfacet
  facet normal -0 0 1
    outer loop
      vertex 1.68546 -0.221894 3
      vertex 3.47006 -0.456841 3
      vertex 1.7 0 3
    endloop
  endfacet
  facet normal -0 0 1
    outer loop
      vertex 1.64207 -0.439992 3
      vertex 3.38074 -0.905867 3
      vertex 1.68546 -0.221894 3
    endloop
  endfacet
  facet normal 0 0 1
    outer loop
      vertex 3.38074 -0.905867 3
      vertex 1.64207 -0.439992 3
      vertex 3.23358 -1.33939 3
    endloop
  endfacet
  facet normal 0 0 1
    outer loop
      vertex 3.23358 -1.33939 3
      vertex 1.57059 -0.650561 3
      vertex 3.03109 -1.75 3
    endloop
  endfacet
  facet normal -0 0 1
    outer loop
      vertex 1.47224 -0.849999 3
      vertex 3.03109 -1.75 3
      vertex 1.57059 -0.650561 3
    endloop
  endfacet
  facet normal -0 0 1
    outer loop
      vertex 1.3487 -1.03489 3
      vertex 2.77674 -2.13066 3
      vertex 1.47224 -0.849999 3
    endloop
  endfacet
  facet normal 0 0 1
    outer loop
      vertex 3.47006 -0.456841 3
      vertex 1.68546 -0.221894 3
      vertex 3.38074 -0.905867 3
    endloop
  endfacet
  facet normal 0 0 1
    outer loop
      vertex 3.47006 0.456841 3
      vertex 1.68546 0.221894 3
      vertex 1.7 0 3
    endloop
  endfacet
  facet normal 0 0 1
    outer loop
      vertex 3.38074 0.905867 3
      vertex 1.64207 0.439992 3
      vertex 1.68546 0.221894 3
    endloop
  endfacet
  facet normal 0 0 1
    outer loop
      vertex 3.38074 0.905867 3
      vertex 1.57059 0.650561 3
      vertex 1.64207 0.439992 3
    endloop
  endfacet
  facet normal -0 0 1
    outer loop
      vertex 1.51433 8.60842 3
      vertex 3.38074 0.905867 3
      vertex 1.54 9 3
    endloop
  endfacet
  facet normal 0 0 1
    outer loop
      vertex 3.38074 0.905867 3
      vertex 1.51433 9.39158 3
      vertex 1.54 9 3
    endloop
  endfacet
  facet normal -0 -0 1
    outer loop
      vertex 1.51433 9.39158 3
      vertex 3.38074 0.905867 3
      vertex 1.43778 9.77645 3
    endloop
  endfacet
  facet normal -0 0 1
    outer loop
      vertex 1.57059 -0.650561 3
      vertex 3.23358 -1.33939 3
      vertex 1.64207 -0.439992 3
    endloop
  endfacet
  facet normal 0 0 1
    outer loop
      vertex 3.03109 -1.75 3
      vertex 1.47224 -0.849999 3
      vertex 2.77674 -2.13066 3
    endloop
  endfacet
  facet normal 0 0 1
    outer loop
      vertex 2.77674 -2.13066 3
      vertex 1.3487 -1.03489 3
      vertex 2.47487 -2.47487 3
    endloop
  endfacet
  facet normal -0 0 1
    outer loop
      vertex 1.20208 -1.20208 3
      vertex 2.47487 -2.47487 3
      vertex 1.3487 -1.03489 3
    endloop
  endfacet
  facet normal 0 0 1
    outer loop
      vertex 2.47487 -2.47487 3
      vertex 1.20208 -1.20208 3
      vertex 2.13066 -2.77674 3
    endloop
  endfacet
  facet normal -0 0 1
    outer loop
      vertex 1.03489 -1.3487 3
      vertex 2.13066 -2.77674 3
      vertex 1.20208 -1.20208 3
    endloop
  endfacet
  facet normal 0 0 1
    outer loop
      vertex 2.13066 -2.77674 3
      vertex 1.03489 -1.3487 3
      vertex 1.75 -3.03109 3
    endloop
  endfacet
  facet normal -0 0 1
    outer loop
      vertex 0.849999 -1.47224 3
      vertex 1.75 -3.03109 3
      vertex 1.03489 -1.3487 3
    endloop
  endfacet
  facet normal 0 0 1
    outer loop
      vertex 1.75 -3.03109 3
      vertex 0.849999 -1.47224 3
      vertex 1.33939 -3.23358 3
    endloop
  endfacet
  facet normal -0 0 1
    outer loop
      vertex 0.650561 -1.57059 3
      vertex 1.33939 -3.23358 3
      vertex 0.849999 -1.47224 3
    endloop
  endfacet
  facet normal 0 0 1
    outer loop
      vertex 1.33939 -3.23358 3
      vertex 0.650561 -1.57059 3
      vertex 0.905867 -3.38074 3
    endloop
  endfacet
  facet normal -0 0 1
    outer loop
      vertex 0.439992 -1.64207 3
      vertex 0.905867 -3.38074 3
      vertex 0.650561 -1.57059 3
    endloop
  endfacet
  facet normal 0 0 1
    outer loop
      vertex 0.905867 -3.38074 3
      vertex 0.439992 -1.64207 3
      vertex 0.456841 -3.47006 3
    endloop
  endfacet
  facet normal -0 0 1
    outer loop
      vertex 0.221894 -1.68546 3
      vertex 0.456841 -3.47006 3
      vertex 0.439992 -1.64207 3
    endloop
  endfacet
  facet normal -0 0 1
    outer loop
      vertex 0 -1.7 3
      vertex 0.456841 -3.47006 3
      vertex 0.221894 -1.68546 3
    endloop
  endfacet
  facet normal 0 0 1
    outer loop
      vertex 0 -1.7 3
      vertex 0 -3.5 3
      vertex 0.456841 -3.47006 3
    endloop
  endfacet
  facet normal 0 0 1
    outer loop
      vertex -0.221894 -1.68546 3
      vertex 0 -3.5 3
      vertex 0 -1.7 3
    endloop
  endfacet
  facet normal 0 0 1
    outer loop
      vertex -0.456841 -3.47006 3
      vertex -0.221894 -1.68546 3
      vertex -0.439992 -1.64207 3
    endloop
  endfacet
  facet normal 0 0 1
    outer loop
      vertex -0.221894 -1.68546 3
      vertex -0.456841 -3.47006 3
      vertex 0 -3.5 3
    endloop
  endfacet
  facet normal 0 0 1
    outer loop
      vertex -0.905867 -3.38074 3
      vertex -0.439992 -1.64207 3
      vertex -0.650561 -1.57059 3
    endloop
  endfacet
  facet normal 0 0 1
    outer loop
      vertex -1.33939 -3.23358 3
      vertex -0.650561 -1.57059 3
      vertex -0.849999 -1.47224 3
    endloop
  endfacet
  facet normal 0 0 1
    outer loop
      vertex -0.439992 -1.64207 3
      vertex -0.905867 -3.38074 3
      vertex -0.456841 -3.47006 3
    endloop
  endfacet
  facet normal 0 0 1
    outer loop
      vertex -1.75 -3.03109 3
      vertex -0.849999 -1.47224 3
      vertex -1.03489 -1.3487 3
    endloop
  endfacet
  facet normal 0 0 1
    outer loop
      vertex -2.13066 -2.77674 3
      vertex -1.03489 -1.3487 3
      vertex -1.20208 -1.20208 3
    endloop
  endfacet
  facet normal 0 0 1
    outer loop
      vertex -0.650561 -1.57059 3
      vertex -1.33939 -3.23358 3
      vertex -0.905867 -3.38074 3
    endloop
  endfacet
  facet normal 0 0 1
    outer loop
      vertex -2.47487 -2.47487 3
      vertex -1.20208 -1.20208 3
      vertex -1.3487 -1.03489 3
    endloop
  endfacet
  facet normal 0 0 1
    outer loop
      vertex -2.77674 -2.13066 3
      vertex -1.3487 -1.03489 3
      vertex -1.47224 -0.849999 3
    endloop
  endfacet
  facet normal 0 0 1
    outer loop
      vertex -3.03109 -1.75 3
      vertex -1.47224 -0.849999 3
      vertex -1.57059 -0.650561 3
    endloop
  endfacet
  facet normal 0 0 1
    outer loop
      vertex -3.23358 -1.33939 3
      vertex -1.57059 -0.650561 3
      vertex -1.64207 -0.439992 3
    endloop
  endfacet
  facet normal 0 0 1
    outer loop
      vertex -3.38074 -0.905867 3
      vertex -1.64207 -0.439992 3
      vertex -1.68546 -0.221894 3
    endloop
  endfacet
  facet normal 0 0 1
    outer loop
      vertex -0.849999 -1.47224 3
      vertex -1.75 -3.03109 3
      vertex -1.33939 -3.23358 3
    endloop
  endfacet
  facet normal 0 0 1
    outer loop
      vertex -3.47006 -0.456841 3
      vertex -1.68546 -0.221894 3
      vertex -1.7 0 3
    endloop
  endfacet
  facet normal -0 0 1
    outer loop
      vertex 1.43778 8.22354 3
      vertex 3.38074 0.905867 3
      vertex 1.51433 8.60842 3
    endloop
  endfacet
  facet normal -0 0 1
    outer loop
      vertex 1.31164 7.85195 3
      vertex 3.38074 0.905867 3
      vertex 1.43778 8.22354 3
    endloop
  endfacet
  facet normal -0 0 1
    outer loop
      vertex 1.13808 7.5 3
      vertex 3.38074 0.905867 3
      vertex 1.31164 7.85195 3
    endloop
  endfacet
  facet normal 0 0 1
    outer loop
      vertex 3.38074 0.905867 3
      vertex 1.47224 0.849999 3
      vertex 1.57059 0.650561 3
    endloop
  endfacet
  facet normal -0 0 1
    outer loop
      vertex 0.920059 7.17372 3
      vertex 3.38074 0.905867 3
      vertex 1.13808 7.5 3
    endloop
  endfacet
  facet normal 0 0 1
    outer loop
      vertex 3.38074 0.905867 3
      vertex 1.3487 1.03489 3
      vertex 1.47224 0.849999 3
    endloop
  endfacet
  facet normal -0 0 1
    outer loop
      vertex 0.66132 6.87868 3
      vertex 3.38074 0.905867 3
      vertex 0.920059 7.17372 3
    endloop
  endfacet
  facet normal 0 0 1
    outer loop
      vertex 3.38074 0.905867 3
      vertex 1.20208 1.20208 3
      vertex 1.3487 1.03489 3
    endloop
  endfacet
  facet normal -0 -0 1
    outer loop
      vertex 0.849999 1.47224 3
      vertex 3.38074 0.905867 3
      vertex 0.66132 6.87868 3
    endloop
  endfacet
  facet normal 0 0 1
    outer loop
      vertex 3.38074 0.905867 3
      vertex 1.03489 1.3487 3
      vertex 1.20208 1.20208 3
    endloop
  endfacet
  facet normal 0 0 1
    outer loop
      vertex 3.38074 0.905867 3
      vertex 0.849999 1.47224 3
      vertex 1.03489 1.3487 3
    endloop
  endfacet
  facet normal -0 0 1
    outer loop
      vertex 0.366283 6.61994 3
      vertex 0.849999 1.47224 3
      vertex 0.66132 6.87868 3
    endloop
  endfacet
  facet normal 0 0 1
    outer loop
      vertex 0.849999 1.47224 3
      vertex 0.366283 6.61994 3
      vertex 0.650561 1.57059 3
    endloop
  endfacet
  facet normal -0 0 1
    outer loop
      vertex 0.04 6.40192 3
      vertex 0.650561 1.57059 3
      vertex 0.366283 6.61994 3
    endloop
  endfacet
  facet normal 0 0 1
    outer loop
      vertex 0.650561 1.57059 3
      vertex 0.04 6.40192 3
      vertex 0.439992 1.64207 3
    endloop
  endfacet
  facet normal -0 0 1
    outer loop
      vertex -0.311951 6.22836 3
      vertex 0.439992 1.64207 3
      vertex 0.04 6.40192 3
    endloop
  endfacet
  facet normal 0 0 1
    outer loop
      vertex 0.439992 1.64207 3
      vertex -0.311951 6.22836 3
      vertex 0.221894 1.68546 3
    endloop
  endfacet
  facet normal 0 0 1
    outer loop
      vertex 0.221894 1.68546 3
      vertex -0.311951 6.22836 3
      vertex 0 1.7 3
    endloop
  endfacet
  facet normal -0 0 1
    outer loop
      vertex -0.683543 6.10222 3
      vertex 0 1.7 3
      vertex -0.311951 6.22836 3
    endloop
  endfacet
  facet normal 0 0 1
    outer loop
      vertex 0 1.7 3
      vertex -0.683543 6.10222 3
      vertex -0.221894 1.68546 3
    endloop
  endfacet
  facet normal -0 0 1
    outer loop
      vertex -1.06842 6.02567 3
      vertex -0.221894 1.68546 3
      vertex -0.683543 6.10222 3
    endloop
  endfacet
  facet normal 0 0 1
    outer loop
      vertex -0.221894 1.68546 3
      vertex -1.06842 6.02567 3
      vertex -0.439992 1.64207 3
    endloop
  endfacet
  facet normal -0 0 1
    outer loop
      vertex -1.46 6 3
      vertex -0.439992 1.64207 3
      vertex -1.06842 6.02567 3
    endloop
  endfacet
  facet normal 0 0 1
    outer loop
      vertex -0.439992 1.64207 3
      vertex -1.46 6 3
      vertex -0.650561 1.57059 3
    endloop
  endfacet
  facet normal 0 0 1
    outer loop
      vertex -0.650561 1.57059 3
      vertex -1.46 6 3
      vertex -0.849999 1.47224 3
    endloop
  endfacet
  facet normal 0 0 1
    outer loop
      vertex -1.85158 6.02567 3
      vertex -0.849999 1.47224 3
      vertex -1.46 6 3
    endloop
  endfacet
  facet normal 0 0 1
    outer loop
      vertex -0.849999 1.47224 3
      vertex -1.85158 6.02567 3
      vertex -1.03489 1.3487 3
    endloop
  endfacet
  facet normal 0 0 1
    outer loop
      vertex -2.23646 6.10222 3
      vertex -1.03489 1.3487 3
      vertex -1.85158 6.02567 3
    endloop
  endfacet
  facet normal 0 0 1
    outer loop
      vertex -1.03489 1.3487 3
      vertex -2.23646 6.10222 3
      vertex -1.20208 1.20208 3
    endloop
  endfacet
  facet normal 0 0 1
    outer loop
      vertex -2.60805 6.22836 3
      vertex -1.20208 1.20208 3
      vertex -2.23646 6.10222 3
    endloop
  endfacet
  facet normal 0 0 1
    outer loop
      vertex -1.20208 1.20208 3
      vertex -2.60805 6.22836 3
      vertex -1.3487 1.03489 3
    endloop
  endfacet
  facet normal 0 0 1
    outer loop
      vertex -3.47006 -0.456841 3
      vertex -1.3487 1.03489 3
      vertex -2.60805 6.22836 3
    endloop
  endfacet
  facet normal 0 0 1
    outer loop
      vertex -1.3487 1.03489 3
      vertex -3.47006 -0.456841 3
      vertex -1.47224 0.849999 3
    endloop
  endfacet
  facet normal 0 0 1
    outer loop
      vertex -1.47224 0.849999 3
      vertex -3.47006 -0.456841 3
      vertex -1.57059 0.650561 3
    endloop
  endfacet
  facet normal 0 0 1
    outer loop
      vertex -1.57059 0.650561 3
      vertex -3.47006 -0.456841 3
      vertex -1.64207 0.439992 3
    endloop
  endfacet
  facet normal 0 0 1
    outer loop
      vertex -1.68546 -0.221894 3
      vertex -3.47006 -0.456841 3
      vertex -3.38074 -0.905867 3
    endloop
  endfacet
  facet normal 0 0 1
    outer loop
      vertex -1.68546 0.221894 3
      vertex -3.47006 -0.456841 3
      vertex -1.7 0 3
    endloop
  endfacet
  facet normal 0 0 1
    outer loop
      vertex -1.03489 -1.3487 3
      vertex -2.13066 -2.77674 3
      vertex -1.75 -3.03109 3
    endloop
  endfacet
  facet normal 0 0 1
    outer loop
      vertex -1.64207 0.439992 3
      vertex -3.47006 -0.456841 3
      vertex -1.68546 0.221894 3
    endloop
  endfacet
  facet normal 0 0 1
    outer loop
      vertex -1.20208 -1.20208 3
      vertex -2.47487 -2.47487 3
      vertex -2.13066 -2.77674 3
    endloop
  endfacet
  facet normal 0 0 1
    outer loop
      vertex -3.47006 -0.456841 3
      vertex -2.60805 6.22836 3
      vertex -2.96 6.40192 3
    endloop
  endfacet
  facet normal 0 0 1
    outer loop
      vertex -1.3487 -1.03489 3
      vertex -2.77674 -2.13066 3
      vertex -2.47487 -2.47487 3
    endloop
  endfacet
  facet normal 0 0 1
    outer loop
      vertex -1.47224 -0.849999 3
      vertex -3.03109 -1.75 3
      vertex -2.77674 -2.13066 3
    endloop
  endfacet
  facet normal 0 0 1
    outer loop
      vertex -3.47006 -0.456841 3
      vertex -2.96 6.40192 3
      vertex -3.28628 6.61994 3
    endloop
  endfacet
  facet normal 0 0 1
    outer loop
      vertex -1.57059 -0.650561 3
      vertex -3.23358 -1.33939 3
      vertex -3.03109 -1.75 3
    endloop
  endfacet
  facet normal 0 0 1
    outer loop
      vertex -1.64207 -0.439992 3
      vertex -3.38074 -0.905867 3
      vertex -3.23358 -1.33939 3
    endloop
  endfacet
  facet normal 0 0 1
    outer loop
      vertex -3.58132 6.87868 3
      vertex -3.47006 -0.456841 3
      vertex -3.28628 6.61994 3
    endloop
  endfacet
  facet normal 0 0 1
    outer loop
      vertex -3.84006 7.17372 3
      vertex -3.47006 -0.456841 3
      vertex -3.58132 6.87868 3
    endloop
  endfacet
  facet normal 0 0 1
    outer loop
      vertex -4.05808 7.5 3
      vertex -3.47006 -0.456841 3
      vertex -3.84006 7.17372 3
    endloop
  endfacet
  facet normal 0 0 1
    outer loop
      vertex -4.23164 7.85195 3
      vertex -3.47006 -0.456841 3
      vertex -4.05808 7.5 3
    endloop
  endfacet
  facet normal 0 0 1
    outer loop
      vertex -4.35778 8.22354 3
      vertex -3.47006 -0.456841 3
      vertex -4.23164 7.85195 3
    endloop
  endfacet
  facet normal 0 0 1
    outer loop
      vertex -4.35778 8.22354 3
      vertex -4.43433 8.60842 3
      vertex -3.47006 -0.456841 3
    endloop
  endfacet
  facet normal 0 0 1
    outer loop
      vertex 0.032961 11.6015 3
      vertex -0.311949 11.7716 3
      vertex -0.311951 11.7716 3
    endloop
  endfacet
  facet normal 0 0 1
    outer loop
      vertex -0.311949 11.7716 3
      vertex -0.683542 11.8978 3
      vertex -0.311951 11.7716 3
    endloop
  endfacet
  facet normal 0 0 1
    outer loop
      vertex -0.311951 11.7716 3
      vertex -0.683542 11.8978 3
      vertex -0.683543 11.8978 3
    endloop
  endfacet
  facet normal 0 0 1
    outer loop
      vertex -0.683542 11.8978 3
      vertex -1.06842 11.9743 3
      vertex -0.683543 11.8978 3
    endloop
  endfacet
  facet normal 0.555572 -0.831468 0
    outer loop
      vertex 1.75 -3.03109 0
      vertex 2.13066 -2.77674 3
      vertex 1.75 -3.03109 3
    endloop
  endfacet
  facet normal 0.555572 -0.831468 0
    outer loop
      vertex 2.13066 -2.77674 3
      vertex 1.75 -3.03109 0
      vertex 2.13066 -2.77674 0
    endloop
  endfacet
  facet normal -0.751833 -0.659353 0
    outer loop
      vertex -2.47487 -2.47487 0
      vertex -2.77674 -2.13066 3
      vertex -2.77674 -2.13066 0
    endloop
  endfacet
  facet normal -0.751833 -0.659353 0
    outer loop
      vertex -2.77674 -2.13066 3
      vertex -2.47487 -2.47487 0
      vertex -2.47487 -2.47487 3
    endloop
  endfacet
  facet normal -0.195097 -0.980784 0
    outer loop
      vertex -0.905867 -3.38074 0
      vertex -0.456841 -3.47006 3
      vertex -0.905867 -3.38074 3
    endloop
  endfacet
  facet normal -0.195097 -0.980784 -0
    outer loop
      vertex -0.456841 -3.47006 3
      vertex -0.905867 -3.38074 0
      vertex -0.456841 -3.47006 0
    endloop
  endfacet
  facet normal 0.751801 0.65939 0
    outer loop
      vertex 0.920059 10.8263 2.99
      vertex 0.66132 11.1213 0
      vertex 0.66132 11.1213 2.99
    endloop
  endfacet
  facet normal 0.751801 0.65939 0
    outer loop
      vertex 0.66132 11.1213 0
      vertex 0.920059 10.8263 2.99
      vertex 0.920059 10.8263 0
    endloop
  endfacet
  facet normal 0.659432 0.751765 -0
    outer loop
      vertex 0.66132 11.1213 0
      vertex 0.366283 11.3801 2.99
      vertex 0.66132 11.1213 2.99
    endloop
  endfacet
  facet normal 0.659432 0.751765 0
    outer loop
      vertex 0.366283 11.3801 2.99
      vertex 0.66132 11.1213 0
      vertex 0.366283 11.3801 0
    endloop
  endfacet
  facet normal -0.0653967 -0.997859 0
    outer loop
      vertex -0.456841 -3.47006 0
      vertex 0 -3.5 3
      vertex -0.456841 -3.47006 3
    endloop
  endfacet
  facet normal -0.0653967 -0.997859 -0
    outer loop
      vertex 0 -3.5 3
      vertex -0.456841 -3.47006 0
      vertex 0 -3.5 0
    endloop
  endfacet
  facet normal -0.980779 -0.195123 0
    outer loop
      vertex 1.68546 0.221894 0
      vertex 1.64207 0.439992 3
      vertex 1.64207 0.439992 0
    endloop
  endfacet
  facet normal -0.980779 -0.195123 0
    outer loop
      vertex 1.64207 0.439992 3
      vertex 1.68546 0.221894 0
      vertex 1.68546 0.221894 3
    endloop
  endfacet
  facet normal -0.99786 -0.0653866 0
    outer loop
      vertex 1.7 0 0
      vertex 1.68546 0.221894 3
      vertex 1.68546 0.221894 0
    endloop
  endfacet
  facet normal -0.99786 -0.0653866 0
    outer loop
      vertex 1.68546 0.221894 3
      vertex 1.7 0 0
      vertex 1.7 0 3
    endloop
  endfacet
  facet normal -0.0653866 0.99786 0
    outer loop
      vertex 0.221894 -1.68546 0
      vertex 0 -1.7 3
      vertex 0.221894 -1.68546 3
    endloop
  endfacet
  facet normal -0.0653866 0.99786 0
    outer loop
      vertex 0 -1.7 3
      vertex 0.221894 -1.68546 0
      vertex 0 -1.7 0
    endloop
  endfacet
  facet normal 0.659342 -0.751844 0
    outer loop
      vertex -1.20208 1.20208 0
      vertex -1.03489 1.3487 3
      vertex -1.20208 1.20208 3
    endloop
  endfacet
  facet normal 0.659342 -0.751844 0
    outer loop
      vertex -1.03489 1.3487 3
      vertex -1.20208 1.20208 0
      vertex -1.03489 1.3487 0
    endloop
  endfacet
  facet normal 0.83147 0.55557 0
    outer loop
      vertex -1.3487 -1.03489 3
      vertex -1.47224 -0.849999 0
      vertex -1.47224 -0.849999 3
    endloop
  endfacet
  facet normal 0.83147 0.55557 0
    outer loop
      vertex -1.47224 -0.849999 0
      vertex -1.3487 -1.03489 3
      vertex -1.3487 -1.03489 0
    endloop
  endfacet
  facet normal 0.195123 0.980779 -0
    outer loop
      vertex -0.221894 -1.68546 0
      vertex -0.439992 -1.64207 3
      vertex -0.221894 -1.68546 3
    endloop
  endfacet
  facet normal 0.195123 0.980779 0
    outer loop
      vertex -0.439992 -1.64207 3
      vertex -0.221894 -1.68546 0
      vertex -0.439992 -1.64207 0
    endloop
  endfacet
  facet normal -0.659342 -0.751844 0
    outer loop
      vertex 1.03489 1.3487 0
      vertex 1.20208 1.20208 3
      vertex 1.03489 1.3487 3
    endloop
  endfacet
  facet normal -0.659342 -0.751844 -0
    outer loop
      vertex 1.20208 1.20208 3
      vertex 1.03489 1.3487 0
      vertex 1.20208 1.20208 0
    endloop
  endfacet
  facet normal -0.946928 0.321445 0
    outer loop
      vertex 1.57059 -0.650561 0
      vertex 1.64207 -0.439992 3
      vertex 1.64207 -0.439992 0
    endloop
  endfacet
  facet normal -0.946928 0.321445 0
    outer loop
      vertex 1.64207 -0.439992 3
      vertex 1.57059 -0.650561 0
      vertex 1.57059 -0.650561 3
    endloop
  endfacet
  facet normal -0.751844 0.659342 0
    outer loop
      vertex 1.20208 -1.20208 0
      vertex 1.3487 -1.03489 3
      vertex 1.3487 -1.03489 0
    endloop
  endfacet
  facet normal -0.751844 0.659342 0
    outer loop
      vertex 1.3487 -1.03489 3
      vertex 1.20208 -1.20208 0
      vertex 1.20208 -1.20208 3
    endloop
  endfacet
  facet normal -0.751844 -0.659342 0
    outer loop
      vertex 1.3487 1.03489 0
      vertex 1.20208 1.20208 3
      vertex 1.20208 1.20208 0
    endloop
  endfacet
  facet normal -0.751844 -0.659342 0
    outer loop
      vertex 1.20208 1.20208 3
      vertex 1.3487 1.03489 0
      vertex 1.3487 1.03489 3
    endloop
  endfacet
  facet normal 0.946928 0.321445 0
    outer loop
      vertex -1.57059 -0.650561 3
      vertex -1.64207 -0.439992 0
      vertex -1.64207 -0.439992 3
    endloop
  endfacet
  facet normal 0.946928 0.321445 0
    outer loop
      vertex -1.64207 -0.439992 0
      vertex -1.57059 -0.650561 3
      vertex -1.57059 -0.650561 0
    endloop
  endfacet
  facet normal -0.321445 0.946928 0
    outer loop
      vertex 0.650561 -1.57059 0
      vertex 0.439992 -1.64207 3
      vertex 0.650561 -1.57059 3
    endloop
  endfacet
  facet normal -0.321445 0.946928 0
    outer loop
      vertex 0.439992 -1.64207 3
      vertex 0.650561 -1.57059 0
      vertex 0.439992 -1.64207 0
    endloop
  endfacet
  facet normal 0.0653866 0.99786 -0
    outer loop
      vertex 0 -1.7 0
      vertex -0.221894 -1.68546 3
      vertex 0 -1.7 3
    endloop
  endfacet
  facet normal 0.0653866 0.99786 0
    outer loop
      vertex -0.221894 -1.68546 3
      vertex 0 -1.7 0
      vertex -0.221894 -1.68546 0
    endloop
  endfacet
  facet normal 0.321445 -0.946928 0
    outer loop
      vertex -0.650561 1.57059 0
      vertex -0.439992 1.64207 3
      vertex -0.650561 1.57059 3
    endloop
  endfacet
  facet normal 0.321445 -0.946928 0
    outer loop
      vertex -0.439992 1.64207 3
      vertex -0.650561 1.57059 0
      vertex -0.439992 1.64207 0
    endloop
  endfacet
  facet normal -0.946928 -0.321445 0
    outer loop
      vertex 1.64207 0.439992 0
      vertex 1.57059 0.650561 3
      vertex 1.57059 0.650561 0
    endloop
  endfacet
  facet normal -0.946928 -0.321445 0
    outer loop
      vertex 1.57059 0.650561 3
      vertex 1.64207 0.439992 0
      vertex 1.64207 0.439992 3
    endloop
  endfacet
  facet normal 0.751844 -0.659342 0
    outer loop
      vertex -1.3487 1.03489 3
      vertex -1.20208 1.20208 0
      vertex -1.20208 1.20208 3
    endloop
  endfacet
  facet normal 0.751844 -0.659342 0
    outer loop
      vertex -1.20208 1.20208 0
      vertex -1.3487 1.03489 3
      vertex -1.3487 1.03489 0
    endloop
  endfacet
  facet normal 0.442282 0.896876 -0
    outer loop
      vertex -0.650561 -1.57059 0
      vertex -0.849999 -1.47224 3
      vertex -0.650561 -1.57059 3
    endloop
  endfacet
  facet normal 0.442282 0.896876 0
    outer loop
      vertex -0.849999 -1.47224 3
      vertex -0.650561 -1.57059 0
      vertex -0.849999 -1.47224 0
    endloop
  endfacet
  facet normal 0.0653866 -0.99786 0
    outer loop
      vertex -0.221894 1.68546 0
      vertex 0 1.7 3
      vertex -0.221894 1.68546 3
    endloop
  endfacet
  facet normal 0.0653866 -0.99786 0
    outer loop
      vertex 0 1.7 3
      vertex -0.221894 1.68546 0
      vertex 0 1.7 0
    endloop
  endfacet
  facet normal -0.896876 0.442282 0
    outer loop
      vertex 1.47224 -0.849999 0
      vertex 1.57059 -0.650561 3
      vertex 1.57059 -0.650561 0
    endloop
  endfacet
  facet normal -0.896876 0.442282 0
    outer loop
      vertex 1.57059 -0.650561 3
      vertex 1.47224 -0.849999 0
      vertex 1.47224 -0.849999 3
    endloop
  endfacet
  facet normal -0.55557 0.83147 0
    outer loop
      vertex 1.03489 -1.3487 0
      vertex 0.849999 -1.47224 3
      vertex 1.03489 -1.3487 3
    endloop
  endfacet
  facet normal -0.55557 0.83147 0
    outer loop
      vertex 0.849999 -1.47224 3
      vertex 1.03489 -1.3487 0
      vertex 0.849999 -1.47224 0
    endloop
  endfacet
  facet normal 0.980779 0.195123 0
    outer loop
      vertex -1.64207 -0.439992 3
      vertex -1.68546 -0.221894 0
      vertex -1.68546 -0.221894 3
    endloop
  endfacet
  facet normal 0.980779 0.195123 0
    outer loop
      vertex -1.68546 -0.221894 0
      vertex -1.64207 -0.439992 3
      vertex -1.64207 -0.439992 0
    endloop
  endfacet
  facet normal 0.751844 0.659342 0
    outer loop
      vertex -1.20208 -1.20208 3
      vertex -1.3487 -1.03489 0
      vertex -1.3487 -1.03489 3
    endloop
  endfacet
  facet normal 0.751844 0.659342 0
    outer loop
      vertex -1.3487 -1.03489 0
      vertex -1.20208 -1.20208 3
      vertex -1.20208 -1.20208 0
    endloop
  endfacet
  facet normal -0.195123 -0.980779 0
    outer loop
      vertex 0.221894 1.68546 0
      vertex 0.439992 1.64207 3
      vertex 0.221894 1.68546 3
    endloop
  endfacet
  facet normal -0.195123 -0.980779 -0
    outer loop
      vertex 0.439992 1.64207 3
      vertex 0.221894 1.68546 0
      vertex 0.439992 1.64207 0
    endloop
  endfacet
  facet normal -0.83147 -0.55557 0
    outer loop
      vertex 1.47224 0.849999 0
      vertex 1.3487 1.03489 3
      vertex 1.3487 1.03489 0
    endloop
  endfacet
  facet normal -0.83147 -0.55557 0
    outer loop
      vertex 1.3487 1.03489 3
      vertex 1.47224 0.849999 0
      vertex 1.47224 0.849999 3
    endloop
  endfacet
  facet normal -0.99786 0.0653866 0
    outer loop
      vertex 1.68546 -0.221894 0
      vertex 1.7 0 3
      vertex 1.7 0 0
    endloop
  endfacet
  facet normal -0.99786 0.0653866 0
    outer loop
      vertex 1.7 0 3
      vertex 1.68546 -0.221894 0
      vertex 1.68546 -0.221894 3
    endloop
  endfacet
  facet normal -0.321445 -0.946928 0
    outer loop
      vertex 0.439992 1.64207 0
      vertex 0.650561 1.57059 3
      vertex 0.439992 1.64207 3
    endloop
  endfacet
  facet normal -0.321445 -0.946928 -0
    outer loop
      vertex 0.650561 1.57059 3
      vertex 0.439992 1.64207 0
      vertex 0.650561 1.57059 0
    endloop
  endfacet
  facet normal -0.55557 -0.83147 0
    outer loop
      vertex 0.849999 1.47224 0
      vertex 1.03489 1.3487 3
      vertex 0.849999 1.47224 3
    endloop
  endfacet
  facet normal -0.55557 -0.83147 -0
    outer loop
      vertex 1.03489 1.3487 3
      vertex 0.849999 1.47224 0
      vertex 1.03489 1.3487 0
    endloop
  endfacet
  facet normal 0.195123 -0.980779 0
    outer loop
      vertex -0.439992 1.64207 0
      vertex -0.221894 1.68546 3
      vertex -0.439992 1.64207 3
    endloop
  endfacet
  facet normal 0.195123 -0.980779 0
    outer loop
      vertex -0.221894 1.68546 3
      vertex -0.439992 1.64207 0
      vertex -0.221894 1.68546 0
    endloop
  endfacet
  facet normal -0.659342 0.751844 0
    outer loop
      vertex 1.20208 -1.20208 0
      vertex 1.03489 -1.3487 3
      vertex 1.20208 -1.20208 3
    endloop
  endfacet
  facet normal -0.659342 0.751844 0
    outer loop
      vertex 1.03489 -1.3487 3
      vertex 1.20208 -1.20208 0
      vertex 1.03489 -1.3487 0
    endloop
  endfacet
  facet normal 0.896876 -0.442282 0
    outer loop
      vertex -1.57059 0.650561 3
      vertex -1.47224 0.849999 0
      vertex -1.47224 0.849999 3
    endloop
  endfacet
  facet normal 0.896876 -0.442282 0
    outer loop
      vertex -1.47224 0.849999 0
      vertex -1.57059 0.650561 3
      vertex -1.57059 0.650561 0
    endloop
  endfacet
  facet normal -0.980779 0.195123 0
    outer loop
      vertex 1.64207 -0.439992 0
      vertex 1.68546 -0.221894 3
      vertex 1.68546 -0.221894 0
    endloop
  endfacet
  facet normal -0.980779 0.195123 0
    outer loop
      vertex 1.68546 -0.221894 3
      vertex 1.64207 -0.439992 0
      vertex 1.64207 -0.439992 3
    endloop
  endfacet
  facet normal -0.195123 0.980779 0
    outer loop
      vertex 0.439992 -1.64207 0
      vertex 0.221894 -1.68546 3
      vertex 0.439992 -1.64207 3
    endloop
  endfacet
  facet normal -0.195123 0.980779 0
    outer loop
      vertex 0.221894 -1.68546 3
      vertex 0.439992 -1.64207 0
      vertex 0.221894 -1.68546 0
    endloop
  endfacet
  facet normal 0.659342 0.751844 -0
    outer loop
      vertex -1.03489 -1.3487 0
      vertex -1.20208 -1.20208 3
      vertex -1.03489 -1.3487 3
    endloop
  endfacet
  facet normal 0.659342 0.751844 0
    outer loop
      vertex -1.20208 -1.20208 3
      vertex -1.03489 -1.3487 0
      vertex -1.20208 -1.20208 0
    endloop
  endfacet
  facet normal -0.0653866 -0.99786 0
    outer loop
      vertex 0 1.7 0
      vertex 0.221894 1.68546 3
      vertex 0 1.7 3
    endloop
  endfacet
  facet normal -0.0653866 -0.99786 -0
    outer loop
      vertex 0.221894 1.68546 3
      vertex 0 1.7 0
      vertex 0.221894 1.68546 0
    endloop
  endfacet
  facet normal -0.442282 -0.896876 0
    outer loop
      vertex 0.650561 1.57059 0
      vertex 0.849999 1.47224 3
      vertex 0.650561 1.57059 3
    endloop
  endfacet
  facet normal -0.442282 -0.896876 -0
    outer loop
      vertex 0.849999 1.47224 3
      vertex 0.650561 1.57059 0
      vertex 0.849999 1.47224 0
    endloop
  endfacet
  facet normal -0.83147 0.55557 0
    outer loop
      vertex 1.3487 -1.03489 0
      vertex 1.47224 -0.849999 3
      vertex 1.47224 -0.849999 0
    endloop
  endfacet
  facet normal -0.83147 0.55557 0
    outer loop
      vertex 1.47224 -0.849999 3
      vertex 1.3487 -1.03489 0
      vertex 1.3487 -1.03489 3
    endloop
  endfacet
  facet normal 0.99786 0.0653866 0
    outer loop
      vertex -1.68546 -0.221894 3
      vertex -1.7 0 0
      vertex -1.7 0 3
    endloop
  endfacet
  facet normal 0.99786 0.0653866 0
    outer loop
      vertex -1.7 0 0
      vertex -1.68546 -0.221894 3
      vertex -1.68546 -0.221894 0
    endloop
  endfacet
  facet normal -0.442282 0.896876 0
    outer loop
      vertex 0.849999 -1.47224 0
      vertex 0.650561 -1.57059 3
      vertex 0.849999 -1.47224 3
    endloop
  endfacet
  facet normal -0.442282 0.896876 0
    outer loop
      vertex 0.650561 -1.57059 3
      vertex 0.849999 -1.47224 0
      vertex 0.650561 -1.57059 0
    endloop
  endfacet
  facet normal 0.980779 -0.195123 0
    outer loop
      vertex -1.68546 0.221894 3
      vertex -1.64207 0.439992 0
      vertex -1.64207 0.439992 3
    endloop
  endfacet
  facet normal 0.980779 -0.195123 0
    outer loop
      vertex -1.64207 0.439992 0
      vertex -1.68546 0.221894 3
      vertex -1.68546 0.221894 0
    endloop
  endfacet
  facet normal 0.896876 0.442282 0
    outer loop
      vertex -1.47224 -0.849999 3
      vertex -1.57059 -0.650561 0
      vertex -1.57059 -0.650561 3
    endloop
  endfacet
  facet normal 0.896876 0.442282 0
    outer loop
      vertex -1.57059 -0.650561 0
      vertex -1.47224 -0.849999 3
      vertex -1.47224 -0.849999 0
    endloop
  endfacet
  facet normal 0.946928 -0.321445 0
    outer loop
      vertex -1.64207 0.439992 3
      vertex -1.57059 0.650561 0
      vertex -1.57059 0.650561 3
    endloop
  endfacet
  facet normal 0.946928 -0.321445 0
    outer loop
      vertex -1.57059 0.650561 0
      vertex -1.64207 0.439992 3
      vertex -1.64207 0.439992 0
    endloop
  endfacet
  facet normal 0.55557 -0.83147 0
    outer loop
      vertex -1.03489 1.3487 0
      vertex -0.849999 1.47224 3
      vertex -1.03489 1.3487 3
    endloop
  endfacet
  facet normal 0.55557 -0.83147 0
    outer loop
      vertex -0.849999 1.47224 3
      vertex -1.03489 1.3487 0
      vertex -0.849999 1.47224 0
    endloop
  endfacet
  facet normal -0.896876 -0.442282 0
    outer loop
      vertex 1.57059 0.650561 0
      vertex 1.47224 0.849999 3
      vertex 1.47224 0.849999 0
    endloop
  endfacet
  facet normal -0.896876 -0.442282 0
    outer loop
      vertex 1.47224 0.849999 3
      vertex 1.57059 0.650561 0
      vertex 1.57059 0.650561 3
    endloop
  endfacet
  facet normal 0.99786 -0.0653866 0
    outer loop
      vertex -1.7 0 3
      vertex -1.68546 0.221894 0
      vertex -1.68546 0.221894 3
    endloop
  endfacet
  facet normal 0.99786 -0.0653866 0
    outer loop
      vertex -1.68546 0.221894 0
      vertex -1.7 0 3
      vertex -1.7 0 0
    endloop
  endfacet
  facet normal 0.321445 0.946928 -0
    outer loop
      vertex -0.439992 -1.64207 0
      vertex -0.650561 -1.57059 3
      vertex -0.439992 -1.64207 3
    endloop
  endfacet
  facet normal 0.321445 0.946928 0
    outer loop
      vertex -0.650561 -1.57059 3
      vertex -0.439992 -1.64207 0
      vertex -0.650561 -1.57059 0
    endloop
  endfacet
  facet normal 0.442282 -0.896876 0
    outer loop
      vertex -0.849999 1.47224 0
      vertex -0.650561 1.57059 3
      vertex -0.849999 1.47224 3
    endloop
  endfacet
  facet normal 0.442282 -0.896876 0
    outer loop
      vertex -0.650561 1.57059 3
      vertex -0.849999 1.47224 0
      vertex -0.650561 1.57059 0
    endloop
  endfacet
  facet normal 0.83147 -0.55557 0
    outer loop
      vertex -1.47224 0.849999 3
      vertex -1.3487 1.03489 0
      vertex -1.3487 1.03489 3
    endloop
  endfacet
  facet normal 0.83147 -0.55557 0
    outer loop
      vertex -1.3487 1.03489 0
      vertex -1.47224 0.849999 3
      vertex -1.47224 0.849999 0
    endloop
  endfacet
  facet normal 0.55557 0.83147 -0
    outer loop
      vertex -0.849999 -1.47224 0
      vertex -1.03489 -1.3487 3
      vertex -0.849999 -1.47224 3
    endloop
  endfacet
  facet normal 0.55557 0.83147 0
    outer loop
      vertex -1.03489 -1.3487 3
      vertex -0.849999 -1.47224 0
      vertex -1.03489 -1.3487 0
    endloop
  endfacet
  facet normal 0.980791 0.195062 0
    outer loop
      vertex 1.51433 21.3916 4
      vertex 1.43778 21.7765 3
      vertex 1.43778 21.7765 4
    endloop
  endfacet
  facet normal 0.980791 0.195062 0
    outer loop
      vertex 1.43778 21.7765 3
      vertex 1.51433 21.3916 4
      vertex 1.51433 21.3916 3
    endloop
  endfacet
  facet normal 0.997858 0.0654112 0
    outer loop
      vertex 1.54 21 4
      vertex 1.51433 21.3916 3
      vertex 1.51433 21.3916 4
    endloop
  endfacet
  facet normal 0.997858 0.0654112 0
    outer loop
      vertex 1.51433 21.3916 3
      vertex 1.54 21 4
      vertex 1.54 21 3
    endloop
  endfacet
  facet normal 0.980791 -0.195062 0
    outer loop
      vertex 1.51433 20.6084 4
      vertex 1.43778 20.2235 3
      vertex 1.51433 20.6084 3
    endloop
  endfacet
  facet normal 0.980791 -0.195062 0
    outer loop
      vertex 1.43778 20.2235 4
      vertex 1.43778 20.2235 3
      vertex 1.51433 20.6084 4
    endloop
  endfacet
  facet normal 0 0 0
    outer loop
      vertex 1.43778 20.2235 2.99
      vertex 1.43778 20.2235 3
      vertex 1.43778 20.2235 4
    endloop
  endfacet
  facet normal 0 0 1
    outer loop
      vertex -0.46 21 4
      vertex 1.54 21 4
      vertex 1.51433 21.3916 4
    endloop
  endfacet
  facet normal 0 0 1
    outer loop
      vertex -0.468555 21.1305 4
      vertex 1.51433 21.3916 4
      vertex 1.43778 21.7765 4
    endloop
  endfacet
  facet normal 0 0 1
    outer loop
      vertex 1.54 21 4
      vertex -0.46 21 4
      vertex 1.51433 20.6084 4
    endloop
  endfacet
  facet normal 0 0 1
    outer loop
      vertex -0.494075 21.2588 4
      vertex 1.43778 21.7765 4
      vertex 1.31164 22.148 4
    endloop
  endfacet
  facet normal -0 0 1
    outer loop
      vertex -0.468555 20.8695 4
      vertex 1.51433 20.6084 4
      vertex -0.46 21 4
    endloop
  endfacet
  facet normal 0 0 1
    outer loop
      vertex -0.536121 21.3827 4
      vertex 1.31164 22.148 4
      vertex 1.13808 22.5 4
    endloop
  endfacet
  facet normal 0 0 1
    outer loop
      vertex 1.51433 20.6084 4
      vertex -0.468555 20.8695 4
      vertex 1.43778 20.2235 4
    endloop
  endfacet
  facet normal 0 0 1
    outer loop
      vertex -0.593975 21.5 4
      vertex 1.13808 22.5 4
      vertex 0.920059 22.8263 4
    endloop
  endfacet
  facet normal -0 0 1
    outer loop
      vertex -0.494075 20.7412 4
      vertex 1.43778 20.2235 4
      vertex -0.468555 20.8695 4
    endloop
  endfacet
  facet normal 0 0 1
    outer loop
      vertex -0.666647 21.6088 4
      vertex 0.920059 22.8263 4
      vertex 0.66132 23.1213 4
    endloop
  endfacet
  facet normal 0 0 1
    outer loop
      vertex 1.43778 20.2235 4
      vertex -0.494075 20.7412 4
      vertex 1.31164 19.852 4
    endloop
  endfacet
  facet normal 0 0 1
    outer loop
      vertex -0.752893 21.7071 4
      vertex 0.66132 23.1213 4
      vertex 0.366283 23.3801 4
    endloop
  endfacet
  facet normal -0 0 1
    outer loop
      vertex -0.536121 20.6173 4
      vertex 1.31164 19.852 4
      vertex -0.494075 20.7412 4
    endloop
  endfacet
  facet normal 0 0 1
    outer loop
      vertex -0.851239 21.7934 4
      vertex 0.366283 23.3801 4
      vertex 0.04 23.5981 4
    endloop
  endfacet
  facet normal 0 0 1
    outer loop
      vertex 1.31164 19.852 4
      vertex -0.536121 20.6173 4
      vertex 1.13808 19.5 4
    endloop
  endfacet
  facet normal 0 0 1
    outer loop
      vertex -0.96 21.866 4
      vertex 0.04 23.5981 4
      vertex -0.311951 23.7716 4
    endloop
  endfacet
  facet normal -0 0 1
    outer loop
      vertex -0.593975 20.5 4
      vertex 1.13808 19.5 4
      vertex -0.536121 20.6173 4
    endloop
  endfacet
  facet normal 0 0 1
    outer loop
      vertex 1.13808 19.5 4
      vertex -0.593975 20.5 4
      vertex 0.920059 19.1737 4
    endloop
  endfacet
  facet normal 0 0 1
    outer loop
      vertex 1.51433 21.3916 4
      vertex -0.468555 21.1305 4
      vertex -0.46 21 4
    endloop
  endfacet
  facet normal 0 0 1
    outer loop
      vertex 1.43778 21.7765 4
      vertex -0.494075 21.2588 4
      vertex -0.468555 21.1305 4
    endloop
  endfacet
  facet normal 0 0 1
    outer loop
      vertex 1.31164 22.148 4
      vertex -0.536121 21.3827 4
      vertex -0.494075 21.2588 4
    endloop
  endfacet
  facet normal 0 0 1
    outer loop
      vertex 1.13808 22.5 4
      vertex -0.593975 21.5 4
      vertex -0.536121 21.3827 4
    endloop
  endfacet
  facet normal 0 0 1
    outer loop
      vertex 0.920059 22.8263 4
      vertex -0.666647 21.6088 4
      vertex -0.593975 21.5 4
    endloop
  endfacet
  facet normal 0 0 1
    outer loop
      vertex -1.07732 21.9239 4
      vertex -0.311951 23.7716 4
      vertex -0.683543 23.8978 4
    endloop
  endfacet
  facet normal 0 0 1
    outer loop
      vertex 0.66132 23.1213 4
      vertex -0.752893 21.7071 4
      vertex -0.666647 21.6088 4
    endloop
  endfacet
  facet normal 0 0 1
    outer loop
      vertex 0.366283 23.3801 4
      vertex -0.851239 21.7934 4
      vertex -0.752893 21.7071 4
    endloop
  endfacet
  facet normal 0 0 1
    outer loop
      vertex 0.04 23.5981 4
      vertex -0.96 21.866 4
      vertex -0.851239 21.7934 4
    endloop
  endfacet
  facet normal 0 0 1
    outer loop
      vertex -1.20118 21.9659 4
      vertex -0.683543 23.8978 4
      vertex -1.06842 23.9743 4
    endloop
  endfacet
  facet normal 0 0 1
    outer loop
      vertex -0.311951 23.7716 4
      vertex -1.07732 21.9239 4
      vertex -0.96 21.866 4
    endloop
  endfacet
  facet normal 0 0 1
    outer loop
      vertex -0.683543 23.8978 4
      vertex -1.20118 21.9659 4
      vertex -1.07732 21.9239 4
    endloop
  endfacet
  facet normal 0 0 1
    outer loop
      vertex -1.06842 23.9743 4
      vertex -1.32947 21.9914 4
      vertex -1.20118 21.9659 4
    endloop
  endfacet
  facet normal 0 0 1
    outer loop
      vertex -1.46 24 4
      vertex -1.32947 21.9914 4
      vertex -1.06842 23.9743 4
    endloop
  endfacet
  facet normal 0 0 1
    outer loop
      vertex -1.46 24 4
      vertex -1.46 22 4
      vertex -1.32947 21.9914 4
    endloop
  endfacet
  facet normal 0 0 1
    outer loop
      vertex -1.46 24 4
      vertex -1.59053 21.9914 4
      vertex -1.46 22 4
    endloop
  endfacet
  facet normal -0 0 1
    outer loop
      vertex -1.85158 23.9743 4
      vertex -1.59053 21.9914 4
      vertex -1.46 24 4
    endloop
  endfacet
  facet normal 0 0 1
    outer loop
      vertex -1.59053 21.9914 4
      vertex -1.85158 23.9743 4
      vertex -1.71882 21.9659 4
    endloop
  endfacet
  facet normal -0 0 1
    outer loop
      vertex -2.23646 23.8978 4
      vertex -1.71882 21.9659 4
      vertex -1.85158 23.9743 4
    endloop
  endfacet
  facet normal 0 0 1
    outer loop
      vertex -1.71882 21.9659 4
      vertex -2.23646 23.8978 4
      vertex -1.84268 21.9239 4
    endloop
  endfacet
  facet normal -0 0 1
    outer loop
      vertex -2.60805 23.7716 4
      vertex -1.84268 21.9239 4
      vertex -2.23646 23.8978 4
    endloop
  endfacet
  facet normal 0 0 1
    outer loop
      vertex -1.84268 21.9239 4
      vertex -2.60805 23.7716 4
      vertex -1.96 21.866 4
    endloop
  endfacet
  facet normal -0 0 1
    outer loop
      vertex -2.96 23.5981 4
      vertex -1.96 21.866 4
      vertex -2.60805 23.7716 4
    endloop
  endfacet
  facet normal 0 0 1
    outer loop
      vertex -1.96 21.866 4
      vertex -2.96 23.5981 4
      vertex -2.06876 21.7934 4
    endloop
  endfacet
  facet normal -0 0 1
    outer loop
      vertex -3.28628 23.3801 4
      vertex -2.06876 21.7934 4
      vertex -2.96 23.5981 4
    endloop
  endfacet
  facet normal 0 0 1
    outer loop
      vertex -2.06876 21.7934 4
      vertex -3.28628 23.3801 4
      vertex -2.16711 21.7071 4
    endloop
  endfacet
  facet normal -0 0 1
    outer loop
      vertex -3.58132 23.1213 4
      vertex -2.16711 21.7071 4
      vertex -3.28628 23.3801 4
    endloop
  endfacet
  facet normal 0 0 1
    outer loop
      vertex -2.16711 21.7071 4
      vertex -3.58132 23.1213 4
      vertex -2.25335 21.6088 4
    endloop
  endfacet
  facet normal 0 0 1
    outer loop
      vertex -2.25335 21.6088 4
      vertex -3.84006 22.8263 4
      vertex -2.32603 21.5 4
    endloop
  endfacet
  facet normal -0 0 1
    outer loop
      vertex -3.84006 22.8263 4
      vertex -2.25335 21.6088 4
      vertex -3.58132 23.1213 4
    endloop
  endfacet
  facet normal -0 0 1
    outer loop
      vertex -0.666647 20.3912 4
      vertex 0.920059 19.1737 4
      vertex -0.593975 20.5 4
    endloop
  endfacet
  facet normal 0 0 1
    outer loop
      vertex 0.920059 19.1737 4
      vertex -0.666647 20.3912 4
      vertex 0.66132 18.8787 4
    endloop
  endfacet
  facet normal -0 0 1
    outer loop
      vertex -0.752893 20.2929 4
      vertex 0.66132 18.8787 4
      vertex -0.666647 20.3912 4
    endloop
  endfacet
  facet normal 0 0 1
    outer loop
      vertex 0.66132 18.8787 4
      vertex -0.752893 20.2929 4
      vertex 0.366283 18.6199 4
    endloop
  endfacet
  facet normal -0 0 1
    outer loop
      vertex -0.851239 20.2066 4
      vertex 0.366283 18.6199 4
      vertex -0.752893 20.2929 4
    endloop
  endfacet
  facet normal 0 0 1
    outer loop
      vertex 0.366283 18.6199 4
      vertex -0.851239 20.2066 4
      vertex 0.04 18.4019 4
    endloop
  endfacet
  facet normal -0 0 1
    outer loop
      vertex -0.96 20.134 4
      vertex 0.04 18.4019 4
      vertex -0.851239 20.2066 4
    endloop
  endfacet
  facet normal 0 0 1
    outer loop
      vertex 0.04 18.4019 4
      vertex -0.96 20.134 4
      vertex -0.311951 18.2284 4
    endloop
  endfacet
  facet normal -0 0 1
    outer loop
      vertex -1.07732 20.0761 4
      vertex -0.311951 18.2284 4
      vertex -0.96 20.134 4
    endloop
  endfacet
  facet normal 0 0 1
    outer loop
      vertex -0.311951 18.2284 4
      vertex -1.07732 20.0761 4
      vertex -0.683543 18.1022 4
    endloop
  endfacet
  facet normal -0 0 1
    outer loop
      vertex -1.20118 20.0341 4
      vertex -0.683543 18.1022 4
      vertex -1.07732 20.0761 4
    endloop
  endfacet
  facet normal 0 0 1
    outer loop
      vertex -0.683543 18.1022 4
      vertex -1.20118 20.0341 4
      vertex -1.06842 18.0257 4
    endloop
  endfacet
  facet normal -0 0 1
    outer loop
      vertex -1.32947 20.0086 4
      vertex -1.06842 18.0257 4
      vertex -1.20118 20.0341 4
    endloop
  endfacet
  facet normal -0 0 1
    outer loop
      vertex -1.46 20 4
      vertex -1.06842 18.0257 4
      vertex -1.32947 20.0086 4
    endloop
  endfacet
  facet normal 0 0 1
    outer loop
      vertex -1.46 20 4
      vertex -1.46 18 4
      vertex -1.06842 18.0257 4
    endloop
  endfacet
  facet normal 0 0 1
    outer loop
      vertex -1.59053 20.0086 4
      vertex -1.46 18 4
      vertex -1.46 20 4
    endloop
  endfacet
  facet normal 0 0 1
    outer loop
      vertex -1.85158 18.0257 4
      vertex -1.59053 20.0086 4
      vertex -1.71882 20.0341 4
    endloop
  endfacet
  facet normal 0 0 1
    outer loop
      vertex -2.23646 18.1022 4
      vertex -1.71882 20.0341 4
      vertex -1.84268 20.0761 4
    endloop
  endfacet
  facet normal 0 0 1
    outer loop
      vertex -1.59053 20.0086 4
      vertex -1.85158 18.0257 4
      vertex -1.46 18 4
    endloop
  endfacet
  facet normal 0 0 1
    outer loop
      vertex -2.60805 18.2284 4
      vertex -1.84268 20.0761 4
      vertex -1.96 20.134 4
    endloop
  endfacet
  facet normal 0 0 1
    outer loop
      vertex -2.96 18.4019 4
      vertex -1.96 20.134 4
      vertex -2.06876 20.2066 4
    endloop
  endfacet
  facet normal 0 0 1
    outer loop
      vertex -3.28628 18.6199 4
      vertex -2.06876 20.2066 4
      vertex -2.16711 20.2929 4
    endloop
  endfacet
  facet normal 0 0 1
    outer loop
      vertex -1.71882 20.0341 4
      vertex -2.23646 18.1022 4
      vertex -1.85158 18.0257 4
    endloop
  endfacet
  facet normal 0 0 1
    outer loop
      vertex -3.58132 18.8787 4
      vertex -2.16711 20.2929 4
      vertex -2.25335 20.3912 4
    endloop
  endfacet
  facet normal 0 0 1
    outer loop
      vertex -3.84006 19.1737 4
      vertex -2.25335 20.3912 4
      vertex -2.32603 20.5 4
    endloop
  endfacet
  facet normal 0 0 1
    outer loop
      vertex -4.05808 19.5 4
      vertex -2.32603 20.5 4
      vertex -2.38388 20.6173 4
    endloop
  endfacet
  facet normal 0 0 1
    outer loop
      vertex -4.23164 19.852 4
      vertex -2.38388 20.6173 4
      vertex -2.42593 20.7412 4
    endloop
  endfacet
  facet normal 0 0 1
    outer loop
      vertex -4.35778 20.2235 4
      vertex -2.42593 20.7412 4
      vertex -2.45144 20.8695 4
    endloop
  endfacet
  facet normal 0 0 1
    outer loop
      vertex -1.84268 20.0761 4
      vertex -2.60805 18.2284 4
      vertex -2.23646 18.1022 4
    endloop
  endfacet
  facet normal 0 0 1
    outer loop
      vertex -4.43433 20.6084 4
      vertex -2.45144 20.8695 4
      vertex -2.46 21 4
    endloop
  endfacet
  facet normal -0 0 1
    outer loop
      vertex -4.05808 22.5 4
      vertex -2.32603 21.5 4
      vertex -3.84006 22.8263 4
    endloop
  endfacet
  facet normal 0 0 1
    outer loop
      vertex -2.32603 21.5 4
      vertex -4.05808 22.5 4
      vertex -2.38388 21.3827 4
    endloop
  endfacet
  facet normal 0 0 1
    outer loop
      vertex -1.96 20.134 4
      vertex -2.96 18.4019 4
      vertex -2.60805 18.2284 4
    endloop
  endfacet
  facet normal -0 0 1
    outer loop
      vertex -4.23164 22.148 4
      vertex -2.38388 21.3827 4
      vertex -4.05808 22.5 4
    endloop
  endfacet
  facet normal 0 0 1
    outer loop
      vertex -2.06876 20.2066 4
      vertex -3.28628 18.6199 4
      vertex -2.96 18.4019 4
    endloop
  endfacet
  facet normal 0 0 1
    outer loop
      vertex -2.38388 21.3827 4
      vertex -4.23164 22.148 4
      vertex -2.42593 21.2588 4
    endloop
  endfacet
  facet normal 0 0 1
    outer loop
      vertex -2.16711 20.2929 4
      vertex -3.58132 18.8787 4
      vertex -3.28628 18.6199 4
    endloop
  endfacet
  facet normal -0 0 1
    outer loop
      vertex -4.35778 21.7765 4
      vertex -2.42593 21.2588 4
      vertex -4.23164 22.148 4
    endloop
  endfacet
  facet normal 0 0 1
    outer loop
      vertex -2.25335 20.3912 4
      vertex -3.84006 19.1737 4
      vertex -3.58132 18.8787 4
    endloop
  endfacet
  facet normal 0 0 1
    outer loop
      vertex -2.42593 21.2588 4
      vertex -4.35778 21.7765 4
      vertex -2.45144 21.1305 4
    endloop
  endfacet
  facet normal 0 0 1
    outer loop
      vertex -2.32603 20.5 4
      vertex -4.05808 19.5 4
      vertex -3.84006 19.1737 4
    endloop
  endfacet
  facet normal -0 0 1
    outer loop
      vertex -4.43433 21.3916 4
      vertex -2.45144 21.1305 4
      vertex -4.35778 21.7765 4
    endloop
  endfacet
  facet normal 0 0 1
    outer loop
      vertex -2.38388 20.6173 4
      vertex -4.23164 19.852 4
      vertex -4.05808 19.5 4
    endloop
  endfacet
  facet normal 0 0 1
    outer loop
      vertex -2.45144 21.1305 4
      vertex -4.43433 21.3916 4
      vertex -2.46 21 4
    endloop
  endfacet
  facet normal 0 0 1
    outer loop
      vertex -2.42593 20.7412 4
      vertex -4.35778 20.2235 4
      vertex -4.23164 19.852 4
    endloop
  endfacet
  facet normal 0 0 1
    outer loop
      vertex -4.46 21 4
      vertex -2.46 21 4
      vertex -4.43433 21.3916 4
    endloop
  endfacet
  facet normal 0 0 1
    outer loop
      vertex -2.45144 20.8695 4
      vertex -4.43433 20.6084 4
      vertex -4.35778 20.2235 4
    endloop
  endfacet
  facet normal 0 0 1
    outer loop
      vertex -2.46 21 4
      vertex -4.46 21 4
      vertex -4.43433 20.6084 4
    endloop
  endfacet
  facet normal 0.831476 0.55556 0
    outer loop
      vertex 1.13808 22.5 4
      vertex 0.920059 22.8263 3
      vertex 0.920059 22.8263 4
    endloop
  endfacet
  facet normal 0.831476 0.55556 0
    outer loop
      vertex 0.920059 22.8263 3
      vertex 1.13808 22.5 4
      vertex 1.13808 22.5 3
    endloop
  endfacet
  facet normal 0.555543 0.831488 -0
    outer loop
      vertex 0.366283 23.3801 3
      vertex 0.04 23.5981 4
      vertex 0.366283 23.3801 4
    endloop
  endfacet
  facet normal 0.555543 0.831488 0
    outer loop
      vertex 0.04 23.5981 4
      vertex 0.366283 23.3801 3
      vertex 0.04 23.5981 3
    endloop
  endfacet
  facet normal 0.8969 -0.442233 0
    outer loop
      vertex 1.13808 19.5 4
      vertex 1.31164 19.852 2.99
      vertex 1.31164 19.852 4
    endloop
  endfacet
  facet normal 0.8969 -0.442233 0
    outer loop
      vertex 1.31164 19.852 2.99
      vertex 1.13808 19.5 4
      vertex 1.13808 19.5 2.99
    endloop
  endfacet
  facet normal 0.997858 -0.0654112 0
    outer loop
      vertex 1.51433 20.6084 4
      vertex 1.54 21 3
      vertex 1.54 21 4
    endloop
  endfacet
  facet normal 0.997858 -0.0654112 0
    outer loop
      vertex 1.54 21 3
      vertex 1.51433 20.6084 4
      vertex 1.51433 20.6084 3
    endloop
  endfacet
  facet normal 0.32158 0.946882 -0
    outer loop
      vertex -0.311951 23.7716 3
      vertex -0.683543 23.8978 4
      vertex -0.311951 23.7716 4
    endloop
  endfacet
  facet normal 0.32158 0.946882 0
    outer loop
      vertex -0.683543 23.8978 4
      vertex -0.311951 23.7716 3
      vertex -0.683543 23.8978 3
    endloop
  endfacet
  facet normal -0.8969 0.442233 0
    outer loop
      vertex -4.23164 22.148 3
      vertex -4.05808 22.5 4
      vertex -4.05808 22.5 3
    endloop
  endfacet
  facet normal -0.8969 0.442233 0
    outer loop
      vertex -4.05808 22.5 4
      vertex -4.23164 22.148 3
      vertex -4.23164 22.148 4
    endloop
  endfacet
  facet normal -0.659428 0.751768 0
    outer loop
      vertex -3.28628 23.3801 3
      vertex -3.58132 23.1213 4
      vertex -3.28628 23.3801 4
    endloop
  endfacet
  facet normal -0.659428 0.751768 0
    outer loop
      vertex -3.58132 23.1213 4
      vertex -3.28628 23.3801 3
      vertex -3.58132 23.1213 3
    endloop
  endfacet
  facet normal 0.32158 -0.946882 0
    outer loop
      vertex -0.683543 18.1022 3
      vertex -0.311951 18.2284 4
      vertex -0.683543 18.1022 4
    endloop
  endfacet
  facet normal 0.32158 -0.946882 0
    outer loop
      vertex -0.311951 18.2284 4
      vertex -0.683543 18.1022 3
      vertex -0.311951 18.2284 3
    endloop
  endfacet
  facet normal -0.997859 -0.065409 -0
    outer loop
      vertex -4.43536 20.6241 3
      vertex -4.46 21 2.99
      vertex -4.43536 20.6241 2.99
    endloop
  endfacet
  facet normal -0.997859 -0.065409 0
    outer loop
      vertex -4.46 21 2.99
      vertex -4.43536 20.6241 3
      vertex -4.46 21 4
    endloop
  endfacet
  facet normal -0.997855 -0.0654644 -0
    outer loop
      vertex -4.43433 20.6084 4
      vertex -4.43536 20.6241 3
      vertex -4.43433 20.6084 3
    endloop
  endfacet
  facet normal -0.997858 -0.0654112 8.38344e-07
    outer loop
      vertex -4.43536 20.6241 3
      vertex -4.43433 20.6084 4
      vertex -4.46 21 4
    endloop
  endfacet
  facet normal -0.659428 -0.751768 0
    outer loop
      vertex -3.58132 18.8787 3
      vertex -3.28628 18.6199 4
      vertex -3.58132 18.8787 4
    endloop
  endfacet
  facet normal -0.659428 -0.751768 -0
    outer loop
      vertex -3.28628 18.6199 4
      vertex -3.58132 18.8787 3
      vertex -3.28628 18.6199 3
    endloop
  endfacet
  facet normal -0.321582 0.946882 0
    outer loop
      vertex -2.23646 23.8978 3
      vertex -2.60805 23.7716 4
      vertex -2.23646 23.8978 4
    endloop
  endfacet
  facet normal -0.321582 0.946882 0
    outer loop
      vertex -2.60805 23.7716 4
      vertex -2.23646 23.8978 3
      vertex -2.60805 23.7716 3
    endloop
  endfacet
  facet normal -0.831477 -0.555558 0
    outer loop
      vertex -3.84006 19.1737 3
      vertex -4.05808 19.5 4
      vertex -4.05808 19.5 3
    endloop
  endfacet
  facet normal -0.831477 -0.555558 0
    outer loop
      vertex -4.05808 19.5 4
      vertex -3.84006 19.1737 3
      vertex -3.84006 19.1737 4
    endloop
  endfacet
  facet normal -0.555547 0.831485 0
    outer loop
      vertex -2.96 23.5981 3
      vertex -3.28628 23.3801 4
      vertex -2.96 23.5981 4
    endloop
  endfacet
  facet normal -0.555547 0.831485 0
    outer loop
      vertex -3.28628 23.3801 4
      vertex -2.96 23.5981 3
      vertex -3.28628 23.3801 3
    endloop
  endfacet
  facet normal -0.99786 0.0653926 0
    outer loop
      vertex -4.43688 21.3528 2.99
      vertex -4.46 21 2.99
      vertex -4.43688 21.3528 3
    endloop
  endfacet
  facet normal -0.997847 0.0655802 0
    outer loop
      vertex -4.43688 21.3528 3
      vertex -4.43433 21.3916 4
      vertex -4.43433 21.3916 3
    endloop
  endfacet
  facet normal -0.99786 0.0653926 0
    outer loop
      vertex -4.46 21 4
      vertex -4.43688 21.3528 3
      vertex -4.46 21 2.99
    endloop
  endfacet
  facet normal -0.997858 0.0654112 6.58444e-06
    outer loop
      vertex -4.43688 21.3528 3
      vertex -4.46 21 4
      vertex -4.43433 21.3916 4
    endloop
  endfacet
  facet normal 0.194951 0.980813 -0
    outer loop
      vertex -0.683543 23.8978 3
      vertex -1.06842 23.9743 4
      vertex -0.683543 23.8978 4
    endloop
  endfacet
  facet normal 0.194951 0.980813 0
    outer loop
      vertex -1.06842 23.9743 4
      vertex -0.683543 23.8978 3
      vertex -1.06842 23.9743 3
    endloop
  endfacet
  facet normal -0.44216 0.896936 0
    outer loop
      vertex -2.60805 23.7716 3
      vertex -2.96 23.5981 4
      vertex -2.60805 23.7716 4
    endloop
  endfacet
  facet normal -0.44216 0.896936 0
    outer loop
      vertex -2.96 23.5981 4
      vertex -2.60805 23.7716 3
      vertex -2.96 23.5981 3
    endloop
  endfacet
  facet normal 0.0654906 -0.997853 0
    outer loop
      vertex -1.46 18 4
      vertex -1.46 18 3
      vertex -1.06842 18.0257 4
    endloop
  endfacet
  facet normal 0 0 0
    outer loop
      vertex -1.46 18 2.99
      vertex -1.46 18 3
      vertex -1.46 18 4
    endloop
  endfacet
  facet normal 0.0654906 -0.997853 0
    outer loop
      vertex -1.06842 18.0257 4
      vertex -1.46 18 3
      vertex -1.06842 18.0257 3
    endloop
  endfacet
  facet normal 0.659432 -0.751765 0
    outer loop
      vertex 0.366283 18.6199 2.99
      vertex 0.66132 18.8787 4
      vertex 0.366283 18.6199 4
    endloop
  endfacet
  facet normal 0.659432 -0.751765 0
    outer loop
      vertex 0.66132 18.8787 4
      vertex 0.366283 18.6199 2.99
      vertex 0.66132 18.8787 2.99
    endloop
  endfacet
  facet normal -0.946905 -0.321514 0
    outer loop
      vertex -4.23164 19.852 3
      vertex -4.35778 20.2235 4
      vertex -4.35778 20.2235 3
    endloop
  endfacet
  facet normal -0.946905 -0.321514 0
    outer loop
      vertex -4.35778 20.2235 4
      vertex -4.23164 19.852 3
      vertex -4.23164 19.852 4
    endloop
  endfacet
  facet normal 0.946905 -0.321514 0
    outer loop
      vertex 1.31164 19.852 4
      vertex 1.43778 20.2235 2.99
      vertex 1.43778 20.2235 4
    endloop
  endfacet
  facet normal 0.946905 -0.321514 0
    outer loop
      vertex 1.43778 20.2235 2.99
      vertex 1.31164 19.852 4
      vertex 1.31164 19.852 2.99
    endloop
  endfacet
  facet normal 0.442159 0.896936 -0
    outer loop
      vertex 0.04 23.5981 3
      vertex -0.311951 23.7716 4
      vertex 0.04 23.5981 4
    endloop
  endfacet
  facet normal 0.442159 0.896936 0
    outer loop
      vertex -0.311951 23.7716 4
      vertex 0.04 23.5981 3
      vertex -0.311951 23.7716 3
    endloop
  endfacet
  facet normal -0.19495 0.980813 0
    outer loop
      vertex -1.85158 23.9743 3
      vertex -2.23646 23.8978 4
      vertex -1.85158 23.9743 4
    endloop
  endfacet
  facet normal -0.19495 0.980813 0
    outer loop
      vertex -2.23646 23.8978 4
      vertex -1.85158 23.9743 3
      vertex -2.23646 23.8978 3
    endloop
  endfacet
  facet normal 0.751801 0.65939 0
    outer loop
      vertex 0.920059 22.8263 4
      vertex 0.66132 23.1213 3
      vertex 0.66132 23.1213 4
    endloop
  endfacet
  facet normal 0.751801 0.65939 0
    outer loop
      vertex 0.66132 23.1213 3
      vertex 0.920059 22.8263 4
      vertex 0.920059 22.8263 3
    endloop
  endfacet
  facet normal 0.751801 -0.65939 0
    outer loop
      vertex 0.66132 18.8787 4
      vertex 0.920059 19.1737 2.99
      vertex 0.920059 19.1737 4
    endloop
  endfacet
  facet normal 0.751801 -0.65939 0
    outer loop
      vertex 0.920059 19.1737 2.99
      vertex 0.66132 18.8787 4
      vertex 0.66132 18.8787 2.99
    endloop
  endfacet
  facet normal -0.44216 -0.896936 3.67618e-05
    outer loop
      vertex -2.96 18.4019 4
      vertex -2.62213 18.2353 3
      vertex -2.60805 18.2284 4
    endloop
  endfacet
  facet normal -0.442248 -0.896893 0
    outer loop
      vertex -2.96 18.4019 2.99
      vertex -2.62213 18.2353 3
      vertex -2.96 18.4019 4
    endloop
  endfacet
  facet normal -0.442248 -0.896893 -0
    outer loop
      vertex -2.62213 18.2353 3
      vertex -2.96 18.4019 2.99
      vertex -2.62213 18.2353 2.99
    endloop
  endfacet
  facet normal -0.440056 -0.89797 -0
    outer loop
      vertex -2.60805 18.2284 4
      vertex -2.62213 18.2353 3
      vertex -2.60805 18.2284 3
    endloop
  endfacet
  facet normal -0.946905 0.321514 0
    outer loop
      vertex -4.35778 21.7765 3
      vertex -4.23164 22.148 4
      vertex -4.23164 22.148 3
    endloop
  endfacet
  facet normal -0.946905 0.321514 0
    outer loop
      vertex -4.23164 22.148 4
      vertex -4.35778 21.7765 3
      vertex -4.35778 21.7765 4
    endloop
  endfacet
  facet normal 0.194951 -0.980813 0
    outer loop
      vertex -1.06842 18.0257 3
      vertex -0.683543 18.1022 4
      vertex -1.06842 18.0257 4
    endloop
  endfacet
  facet normal 0.194951 -0.980813 0
    outer loop
      vertex -0.683543 18.1022 4
      vertex -1.06842 18.0257 3
      vertex -0.683543 18.1022 3
    endloop
  endfacet
  facet normal 0.442159 -0.896936 0
    outer loop
      vertex -0.311951 18.2284 3
      vertex 0.04 18.4019 4
      vertex -0.311951 18.2284 4
    endloop
  endfacet
  facet normal 0.442306 -0.896864 -6.40527e-05
    outer loop
      vertex 0.032961 18.3985 3
      vertex 0.04 18.4019 4
      vertex -0.311951 18.2284 3
    endloop
  endfacet
  facet normal 0.434942 -0.900458 0
    outer loop
      vertex 0.04 18.4019 2.99
      vertex 0.032961 18.3985 3
      vertex 0.032961 18.3985 2.99
    endloop
  endfacet
  facet normal 0.434942 -0.900458 0
    outer loop
      vertex 0.032961 18.3985 3
      vertex 0.04 18.4019 2.99
      vertex 0.04 18.4019 4
    endloop
  endfacet
  facet normal -0.751799 0.659392 0
    outer loop
      vertex -3.84006 22.8263 3
      vertex -3.58132 23.1213 4
      vertex -3.58132 23.1213 3
    endloop
  endfacet
  facet normal -0.751799 0.659392 0
    outer loop
      vertex -3.58132 23.1213 4
      vertex -3.84006 22.8263 3
      vertex -3.84006 22.8263 4
    endloop
  endfacet
  facet normal 0.659432 0.751765 -0
    outer loop
      vertex 0.66132 23.1213 3
      vertex 0.366283 23.3801 4
      vertex 0.66132 23.1213 4
    endloop
  endfacet
  facet normal 0.659432 0.751765 0
    outer loop
      vertex 0.366283 23.3801 4
      vertex 0.66132 23.1213 3
      vertex 0.366283 23.3801 3
    endloop
  endfacet
  facet normal -0.8969 -0.442233 0
    outer loop
      vertex -4.05808 19.5 3
      vertex -4.23164 19.852 4
      vertex -4.23164 19.852 3
    endloop
  endfacet
  facet normal -0.8969 -0.442233 0
    outer loop
      vertex -4.23164 19.852 4
      vertex -4.05808 19.5 3
      vertex -4.05808 19.5 4
    endloop
  endfacet
  facet normal 0.831476 -0.55556 0
    outer loop
      vertex 0.920059 19.1737 4
      vertex 1.13808 19.5 2.99
      vertex 1.13808 19.5 4
    endloop
  endfacet
  facet normal 0.831476 -0.55556 0
    outer loop
      vertex 1.13808 19.5 2.99
      vertex 0.920059 19.1737 4
      vertex 0.920059 19.1737 2.99
    endloop
  endfacet
  facet normal 0.8969 0.442233 0
    outer loop
      vertex 1.31164 22.148 4
      vertex 1.13808 22.5 3
      vertex 1.13808 22.5 4
    endloop
  endfacet
  facet normal 0.8969 0.442233 0
    outer loop
      vertex 1.13808 22.5 3
      vertex 1.31164 22.148 4
      vertex 1.31164 22.148 3
    endloop
  endfacet
  facet normal -0.0700255 -0.997545 0
    outer loop
      vertex -1.83591 18.0246 3
      vertex -1.85158 18.0257 4
      vertex -1.85158 18.0257 3
    endloop
  endfacet
  facet normal -0.0654906 -0.997853 7.14001e-05
    outer loop
      vertex -1.85158 18.0257 4
      vertex -1.83591 18.0246 3
      vertex -1.46 18 4
    endloop
  endfacet
  facet normal -0.0653015 -0.997866 0
    outer loop
      vertex -1.46 18 2.99
      vertex -1.83591 18.0246 3
      vertex -1.83591 18.0246 2.99
    endloop
  endfacet
  facet normal -0.0653015 -0.997866 0
    outer loop
      vertex -1.83591 18.0246 3
      vertex -1.46 18 2.99
      vertex -1.46 18 4
    endloop
  endfacet
  facet normal 0.0654906 0.997853 -0
    outer loop
      vertex -1.06842 23.9743 3
      vertex -1.46 24 4
      vertex -1.06842 23.9743 4
    endloop
  endfacet
  facet normal 0.0654906 0.997853 0
    outer loop
      vertex -1.46 24 4
      vertex -1.06842 23.9743 3
      vertex -1.46 24 3
    endloop
  endfacet
  facet normal -0.5547 -0.83205 0
    outer loop
      vertex -3.27323 18.6112 3
      vertex -3.28628 18.6199 4
      vertex -3.28628 18.6199 3
    endloop
  endfacet
  facet normal -0.555547 -0.831485 -1.5963e-05
    outer loop
      vertex -3.28628 18.6199 4
      vertex -3.27323 18.6112 3
      vertex -2.96 18.4019 4
    endloop
  endfacet
  facet normal -0.555582 -0.831462 0
    outer loop
      vertex -2.96 18.4019 2.99
      vertex -3.27323 18.6112 3
      vertex -3.27323 18.6112 2.99
    endloop
  endfacet
  facet normal -0.555582 -0.831462 0
    outer loop
      vertex -3.27323 18.6112 3
      vertex -2.96 18.4019 2.99
      vertex -2.96 18.4019 4
    endloop
  endfacet
  facet normal 0.555543 -0.831488 0
    outer loop
      vertex 0.04 18.4019 2.99
      vertex 0.366283 18.6199 4
      vertex 0.04 18.4019 4
    endloop
  endfacet
  facet normal 0.555543 -0.831488 0
    outer loop
      vertex 0.366283 18.6199 4
      vertex 0.04 18.4019 2.99
      vertex 0.366283 18.6199 2.99
    endloop
  endfacet
  facet normal 0.946905 0.321514 0
    outer loop
      vertex 1.43778 21.7765 4
      vertex 1.31164 22.148 3
      vertex 1.31164 22.148 4
    endloop
  endfacet
  facet normal 0.946905 0.321514 0
    outer loop
      vertex 1.31164 22.148 3
      vertex 1.43778 21.7765 4
      vertex 1.43778 21.7765 3
    endloop
  endfacet
  facet normal -0.980791 0.195062 0
    outer loop
      vertex -4.43433 21.3916 3
      vertex -4.35778 21.7765 4
      vertex -4.35778 21.7765 3
    endloop
  endfacet
  facet normal -0.980791 0.195062 0
    outer loop
      vertex -4.35778 21.7765 4
      vertex -4.43433 21.3916 3
      vertex -4.43433 21.3916 4
    endloop
  endfacet
  facet normal -0.0654906 0.997853 0
    outer loop
      vertex -1.46 24 3
      vertex -1.85158 23.9743 4
      vertex -1.46 24 4
    endloop
  endfacet
  facet normal -0.0654906 0.997853 0
    outer loop
      vertex -1.85158 23.9743 4
      vertex -1.46 24 3
      vertex -1.85158 23.9743 3
    endloop
  endfacet
  facet normal -0.321582 -0.946882 0
    outer loop
      vertex -2.60805 18.2284 3
      vertex -2.23646 18.1022 4
      vertex -2.60805 18.2284 4
    endloop
  endfacet
  facet normal -0.321582 -0.946882 -0
    outer loop
      vertex -2.23646 18.1022 4
      vertex -2.60805 18.2284 3
      vertex -2.23646 18.1022 3
    endloop
  endfacet
  facet normal -0.980791 -0.195062 0
    outer loop
      vertex -4.35778 20.2235 3
      vertex -4.43433 20.6084 4
      vertex -4.43433 20.6084 3
    endloop
  endfacet
  facet normal -0.980791 -0.195062 0
    outer loop
      vertex -4.43433 20.6084 4
      vertex -4.35778 20.2235 3
      vertex -4.35778 20.2235 4
    endloop
  endfacet
  facet normal -0.751799 -0.659392 0
    outer loop
      vertex -3.58132 18.8787 3
      vertex -3.84006 19.1737 4
      vertex -3.84006 19.1737 3
    endloop
  endfacet
  facet normal -0.751799 -0.659392 0
    outer loop
      vertex -3.84006 19.1737 4
      vertex -3.58132 18.8787 3
      vertex -3.58132 18.8787 4
    endloop
  endfacet
  facet normal -0.19495 -0.980813 0
    outer loop
      vertex -2.23646 18.1022 3
      vertex -1.85158 18.0257 4
      vertex -2.23646 18.1022 4
    endloop
  endfacet
  facet normal -0.19495 -0.980813 -0
    outer loop
      vertex -1.85158 18.0257 4
      vertex -2.23646 18.1022 3
      vertex -1.85158 18.0257 3
    endloop
  endfacet
  facet normal -0.831477 0.555558 0
    outer loop
      vertex -4.05808 22.5 3
      vertex -3.84006 22.8263 4
      vertex -3.84006 22.8263 3
    endloop
  endfacet
  facet normal -0.831477 0.555558 0
    outer loop
      vertex -3.84006 22.8263 4
      vertex -4.05808 22.5 3
      vertex -4.05808 22.5 4
    endloop
  endfacet
  facet normal 0.980786 0.195087 0
    outer loop
      vertex -0.468555 21.1305 5.5
      vertex -0.494075 21.2588 4
      vertex -0.494075 21.2588 5.5
    endloop
  endfacet
  facet normal 0.980786 0.195087 0
    outer loop
      vertex -0.494075 21.2588 4
      vertex -0.468555 21.1305 5.5
      vertex -0.468555 21.1305 4
    endloop
  endfacet
  facet normal 0.997858 0.0654151 0
    outer loop
      vertex -0.46 21 5.5
      vertex -0.468555 21.1305 4
      vertex -0.468555 21.1305 5.5
    endloop
  endfacet
  facet normal 0.997858 0.0654151 0
    outer loop
      vertex -0.468555 21.1305 4
      vertex -0.46 21 5.5
      vertex -0.46 21 4
    endloop
  endfacet
  facet normal 0.321132 -0.947034 0
    outer loop
      vertex -1.20118 20.0341 4
      vertex -1.07732 20.0761 5.5
      vertex -1.20118 20.0341 5.5
    endloop
  endfacet
  facet normal 0.321132 -0.947034 0
    outer loop
      vertex -1.07732 20.0761 5.5
      vertex -1.20118 20.0341 4
      vertex -1.07732 20.0761 4
    endloop
  endfacet
  facet normal 0.831561 0.555434 0
    outer loop
      vertex -0.593975 21.5 5.5
      vertex -0.666647 21.6088 4
      vertex -0.666647 21.6088 5.5
    endloop
  endfacet
  facet normal 0.831561 0.555434 0
    outer loop
      vertex -0.666647 21.6088 4
      vertex -0.593975 21.5 5.5
      vertex -0.593975 21.5 4
    endloop
  endfacet
  facet normal -0.89686 0.442314 0
    outer loop
      vertex -2.38388 21.3827 4
      vertex -2.32603 21.5 5.5
      vertex -2.32603 21.5 4
    endloop
  endfacet
  facet normal -0.89686 0.442314 0
    outer loop
      vertex -2.32603 21.5 5.5
      vertex -2.38388 21.3827 4
      vertex -2.38388 21.3827 5.5
    endloop
  endfacet
  facet normal -0.555194 0.831721 0
    outer loop
      vertex -1.96 21.866 4
      vertex -2.06876 21.7934 5.5
      vertex -1.96 21.866 5.5
    endloop
  endfacet
  facet normal -0.555194 0.831721 0
    outer loop
      vertex -2.06876 21.7934 5.5
      vertex -1.96 21.866 4
      vertex -2.06876 21.7934 4
    endloop
  endfacet
  facet normal -0.659559 0.751653 0
    outer loop
      vertex -2.06876 21.7934 4
      vertex -2.16711 21.7071 5.5
      vertex -2.06876 21.7934 5.5
    endloop
  endfacet
  facet normal -0.659559 0.751653 0
    outer loop
      vertex -2.16711 21.7071 5.5
      vertex -2.06876 21.7934 4
      vertex -2.16711 21.7071 4
    endloop
  endfacet
  facet normal -0.751714 0.659489 0
    outer loop
      vertex -2.25335 21.6088 4
      vertex -2.16711 21.7071 5.5
      vertex -2.16711 21.7071 4
    endloop
  endfacet
  facet normal -0.751714 0.659489 0
    outer loop
      vertex -2.16711 21.7071 5.5
      vertex -2.25335 21.6088 4
      vertex -2.25335 21.6088 5.5
    endloop
  endfacet
  facet normal 0.946959 -0.321355 0
    outer loop
      vertex -0.536121 20.6173 5.5
      vertex -0.494075 20.7412 4
      vertex -0.494075 20.7412 5.5
    endloop
  endfacet
  facet normal 0.946959 -0.321355 0
    outer loop
      vertex -0.494075 20.7412 4
      vertex -0.536121 20.6173 5.5
      vertex -0.536121 20.6173 4
    endloop
  endfacet
  facet normal -0.997856 0.0654532 0
    outer loop
      vertex -2.46 21 4
      vertex -2.45144 21.1305 5.5
      vertex -2.45144 21.1305 4
    endloop
  endfacet
  facet normal -0.997856 0.0654532 0
    outer loop
      vertex -2.45144 21.1305 5.5
      vertex -2.46 21 4
      vertex -2.46 21 5.5
    endloop
  endfacet
  facet normal 0.555191 0.831723 -0
    outer loop
      vertex -0.851239 21.7934 4
      vertex -0.96 21.866 5.5
      vertex -0.851239 21.7934 5.5
    endloop
  endfacet
  facet normal 0.555191 0.831723 0
    outer loop
      vertex -0.96 21.866 5.5
      vertex -0.851239 21.7934 4
      vertex -0.96 21.866 4
    endloop
  endfacet
  facet normal -0.321132 -0.947034 0
    outer loop
      vertex -1.84268 20.0761 4
      vertex -1.71882 20.0341 5.5
      vertex -1.84268 20.0761 5.5
    endloop
  endfacet
  facet normal -0.321132 -0.947034 -0
    outer loop
      vertex -1.71882 20.0341 5.5
      vertex -1.84268 20.0761 4
      vertex -1.71882 20.0341 4
    endloop
  endfacet
  facet normal 0.194955 -0.980812 0
    outer loop
      vertex -1.32947 20.0086 4
      vertex -1.20118 20.0341 5.5
      vertex -1.32947 20.0086 5.5
    endloop
  endfacet
  facet normal 0.194955 -0.980812 0
    outer loop
      vertex -1.20118 20.0341 5.5
      vertex -1.32947 20.0086 4
      vertex -1.20118 20.0341 4
    endloop
  endfacet
  facet normal -0.321132 0.947034 0
    outer loop
      vertex -1.71882 21.9659 4
      vertex -1.84268 21.9239 5.5
      vertex -1.71882 21.9659 5.5
    endloop
  endfacet
  facet normal -0.321132 0.947034 0
    outer loop
      vertex -1.84268 21.9239 5.5
      vertex -1.71882 21.9659 4
      vertex -1.84268 21.9239 4
    endloop
  endfacet
  facet normal -0.831533 -0.555476 0
    outer loop
      vertex -2.25335 20.3912 4
      vertex -2.32603 20.5 5.5
      vertex -2.32603 20.5 4
    endloop
  endfacet
  facet normal -0.831533 -0.555476 0
    outer loop
      vertex -2.32603 20.5 5.5
      vertex -2.25335 20.3912 4
      vertex -2.25335 20.3912 5.5
    endloop
  endfacet
  facet normal 0.555191 -0.831723 0
    outer loop
      vertex -0.96 20.134 4
      vertex -0.851239 20.2066 5.5
      vertex -0.96 20.134 5.5
    endloop
  endfacet
  facet normal 0.555191 -0.831723 0
    outer loop
      vertex -0.851239 20.2066 5.5
      vertex -0.96 20.134 4
      vertex -0.851239 20.2066 4
    endloop
  endfacet
  facet normal -0.94695 0.321382 0
    outer loop
      vertex -2.42593 21.2588 4
      vertex -2.38388 21.3827 5.5
      vertex -2.38388 21.3827 4
    endloop
  endfacet
  facet normal -0.94695 0.321382 0
    outer loop
      vertex -2.38388 21.3827 5.5
      vertex -2.42593 21.2588 4
      vertex -2.42593 21.2588 5.5
    endloop
  endfacet
  facet normal 0.321132 0.947034 -0
    outer loop
      vertex -1.07732 21.9239 4
      vertex -1.20118 21.9659 5.5
      vertex -1.07732 21.9239 5.5
    endloop
  endfacet
  facet normal 0.321132 0.947034 0
    outer loop
      vertex -1.20118 21.9659 5.5
      vertex -1.07732 21.9239 4
      vertex -1.20118 21.9659 4
    endloop
  endfacet
  facet normal 0.0657427 0.997837 -0
    outer loop
      vertex -1.32947 21.9914 4
      vertex -1.46 22 5.5
      vertex -1.32947 21.9914 5.5
    endloop
  endfacet
  facet normal 0.0657427 0.997837 0
    outer loop
      vertex -1.46 22 5.5
      vertex -1.32947 21.9914 4
      vertex -1.46 22 4
    endloop
  endfacet
  facet normal -0.44256 0.896739 0
    outer loop
      vertex -1.84268 21.9239 4
      vertex -1.96 21.866 5.5
      vertex -1.84268 21.9239 5.5
    endloop
  endfacet
  facet normal -0.44256 0.896739 0
    outer loop
      vertex -1.96 21.866 5.5
      vertex -1.84268 21.9239 4
      vertex -1.96 21.866 4
    endloop
  endfacet
  facet normal 0.831561 -0.555434 0
    outer loop
      vertex -0.666647 20.3912 5.5
      vertex -0.593975 20.5 4
      vertex -0.593975 20.5 5.5
    endloop
  endfacet
  facet normal 0.831561 -0.555434 0
    outer loop
      vertex -0.593975 20.5 4
      vertex -0.666647 20.3912 5.5
      vertex -0.666647 20.3912 4
    endloop
  endfacet
  facet normal -0.997856 -0.0654532 0
    outer loop
      vertex -2.45144 20.8695 4
      vertex -2.46 21 5.5
      vertex -2.46 21 4
    endloop
  endfacet
  facet normal -0.997856 -0.0654532 0
    outer loop
      vertex -2.46 21 5.5
      vertex -2.45144 20.8695 4
      vertex -2.45144 20.8695 5.5
    endloop
  endfacet
  facet normal -0.94695 -0.321382 0
    outer loop
      vertex -2.38388 20.6173 4
      vertex -2.42593 20.7412 5.5
      vertex -2.42593 20.7412 4
    endloop
  endfacet
  facet normal -0.94695 -0.321382 0
    outer loop
      vertex -2.42593 20.7412 5.5
      vertex -2.38388 20.6173 4
      vertex -2.38388 20.6173 5.5
    endloop
  endfacet
  facet normal -0.659559 -0.751653 0
    outer loop
      vertex -2.16711 20.2929 4
      vertex -2.06876 20.2066 5.5
      vertex -2.16711 20.2929 5.5
    endloop
  endfacet
  facet normal -0.659559 -0.751653 -0
    outer loop
      vertex -2.06876 20.2066 5.5
      vertex -2.16711 20.2929 4
      vertex -2.06876 20.2066 4
    endloop
  endfacet
  facet normal 0.44256 0.896739 -0
    outer loop
      vertex -0.96 21.866 4
      vertex -1.07732 21.9239 5.5
      vertex -0.96 21.866 5.5
    endloop
  endfacet
  facet normal 0.44256 0.896739 0
    outer loop
      vertex -1.07732 21.9239 5.5
      vertex -0.96 21.866 4
      vertex -1.07732 21.9239 4
    endloop
  endfacet
  facet normal -0.194955 0.980812 0
    outer loop
      vertex -1.59053 21.9914 4
      vertex -1.71882 21.9659 5.5
      vertex -1.59053 21.9914 5.5
    endloop
  endfacet
  facet normal -0.194955 0.980812 0
    outer loop
      vertex -1.71882 21.9659 5.5
      vertex -1.59053 21.9914 4
      vertex -1.71882 21.9659 4
    endloop
  endfacet
  facet normal 0.751691 0.659515 0
    outer loop
      vertex -0.666647 21.6088 5.5
      vertex -0.752893 21.7071 4
      vertex -0.752893 21.7071 5.5
    endloop
  endfacet
  facet normal 0.751691 0.659515 0
    outer loop
      vertex -0.752893 21.7071 4
      vertex -0.666647 21.6088 5.5
      vertex -0.666647 21.6088 4
    endloop
  endfacet
  facet normal 0.194955 0.980812 -0
    outer loop
      vertex -1.20118 21.9659 4
      vertex -1.32947 21.9914 5.5
      vertex -1.20118 21.9659 5.5
    endloop
  endfacet
  facet normal 0.194955 0.980812 0
    outer loop
      vertex -1.32947 21.9914 5.5
      vertex -1.20118 21.9659 4
      vertex -1.32947 21.9914 4
    endloop
  endfacet
  facet normal 0.751691 -0.659515 0
    outer loop
      vertex -0.752893 20.2929 5.5
      vertex -0.666647 20.3912 4
      vertex -0.666647 20.3912 5.5
    endloop
  endfacet
  facet normal 0.751691 -0.659515 0
    outer loop
      vertex -0.666647 20.3912 4
      vertex -0.752893 20.2929 5.5
      vertex -0.752893 20.2929 4
    endloop
  endfacet
  facet normal -0.44256 -0.896739 0
    outer loop
      vertex -1.96 20.134 4
      vertex -1.84268 20.0761 5.5
      vertex -1.96 20.134 5.5
    endloop
  endfacet
  facet normal -0.44256 -0.896739 -0
    outer loop
      vertex -1.84268 20.0761 5.5
      vertex -1.96 20.134 4
      vertex -1.84268 20.0761 4
    endloop
  endfacet
  facet normal -0.0657427 0.997837 0
    outer loop
      vertex -1.46 22 4
      vertex -1.59053 21.9914 5.5
      vertex -1.46 22 5.5
    endloop
  endfacet
  facet normal -0.0657427 0.997837 0
    outer loop
      vertex -1.59053 21.9914 5.5
      vertex -1.46 22 4
      vertex -1.59053 21.9914 4
    endloop
  endfacet
  facet normal -0.980801 0.195013 0
    outer loop
      vertex -2.45144 21.1305 4
      vertex -2.42593 21.2588 5.5
      vertex -2.42593 21.2588 4
    endloop
  endfacet
  facet normal -0.980801 0.195013 0
    outer loop
      vertex -2.42593 21.2588 5.5
      vertex -2.45144 21.1305 4
      vertex -2.45144 21.1305 5.5
    endloop
  endfacet
  facet normal 0.0657427 -0.997837 0
    outer loop
      vertex -1.46 20 4
      vertex -1.32947 20.0086 5.5
      vertex -1.46 20 5.5
    endloop
  endfacet
  facet normal 0.0657427 -0.997837 0
    outer loop
      vertex -1.32947 20.0086 5.5
      vertex -1.46 20 4
      vertex -1.32947 20.0086 4
    endloop
  endfacet
  facet normal 0.44256 -0.896739 0
    outer loop
      vertex -1.07732 20.0761 4
      vertex -0.96 20.134 5.5
      vertex -1.07732 20.0761 5.5
    endloop
  endfacet
  facet normal 0.44256 -0.896739 0
    outer loop
      vertex -0.96 20.134 5.5
      vertex -1.07732 20.0761 4
      vertex -0.96 20.134 4
    endloop
  endfacet
  facet normal 0.659574 -0.751639 0
    outer loop
      vertex -0.851239 20.2066 4
      vertex -0.752893 20.2929 5.5
      vertex -0.851239 20.2066 5.5
    endloop
  endfacet
  facet normal 0.659574 -0.751639 0
    outer loop
      vertex -0.752893 20.2929 5.5
      vertex -0.851239 20.2066 4
      vertex -0.752893 20.2929 4
    endloop
  endfacet
  facet normal -0.89686 -0.442314 0
    outer loop
      vertex -2.32603 20.5 4
      vertex -2.38388 20.6173 5.5
      vertex -2.38388 20.6173 4
    endloop
  endfacet
  facet normal -0.89686 -0.442314 0
    outer loop
      vertex -2.38388 20.6173 5.5
      vertex -2.32603 20.5 4
      vertex -2.32603 20.5 5.5
    endloop
  endfacet
  facet normal 0.896848 -0.442338 0
    outer loop
      vertex -0.593975 20.5 5.5
      vertex -0.536121 20.6173 4
      vertex -0.536121 20.6173 5.5
    endloop
  endfacet
  facet normal 0.896848 -0.442338 0
    outer loop
      vertex -0.536121 20.6173 4
      vertex -0.593975 20.5 5.5
      vertex -0.593975 20.5 4
    endloop
  endfacet
  facet normal 0.659574 0.751639 -0
    outer loop
      vertex -0.752893 21.7071 4
      vertex -0.851239 21.7934 5.5
      vertex -0.752893 21.7071 5.5
    endloop
  endfacet
  facet normal 0.659574 0.751639 0
    outer loop
      vertex -0.851239 21.7934 5.5
      vertex -0.752893 21.7071 4
      vertex -0.851239 21.7934 4
    endloop
  endfacet
  facet normal 0.997858 -0.0654151 0
    outer loop
      vertex -0.468555 20.8695 5.5
      vertex -0.46 21 4
      vertex -0.46 21 5.5
    endloop
  endfacet
  facet normal 0.997858 -0.0654151 0
    outer loop
      vertex -0.46 21 4
      vertex -0.468555 20.8695 5.5
      vertex -0.468555 20.8695 4
    endloop
  endfacet
  facet normal -0.555194 -0.831721 0
    outer loop
      vertex -2.06876 20.2066 4
      vertex -1.96 20.134 5.5
      vertex -2.06876 20.2066 5.5
    endloop
  endfacet
  facet normal -0.555194 -0.831721 -0
    outer loop
      vertex -1.96 20.134 5.5
      vertex -2.06876 20.2066 4
      vertex -1.96 20.134 4
    endloop
  endfacet
  facet normal 0.896848 0.442338 0
    outer loop
      vertex -0.536121 21.3827 5.5
      vertex -0.593975 21.5 4
      vertex -0.593975 21.5 5.5
    endloop
  endfacet
  facet normal 0.896848 0.442338 0
    outer loop
      vertex -0.593975 21.5 4
      vertex -0.536121 21.3827 5.5
      vertex -0.536121 21.3827 4
    endloop
  endfacet
  facet normal 0.980786 -0.195087 0
    outer loop
      vertex -0.494075 20.7412 5.5
      vertex -0.468555 20.8695 4
      vertex -0.468555 20.8695 5.5
    endloop
  endfacet
  facet normal 0.980786 -0.195087 0
    outer loop
      vertex -0.468555 20.8695 4
      vertex -0.494075 20.7412 5.5
      vertex -0.494075 20.7412 4
    endloop
  endfacet
  facet normal 0.946959 0.321355 0
    outer loop
      vertex -0.494075 21.2588 5.5
      vertex -0.536121 21.3827 4
      vertex -0.536121 21.3827 5.5
    endloop
  endfacet
  facet normal 0.946959 0.321355 0
    outer loop
      vertex -0.536121 21.3827 4
      vertex -0.494075 21.2588 5.5
      vertex -0.494075 21.2588 4
    endloop
  endfacet
  facet normal -0.980801 -0.195013 0
    outer loop
      vertex -2.42593 20.7412 4
      vertex -2.45144 20.8695 5.5
      vertex -2.45144 20.8695 4
    endloop
  endfacet
  facet normal -0.980801 -0.195013 0
    outer loop
      vertex -2.45144 20.8695 5.5
      vertex -2.42593 20.7412 4
      vertex -2.42593 20.7412 5.5
    endloop
  endfacet
  facet normal -0.751714 -0.659489 0
    outer loop
      vertex -2.16711 20.2929 4
      vertex -2.25335 20.3912 5.5
      vertex -2.25335 20.3912 4
    endloop
  endfacet
  facet normal -0.751714 -0.659489 0
    outer loop
      vertex -2.25335 20.3912 5.5
      vertex -2.16711 20.2929 4
      vertex -2.16711 20.2929 5.5
    endloop
  endfacet
  facet normal 0 0 1
    outer loop
      vertex -0.468555 21.1305 5.5
      vertex -0.468555 20.8695 5.5
      vertex -0.46 21 5.5
    endloop
  endfacet
  facet normal 0 0 1
    outer loop
      vertex -0.494075 21.2588 5.5
      vertex -0.468555 20.8695 5.5
      vertex -0.468555 21.1305 5.5
    endloop
  endfacet
  facet normal 0 0 1
    outer loop
      vertex -0.494075 21.2588 5.5
      vertex -0.494075 20.7412 5.5
      vertex -0.468555 20.8695 5.5
    endloop
  endfacet
  facet normal 0 0 1
    outer loop
      vertex -0.536121 21.3827 5.5
      vertex -0.494075 20.7412 5.5
      vertex -0.494075 21.2588 5.5
    endloop
  endfacet
  facet normal 0 0 1
    outer loop
      vertex -0.536121 21.3827 5.5
      vertex -0.536121 20.6173 5.5
      vertex -0.494075 20.7412 5.5
    endloop
  endfacet
  facet normal 0 0 1
    outer loop
      vertex -0.593975 21.5 5.5
      vertex -0.536121 20.6173 5.5
      vertex -0.536121 21.3827 5.5
    endloop
  endfacet
  facet normal 0 0 1
    outer loop
      vertex -0.593975 21.5 5.5
      vertex -0.593975 20.5 5.5
      vertex -0.536121 20.6173 5.5
    endloop
  endfacet
  facet normal 0 0 1
    outer loop
      vertex -0.666647 21.6088 5.5
      vertex -0.593975 20.5 5.5
      vertex -0.593975 21.5 5.5
    endloop
  endfacet
  facet normal 0 0 1
    outer loop
      vertex -0.666647 21.6088 5.5
      vertex -0.666647 20.3912 5.5
      vertex -0.593975 20.5 5.5
    endloop
  endfacet
  facet normal 0 0 1
    outer loop
      vertex -0.752893 21.7071 5.5
      vertex -0.666647 20.3912 5.5
      vertex -0.666647 21.6088 5.5
    endloop
  endfacet
  facet normal 0 0 1
    outer loop
      vertex -0.752893 21.7071 5.5
      vertex -0.752893 20.2929 5.5
      vertex -0.666647 20.3912 5.5
    endloop
  endfacet
  facet normal 0 0 1
    outer loop
      vertex -0.851239 21.7934 5.5
      vertex -0.752893 20.2929 5.5
      vertex -0.752893 21.7071 5.5
    endloop
  endfacet
  facet normal 0 0 1
    outer loop
      vertex -0.851239 21.7934 5.5
      vertex -0.851239 20.2066 5.5
      vertex -0.752893 20.2929 5.5
    endloop
  endfacet
  facet normal 0 0 1
    outer loop
      vertex -0.96 21.866 5.5
      vertex -0.851239 20.2066 5.5
      vertex -0.851239 21.7934 5.5
    endloop
  endfacet
  facet normal 0 0 1
    outer loop
      vertex -0.96 21.866 5.5
      vertex -0.96 20.134 5.5
      vertex -0.851239 20.2066 5.5
    endloop
  endfacet
  facet normal 0 0 1
    outer loop
      vertex -1.07732 21.9239 5.5
      vertex -0.96 20.134 5.5
      vertex -0.96 21.866 5.5
    endloop
  endfacet
  facet normal 0 0 1
    outer loop
      vertex -1.07732 21.9239 5.5
      vertex -1.07732 20.0761 5.5
      vertex -0.96 20.134 5.5
    endloop
  endfacet
  facet normal 0 0 1
    outer loop
      vertex -1.20118 21.9659 5.5
      vertex -1.07732 20.0761 5.5
      vertex -1.07732 21.9239 5.5
    endloop
  endfacet
  facet normal 0 0 1
    outer loop
      vertex -1.20118 21.9659 5.5
      vertex -1.20118 20.0341 5.5
      vertex -1.07732 20.0761 5.5
    endloop
  endfacet
  facet normal 0 0 1
    outer loop
      vertex -1.32947 21.9914 5.5
      vertex -1.20118 20.0341 5.5
      vertex -1.20118 21.9659 5.5
    endloop
  endfacet
  facet normal 0 0 1
    outer loop
      vertex -1.32947 21.9914 5.5
      vertex -1.32947 20.0086 5.5
      vertex -1.20118 20.0341 5.5
    endloop
  endfacet
  facet normal 0 0 1
    outer loop
      vertex -1.46 22 5.5
      vertex -1.32947 20.0086 5.5
      vertex -1.32947 21.9914 5.5
    endloop
  endfacet
  facet normal 0 0 1
    outer loop
      vertex -1.46 22 5.5
      vertex -1.46 20 5.5
      vertex -1.32947 20.0086 5.5
    endloop
  endfacet
  facet normal -0 0 1
    outer loop
      vertex -1.59053 21.9914 5.5
      vertex -1.46 20 5.5
      vertex -1.46 22 5.5
    endloop
  endfacet
  facet normal 0 0 1
    outer loop
      vertex -1.59053 21.9914 5.5
      vertex -1.59053 20.0086 5.5
      vertex -1.46 20 5.5
    endloop
  endfacet
  facet normal -0 0 1
    outer loop
      vertex -1.71882 21.9659 5.5
      vertex -1.59053 20.0086 5.5
      vertex -1.59053 21.9914 5.5
    endloop
  endfacet
  facet normal 0 0 1
    outer loop
      vertex -1.71882 21.9659 5.5
      vertex -1.71882 20.0341 5.5
      vertex -1.59053 20.0086 5.5
    endloop
  endfacet
  facet normal -0 0 1
    outer loop
      vertex -1.84268 21.9239 5.5
      vertex -1.71882 20.0341 5.5
      vertex -1.71882 21.9659 5.5
    endloop
  endfacet
  facet normal 0 0 1
    outer loop
      vertex -1.84268 21.9239 5.5
      vertex -1.84268 20.0761 5.5
      vertex -1.71882 20.0341 5.5
    endloop
  endfacet
  facet normal -0 0 1
    outer loop
      vertex -1.96 21.866 5.5
      vertex -1.84268 20.0761 5.5
      vertex -1.84268 21.9239 5.5
    endloop
  endfacet
  facet normal 0 0 1
    outer loop
      vertex -1.96 21.866 5.5
      vertex -1.96 20.134 5.5
      vertex -1.84268 20.0761 5.5
    endloop
  endfacet
  facet normal -0 0 1
    outer loop
      vertex -2.06876 21.7934 5.5
      vertex -1.96 20.134 5.5
      vertex -1.96 21.866 5.5
    endloop
  endfacet
  facet normal 0 0 1
    outer loop
      vertex -2.06876 21.7934 5.5
      vertex -2.06876 20.2066 5.5
      vertex -1.96 20.134 5.5
    endloop
  endfacet
  facet normal -0 0 1
    outer loop
      vertex -2.16711 21.7071 5.5
      vertex -2.06876 20.2066 5.5
      vertex -2.06876 21.7934 5.5
    endloop
  endfacet
  facet normal 0 0 1
    outer loop
      vertex -2.16711 21.7071 5.5
      vertex -2.16711 20.2929 5.5
      vertex -2.06876 20.2066 5.5
    endloop
  endfacet
  facet normal -0 0 1
    outer loop
      vertex -2.25335 21.6088 5.5
      vertex -2.16711 20.2929 5.5
      vertex -2.16711 21.7071 5.5
    endloop
  endfacet
  facet normal 0 0 1
    outer loop
      vertex -2.25335 21.6088 5.5
      vertex -2.25335 20.3912 5.5
      vertex -2.16711 20.2929 5.5
    endloop
  endfacet
  facet normal -0 0 1
    outer loop
      vertex -2.32603 21.5 5.5
      vertex -2.25335 20.3912 5.5
      vertex -2.25335 21.6088 5.5
    endloop
  endfacet
  facet normal 0 0 1
    outer loop
      vertex -2.32603 21.5 5.5
      vertex -2.32603 20.5 5.5
      vertex -2.25335 20.3912 5.5
    endloop
  endfacet
  facet normal -0 0 1
    outer loop
      vertex -2.38388 21.3827 5.5
      vertex -2.32603 20.5 5.5
      vertex -2.32603 21.5 5.5
    endloop
  endfacet
  facet normal 0 0 1
    outer loop
      vertex -2.38388 21.3827 5.5
      vertex -2.38388 20.6173 5.5
      vertex -2.32603 20.5 5.5
    endloop
  endfacet
  facet normal -0 0 1
    outer loop
      vertex -2.42593 21.2588 5.5
      vertex -2.38388 20.6173 5.5
      vertex -2.38388 21.3827 5.5
    endloop
  endfacet
  facet normal 0 0 1
    outer loop
      vertex -2.42593 21.2588 5.5
      vertex -2.42593 20.7412 5.5
      vertex -2.38388 20.6173 5.5
    endloop
  endfacet
  facet normal -0 0 1
    outer loop
      vertex -2.45144 21.1305 5.5
      vertex -2.42593 20.7412 5.5
      vertex -2.42593 21.2588 5.5
    endloop
  endfacet
  facet normal 0 0 1
    outer loop
      vertex -2.45144 21.1305 5.5
      vertex -2.45144 20.8695 5.5
      vertex -2.42593 20.7412 5.5
    endloop
  endfacet
  facet normal 0 -0 1
    outer loop
      vertex -2.45144 20.8695 5.5
      vertex -2.45144 21.1305 5.5
      vertex -2.46 21 5.5
    endloop
  endfacet
  facet normal -0.194955 -0.980812 0
    outer loop
      vertex -1.71882 20.0341 4
      vertex -1.59053 20.0086 5.5
      vertex -1.71882 20.0341 5.5
    endloop
  endfacet
  facet normal -0.194955 -0.980812 -0
    outer loop
      vertex -1.59053 20.0086 5.5
      vertex -1.71882 20.0341 4
      vertex -1.59053 20.0086 4
    endloop
  endfacet
  facet normal -0.831533 0.555476 0
    outer loop
      vertex -2.32603 21.5 4
      vertex -2.25335 21.6088 5.5
      vertex -2.25335 21.6088 4
    endloop
  endfacet
  facet normal -0.831533 0.555476 0
    outer loop
      vertex -2.25335 21.6088 5.5
      vertex -2.32603 21.5 4
      vertex -2.32603 21.5 5.5
    endloop
  endfacet
  facet normal -0.0657427 -0.997837 0
    outer loop
      vertex -1.59053 20.0086 4
      vertex -1.46 20 5.5
      vertex -1.59053 20.0086 5.5
    endloop
  endfacet
  facet normal -0.0657427 -0.997837 -0
    outer loop
      vertex -1.46 20 5.5
      vertex -1.59053 20.0086 4
      vertex -1.46 20 4
    endloop
  endfacet
  facet normal 0.831476 -0.55556 0
    outer loop
      vertex 0.920059 19.1737 2.99
      vertex 1.13808 19.5 0
      vertex 1.13808 19.5 2.99
    endloop
  endfacet
  facet normal 0.831476 -0.55556 0
    outer loop
      vertex 1.13808 19.5 0
      vertex 0.920059 19.1737 2.99
      vertex 0.920059 19.1737 0
    endloop
  endfacet
  facet normal -0.5547 -0.83205 0
    outer loop
      vertex -3.28628 18.6199 3
      vertex -3.27323 18.6112 2.99
      vertex -3.27323 18.6112 3
    endloop
  endfacet
  facet normal -0.5547 -0.83205 0
    outer loop
      vertex -3.28628 18.6199 0
      vertex -3.27323 18.6112 2.99
      vertex -3.28628 18.6199 3
    endloop
  endfacet
  facet normal -0.555582 -0.831462 5.56108e-06
    outer loop
      vertex -3.28628 18.6199 0
      vertex -2.96 18.4019 2.99
      vertex -3.27323 18.6112 2.99
    endloop
  endfacet
  facet normal -0.555547 -0.831485 -0
    outer loop
      vertex -2.96 18.4019 2.99
      vertex -3.28628 18.6199 0
      vertex -2.96 18.4019 0
    endloop
  endfacet
  facet normal 0.946926 0.321452 0
    outer loop
      vertex 3.38074 30.9059 3
      vertex 3.23358 31.3394 0
      vertex 3.23358 31.3394 3
    endloop
  endfacet
  facet normal 0.946926 0.321452 0
    outer loop
      vertex 3.23358 31.3394 0
      vertex 3.38074 30.9059 3
      vertex 3.38074 30.9059 0
    endloop
  endfacet
  facet normal 0.442308 -0.896863 0
    outer loop
      vertex -0.311949 18.2284 3
      vertex 0.032961 18.3985 2.99
      vertex 0.032961 18.3985 3
    endloop
  endfacet
  facet normal 0.442308 -0.896863 0
    outer loop
      vertex -0.311949 18.2284 0
      vertex 0.032961 18.3985 2.99
      vertex -0.311949 18.2284 3
    endloop
  endfacet
  facet normal 0.442162 -0.896935 2.10014e-05
    outer loop
      vertex 0.04 18.4019 0
      vertex 0.032961 18.3985 2.99
      vertex -0.311949 18.2284 0
    endloop
  endfacet
  facet normal 0.434942 -0.900458 0
    outer loop
      vertex 0.032961 18.3985 2.99
      vertex 0.04 18.4019 0
      vertex 0.04 18.4019 2.99
    endloop
  endfacet
  facet normal 0.946905 -0.321514 0
    outer loop
      vertex 1.31164 19.852 2.99
      vertex 1.43778 20.2235 0
      vertex 1.43778 20.2235 2.99
    endloop
  endfacet
  facet normal 0.946905 -0.321514 0
    outer loop
      vertex 1.43778 20.2235 0
      vertex 1.31164 19.852 2.99
      vertex 1.31164 19.852 0
    endloop
  endfacet
  facet normal -0.659428 -0.751768 0
    outer loop
      vertex -3.58132 18.8787 0
      vertex -3.28628 18.6199 3
      vertex -3.58132 18.8787 3
    endloop
  endfacet
  facet normal -0.659428 -0.751768 -0
    outer loop
      vertex -3.28628 18.6199 3
      vertex -3.58132 18.8787 0
      vertex -3.28628 18.6199 0
    endloop
  endfacet
  facet normal -0.8969 -0.442233 0
    outer loop
      vertex -4.05808 19.5 0
      vertex -4.23164 19.852 3
      vertex -4.23164 19.852 0
    endloop
  endfacet
  facet normal -0.8969 -0.442233 0
    outer loop
      vertex -4.23164 19.852 3
      vertex -4.05808 19.5 0
      vertex -4.05808 19.5 3
    endloop
  endfacet
  facet normal 0.0654906 -0.997853 0
    outer loop
      vertex -1.46 18 0
      vertex -1.06842 18.0257 3
      vertex -1.46 18 3
    endloop
  endfacet
  facet normal 0.0654906 -0.997853 0
    outer loop
      vertex -1.06842 18.0257 3
      vertex -1.46 18 0
      vertex -1.06842 18.0257 0
    endloop
  endfacet
  facet normal 0.997859 0.0654026 0
    outer loop
      vertex 3.5 30 3
      vertex 3.47006 30.4568 0
      vertex 3.47006 30.4568 3
    endloop
  endfacet
  facet normal 0.997859 0.0654026 0
    outer loop
      vertex 3.47006 30.4568 0
      vertex 3.5 30 3
      vertex 3.5 30 0
    endloop
  endfacet
  facet normal -0.98079 0.195066 0
    outer loop
      vertex -3.47006 30.4568 0
      vertex -3.38074 30.9059 3
      vertex -3.38074 30.9059 0
    endloop
  endfacet
  facet normal -0.98079 0.195066 0
    outer loop
      vertex -3.38074 30.9059 3
      vertex -3.47006 30.4568 0
      vertex -3.47006 30.4568 3
    endloop
  endfacet
  facet normal -0.321582 -0.946882 0
    outer loop
      vertex -2.60805 18.2284 0
      vertex -2.23646 18.1022 3
      vertex -2.60805 18.2284 3
    endloop
  endfacet
  facet normal -0.321582 -0.946882 -0
    outer loop
      vertex -2.23646 18.1022 3
      vertex -2.60805 18.2284 0
      vertex -2.23646 18.1022 0
    endloop
  endfacet
  facet normal -0.997847 0.0655802 0
    outer loop
      vertex -4.43433 21.3916 0
      vertex -4.43688 21.3528 2.99
      vertex -4.43433 21.3916 3
    endloop
  endfacet
  facet normal -0.997858 0.0654112 -2.20215e-06
    outer loop
      vertex -4.46 21 0
      vertex -4.43688 21.3528 2.99
      vertex -4.43433 21.3916 0
    endloop
  endfacet
  facet normal -0.99786 0.0653926 0
    outer loop
      vertex -4.43688 21.3528 2.99
      vertex -4.46 21 0
      vertex -4.46 21 2.99
    endloop
  endfacet
  facet normal -0.997847 0.0655802 0
    outer loop
      vertex -4.43433 21.3916 3
      vertex -4.43688 21.3528 2.99
      vertex -4.43688 21.3528 3
    endloop
  endfacet
  facet normal -0.99439 0.105774 0
    outer loop
      vertex -4.43433 21.3916 0
      vertex -3.47006 30.4568 3
      vertex -3.47006 30.4568 0
    endloop
  endfacet
  facet normal -0.99439 0.105774 0
    outer loop
      vertex -3.47006 30.4568 3
      vertex -4.43433 21.3916 0
      vertex -4.43433 21.3916 3
    endloop
  endfacet
  facet normal -0.980791 -0.195062 0
    outer loop
      vertex -4.35778 20.2235 0
      vertex -4.43433 20.6084 3
      vertex -4.43433 20.6084 0
    endloop
  endfacet
  facet normal -0.980791 -0.195062 0
    outer loop
      vertex -4.43433 20.6084 3
      vertex -4.35778 20.2235 0
      vertex -4.35778 20.2235 3
    endloop
  endfacet
  facet normal 0.659267 0.751909 -0
    outer loop
      vertex 2.47487 32.4749 0
      vertex 2.13066 32.7767 3
      vertex 2.47487 32.4749 3
    endloop
  endfacet
  facet normal 0.659267 0.751909 0
    outer loop
      vertex 2.13066 32.7767 3
      vertex 2.47487 32.4749 0
      vertex 2.13066 32.7767 0
    endloop
  endfacet
  facet normal -0.0700255 -0.997545 0
    outer loop
      vertex -1.85158 18.0257 3
      vertex -1.83591 18.0246 2.99
      vertex -1.83591 18.0246 3
    endloop
  endfacet
  facet normal -0.0653015 -0.997866 -2.48754e-05
    outer loop
      vertex -1.83591 18.0246 2.99
      vertex -1.85158 18.0257 0
      vertex -1.46 18 2.99
    endloop
  endfacet
  facet normal -0.0700255 -0.997545 0
    outer loop
      vertex -1.85158 18.0257 0
      vertex -1.83591 18.0246 2.99
      vertex -1.85158 18.0257 3
    endloop
  endfacet
  facet normal 0 -0 0
    outer loop
      vertex -1.46 18 2.99
      vertex -1.46 18 0
      vertex -1.46 18 3
    endloop
  endfacet
  facet normal -0.0654906 -0.997853 0
    outer loop
      vertex -1.46 18 0
      vertex -1.46 18 2.99
      vertex -1.85158 18.0257 0
    endloop
  endfacet
  facet normal 0.98079 -0.195066 0
    outer loop
      vertex 3.38074 29.0941 3
      vertex 3.47006 29.5432 0
      vertex 3.47006 29.5432 3
    endloop
  endfacet
  facet normal 0.98079 -0.195066 0
    outer loop
      vertex 3.47006 29.5432 0
      vertex 3.38074 29.0941 3
      vertex 3.38074 29.0941 0
    endloop
  endfacet
  facet normal 0.659432 -0.751765 0
    outer loop
      vertex 0.366283 18.6199 0
      vertex 0.66132 18.8787 2.99
      vertex 0.366283 18.6199 2.99
    endloop
  endfacet
  facet normal 0.659432 -0.751765 0
    outer loop
      vertex 0.66132 18.8787 2.99
      vertex 0.366283 18.6199 0
      vertex 0.66132 18.8787 0
    endloop
  endfacet
  facet normal -0.896869 0.442297 0
    outer loop
      vertex -3.23358 31.3394 0
      vertex -3.03109 31.75 3
      vertex -3.03109 31.75 0
    endloop
  endfacet
  facet normal -0.896869 0.442297 0
    outer loop
      vertex -3.03109 31.75 3
      vertex -3.23358 31.3394 0
      vertex -3.23358 31.3394 3
    endloop
  endfacet
  facet normal 0.976842 -0.213961 0
    outer loop
      vertex 1.43778 20.2235 2.99
      vertex 3.38074 29.0941 3
      vertex 1.43778 20.2235 3
    endloop
  endfacet
  facet normal 0.976842 -0.213961 0
    outer loop
      vertex 3.38074 29.0941 3
      vertex 1.43778 20.2235 2.99
      vertex 3.38074 29.0941 0
    endloop
  endfacet
  facet normal 0.976842 -0.213961 0
    outer loop
      vertex 1.43778 20.2235 2.99
      vertex 1.43778 20.2235 0
      vertex 3.38074 29.0941 0
    endloop
  endfacet
  facet normal -0.19495 -0.980813 0
    outer loop
      vertex -2.23646 18.1022 0
      vertex -1.85158 18.0257 3
      vertex -2.23646 18.1022 3
    endloop
  endfacet
  facet normal -0.19495 -0.980813 -0
    outer loop
      vertex -1.85158 18.0257 3
      vertex -2.23646 18.1022 0
      vertex -1.85158 18.0257 0
    endloop
  endfacet
  facet normal 0.555543 -0.831488 0
    outer loop
      vertex 0.04 18.4019 0
      vertex 0.366283 18.6199 2.99
      vertex 0.04 18.4019 2.99
    endloop
  endfacet
  facet normal 0.555543 -0.831488 0
    outer loop
      vertex 0.366283 18.6199 2.99
      vertex 0.04 18.4019 0
      vertex 0.366283 18.6199 0
    endloop
  endfacet
  facet normal 0.997859 -0.0654026 0
    outer loop
      vertex 3.47006 29.5432 3
      vertex 3.5 30 0
      vertex 3.5 30 3
    endloop
  endfacet
  facet normal 0.997859 -0.0654026 0
    outer loop
      vertex 3.5 30 0
      vertex 3.47006 29.5432 3
      vertex 3.47006 29.5432 0
    endloop
  endfacet
  facet normal 0.98079 0.195066 0
    outer loop
      vertex 3.47006 30.4568 3
      vertex 3.38074 30.9059 0
      vertex 3.38074 30.9059 3
    endloop
  endfacet
  facet normal 0.98079 0.195066 0
    outer loop
      vertex 3.38074 30.9059 0
      vertex 3.47006 30.4568 3
      vertex 3.47006 30.4568 0
    endloop
  endfacet
  facet normal -0.442248 -0.896893 -0
    outer loop
      vertex -2.96 18.4019 2.99
      vertex -2.96 18.4019 0
      vertex -2.62213 18.2353 2.99
    endloop
  endfacet
  facet normal -0.440056 -0.89797 0
    outer loop
      vertex -2.62213 18.2353 2.99
      vertex -2.60805 18.2284 3
      vertex -2.62213 18.2353 3
    endloop
  endfacet
  facet normal -0.44216 -0.896936 -1.22949e-05
    outer loop
      vertex -2.60805 18.2284 0
      vertex -2.62213 18.2353 2.99
      vertex -2.96 18.4019 0
    endloop
  endfacet
  facet normal -0.440056 -0.89797 0
    outer loop
      vertex -2.62213 18.2353 2.99
      vertex -2.60805 18.2284 0
      vertex -2.60805 18.2284 3
    endloop
  endfacet
  facet normal 0.321579 -0.946883 0
    outer loop
      vertex -0.683542 18.1022 0
      vertex -0.311949 18.2284 3
      vertex -0.683542 18.1022 3
    endloop
  endfacet
  facet normal 0.321579 -0.946883 0
    outer loop
      vertex -0.311949 18.2284 3
      vertex -0.683542 18.1022 0
      vertex -0.311949 18.2284 0
    endloop
  endfacet
  facet normal 0.195265 0.980751 -0
    outer loop
      vertex 0.905867 33.3807 0
      vertex 0.456841 33.4701 3
      vertex 0.905867 33.3807 3
    endloop
  endfacet
  facet normal 0.195265 0.980751 0
    outer loop
      vertex 0.456841 33.4701 3
      vertex 0.905867 33.3807 0
      vertex 0.456841 33.4701 0
    endloop
  endfacet
  facet normal -0.659267 0.751909 0
    outer loop
      vertex -2.13066 32.7767 0
      vertex -2.47487 32.4749 3
      vertex -2.13066 32.7767 3
    endloop
  endfacet
  facet normal -0.659267 0.751909 0
    outer loop
      vertex -2.47487 32.4749 3
      vertex -2.13066 32.7767 0
      vertex -2.47487 32.4749 0
    endloop
  endfacet
  facet normal 0.32132 0.946971 -0
    outer loop
      vertex 1.33939 33.2336 0
      vertex 0.905867 33.3807 3
      vertex 1.33939 33.2336 3
    endloop
  endfacet
  facet normal 0.32132 0.946971 0
    outer loop
      vertex 0.905867 33.3807 3
      vertex 1.33939 33.2336 0
      vertex 0.905867 33.3807 0
    endloop
  endfacet
  facet normal -0.751799 -0.659392 0
    outer loop
      vertex -3.58132 18.8787 0
      vertex -3.84006 19.1737 3
      vertex -3.84006 19.1737 0
    endloop
  endfacet
  facet normal -0.751799 -0.659392 0
    outer loop
      vertex -3.84006 19.1737 3
      vertex -3.58132 18.8787 0
      vertex -3.58132 18.8787 3
    endloop
  endfacet
  facet normal -0.946926 0.321452 0
    outer loop
      vertex -3.38074 30.9059 0
      vertex -3.23358 31.3394 3
      vertex -3.23358 31.3394 0
    endloop
  endfacet
  facet normal -0.946926 0.321452 0
    outer loop
      vertex -3.23358 31.3394 3
      vertex -3.38074 30.9059 0
      vertex -3.38074 30.9059 3
    endloop
  endfacet
  facet normal -0.997859 -0.065409 0
    outer loop
      vertex -4.46 21 0
      vertex -4.43536 20.6241 2.99
      vertex -4.46 21 2.99
    endloop
  endfacet
  facet normal -0.997858 -0.0654112 -2.80383e-07
    outer loop
      vertex -4.43433 20.6084 0
      vertex -4.43536 20.6241 2.99
      vertex -4.46 21 0
    endloop
  endfacet
  facet normal -0.997855 -0.0654644 -0
    outer loop
      vertex -4.43433 20.6084 3
      vertex -4.43536 20.6241 2.99
      vertex -4.43433 20.6084 0
    endloop
  endfacet
  facet normal -0.997855 -0.0654644 0
    outer loop
      vertex -4.43536 20.6241 2.99
      vertex -4.43433 20.6084 3
      vertex -4.43536 20.6241 3
    endloop
  endfacet
  facet normal 0.831495 0.555532 0
    outer loop
      vertex 3.03109 31.75 3
      vertex 2.77674 32.1307 0
      vertex 2.77674 32.1307 3
    endloop
  endfacet
  facet normal 0.831495 0.555532 0
    outer loop
      vertex 2.77674 32.1307 0
      vertex 3.03109 31.75 3
      vertex 3.03109 31.75 0
    endloop
  endfacet
  facet normal 0.555647 0.831418 -0
    outer loop
      vertex 2.13066 32.7767 0
      vertex 1.75 33.0311 3
      vertex 2.13066 32.7767 3
    endloop
  endfacet
  facet normal 0.555647 0.831418 0
    outer loop
      vertex 1.75 33.0311 3
      vertex 2.13066 32.7767 0
      vertex 1.75 33.0311 0
    endloop
  endfacet
  facet normal -0.751824 0.659364 0
    outer loop
      vertex -2.77674 32.1307 0
      vertex -2.47487 32.4749 3
      vertex -2.47487 32.4749 0
    endloop
  endfacet
  facet normal -0.751824 0.659364 0
    outer loop
      vertex -2.47487 32.4749 3
      vertex -2.77674 32.1307 0
      vertex -2.77674 32.1307 3
    endloop
  endfacet
  facet normal 0 0 -1
    outer loop
      vertex 1.7 30 0
      vertex 3.5 30 0
      vertex 3.47006 29.5432 0
    endloop
  endfacet
  facet normal 0 0 -1
    outer loop
      vertex 1.68546 29.7781 0
      vertex 3.47006 29.5432 0
      vertex 3.38074 29.0941 0
    endloop
  endfacet
  facet normal 0 0 -1
    outer loop
      vertex 3.5 30 0
      vertex 1.7 30 0
      vertex 3.47006 30.4568 0
    endloop
  endfacet
  facet normal 0 0 -1
    outer loop
      vertex 1.68546 30.2219 0
      vertex 3.47006 30.4568 0
      vertex 1.7 30 0
    endloop
  endfacet
  facet normal 0 0 -1
    outer loop
      vertex 1.64207 30.44 0
      vertex 3.38074 30.9059 0
      vertex 1.68546 30.2219 0
    endloop
  endfacet
  facet normal -0 0 -1
    outer loop
      vertex 3.38074 30.9059 0
      vertex 1.64207 30.44 0
      vertex 3.23358 31.3394 0
    endloop
  endfacet
  facet normal -0 0 -1
    outer loop
      vertex 3.23358 31.3394 0
      vertex 1.57059 30.6506 0
      vertex 3.03109 31.75 0
    endloop
  endfacet
  facet normal 0 0 -1
    outer loop
      vertex 1.47224 30.85 0
      vertex 3.03109 31.75 0
      vertex 1.57059 30.6506 0
    endloop
  endfacet
  facet normal 0 0 -1
    outer loop
      vertex 1.3487 31.0349 0
      vertex 2.77674 32.1307 0
      vertex 1.47224 30.85 0
    endloop
  endfacet
  facet normal -0 0 -1
    outer loop
      vertex 3.47006 30.4568 0
      vertex 1.68546 30.2219 0
      vertex 3.38074 30.9059 0
    endloop
  endfacet
  facet normal 0 0 -1
    outer loop
      vertex 3.47006 29.5432 0
      vertex 1.68546 29.7781 0
      vertex 1.7 30 0
    endloop
  endfacet
  facet normal 0 0 -1
    outer loop
      vertex 3.38074 29.0941 0
      vertex 1.64207 29.56 0
      vertex 1.68546 29.7781 0
    endloop
  endfacet
  facet normal 0 0 -1
    outer loop
      vertex 3.38074 29.0941 0
      vertex 1.57059 29.3494 0
      vertex 1.64207 29.56 0
    endloop
  endfacet
  facet normal 0 0 -1
    outer loop
      vertex 3.38074 29.0941 0
      vertex 1.47224 29.15 0
      vertex 1.57059 29.3494 0
    endloop
  endfacet
  facet normal 0 0 -1
    outer loop
      vertex 0.849999 28.5278 0
      vertex 3.38074 29.0941 0
      vertex 1.43778 20.2235 0
    endloop
  endfacet
  facet normal -0 0 -1
    outer loop
      vertex 3.38074 29.0941 0
      vertex 1.3487 28.9651 0
      vertex 1.47224 29.15 0
    endloop
  endfacet
  facet normal 0 0 -1
    outer loop
      vertex -4.43433 21.3916 0
      vertex 1.43778 20.2235 0
      vertex 1.31164 19.852 0
    endloop
  endfacet
  facet normal 0 0 -1
    outer loop
      vertex 3.38074 29.0941 0
      vertex 1.20208 28.7979 0
      vertex 1.3487 28.9651 0
    endloop
  endfacet
  facet normal 0 0 -1
    outer loop
      vertex -4.43433 21.3916 0
      vertex 1.31164 19.852 0
      vertex 1.13808 19.5 0
    endloop
  endfacet
  facet normal 0 0 -1
    outer loop
      vertex 3.38074 29.0941 0
      vertex 1.03489 28.6513 0
      vertex 1.20208 28.7979 0
    endloop
  endfacet
  facet normal 0 0 -1
    outer loop
      vertex -4.43433 21.3916 0
      vertex 1.13808 19.5 0
      vertex 0.920059 19.1737 0
    endloop
  endfacet
  facet normal 0 0 -1
    outer loop
      vertex 3.38074 29.0941 0
      vertex 0.849999 28.5278 0
      vertex 1.03489 28.6513 0
    endloop
  endfacet
  facet normal 0 0 -1
    outer loop
      vertex -4.43433 21.3916 0
      vertex 0.920059 19.1737 0
      vertex 0.66132 18.8787 0
    endloop
  endfacet
  facet normal 0 0 -1
    outer loop
      vertex 1.43778 20.2235 0
      vertex 0.650561 28.4294 0
      vertex 0.849999 28.5278 0
    endloop
  endfacet
  facet normal 0 0 -1
    outer loop
      vertex 1.43778 20.2235 0
      vertex 0.439992 28.3579 0
      vertex 0.650561 28.4294 0
    endloop
  endfacet
  facet normal 0 0 -1
    outer loop
      vertex -4.43433 21.3916 0
      vertex 0.66132 18.8787 0
      vertex 0.366283 18.6199 0
    endloop
  endfacet
  facet normal 0 0 -1
    outer loop
      vertex 1.43778 20.2235 0
      vertex 0.221894 28.3145 0
      vertex 0.439992 28.3579 0
    endloop
  endfacet
  facet normal 0 0 -1
    outer loop
      vertex -4.43433 21.3916 0
      vertex 0.366283 18.6199 0
      vertex 0.04 18.4019 0
    endloop
  endfacet
  facet normal 0 0 -1
    outer loop
      vertex 1.43778 20.2235 0
      vertex 0 28.3 0
      vertex 0.221894 28.3145 0
    endloop
  endfacet
  facet normal 0 0 -1
    outer loop
      vertex 1.43778 20.2235 0
      vertex -4.43433 21.3916 0
      vertex -0.221894 28.3145 0
    endloop
  endfacet
  facet normal 0 0 -1
    outer loop
      vertex -4.43433 21.3916 0
      vertex 0.04 18.4019 0
      vertex -0.311949 18.2284 0
    endloop
  endfacet
  facet normal 0 0 -1
    outer loop
      vertex 1.43778 20.2235 0
      vertex -0.221894 28.3145 0
      vertex 0 28.3 0
    endloop
  endfacet
  facet normal -0 0 -1
    outer loop
      vertex -0.221894 28.3145 0
      vertex -4.43433 21.3916 0
      vertex -0.439992 28.3579 0
    endloop
  endfacet
  facet normal 0 0 -1
    outer loop
      vertex -4.43433 21.3916 0
      vertex -0.311949 18.2284 0
      vertex -0.683542 18.1022 0
    endloop
  endfacet
  facet normal -0 0 -1
    outer loop
      vertex -0.439992 28.3579 0
      vertex -4.43433 21.3916 0
      vertex -0.650561 28.4294 0
    endloop
  endfacet
  facet normal -0 0 -1
    outer loop
      vertex -0.650561 28.4294 0
      vertex -4.43433 21.3916 0
      vertex -0.849999 28.5278 0
    endloop
  endfacet
  facet normal 0 0 -1
    outer loop
      vertex -4.43433 21.3916 0
      vertex -0.683542 18.1022 0
      vertex -1.06842 18.0257 0
    endloop
  endfacet
  facet normal -0 0 -1
    outer loop
      vertex -0.849999 28.5278 0
      vertex -4.43433 21.3916 0
      vertex -1.03489 28.6513 0
    endloop
  endfacet
  facet normal -0 0 -1
    outer loop
      vertex -1.03489 28.6513 0
      vertex -4.43433 21.3916 0
      vertex -1.20208 28.7979 0
    endloop
  endfacet
  facet normal 0 0 -1
    outer loop
      vertex -4.43433 21.3916 0
      vertex -1.06842 18.0257 0
      vertex -1.46 18 0
    endloop
  endfacet
  facet normal -0 0 -1
    outer loop
      vertex -1.20208 28.7979 0
      vertex -4.43433 21.3916 0
      vertex -1.3487 28.9651 0
    endloop
  endfacet
  facet normal 0 -0 -1
    outer loop
      vertex -3.47006 30.4568 0
      vertex -1.3487 28.9651 0
      vertex -4.43433 21.3916 0
    endloop
  endfacet
  facet normal 0 0 -1
    outer loop
      vertex -1.3487 28.9651 0
      vertex -3.47006 30.4568 0
      vertex -1.47224 29.15 0
    endloop
  endfacet
  facet normal 0 0 -1
    outer loop
      vertex -1.47224 29.15 0
      vertex -3.47006 30.4568 0
      vertex -1.57059 29.3494 0
    endloop
  endfacet
  facet normal 0 0 -1
    outer loop
      vertex -1.57059 29.3494 0
      vertex -3.47006 30.4568 0
      vertex -1.64207 29.56 0
    endloop
  endfacet
  facet normal 0 0 -1
    outer loop
      vertex -4.43433 21.3916 0
      vertex -1.46 18 0
      vertex -1.85158 18.0257 0
    endloop
  endfacet
  facet normal 0 0 -1
    outer loop
      vertex -1.64207 29.56 0
      vertex -3.47006 30.4568 0
      vertex -1.68546 29.7781 0
    endloop
  endfacet
  facet normal 0 -0 -1
    outer loop
      vertex -3.38074 30.9059 0
      vertex -1.7 30 0
      vertex -3.47006 30.4568 0
    endloop
  endfacet
  facet normal 0 0 -1
    outer loop
      vertex -4.43433 21.3916 0
      vertex -1.85158 18.0257 0
      vertex -2.23646 18.1022 0
    endloop
  endfacet
  facet normal 0 0 -1
    outer loop
      vertex -1.7 30 0
      vertex -2.13066 32.7767 0
      vertex -1.75 33.0311 0
    endloop
  endfacet
  facet normal 0 0 -1
    outer loop
      vertex -4.43433 21.3916 0
      vertex -2.23646 18.1022 0
      vertex -2.60805 18.2284 0
    endloop
  endfacet
  facet normal 0 0 -1
    outer loop
      vertex -1.7 30 0
      vertex -2.47487 32.4749 0
      vertex -2.13066 32.7767 0
    endloop
  endfacet
  facet normal 0 0 -1
    outer loop
      vertex -4.43433 21.3916 0
      vertex -2.60805 18.2284 0
      vertex -2.96 18.4019 0
    endloop
  endfacet
  facet normal 0 0 -1
    outer loop
      vertex -1.7 30 0
      vertex -2.77674 32.1307 0
      vertex -2.47487 32.4749 0
    endloop
  endfacet
  facet normal 0 0 -1
    outer loop
      vertex -1.7 30 0
      vertex -3.03109 31.75 0
      vertex -2.77674 32.1307 0
    endloop
  endfacet
  facet normal 0 0 -1
    outer loop
      vertex -4.43433 21.3916 0
      vertex -2.96 18.4019 0
      vertex -3.28628 18.6199 0
    endloop
  endfacet
  facet normal 0 0 -1
    outer loop
      vertex -1.7 30 0
      vertex -3.23358 31.3394 0
      vertex -3.03109 31.75 0
    endloop
  endfacet
  facet normal 0 0 -1
    outer loop
      vertex -1.7 30 0
      vertex -3.38074 30.9059 0
      vertex -3.23358 31.3394 0
    endloop
  endfacet
  facet normal 0 0 -1
    outer loop
      vertex -4.43433 21.3916 0
      vertex -3.28628 18.6199 0
      vertex -3.58132 18.8787 0
    endloop
  endfacet
  facet normal 0 0 -1
    outer loop
      vertex -4.43433 21.3916 0
      vertex -3.58132 18.8787 0
      vertex -3.84006 19.1737 0
    endloop
  endfacet
  facet normal 0 0 -1
    outer loop
      vertex -4.43433 21.3916 0
      vertex -3.84006 19.1737 0
      vertex -4.05808 19.5 0
    endloop
  endfacet
  facet normal 0 0 -1
    outer loop
      vertex -4.43433 21.3916 0
      vertex -4.05808 19.5 0
      vertex -4.23164 19.852 0
    endloop
  endfacet
  facet normal 0 0 -1
    outer loop
      vertex -4.43433 21.3916 0
      vertex -4.23164 19.852 0
      vertex -4.35778 20.2235 0
    endloop
  endfacet
  facet normal 0 0 -1
    outer loop
      vertex -4.43433 21.3916 0
      vertex -4.35778 20.2235 0
      vertex -4.43433 20.6084 0
    endloop
  endfacet
  facet normal 0 0 -1
    outer loop
      vertex -1.68546 29.7781 0
      vertex -3.47006 30.4568 0
      vertex -1.7 30 0
    endloop
  endfacet
  facet normal 0 -0 -1
    outer loop
      vertex -4.43433 21.3916 0
      vertex -4.43433 20.6084 0
      vertex -4.46 21 0
    endloop
  endfacet
  facet normal 0 0 -1
    outer loop
      vertex 1.57059 30.6506 0
      vertex 3.23358 31.3394 0
      vertex 1.64207 30.44 0
    endloop
  endfacet
  facet normal -0 0 -1
    outer loop
      vertex 3.03109 31.75 0
      vertex 1.47224 30.85 0
      vertex 2.77674 32.1307 0
    endloop
  endfacet
  facet normal -0 0 -1
    outer loop
      vertex 2.77674 32.1307 0
      vertex 1.3487 31.0349 0
      vertex 2.47487 32.4749 0
    endloop
  endfacet
  facet normal 0 0 -1
    outer loop
      vertex 1.20208 31.2021 0
      vertex 2.47487 32.4749 0
      vertex 1.3487 31.0349 0
    endloop
  endfacet
  facet normal -0 0 -1
    outer loop
      vertex 2.47487 32.4749 0
      vertex 1.20208 31.2021 0
      vertex 2.13066 32.7767 0
    endloop
  endfacet
  facet normal 0 0 -1
    outer loop
      vertex 1.03489 31.3487 0
      vertex 2.13066 32.7767 0
      vertex 1.20208 31.2021 0
    endloop
  endfacet
  facet normal -0 0 -1
    outer loop
      vertex 2.13066 32.7767 0
      vertex 1.03489 31.3487 0
      vertex 1.75 33.0311 0
    endloop
  endfacet
  facet normal 0 0 -1
    outer loop
      vertex 0.849999 31.4722 0
      vertex 1.75 33.0311 0
      vertex 1.03489 31.3487 0
    endloop
  endfacet
  facet normal -0 0 -1
    outer loop
      vertex 1.75 33.0311 0
      vertex 0.849999 31.4722 0
      vertex 1.33939 33.2336 0
    endloop
  endfacet
  facet normal 0 0 -1
    outer loop
      vertex 0.650561 31.5706 0
      vertex 1.33939 33.2336 0
      vertex 0.849999 31.4722 0
    endloop
  endfacet
  facet normal -0 0 -1
    outer loop
      vertex 1.33939 33.2336 0
      vertex 0.650561 31.5706 0
      vertex 0.905867 33.3807 0
    endloop
  endfacet
  facet normal 0 0 -1
    outer loop
      vertex 0.439992 31.6421 0
      vertex 0.905867 33.3807 0
      vertex 0.650561 31.5706 0
    endloop
  endfacet
  facet normal -0 0 -1
    outer loop
      vertex 0.905867 33.3807 0
      vertex 0.439992 31.6421 0
      vertex 0.456841 33.4701 0
    endloop
  endfacet
  facet normal 0 0 -1
    outer loop
      vertex 0.221894 31.6855 0
      vertex 0.456841 33.4701 0
      vertex 0.439992 31.6421 0
    endloop
  endfacet
  facet normal 0 0 -1
    outer loop
      vertex 0 31.7 0
      vertex 0.456841 33.4701 0
      vertex 0.221894 31.6855 0
    endloop
  endfacet
  facet normal 0 0 -1
    outer loop
      vertex 0 31.7 0
      vertex 0 33.5 0
      vertex 0.456841 33.4701 0
    endloop
  endfacet
  facet normal 0 0 -1
    outer loop
      vertex -0.221894 31.6855 0
      vertex 0 33.5 0
      vertex 0 31.7 0
    endloop
  endfacet
  facet normal 0 0 -1
    outer loop
      vertex -0.456841 33.4701 0
      vertex -0.221894 31.6855 0
      vertex -0.439992 31.6421 0
    endloop
  endfacet
  facet normal 0 0 -1
    outer loop
      vertex -0.221894 31.6855 0
      vertex -0.456841 33.4701 0
      vertex 0 33.5 0
    endloop
  endfacet
  facet normal 0 0 -1
    outer loop
      vertex -0.905867 33.3807 0
      vertex -0.439992 31.6421 0
      vertex -0.650561 31.5706 0
    endloop
  endfacet
  facet normal 0 0 -1
    outer loop
      vertex -1.33939 33.2336 0
      vertex -0.650561 31.5706 0
      vertex -0.849999 31.4722 0
    endloop
  endfacet
  facet normal 0 0 -1
    outer loop
      vertex -0.439992 31.6421 0
      vertex -0.905867 33.3807 0
      vertex -0.456841 33.4701 0
    endloop
  endfacet
  facet normal 0 0 -1
    outer loop
      vertex -1.75 33.0311 0
      vertex -0.849999 31.4722 0
      vertex -1.03489 31.3487 0
    endloop
  endfacet
  facet normal 0 0 -1
    outer loop
      vertex -1.75 33.0311 0
      vertex -1.03489 31.3487 0
      vertex -1.20208 31.2021 0
    endloop
  endfacet
  facet normal 0 0 -1
    outer loop
      vertex -0.650561 31.5706 0
      vertex -1.33939 33.2336 0
      vertex -0.905867 33.3807 0
    endloop
  endfacet
  facet normal 0 0 -1
    outer loop
      vertex -1.75 33.0311 0
      vertex -1.20208 31.2021 0
      vertex -1.3487 31.0349 0
    endloop
  endfacet
  facet normal 0 0 -1
    outer loop
      vertex -1.75 33.0311 0
      vertex -1.3487 31.0349 0
      vertex -1.47224 30.85 0
    endloop
  endfacet
  facet normal 0 0 -1
    outer loop
      vertex -1.75 33.0311 0
      vertex -1.47224 30.85 0
      vertex -1.57059 30.6506 0
    endloop
  endfacet
  facet normal 0 0 -1
    outer loop
      vertex -1.75 33.0311 0
      vertex -1.57059 30.6506 0
      vertex -1.64207 30.44 0
    endloop
  endfacet
  facet normal 0 0 -1
    outer loop
      vertex -1.75 33.0311 0
      vertex -1.64207 30.44 0
      vertex -1.68546 30.2219 0
    endloop
  endfacet
  facet normal 0 0 -1
    outer loop
      vertex -0.849999 31.4722 0
      vertex -1.75 33.0311 0
      vertex -1.33939 33.2336 0
    endloop
  endfacet
  facet normal 0 0 -1
    outer loop
      vertex -1.75 33.0311 0
      vertex -1.68546 30.2219 0
      vertex -1.7 30 0
    endloop
  endfacet
  facet normal -0.442305 0.896864 0
    outer loop
      vertex -1.33939 33.2336 0
      vertex -1.75 33.0311 3
      vertex -1.33939 33.2336 3
    endloop
  endfacet
  facet normal -0.442305 0.896864 0
    outer loop
      vertex -1.75 33.0311 3
      vertex -1.33939 33.2336 0
      vertex -1.75 33.0311 0
    endloop
  endfacet
  facet normal -0.831477 -0.555558 0
    outer loop
      vertex -3.84006 19.1737 0
      vertex -4.05808 19.5 3
      vertex -4.05808 19.5 0
    endloop
  endfacet
  facet normal -0.831477 -0.555558 0
    outer loop
      vertex -4.05808 19.5 3
      vertex -3.84006 19.1737 0
      vertex -3.84006 19.1737 3
    endloop
  endfacet
  facet normal 0.0653097 0.997865 -0
    outer loop
      vertex 0.456841 33.4701 0
      vertex 0 33.5 3
      vertex 0.456841 33.4701 3
    endloop
  endfacet
  facet normal 0.0653097 0.997865 0
    outer loop
      vertex 0 33.5 3
      vertex 0.456841 33.4701 0
      vertex 0 33.5 0
    endloop
  endfacet
  facet normal -0.195265 0.980751 0
    outer loop
      vertex -0.456841 33.4701 0
      vertex -0.905867 33.3807 3
      vertex -0.456841 33.4701 3
    endloop
  endfacet
  facet normal -0.195265 0.980751 0
    outer loop
      vertex -0.905867 33.3807 3
      vertex -0.456841 33.4701 0
      vertex -0.905867 33.3807 0
    endloop
  endfacet
  facet normal 0.751801 -0.65939 0
    outer loop
      vertex 0.66132 18.8787 2.99
      vertex 0.920059 19.1737 0
      vertex 0.920059 19.1737 2.99
    endloop
  endfacet
  facet normal 0.751801 -0.65939 0
    outer loop
      vertex 0.920059 19.1737 0
      vertex 0.66132 18.8787 2.99
      vertex 0.66132 18.8787 0
    endloop
  endfacet
  facet normal -0.555647 0.831418 0
    outer loop
      vertex -1.75 33.0311 0
      vertex -2.13066 32.7767 3
      vertex -1.75 33.0311 3
    endloop
  endfacet
  facet normal -0.555647 0.831418 0
    outer loop
      vertex -2.13066 32.7767 3
      vertex -1.75 33.0311 0
      vertex -2.13066 32.7767 0
    endloop
  endfacet
  facet normal -0.946905 -0.321514 0
    outer loop
      vertex -4.23164 19.852 0
      vertex -4.35778 20.2235 3
      vertex -4.35778 20.2235 0
    endloop
  endfacet
  facet normal -0.946905 -0.321514 0
    outer loop
      vertex -4.35778 20.2235 3
      vertex -4.23164 19.852 0
      vertex -4.23164 19.852 3
    endloop
  endfacet
  facet normal 0.896869 0.442297 0
    outer loop
      vertex 3.23358 31.3394 3
      vertex 3.03109 31.75 0
      vertex 3.03109 31.75 3
    endloop
  endfacet
  facet normal 0.896869 0.442297 0
    outer loop
      vertex 3.03109 31.75 0
      vertex 3.23358 31.3394 3
      vertex 3.23358 31.3394 0
    endloop
  endfacet
  facet normal -0.32132 0.946971 0
    outer loop
      vertex -0.905867 33.3807 0
      vertex -1.33939 33.2336 3
      vertex -0.905867 33.3807 3
    endloop
  endfacet
  facet normal -0.32132 0.946971 0
    outer loop
      vertex -1.33939 33.2336 3
      vertex -0.905867 33.3807 0
      vertex -1.33939 33.2336 0
    endloop
  endfacet
  facet normal 0.751824 0.659364 0
    outer loop
      vertex 2.77674 32.1307 3
      vertex 2.47487 32.4749 0
      vertex 2.47487 32.4749 3
    endloop
  endfacet
  facet normal 0.751824 0.659364 0
    outer loop
      vertex 2.47487 32.4749 0
      vertex 2.77674 32.1307 3
      vertex 2.77674 32.1307 0
    endloop
  endfacet
  facet normal -0.0653097 0.997865 0
    outer loop
      vertex 0 33.5 0
      vertex -0.456841 33.4701 3
      vertex 0 33.5 3
    endloop
  endfacet
  facet normal -0.0653097 0.997865 0
    outer loop
      vertex -0.456841 33.4701 3
      vertex 0 33.5 0
      vertex -0.456841 33.4701 0
    endloop
  endfacet
  facet normal 0.442305 0.896864 -0
    outer loop
      vertex 1.75 33.0311 0
      vertex 1.33939 33.2336 3
      vertex 1.75 33.0311 3
    endloop
  endfacet
  facet normal 0.442305 0.896864 0
    outer loop
      vertex 1.33939 33.2336 3
      vertex 1.75 33.0311 0
      vertex 1.33939 33.2336 0
    endloop
  endfacet
  facet normal 0.194951 -0.980813 0
    outer loop
      vertex -1.06842 18.0257 0
      vertex -0.683542 18.1022 3
      vertex -1.06842 18.0257 3
    endloop
  endfacet
  facet normal 0.194951 -0.980813 0
    outer loop
      vertex -0.683542 18.1022 3
      vertex -1.06842 18.0257 0
      vertex -0.683542 18.1022 0
    endloop
  endfacet
  facet normal -0.831495 0.555532 0
    outer loop
      vertex -3.03109 31.75 0
      vertex -2.77674 32.1307 3
      vertex -2.77674 32.1307 0
    endloop
  endfacet
  facet normal -0.831495 0.555532 0
    outer loop
      vertex -2.77674 32.1307 3
      vertex -3.03109 31.75 0
      vertex -3.03109 31.75 3
    endloop
  endfacet
  facet normal 0.8969 -0.442233 0
    outer loop
      vertex 1.13808 19.5 2.99
      vertex 1.31164 19.852 0
      vertex 1.31164 19.852 2.99
    endloop
  endfacet
  facet normal 0.8969 -0.442233 0
    outer loop
      vertex 1.31164 19.852 0
      vertex 1.13808 19.5 2.99
      vertex 1.13808 19.5 0
    endloop
  endfacet
  facet normal 0 0 1
    outer loop
      vertex 3.38074 29.0941 3
      vertex 1.51433 21.3916 3
      vertex 1.54 21 3
    endloop
  endfacet
  facet normal 0 0 1
    outer loop
      vertex 1.3487 28.9651 3
      vertex 3.38074 29.0941 3
      vertex 1.47224 29.15 3
    endloop
  endfacet
  facet normal 0 0 1
    outer loop
      vertex 3.38074 29.0941 3
      vertex 1.43778 21.7765 3
      vertex 1.51433 21.3916 3
    endloop
  endfacet
  facet normal 0 0 1
    outer loop
      vertex 1.20208 28.7979 3
      vertex 3.38074 29.0941 3
      vertex 1.3487 28.9651 3
    endloop
  endfacet
  facet normal 0 0 1
    outer loop
      vertex 3.38074 29.0941 3
      vertex 1.31164 22.148 3
      vertex 1.43778 21.7765 3
    endloop
  endfacet
  facet normal 0 0 1
    outer loop
      vertex 1.03489 28.6513 3
      vertex 3.38074 29.0941 3
      vertex 1.20208 28.7979 3
    endloop
  endfacet
  facet normal 0 0 1
    outer loop
      vertex 3.38074 29.0941 3
      vertex 1.13808 22.5 3
      vertex 1.31164 22.148 3
    endloop
  endfacet
  facet normal 0 0 1
    outer loop
      vertex 0.849999 28.5278 3
      vertex 3.38074 29.0941 3
      vertex 1.03489 28.6513 3
    endloop
  endfacet
  facet normal 0 0 1
    outer loop
      vertex 3.38074 29.0941 3
      vertex 0.920059 22.8263 3
      vertex 1.13808 22.5 3
    endloop
  endfacet
  facet normal 0 0 1
    outer loop
      vertex 3.38074 29.0941 3
      vertex 0.849999 28.5278 3
      vertex 0.66132 23.1213 3
    endloop
  endfacet
  facet normal 0 0 1
    outer loop
      vertex 3.38074 29.0941 3
      vertex 0.66132 23.1213 3
      vertex 0.920059 22.8263 3
    endloop
  endfacet
  facet normal 0 0 1
    outer loop
      vertex 0.366283 23.3801 3
      vertex 0.849999 28.5278 3
      vertex 0.650561 28.4294 3
    endloop
  endfacet
  facet normal 0 0 1
    outer loop
      vertex 0.04 23.5981 3
      vertex 0.650561 28.4294 3
      vertex 0.439992 28.3579 3
    endloop
  endfacet
  facet normal 0 0 1
    outer loop
      vertex 0.849999 28.5278 3
      vertex 0.366283 23.3801 3
      vertex 0.66132 23.1213 3
    endloop
  endfacet
  facet normal 0 0 1
    outer loop
      vertex -0.311951 23.7716 3
      vertex 0.439992 28.3579 3
      vertex 0.221894 28.3145 3
    endloop
  endfacet
  facet normal 0 0 1
    outer loop
      vertex 0.650561 28.4294 3
      vertex 0.04 23.5981 3
      vertex 0.366283 23.3801 3
    endloop
  endfacet
  facet normal 0 0 1
    outer loop
      vertex -0.311951 23.7716 3
      vertex 0.221894 28.3145 3
      vertex 0 28.3 3
    endloop
  endfacet
  facet normal 0 0 1
    outer loop
      vertex -0.683543 23.8978 3
      vertex 0 28.3 3
      vertex -0.221894 28.3145 3
    endloop
  endfacet
  facet normal 0 0 1
    outer loop
      vertex 0.439992 28.3579 3
      vertex -0.311951 23.7716 3
      vertex 0.04 23.5981 3
    endloop
  endfacet
  facet normal 0 0 1
    outer loop
      vertex -1.06842 23.9743 3
      vertex -0.221894 28.3145 3
      vertex -0.439992 28.3579 3
    endloop
  endfacet
  facet normal 0 0 1
    outer loop
      vertex -1.46 24 3
      vertex -0.439992 28.3579 3
      vertex -0.650561 28.4294 3
    endloop
  endfacet
  facet normal 0 0 1
    outer loop
      vertex 0 28.3 3
      vertex -0.683543 23.8978 3
      vertex -0.311951 23.7716 3
    endloop
  endfacet
  facet normal 0 0 1
    outer loop
      vertex -1.46 24 3
      vertex -0.650561 28.4294 3
      vertex -0.849999 28.5278 3
    endloop
  endfacet
  facet normal 0 0 1
    outer loop
      vertex -1.85158 23.9743 3
      vertex -0.849999 28.5278 3
      vertex -1.03489 28.6513 3
    endloop
  endfacet
  facet normal 0 0 1
    outer loop
      vertex -0.221894 28.3145 3
      vertex -1.06842 23.9743 3
      vertex -0.683543 23.8978 3
    endloop
  endfacet
  facet normal 0 0 1
    outer loop
      vertex -2.23646 23.8978 3
      vertex -1.03489 28.6513 3
      vertex -1.20208 28.7979 3
    endloop
  endfacet
  facet normal 0 0 1
    outer loop
      vertex -2.60805 23.7716 3
      vertex -1.20208 28.7979 3
      vertex -1.3487 28.9651 3
    endloop
  endfacet
  facet normal 0 0 1
    outer loop
      vertex -0.439992 28.3579 3
      vertex -1.46 24 3
      vertex -1.06842 23.9743 3
    endloop
  endfacet
  facet normal 0 0 1
    outer loop
      vertex -3.47006 30.4568 3
      vertex -1.3487 28.9651 3
      vertex -1.47224 29.15 3
    endloop
  endfacet
  facet normal 0 0 1
    outer loop
      vertex -3.47006 30.4568 3
      vertex -1.47224 29.15 3
      vertex -1.57059 29.3494 3
    endloop
  endfacet
  facet normal 0 0 1
    outer loop
      vertex -3.47006 30.4568 3
      vertex -1.57059 29.3494 3
      vertex -1.64207 29.56 3
    endloop
  endfacet
  facet normal 0 0 1
    outer loop
      vertex -3.47006 30.4568 3
      vertex -1.64207 29.56 3
      vertex -1.68546 29.7781 3
    endloop
  endfacet
  facet normal 0 0 1
    outer loop
      vertex -3.47006 30.4568 3
      vertex -1.68546 29.7781 3
      vertex -1.7 30 3
    endloop
  endfacet
  facet normal 0 0 1
    outer loop
      vertex -0.849999 28.5278 3
      vertex -1.85158 23.9743 3
      vertex -1.46 24 3
    endloop
  endfacet
  facet normal 0 0 1
    outer loop
      vertex -1.47224 30.85 3
      vertex -3.03109 31.75 3
      vertex -1.57059 30.6506 3
    endloop
  endfacet
  facet normal -0 0 1
    outer loop
      vertex -3.23358 31.3394 3
      vertex -1.57059 30.6506 3
      vertex -3.03109 31.75 3
    endloop
  endfacet
  facet normal 0 0 1
    outer loop
      vertex -1.3487 28.9651 3
      vertex -3.47006 30.4568 3
      vertex -2.60805 23.7716 3
    endloop
  endfacet
  facet normal 0 0 1
    outer loop
      vertex -1.57059 30.6506 3
      vertex -3.23358 31.3394 3
      vertex -1.64207 30.44 3
    endloop
  endfacet
  facet normal 0 0 1
    outer loop
      vertex -1.03489 28.6513 3
      vertex -2.23646 23.8978 3
      vertex -1.85158 23.9743 3
    endloop
  endfacet
  facet normal -0 0 1
    outer loop
      vertex -3.38074 30.9059 3
      vertex -1.64207 30.44 3
      vertex -3.23358 31.3394 3
    endloop
  endfacet
  facet normal 0 0 1
    outer loop
      vertex -1.20208 28.7979 3
      vertex -2.60805 23.7716 3
      vertex -2.23646 23.8978 3
    endloop
  endfacet
  facet normal 0 0 1
    outer loop
      vertex -1.64207 30.44 3
      vertex -3.38074 30.9059 3
      vertex -1.68546 30.2219 3
    endloop
  endfacet
  facet normal -0 0 1
    outer loop
      vertex -3.47006 30.4568 3
      vertex -1.68546 30.2219 3
      vertex -3.38074 30.9059 3
    endloop
  endfacet
  facet normal 0 0 1
    outer loop
      vertex -2.60805 23.7716 3
      vertex -3.47006 30.4568 3
      vertex -2.96 23.5981 3
    endloop
  endfacet
  facet normal 0 0 1
    outer loop
      vertex -1.68546 30.2219 3
      vertex -3.47006 30.4568 3
      vertex -1.7 30 3
    endloop
  endfacet
  facet normal 0 0 1
    outer loop
      vertex -2.96 23.5981 3
      vertex -3.47006 30.4568 3
      vertex -3.28628 23.3801 3
    endloop
  endfacet
  facet normal 0 0 1
    outer loop
      vertex -3.47006 30.4568 3
      vertex -3.58132 23.1213 3
      vertex -3.28628 23.3801 3
    endloop
  endfacet
  facet normal 0 0 1
    outer loop
      vertex -3.47006 30.4568 3
      vertex -3.84006 22.8263 3
      vertex -3.58132 23.1213 3
    endloop
  endfacet
  facet normal 0 0 1
    outer loop
      vertex -3.47006 30.4568 3
      vertex -4.05808 22.5 3
      vertex -3.84006 22.8263 3
    endloop
  endfacet
  facet normal 0 0 1
    outer loop
      vertex -3.47006 30.4568 3
      vertex -4.23164 22.148 3
      vertex -4.05808 22.5 3
    endloop
  endfacet
  facet normal 0 0 1
    outer loop
      vertex -3.47006 30.4568 3
      vertex -4.35778 21.7765 3
      vertex -4.23164 22.148 3
    endloop
  endfacet
  facet normal 0 -0 1
    outer loop
      vertex -4.35778 21.7765 3
      vertex -3.47006 30.4568 3
      vertex -4.43433 21.3916 3
    endloop
  endfacet
  facet normal 0 0 1
    outer loop
      vertex 3.47006 30.4568 3
      vertex 1.68546 30.2219 3
      vertex 1.7 30 3
    endloop
  endfacet
  facet normal 0 0 1
    outer loop
      vertex 2.13066 32.7767 3
      vertex 1.64207 30.44 3
      vertex 1.68546 30.2219 3
    endloop
  endfacet
  facet normal 0 0 1
    outer loop
      vertex 2.13066 32.7767 3
      vertex 1.57059 30.6506 3
      vertex 1.64207 30.44 3
    endloop
  endfacet
  facet normal 0 0 1
    outer loop
      vertex 2.13066 32.7767 3
      vertex 1.47224 30.85 3
      vertex 1.57059 30.6506 3
    endloop
  endfacet
  facet normal 0 0 1
    outer loop
      vertex 2.13066 32.7767 3
      vertex 1.3487 31.0349 3
      vertex 1.47224 30.85 3
    endloop
  endfacet
  facet normal 0 0 1
    outer loop
      vertex 0.849999 31.4722 3
      vertex 1.75 33.0311 3
      vertex 1.33939 33.2336 3
    endloop
  endfacet
  facet normal 0 0 1
    outer loop
      vertex 2.13066 32.7767 3
      vertex 1.20208 31.2021 3
      vertex 1.3487 31.0349 3
    endloop
  endfacet
  facet normal 0 0 1
    outer loop
      vertex 2.13066 32.7767 3
      vertex 1.03489 31.3487 3
      vertex 1.20208 31.2021 3
    endloop
  endfacet
  facet normal 0 0 1
    outer loop
      vertex 0.650561 31.5706 3
      vertex 1.33939 33.2336 3
      vertex 0.905867 33.3807 3
    endloop
  endfacet
  facet normal 0 0 1
    outer loop
      vertex 1.75 33.0311 3
      vertex 0.849999 31.4722 3
      vertex 1.03489 31.3487 3
    endloop
  endfacet
  facet normal 0 0 1
    outer loop
      vertex 1.33939 33.2336 3
      vertex 0.650561 31.5706 3
      vertex 0.849999 31.4722 3
    endloop
  endfacet
  facet normal 0 0 1
    outer loop
      vertex 0.439992 31.6421 3
      vertex 0.905867 33.3807 3
      vertex 0.456841 33.4701 3
    endloop
  endfacet
  facet normal 0 0 1
    outer loop
      vertex 0.905867 33.3807 3
      vertex 0.439992 31.6421 3
      vertex 0.650561 31.5706 3
    endloop
  endfacet
  facet normal 0 0 1
    outer loop
      vertex 0.456841 33.4701 3
      vertex 0.221894 31.6855 3
      vertex 0.439992 31.6421 3
    endloop
  endfacet
  facet normal 0 0 1
    outer loop
      vertex 0 33.5 3
      vertex 0.221894 31.6855 3
      vertex 0.456841 33.4701 3
    endloop
  endfacet
  facet normal 0 0 1
    outer loop
      vertex 0 33.5 3
      vertex 0 31.7 3
      vertex 0.221894 31.6855 3
    endloop
  endfacet
  facet normal 0 0 1
    outer loop
      vertex 0 33.5 3
      vertex -0.221894 31.6855 3
      vertex 0 31.7 3
    endloop
  endfacet
  facet normal -0 0 1
    outer loop
      vertex -0.456841 33.4701 3
      vertex -0.221894 31.6855 3
      vertex 0 33.5 3
    endloop
  endfacet
  facet normal 0 0 1
    outer loop
      vertex -0.221894 31.6855 3
      vertex -0.456841 33.4701 3
      vertex -0.439992 31.6421 3
    endloop
  endfacet
  facet normal -0 0 1
    outer loop
      vertex -0.905867 33.3807 3
      vertex -0.439992 31.6421 3
      vertex -0.456841 33.4701 3
    endloop
  endfacet
  facet normal 0 0 1
    outer loop
      vertex -0.439992 31.6421 3
      vertex -0.905867 33.3807 3
      vertex -0.650561 31.5706 3
    endloop
  endfacet
  facet normal -0 0 1
    outer loop
      vertex -1.33939 33.2336 3
      vertex -0.650561 31.5706 3
      vertex -0.905867 33.3807 3
    endloop
  endfacet
  facet normal 0 0 1
    outer loop
      vertex -0.650561 31.5706 3
      vertex -1.33939 33.2336 3
      vertex -0.849999 31.4722 3
    endloop
  endfacet
  facet normal -0 0 1
    outer loop
      vertex -1.75 33.0311 3
      vertex -0.849999 31.4722 3
      vertex -1.33939 33.2336 3
    endloop
  endfacet
  facet normal 0 0 1
    outer loop
      vertex -0.849999 31.4722 3
      vertex -1.75 33.0311 3
      vertex -1.03489 31.3487 3
    endloop
  endfacet
  facet normal -0 0 1
    outer loop
      vertex -2.13066 32.7767 3
      vertex -1.03489 31.3487 3
      vertex -1.75 33.0311 3
    endloop
  endfacet
  facet normal 0 0 1
    outer loop
      vertex -1.03489 31.3487 3
      vertex -2.13066 32.7767 3
      vertex -1.20208 31.2021 3
    endloop
  endfacet
  facet normal -0 0 1
    outer loop
      vertex -2.47487 32.4749 3
      vertex -1.20208 31.2021 3
      vertex -2.13066 32.7767 3
    endloop
  endfacet
  facet normal 0 0 1
    outer loop
      vertex -1.20208 31.2021 3
      vertex -2.47487 32.4749 3
      vertex -1.3487 31.0349 3
    endloop
  endfacet
  facet normal -0 0 1
    outer loop
      vertex -2.77674 32.1307 3
      vertex -1.3487 31.0349 3
      vertex -2.47487 32.4749 3
    endloop
  endfacet
  facet normal -0 0 1
    outer loop
      vertex -3.03109 31.75 3
      vertex -1.47224 30.85 3
      vertex -2.77674 32.1307 3
    endloop
  endfacet
  facet normal 0 0 1
    outer loop
      vertex -1.3487 31.0349 3
      vertex -2.77674 32.1307 3
      vertex -1.47224 30.85 3
    endloop
  endfacet
  facet normal 0 0 1
    outer loop
      vertex 1.7 30 3
      vertex 3.5 30 3
      vertex 3.47006 30.4568 3
    endloop
  endfacet
  facet normal 0 0 1
    outer loop
      vertex 1.68546 30.2219 3
      vertex 3.47006 30.4568 3
      vertex 3.38074 30.9059 3
    endloop
  endfacet
  facet normal 0 0 1
    outer loop
      vertex 3.5 30 3
      vertex 1.7 30 3
      vertex 3.47006 29.5432 3
    endloop
  endfacet
  facet normal 0 0 1
    outer loop
      vertex 1.68546 30.2219 3
      vertex 3.38074 30.9059 3
      vertex 3.23358 31.3394 3
    endloop
  endfacet
  facet normal 0 0 1
    outer loop
      vertex 1.68546 30.2219 3
      vertex 3.23358 31.3394 3
      vertex 3.03109 31.75 3
    endloop
  endfacet
  facet normal 0 0 1
    outer loop
      vertex 1.68546 30.2219 3
      vertex 3.03109 31.75 3
      vertex 2.77674 32.1307 3
    endloop
  endfacet
  facet normal 0 0 1
    outer loop
      vertex 1.68546 30.2219 3
      vertex 2.77674 32.1307 3
      vertex 2.47487 32.4749 3
    endloop
  endfacet
  facet normal 0 0 1
    outer loop
      vertex 1.68546 30.2219 3
      vertex 2.47487 32.4749 3
      vertex 2.13066 32.7767 3
    endloop
  endfacet
  facet normal 0 0 1
    outer loop
      vertex 1.03489 31.3487 3
      vertex 2.13066 32.7767 3
      vertex 1.75 33.0311 3
    endloop
  endfacet
  facet normal -0 0 1
    outer loop
      vertex 1.68546 29.7781 3
      vertex 3.47006 29.5432 3
      vertex 1.7 30 3
    endloop
  endfacet
  facet normal 0 0 1
    outer loop
      vertex 3.47006 29.5432 3
      vertex 1.68546 29.7781 3
      vertex 3.38074 29.0941 3
    endloop
  endfacet
  facet normal -0 0 1
    outer loop
      vertex 1.64207 29.56 3
      vertex 3.38074 29.0941 3
      vertex 1.68546 29.7781 3
    endloop
  endfacet
  facet normal -0 0 1
    outer loop
      vertex 1.57059 29.3494 3
      vertex 3.38074 29.0941 3
      vertex 1.64207 29.56 3
    endloop
  endfacet
  facet normal -0 0 1
    outer loop
      vertex 1.47224 29.15 3
      vertex 3.38074 29.0941 3
      vertex 1.57059 29.3494 3
    endloop
  endfacet
  facet normal 0 0 1
    outer loop
      vertex 1.51433 20.6084 3
      vertex 3.38074 29.0941 3
      vertex 1.54 21 3
    endloop
  endfacet
  facet normal 0 0 1
    outer loop
      vertex 3.38074 29.0941 3
      vertex 1.51433 20.6084 3
      vertex 1.43778 20.2235 3
    endloop
  endfacet
  facet normal 0 0 1
    outer loop
      vertex -0.311951 18.2284 3
      vertex -0.311949 18.2284 3
      vertex 0.032961 18.3985 3
    endloop
  endfacet
  facet normal -0 0 1
    outer loop
      vertex -0.311951 18.2284 3
      vertex -0.683542 18.1022 3
      vertex -0.311949 18.2284 3
    endloop
  endfacet
  facet normal 0 0 1
    outer loop
      vertex -0.683543 18.1022 3
      vertex -0.683542 18.1022 3
      vertex -0.311951 18.2284 3
    endloop
  endfacet
  facet normal -0 0 1
    outer loop
      vertex -0.683543 18.1022 3
      vertex -1.06842 18.0257 3
      vertex -0.683542 18.1022 3
    endloop
  endfacet
  facet normal -0.980779 -0.195122 0
    outer loop
      vertex 1.68546 30.2219 0
      vertex 1.64207 30.44 3
      vertex 1.64207 30.44 0
    endloop
  endfacet
  facet normal -0.980779 -0.195122 0
    outer loop
      vertex 1.64207 30.44 3
      vertex 1.68546 30.2219 0
      vertex 1.68546 30.2219 3
    endloop
  endfacet
  facet normal -0.99786 -0.0653848 0
    outer loop
      vertex 1.7 30 0
      vertex 1.68546 30.2219 3
      vertex 1.68546 30.2219 0
    endloop
  endfacet
  facet normal -0.99786 -0.0653848 0
    outer loop
      vertex 1.68546 30.2219 3
      vertex 1.7 30 0
      vertex 1.7 30 3
    endloop
  endfacet
  facet normal -0.0652074 0.997872 0
    outer loop
      vertex 0.221894 28.3145 0
      vertex 0 28.3 3
      vertex 0.221894 28.3145 3
    endloop
  endfacet
  facet normal -0.0652074 0.997872 0
    outer loop
      vertex 0 28.3 3
      vertex 0.221894 28.3145 0
      vertex 0 28.3 0
    endloop
  endfacet
  facet normal 0.659291 -0.751888 0
    outer loop
      vertex -1.20208 31.2021 0
      vertex -1.03489 31.3487 3
      vertex -1.20208 31.2021 3
    endloop
  endfacet
  facet normal 0.659291 -0.751888 0
    outer loop
      vertex -1.03489 31.3487 3
      vertex -1.20208 31.2021 0
      vertex -1.03489 31.3487 0
    endloop
  endfacet
  facet normal 0.831483 0.555551 0
    outer loop
      vertex -1.3487 28.9651 3
      vertex -1.47224 29.15 0
      vertex -1.47224 29.15 3
    endloop
  endfacet
  facet normal 0.831483 0.555551 0
    outer loop
      vertex -1.47224 29.15 0
      vertex -1.3487 28.9651 3
      vertex -1.3487 28.9651 0
    endloop
  endfacet
  facet normal 0.195167 0.98077 -0
    outer loop
      vertex -0.221894 28.3145 0
      vertex -0.439992 28.3579 3
      vertex -0.221894 28.3145 3
    endloop
  endfacet
  facet normal 0.195167 0.98077 0
    outer loop
      vertex -0.439992 28.3579 3
      vertex -0.221894 28.3145 0
      vertex -0.439992 28.3579 0
    endloop
  endfacet
  facet normal -0.659291 -0.751888 0
    outer loop
      vertex 1.03489 31.3487 0
      vertex 1.20208 31.2021 3
      vertex 1.03489 31.3487 3
    endloop
  endfacet
  facet normal -0.659291 -0.751888 -0
    outer loop
      vertex 1.20208 31.2021 3
      vertex 1.03489 31.3487 0
      vertex 1.20208 31.2021 0
    endloop
  endfacet
  facet normal -0.946943 0.321403 0
    outer loop
      vertex 1.57059 29.3494 0
      vertex 1.64207 29.56 3
      vertex 1.64207 29.56 0
    endloop
  endfacet
  facet normal -0.946943 0.321403 0
    outer loop
      vertex 1.64207 29.56 3
      vertex 1.57059 29.3494 0
      vertex 1.57059 29.3494 3
    endloop
  endfacet
  facet normal -0.751863 0.659319 0
    outer loop
      vertex 1.20208 28.7979 0
      vertex 1.3487 28.9651 3
      vertex 1.3487 28.9651 0
    endloop
  endfacet
  facet normal -0.751863 0.659319 0
    outer loop
      vertex 1.3487 28.9651 3
      vertex 1.20208 28.7979 0
      vertex 1.20208 28.7979 3
    endloop
  endfacet
  facet normal -0.751863 -0.659319 0
    outer loop
      vertex 1.3487 31.0349 0
      vertex 1.20208 31.2021 3
      vertex 1.20208 31.2021 0
    endloop
  endfacet
  facet normal -0.751863 -0.659319 0
    outer loop
      vertex 1.20208 31.2021 3
      vertex 1.3487 31.0349 0
      vertex 1.3487 31.0349 3
    endloop
  endfacet
  facet normal 0.946943 0.321403 0
    outer loop
      vertex -1.57059 29.3494 3
      vertex -1.64207 29.56 0
      vertex -1.64207 29.56 3
    endloop
  endfacet
  facet normal 0.946943 0.321403 0
    outer loop
      vertex -1.64207 29.56 0
      vertex -1.57059 29.3494 3
      vertex -1.57059 29.3494 0
    endloop
  endfacet
  facet normal -0.321526 0.946901 0
    outer loop
      vertex 0.650561 28.4294 0
      vertex 0.439992 28.3579 3
      vertex 0.650561 28.4294 3
    endloop
  endfacet
  facet normal -0.321526 0.946901 0
    outer loop
      vertex 0.439992 28.3579 3
      vertex 0.650561 28.4294 0
      vertex 0.439992 28.3579 0
    endloop
  endfacet
  facet normal 0.0652074 0.997872 -0
    outer loop
      vertex 0 28.3 0
      vertex -0.221894 28.3145 3
      vertex 0 28.3 3
    endloop
  endfacet
  facet normal 0.0652074 0.997872 0
    outer loop
      vertex -0.221894 28.3145 3
      vertex 0 28.3 0
      vertex -0.221894 28.3145 0
    endloop
  endfacet
  facet normal 0.321526 -0.946901 0
    outer loop
      vertex -0.650561 31.5706 0
      vertex -0.439992 31.6421 3
      vertex -0.650561 31.5706 3
    endloop
  endfacet
  facet normal 0.321526 -0.946901 0
    outer loop
      vertex -0.439992 31.6421 3
      vertex -0.650561 31.5706 0
      vertex -0.439992 31.6421 0
    endloop
  endfacet
  facet normal -0.946943 -0.321403 0
    outer loop
      vertex 1.64207 30.44 0
      vertex 1.57059 30.6506 3
      vertex 1.57059 30.6506 0
    endloop
  endfacet
  facet normal -0.946943 -0.321403 0
    outer loop
      vertex 1.57059 30.6506 3
      vertex 1.64207 30.44 0
      vertex 1.64207 30.44 3
    endloop
  endfacet
  facet normal 0.751863 -0.659319 0
    outer loop
      vertex -1.3487 31.0349 3
      vertex -1.20208 31.2021 0
      vertex -1.20208 31.2021 3
    endloop
  endfacet
  facet normal 0.751863 -0.659319 0
    outer loop
      vertex -1.20208 31.2021 0
      vertex -1.3487 31.0349 3
      vertex -1.3487 31.0349 0
    endloop
  endfacet
  facet normal 0.442463 0.896787 -0
    outer loop
      vertex -0.650561 28.4294 0
      vertex -0.849999 28.5278 3
      vertex -0.650561 28.4294 3
    endloop
  endfacet
  facet normal 0.442463 0.896787 0
    outer loop
      vertex -0.849999 28.5278 3
      vertex -0.650561 28.4294 0
      vertex -0.849999 28.5278 0
    endloop
  endfacet
  facet normal 0.0652074 -0.997872 0
    outer loop
      vertex -0.221894 31.6855 0
      vertex 0 31.7 3
      vertex -0.221894 31.6855 3
    endloop
  endfacet
  facet normal 0.0652074 -0.997872 0
    outer loop
      vertex 0 31.7 3
      vertex -0.221894 31.6855 0
      vertex 0 31.7 0
    endloop
  endfacet
  facet normal -0.896843 0.442349 0
    outer loop
      vertex 1.47224 29.15 0
      vertex 1.57059 29.3494 3
      vertex 1.57059 29.3494 0
    endloop
  endfacet
  facet normal -0.896843 0.442349 0
    outer loop
      vertex 1.57059 29.3494 3
      vertex 1.47224 29.15 0
      vertex 1.47224 29.15 3
    endloop
  endfacet
  facet normal -0.555445 0.831553 0
    outer loop
      vertex 1.03489 28.6513 0
      vertex 0.849999 28.5278 3
      vertex 1.03489 28.6513 3
    endloop
  endfacet
  facet normal -0.555445 0.831553 0
    outer loop
      vertex 0.849999 28.5278 3
      vertex 1.03489 28.6513 0
      vertex 0.849999 28.5278 0
    endloop
  endfacet
  facet normal 0.980779 0.195122 0
    outer loop
      vertex -1.64207 29.56 3
      vertex -1.68546 29.7781 0
      vertex -1.68546 29.7781 3
    endloop
  endfacet
  facet normal 0.980779 0.195122 0
    outer loop
      vertex -1.68546 29.7781 0
      vertex -1.64207 29.56 3
      vertex -1.64207 29.56 0
    endloop
  endfacet
  facet normal -0.195167 -0.98077 0
    outer loop
      vertex 0.221894 31.6855 0
      vertex 0.439992 31.6421 3
      vertex 0.221894 31.6855 3
    endloop
  endfacet
  facet normal -0.195167 -0.98077 -0
    outer loop
      vertex 0.439992 31.6421 3
      vertex 0.221894 31.6855 0
      vertex 0.439992 31.6421 0
    endloop
  endfacet
  facet normal -0.831483 -0.555551 0
    outer loop
      vertex 1.47224 30.85 0
      vertex 1.3487 31.0349 3
      vertex 1.3487 31.0349 0
    endloop
  endfacet
  facet normal -0.831483 -0.555551 0
    outer loop
      vertex 1.3487 31.0349 3
      vertex 1.47224 30.85 0
      vertex 1.47224 30.85 3
    endloop
  endfacet
  facet normal -0.99786 0.0653848 0
    outer loop
      vertex 1.68546 29.7781 0
      vertex 1.7 30 3
      vertex 1.7 30 0
    endloop
  endfacet
  facet normal -0.99786 0.0653848 0
    outer loop
      vertex 1.7 30 3
      vertex 1.68546 29.7781 0
      vertex 1.68546 29.7781 3
    endloop
  endfacet
  facet normal -0.321526 -0.946901 0
    outer loop
      vertex 0.439992 31.6421 0
      vertex 0.650561 31.5706 3
      vertex 0.439992 31.6421 3
    endloop
  endfacet
  facet normal -0.321526 -0.946901 -0
    outer loop
      vertex 0.650561 31.5706 3
      vertex 0.439992 31.6421 0
      vertex 0.650561 31.5706 0
    endloop
  endfacet
  facet normal -0.555445 -0.831553 0
    outer loop
      vertex 0.849999 31.4722 0
      vertex 1.03489 31.3487 3
      vertex 0.849999 31.4722 3
    endloop
  endfacet
  facet normal -0.555445 -0.831553 -0
    outer loop
      vertex 1.03489 31.3487 3
      vertex 0.849999 31.4722 0
      vertex 1.03489 31.3487 0
    endloop
  endfacet
  facet normal 0.195167 -0.98077 0
    outer loop
      vertex -0.439992 31.6421 0
      vertex -0.221894 31.6855 3
      vertex -0.439992 31.6421 3
    endloop
  endfacet
  facet normal 0.195167 -0.98077 0
    outer loop
      vertex -0.221894 31.6855 3
      vertex -0.439992 31.6421 0
      vertex -0.221894 31.6855 0
    endloop
  endfacet
  facet normal -0.659291 0.751888 0
    outer loop
      vertex 1.20208 28.7979 0
      vertex 1.03489 28.6513 3
      vertex 1.20208 28.7979 3
    endloop
  endfacet
  facet normal -0.659291 0.751888 0
    outer loop
      vertex 1.03489 28.6513 3
      vertex 1.20208 28.7979 0
      vertex 1.03489 28.6513 0
    endloop
  endfacet
  facet normal 0.896843 -0.442349 0
    outer loop
      vertex -1.57059 30.6506 3
      vertex -1.47224 30.85 0
      vertex -1.47224 30.85 3
    endloop
  endfacet
  facet normal 0.896843 -0.442349 0
    outer loop
      vertex -1.47224 30.85 0
      vertex -1.57059 30.6506 3
      vertex -1.57059 30.6506 0
    endloop
  endfacet
  facet normal -0.980779 0.195122 0
    outer loop
      vertex 1.64207 29.56 0
      vertex 1.68546 29.7781 3
      vertex 1.68546 29.7781 0
    endloop
  endfacet
  facet normal -0.980779 0.195122 0
    outer loop
      vertex 1.68546 29.7781 3
      vertex 1.64207 29.56 0
      vertex 1.64207 29.56 3
    endloop
  endfacet
  facet normal -0.195167 0.98077 0
    outer loop
      vertex 0.439992 28.3579 0
      vertex 0.221894 28.3145 3
      vertex 0.439992 28.3579 3
    endloop
  endfacet
  facet normal -0.195167 0.98077 0
    outer loop
      vertex 0.221894 28.3145 3
      vertex 0.439992 28.3579 0
      vertex 0.221894 28.3145 0
    endloop
  endfacet
  facet normal 0.659291 0.751888 -0
    outer loop
      vertex -1.03489 28.6513 0
      vertex -1.20208 28.7979 3
      vertex -1.03489 28.6513 3
    endloop
  endfacet
  facet normal 0.659291 0.751888 0
    outer loop
      vertex -1.20208 28.7979 3
      vertex -1.03489 28.6513 0
      vertex -1.20208 28.7979 0
    endloop
  endfacet
  facet normal 0.751863 0.659319 0
    outer loop
      vertex -1.20208 28.7979 3
      vertex -1.3487 28.9651 0
      vertex -1.3487 28.9651 3
    endloop
  endfacet
  facet normal 0.751863 0.659319 0
    outer loop
      vertex -1.3487 28.9651 0
      vertex -1.20208 28.7979 3
      vertex -1.20208 28.7979 0
    endloop
  endfacet
  facet normal -0.0652074 -0.997872 0
    outer loop
      vertex 0 31.7 0
      vertex 0.221894 31.6855 3
      vertex 0 31.7 3
    endloop
  endfacet
  facet normal -0.0652074 -0.997872 -0
    outer loop
      vertex 0.221894 31.6855 3
      vertex 0 31.7 0
      vertex 0.221894 31.6855 0
    endloop
  endfacet
  facet normal -0.442463 -0.896787 0
    outer loop
      vertex 0.650561 31.5706 0
      vertex 0.849999 31.4722 3
      vertex 0.650561 31.5706 3
    endloop
  endfacet
  facet normal -0.442463 -0.896787 -0
    outer loop
      vertex 0.849999 31.4722 3
      vertex 0.650561 31.5706 0
      vertex 0.849999 31.4722 0
    endloop
  endfacet
  facet normal -0.831483 0.555551 0
    outer loop
      vertex 1.3487 28.9651 0
      vertex 1.47224 29.15 3
      vertex 1.47224 29.15 0
    endloop
  endfacet
  facet normal -0.831483 0.555551 0
    outer loop
      vertex 1.47224 29.15 3
      vertex 1.3487 28.9651 0
      vertex 1.3487 28.9651 3
    endloop
  endfacet
  facet normal 0.99786 0.0653848 0
    outer loop
      vertex -1.68546 29.7781 3
      vertex -1.7 30 0
      vertex -1.7 30 3
    endloop
  endfacet
  facet normal 0.99786 0.0653848 0
    outer loop
      vertex -1.7 30 0
      vertex -1.68546 29.7781 3
      vertex -1.68546 29.7781 0
    endloop
  endfacet
  facet normal -0.442463 0.896787 0
    outer loop
      vertex 0.849999 28.5278 0
      vertex 0.650561 28.4294 3
      vertex 0.849999 28.5278 3
    endloop
  endfacet
  facet normal -0.442463 0.896787 0
    outer loop
      vertex 0.650561 28.4294 3
      vertex 0.849999 28.5278 0
      vertex 0.650561 28.4294 0
    endloop
  endfacet
  facet normal 0.980779 -0.195122 0
    outer loop
      vertex -1.68546 30.2219 3
      vertex -1.64207 30.44 0
      vertex -1.64207 30.44 3
    endloop
  endfacet
  facet normal 0.980779 -0.195122 0
    outer loop
      vertex -1.64207 30.44 0
      vertex -1.68546 30.2219 3
      vertex -1.68546 30.2219 0
    endloop
  endfacet
  facet normal 0.896843 0.442349 0
    outer loop
      vertex -1.47224 29.15 3
      vertex -1.57059 29.3494 0
      vertex -1.57059 29.3494 3
    endloop
  endfacet
  facet normal 0.896843 0.442349 0
    outer loop
      vertex -1.57059 29.3494 0
      vertex -1.47224 29.15 3
      vertex -1.47224 29.15 0
    endloop
  endfacet
  facet normal 0.946943 -0.321403 0
    outer loop
      vertex -1.64207 30.44 3
      vertex -1.57059 30.6506 0
      vertex -1.57059 30.6506 3
    endloop
  endfacet
  facet normal 0.946943 -0.321403 0
    outer loop
      vertex -1.57059 30.6506 0
      vertex -1.64207 30.44 3
      vertex -1.64207 30.44 0
    endloop
  endfacet
  facet normal 0.555445 -0.831553 0
    outer loop
      vertex -1.03489 31.3487 0
      vertex -0.849999 31.4722 3
      vertex -1.03489 31.3487 3
    endloop
  endfacet
  facet normal 0.555445 -0.831553 0
    outer loop
      vertex -0.849999 31.4722 3
      vertex -1.03489 31.3487 0
      vertex -0.849999 31.4722 0
    endloop
  endfacet
  facet normal -0.896843 -0.442349 0
    outer loop
      vertex 1.57059 30.6506 0
      vertex 1.47224 30.85 3
      vertex 1.47224 30.85 0
    endloop
  endfacet
  facet normal -0.896843 -0.442349 0
    outer loop
      vertex 1.47224 30.85 3
      vertex 1.57059 30.6506 0
      vertex 1.57059 30.6506 3
    endloop
  endfacet
  facet normal 0.99786 -0.0653848 0
    outer loop
      vertex -1.7 30 3
      vertex -1.68546 30.2219 0
      vertex -1.68546 30.2219 3
    endloop
  endfacet
  facet normal 0.99786 -0.0653848 0
    outer loop
      vertex -1.68546 30.2219 0
      vertex -1.7 30 3
      vertex -1.7 30 0
    endloop
  endfacet
  facet normal 0.321526 0.946901 -0
    outer loop
      vertex -0.439992 28.3579 0
      vertex -0.650561 28.4294 3
      vertex -0.439992 28.3579 3
    endloop
  endfacet
  facet normal 0.321526 0.946901 0
    outer loop
      vertex -0.650561 28.4294 3
      vertex -0.439992 28.3579 0
      vertex -0.650561 28.4294 0
    endloop
  endfacet
  facet normal 0.442463 -0.896787 0
    outer loop
      vertex -0.849999 31.4722 0
      vertex -0.650561 31.5706 3
      vertex -0.849999 31.4722 3
    endloop
  endfacet
  facet normal 0.442463 -0.896787 0
    outer loop
      vertex -0.650561 31.5706 3
      vertex -0.849999 31.4722 0
      vertex -0.650561 31.5706 0
    endloop
  endfacet
  facet normal 0.831483 -0.555551 0
    outer loop
      vertex -1.47224 30.85 3
      vertex -1.3487 31.0349 0
      vertex -1.3487 31.0349 3
    endloop
  endfacet
  facet normal 0.831483 -0.555551 0
    outer loop
      vertex -1.3487 31.0349 0
      vertex -1.47224 30.85 3
      vertex -1.47224 30.85 0
    endloop
  endfacet
  facet normal 0.555445 0.831553 -0
    outer loop
      vertex -0.849999 28.5278 0
      vertex -1.03489 28.6513 3
      vertex -0.849999 28.5278 3
    endloop
  endfacet
  facet normal 0.555445 0.831553 0
    outer loop
      vertex -1.03489 28.6513 3
      vertex -0.849999 28.5278 0
      vertex -1.03489 28.6513 0
    endloop
  endfacet
  facet normal 0.980813 0.19495 0
    outer loop
      vertex 33.2543 9.39158 4
      vertex 33.1778 9.77646 3
      vertex 33.1778 9.77646 4
    endloop
  endfacet
  facet normal 0.980813 0.19495 0
    outer loop
      vertex 33.1778 9.77646 3
      vertex 33.2543 9.39158 4
      vertex 33.2543 9.39158 3
    endloop
  endfacet
  facet normal 0.997854 0.065476 0
    outer loop
      vertex 33.2543 9.39158 4
      vertex 33.2728 9.10964 3
      vertex 33.2543 9.39158 3
    endloop
  endfacet
  facet normal 0.997853 0.0654906 -4.14859e-06
    outer loop
      vertex 33.28 9 4
      vertex 33.2728 9.10964 3
      vertex 33.2543 9.39158 4
    endloop
  endfacet
  facet normal 0.997851 0.0655283 -0
    outer loop
      vertex 33.28 9 2.99
      vertex 33.2728 9.10964 3
      vertex 33.28 9 4
    endloop
  endfacet
  facet normal 0.997851 0.0655283 0
    outer loop
      vertex 33.2728 9.10964 3
      vertex 33.28 9 2.99
      vertex 33.2728 9.10964 2.99
    endloop
  endfacet
  facet normal 0.980813 -0.19495 0
    outer loop
      vertex 33.1778 8.22354 4
      vertex 33.2543 8.60842 3
      vertex 33.2543 8.60842 4
    endloop
  endfacet
  facet normal 0.980813 -0.19495 0
    outer loop
      vertex 33.2543 8.60842 3
      vertex 33.1778 8.22354 4
      vertex 33.1778 8.22354 3
    endloop
  endfacet
  facet normal -0.751768 -0.659428 0
    outer loop
      vertex 28.1587 6.87868 3
      vertex 27.8999 7.17372 4
      vertex 27.8999 7.17372 3
    endloop
  endfacet
  facet normal -0.751768 -0.659428 0
    outer loop
      vertex 27.8999 7.17372 4
      vertex 28.1587 6.87868 3
      vertex 28.1587 6.87868 4
    endloop
  endfacet
  facet normal 0 0 1
    outer loop
      vertex 31.28 9 4
      vertex 33.28 9 4
      vertex 33.2543 9.39158 4
    endloop
  endfacet
  facet normal 0 0 1
    outer loop
      vertex 31.2714 9.13053 4
      vertex 33.2543 9.39158 4
      vertex 33.1778 9.77646 4
    endloop
  endfacet
  facet normal 0 0 1
    outer loop
      vertex 33.28 9 4
      vertex 31.28 9 4
      vertex 33.2543 8.60842 4
    endloop
  endfacet
  facet normal 0 0 1
    outer loop
      vertex 31.2459 9.25882 4
      vertex 33.1778 9.77646 4
      vertex 33.0516 10.148 4
    endloop
  endfacet
  facet normal -0 0 1
    outer loop
      vertex 31.2714 8.86947 4
      vertex 33.2543 8.60842 4
      vertex 31.28 9 4
    endloop
  endfacet
  facet normal 0 0 1
    outer loop
      vertex 31.2039 9.38268 4
      vertex 33.0516 10.148 4
      vertex 32.8781 10.5 4
    endloop
  endfacet
  facet normal 0 0 1
    outer loop
      vertex 33.2543 8.60842 4
      vertex 31.2714 8.86947 4
      vertex 33.1778 8.22354 4
    endloop
  endfacet
  facet normal 0 0 1
    outer loop
      vertex 31.146 9.5 4
      vertex 32.8781 10.5 4
      vertex 32.6601 10.8263 4
    endloop
  endfacet
  facet normal -0 0 1
    outer loop
      vertex 31.2459 8.74118 4
      vertex 33.1778 8.22354 4
      vertex 31.2714 8.86947 4
    endloop
  endfacet
  facet normal 0 0 1
    outer loop
      vertex 31.0734 9.60876 4
      vertex 32.6601 10.8263 4
      vertex 32.4013 11.1213 4
    endloop
  endfacet
  facet normal 0 0 1
    outer loop
      vertex 33.1778 8.22354 4
      vertex 31.2459 8.74118 4
      vertex 33.0516 7.85195 4
    endloop
  endfacet
  facet normal 0 0 1
    outer loop
      vertex 30.9871 9.70711 4
      vertex 32.4013 11.1213 4
      vertex 32.1063 11.3801 4
    endloop
  endfacet
  facet normal -0 0 1
    outer loop
      vertex 31.2039 8.61732 4
      vertex 33.0516 7.85195 4
      vertex 31.2459 8.74118 4
    endloop
  endfacet
  facet normal 0 0 1
    outer loop
      vertex 30.8888 9.79335 4
      vertex 32.1063 11.3801 4
      vertex 31.78 11.5981 4
    endloop
  endfacet
  facet normal 0 0 1
    outer loop
      vertex 33.0516 7.85195 4
      vertex 31.2039 8.61732 4
      vertex 32.8781 7.5 4
    endloop
  endfacet
  facet normal 0 0 1
    outer loop
      vertex 30.78 9.86602 4
      vertex 31.78 11.5981 4
      vertex 31.428 11.7716 4
    endloop
  endfacet
  facet normal -0 0 1
    outer loop
      vertex 31.146 8.5 4
      vertex 32.8781 7.5 4
      vertex 31.2039 8.61732 4
    endloop
  endfacet
  facet normal 0 0 1
    outer loop
      vertex 32.8781 7.5 4
      vertex 31.146 8.5 4
      vertex 32.6601 7.17372 4
    endloop
  endfacet
  facet normal 0 0 1
    outer loop
      vertex 33.2543 9.39158 4
      vertex 31.2714 9.13053 4
      vertex 31.28 9 4
    endloop
  endfacet
  facet normal 0 0 1
    outer loop
      vertex 33.1778 9.77646 4
      vertex 31.2459 9.25882 4
      vertex 31.2714 9.13053 4
    endloop
  endfacet
  facet normal 0 0 1
    outer loop
      vertex 33.0516 10.148 4
      vertex 31.2039 9.38268 4
      vertex 31.2459 9.25882 4
    endloop
  endfacet
  facet normal 0 0 1
    outer loop
      vertex 32.8781 10.5 4
      vertex 31.146 9.5 4
      vertex 31.2039 9.38268 4
    endloop
  endfacet
  facet normal 0 0 1
    outer loop
      vertex 32.6601 10.8263 4
      vertex 31.0734 9.60876 4
      vertex 31.146 9.5 4
    endloop
  endfacet
  facet normal 0 0 1
    outer loop
      vertex 30.6627 9.92388 4
      vertex 31.428 11.7716 4
      vertex 31.0565 11.8978 4
    endloop
  endfacet
  facet normal 0 0 1
    outer loop
      vertex 32.4013 11.1213 4
      vertex 30.9871 9.70711 4
      vertex 31.0734 9.60876 4
    endloop
  endfacet
  facet normal 0 0 1
    outer loop
      vertex 32.1063 11.3801 4
      vertex 30.8888 9.79335 4
      vertex 30.9871 9.70711 4
    endloop
  endfacet
  facet normal 0 0 1
    outer loop
      vertex 31.78 11.5981 4
      vertex 30.78 9.86602 4
      vertex 30.8888 9.79335 4
    endloop
  endfacet
  facet normal 0 0 1
    outer loop
      vertex 30.5388 9.96593 4
      vertex 31.0565 11.8978 4
      vertex 30.6716 11.9743 4
    endloop
  endfacet
  facet normal 0 0 1
    outer loop
      vertex 31.428 11.7716 4
      vertex 30.6627 9.92388 4
      vertex 30.78 9.86602 4
    endloop
  endfacet
  facet normal 0 0 1
    outer loop
      vertex 31.0565 11.8978 4
      vertex 30.5388 9.96593 4
      vertex 30.6627 9.92388 4
    endloop
  endfacet
  facet normal 0 0 1
    outer loop
      vertex 30.6716 11.9743 4
      vertex 30.4105 9.99144 4
      vertex 30.5388 9.96593 4
    endloop
  endfacet
  facet normal 0 0 1
    outer loop
      vertex 30.28 12 4
      vertex 30.4105 9.99144 4
      vertex 30.6716 11.9743 4
    endloop
  endfacet
  facet normal 0 0 1
    outer loop
      vertex 30.28 12 4
      vertex 30.28 10 4
      vertex 30.4105 9.99144 4
    endloop
  endfacet
  facet normal 0 0 1
    outer loop
      vertex 30.28 12 4
      vertex 30.1495 9.99144 4
      vertex 30.28 10 4
    endloop
  endfacet
  facet normal -0 0 1
    outer loop
      vertex 29.8884 11.9743 4
      vertex 30.1495 9.99144 4
      vertex 30.28 12 4
    endloop
  endfacet
  facet normal 0 0 1
    outer loop
      vertex 30.1495 9.99144 4
      vertex 29.8884 11.9743 4
      vertex 30.0212 9.96593 4
    endloop
  endfacet
  facet normal -0 0 1
    outer loop
      vertex 29.5035 11.8978 4
      vertex 30.0212 9.96593 4
      vertex 29.8884 11.9743 4
    endloop
  endfacet
  facet normal 0 0 1
    outer loop
      vertex 30.0212 9.96593 4
      vertex 29.5035 11.8978 4
      vertex 29.8973 9.92388 4
    endloop
  endfacet
  facet normal -0 0 1
    outer loop
      vertex 29.132 11.7716 4
      vertex 29.8973 9.92388 4
      vertex 29.5035 11.8978 4
    endloop
  endfacet
  facet normal 0 0 1
    outer loop
      vertex 29.8973 9.92388 4
      vertex 29.132 11.7716 4
      vertex 29.78 9.86602 4
    endloop
  endfacet
  facet normal -0 0 1
    outer loop
      vertex 28.78 11.5981 4
      vertex 29.78 9.86602 4
      vertex 29.132 11.7716 4
    endloop
  endfacet
  facet normal 0 0 1
    outer loop
      vertex 29.78 9.86602 4
      vertex 28.78 11.5981 4
      vertex 29.6712 9.79335 4
    endloop
  endfacet
  facet normal -0 0 1
    outer loop
      vertex 28.4537 11.3801 4
      vertex 29.6712 9.79335 4
      vertex 28.78 11.5981 4
    endloop
  endfacet
  facet normal 0 0 1
    outer loop
      vertex 29.6712 9.79335 4
      vertex 28.4537 11.3801 4
      vertex 29.5729 9.70711 4
    endloop
  endfacet
  facet normal -0 0 1
    outer loop
      vertex 28.1587 11.1213 4
      vertex 29.5729 9.70711 4
      vertex 28.4537 11.3801 4
    endloop
  endfacet
  facet normal 0 0 1
    outer loop
      vertex 29.5729 9.70711 4
      vertex 28.1587 11.1213 4
      vertex 29.4866 9.60876 4
    endloop
  endfacet
  facet normal 0 0 1
    outer loop
      vertex 29.4866 9.60876 4
      vertex 27.8999 10.8263 4
      vertex 29.414 9.5 4
    endloop
  endfacet
  facet normal -0 0 1
    outer loop
      vertex 27.8999 10.8263 4
      vertex 29.4866 9.60876 4
      vertex 28.1587 11.1213 4
    endloop
  endfacet
  facet normal -0 0 1
    outer loop
      vertex 31.0734 8.39124 4
      vertex 32.6601 7.17372 4
      vertex 31.146 8.5 4
    endloop
  endfacet
  facet normal 0 0 1
    outer loop
      vertex 32.6601 7.17372 4
      vertex 31.0734 8.39124 4
      vertex 32.4013 6.87868 4
    endloop
  endfacet
  facet normal -0 0 1
    outer loop
      vertex 30.9871 8.29289 4
      vertex 32.4013 6.87868 4
      vertex 31.0734 8.39124 4
    endloop
  endfacet
  facet normal 0 0 1
    outer loop
      vertex 32.4013 6.87868 4
      vertex 30.9871 8.29289 4
      vertex 32.1063 6.61994 4
    endloop
  endfacet
  facet normal -0 0 1
    outer loop
      vertex 30.8888 8.20665 4
      vertex 32.1063 6.61994 4
      vertex 30.9871 8.29289 4
    endloop
  endfacet
  facet normal 0 0 1
    outer loop
      vertex 32.1063 6.61994 4
      vertex 30.8888 8.20665 4
      vertex 31.78 6.40192 4
    endloop
  endfacet
  facet normal -0 0 1
    outer loop
      vertex 30.78 8.13398 4
      vertex 31.78 6.40192 4
      vertex 30.8888 8.20665 4
    endloop
  endfacet
  facet normal 0 0 1
    outer loop
      vertex 31.78 6.40192 4
      vertex 30.78 8.13398 4
      vertex 31.428 6.22836 4
    endloop
  endfacet
  facet normal -0 0 1
    outer loop
      vertex 30.6627 8.07612 4
      vertex 31.428 6.22836 4
      vertex 30.78 8.13398 4
    endloop
  endfacet
  facet normal 0 0 1
    outer loop
      vertex 31.428 6.22836 4
      vertex 30.6627 8.07612 4
      vertex 31.0565 6.10222 4
    endloop
  endfacet
  facet normal -0 0 1
    outer loop
      vertex 30.5388 8.03407 4
      vertex 31.0565 6.10222 4
      vertex 30.6627 8.07612 4
    endloop
  endfacet
  facet normal 0 0 1
    outer loop
      vertex 31.0565 6.10222 4
      vertex 30.5388 8.03407 4
      vertex 30.6716 6.02567 4
    endloop
  endfacet
  facet normal -0 0 1
    outer loop
      vertex 30.4105 8.00856 4
      vertex 30.6716 6.02567 4
      vertex 30.5388 8.03407 4
    endloop
  endfacet
  facet normal -0 0 1
    outer loop
      vertex 30.28 8 4
      vertex 30.6716 6.02567 4
      vertex 30.4105 8.00856 4
    endloop
  endfacet
  facet normal 0 0 1
    outer loop
      vertex 30.28 8 4
      vertex 30.28 6 4
      vertex 30.6716 6.02567 4
    endloop
  endfacet
  facet normal 0 0 1
    outer loop
      vertex 30.1495 8.00856 4
      vertex 30.28 6 4
      vertex 30.28 8 4
    endloop
  endfacet
  facet normal 0 0 1
    outer loop
      vertex 29.8884 6.02567 4
      vertex 30.1495 8.00856 4
      vertex 30.0212 8.03407 4
    endloop
  endfacet
  facet normal 0 0 1
    outer loop
      vertex 29.5035 6.10222 4
      vertex 30.0212 8.03407 4
      vertex 29.8973 8.07612 4
    endloop
  endfacet
  facet normal 0 0 1
    outer loop
      vertex 30.1495 8.00856 4
      vertex 29.8884 6.02567 4
      vertex 30.28 6 4
    endloop
  endfacet
  facet normal 0 0 1
    outer loop
      vertex 29.132 6.22836 4
      vertex 29.8973 8.07612 4
      vertex 29.78 8.13398 4
    endloop
  endfacet
  facet normal 0 0 1
    outer loop
      vertex 28.78 6.40192 4
      vertex 29.78 8.13398 4
      vertex 29.6712 8.20665 4
    endloop
  endfacet
  facet normal 0 0 1
    outer loop
      vertex 28.4537 6.61994 4
      vertex 29.6712 8.20665 4
      vertex 29.5729 8.29289 4
    endloop
  endfacet
  facet normal 0 0 1
    outer loop
      vertex 30.0212 8.03407 4
      vertex 29.5035 6.10222 4
      vertex 29.8884 6.02567 4
    endloop
  endfacet
  facet normal 0 0 1
    outer loop
      vertex 28.1587 6.87868 4
      vertex 29.5729 8.29289 4
      vertex 29.4866 8.39124 4
    endloop
  endfacet
  facet normal 0 0 1
    outer loop
      vertex 27.8999 7.17372 4
      vertex 29.4866 8.39124 4
      vertex 29.414 8.5 4
    endloop
  endfacet
  facet normal 0 0 1
    outer loop
      vertex 27.6819 7.5 4
      vertex 29.414 8.5 4
      vertex 29.3561 8.61732 4
    endloop
  endfacet
  facet normal 0 0 1
    outer loop
      vertex 27.5084 7.85195 4
      vertex 29.3561 8.61732 4
      vertex 29.3141 8.74118 4
    endloop
  endfacet
  facet normal 0 0 1
    outer loop
      vertex 27.3822 8.22354 4
      vertex 29.3141 8.74118 4
      vertex 29.2886 8.86947 4
    endloop
  endfacet
  facet normal 0 0 1
    outer loop
      vertex 29.8973 8.07612 4
      vertex 29.132 6.22836 4
      vertex 29.5035 6.10222 4
    endloop
  endfacet
  facet normal 0 0 1
    outer loop
      vertex 27.3057 8.60842 4
      vertex 29.2886 8.86947 4
      vertex 29.28 9 4
    endloop
  endfacet
  facet normal -0 0 1
    outer loop
      vertex 27.6819 10.5 4
      vertex 29.414 9.5 4
      vertex 27.8999 10.8263 4
    endloop
  endfacet
  facet normal 0 0 1
    outer loop
      vertex 29.414 9.5 4
      vertex 27.6819 10.5 4
      vertex 29.3561 9.38268 4
    endloop
  endfacet
  facet normal 0 0 1
    outer loop
      vertex 29.78 8.13398 4
      vertex 28.78 6.40192 4
      vertex 29.132 6.22836 4
    endloop
  endfacet
  facet normal -0 0 1
    outer loop
      vertex 27.5084 10.148 4
      vertex 29.3561 9.38268 4
      vertex 27.6819 10.5 4
    endloop
  endfacet
  facet normal 0 0 1
    outer loop
      vertex 29.6712 8.20665 4
      vertex 28.4537 6.61994 4
      vertex 28.78 6.40192 4
    endloop
  endfacet
  facet normal 0 0 1
    outer loop
      vertex 29.3561 9.38268 4
      vertex 27.5084 10.148 4
      vertex 29.3141 9.25882 4
    endloop
  endfacet
  facet normal 0 0 1
    outer loop
      vertex 29.5729 8.29289 4
      vertex 28.1587 6.87868 4
      vertex 28.4537 6.61994 4
    endloop
  endfacet
  facet normal -0 0 1
    outer loop
      vertex 27.3822 9.77646 4
      vertex 29.3141 9.25882 4
      vertex 27.5084 10.148 4
    endloop
  endfacet
  facet normal 0 0 1
    outer loop
      vertex 29.4866 8.39124 4
      vertex 27.8999 7.17372 4
      vertex 28.1587 6.87868 4
    endloop
  endfacet
  facet normal 0 0 1
    outer loop
      vertex 29.3141 9.25882 4
      vertex 27.3822 9.77646 4
      vertex 29.2886 9.13053 4
    endloop
  endfacet
  facet normal 0 0 1
    outer loop
      vertex 29.414 8.5 4
      vertex 27.6819 7.5 4
      vertex 27.8999 7.17372 4
    endloop
  endfacet
  facet normal -0 0 1
    outer loop
      vertex 27.3057 9.39158 4
      vertex 29.2886 9.13053 4
      vertex 27.3822 9.77646 4
    endloop
  endfacet
  facet normal 0 0 1
    outer loop
      vertex 29.3561 8.61732 4
      vertex 27.5084 7.85195 4
      vertex 27.6819 7.5 4
    endloop
  endfacet
  facet normal 0 0 1
    outer loop
      vertex 29.2886 9.13053 4
      vertex 27.3057 9.39158 4
      vertex 29.28 9 4
    endloop
  endfacet
  facet normal 0 0 1
    outer loop
      vertex 29.3141 8.74118 4
      vertex 27.3822 8.22354 4
      vertex 27.5084 7.85195 4
    endloop
  endfacet
  facet normal 0 0 1
    outer loop
      vertex 27.28 9 4
      vertex 29.28 9 4
      vertex 27.3057 9.39158 4
    endloop
  endfacet
  facet normal 0 0 1
    outer loop
      vertex 29.2886 8.86947 4
      vertex 27.3057 8.60842 4
      vertex 27.3822 8.22354 4
    endloop
  endfacet
  facet normal 0 0 1
    outer loop
      vertex 29.28 9 4
      vertex 27.28 9 4
      vertex 27.3057 8.60842 4
    endloop
  endfacet
  facet normal 0.83156 0.555435 0
    outer loop
      vertex 32.6601 10.8263 4
      vertex 32.817 10.5914 3
      vertex 32.6601 10.8263 3
    endloop
  endfacet
  facet normal 0.831501 0.555523 -2.98912e-05
    outer loop
      vertex 32.8781 10.5 4
      vertex 32.817 10.5914 3
      vertex 32.6601 10.8263 4
    endloop
  endfacet
  facet normal 0.83135 0.555749 -0
    outer loop
      vertex 32.8781 10.5 2.99
      vertex 32.817 10.5914 3
      vertex 32.8781 10.5 4
    endloop
  endfacet
  facet normal 0.83135 0.555749 0
    outer loop
      vertex 32.817 10.5914 3
      vertex 32.8781 10.5 2.99
      vertex 32.817 10.5914 2.99
    endloop
  endfacet
  facet normal 0.555435 0.83156 0
    outer loop
      vertex 31.8714 11.537 3
      vertex 32.1063 11.3801 4
      vertex 32.1063 11.3801 3
    endloop
  endfacet
  facet normal 0.555523 0.831501 -2.98912e-05
    outer loop
      vertex 32.1063 11.3801 4
      vertex 31.8714 11.537 3
      vertex 31.78 11.5981 4
    endloop
  endfacet
  facet normal 0.555749 0.83135 0
    outer loop
      vertex 31.78 11.5981 2.99
      vertex 31.8714 11.537 3
      vertex 31.8714 11.537 2.99
    endloop
  endfacet
  facet normal 0.555749 0.83135 0
    outer loop
      vertex 31.8714 11.537 3
      vertex 31.78 11.5981 2.99
      vertex 31.78 11.5981 4
    endloop
  endfacet
  facet normal 0.896913 -0.442207 0
    outer loop
      vertex 33.0516 7.85195 4
      vertex 32.9766 7.69983 3
      vertex 33.0516 7.85195 3
    endloop
  endfacet
  facet normal 0.896936 -0.44216 -8.74127e-06
    outer loop
      vertex 32.8781 7.5 4
      vertex 32.9766 7.69983 3
      vertex 33.0516 7.85195 4
    endloop
  endfacet
  facet normal 0.896953 -0.442125 0
    outer loop
      vertex 32.8781 7.5 2.99
      vertex 32.9766 7.69983 3
      vertex 32.8781 7.5 4
    endloop
  endfacet
  facet normal 0.896953 -0.442125 0
    outer loop
      vertex 32.9766 7.69983 3
      vertex 32.8781 7.5 2.99
      vertex 32.9766 7.69983 2.99
    endloop
  endfacet
  facet normal 0.997887 -0.0649742 0
    outer loop
      vertex 33.28 9 4
      vertex 33.2733 8.8971 3
      vertex 33.28 9 2.99
    endloop
  endfacet
  facet normal 0.997853 -0.0654906 5.33711e-05
    outer loop
      vertex 33.2543 8.60842 4
      vertex 33.2733 8.8971 3
      vertex 33.28 9 4
    endloop
  endfacet
  facet normal 0.997841 -0.0656747 0
    outer loop
      vertex 33.2733 8.8971 3
      vertex 33.2543 8.60842 4
      vertex 33.2543 8.60842 3
    endloop
  endfacet
  facet normal 0.997887 -0.0649742 0
    outer loop
      vertex 33.28 9 2.99
      vertex 33.2733 8.8971 3
      vertex 33.2733 8.8971 2.99
    endloop
  endfacet
  facet normal 0.321744 0.946827 0
    outer loop
      vertex 31.1605 11.8625 3
      vertex 31.428 11.7716 4
      vertex 31.428 11.7716 3
    endloop
  endfacet
  facet normal 0.321651 0.946858 2.76539e-05
    outer loop
      vertex 31.428 11.7716 4
      vertex 31.1605 11.8625 3
      vertex 31.0565 11.8978 4
    endloop
  endfacet
  facet normal 0.321413 0.946939 0
    outer loop
      vertex 31.0565 11.8978 2.99
      vertex 31.1605 11.8625 3
      vertex 31.1605 11.8625 2.99
    endloop
  endfacet
  facet normal 0.321413 0.946939 0
    outer loop
      vertex 31.1605 11.8625 3
      vertex 31.0565 11.8978 2.99
      vertex 31.0565 11.8978 4
    endloop
  endfacet
  facet normal -0.896961 0.44211 0
    outer loop
      vertex 27.5084 10.148 3
      vertex 27.6819 10.5 4
      vertex 27.6819 10.5 3
    endloop
  endfacet
  facet normal -0.896961 0.44211 0
    outer loop
      vertex 27.6819 10.5 4
      vertex 27.5084 10.148 3
      vertex 27.5084 10.148 4
    endloop
  endfacet
  facet normal -0.659478 0.751724 0
    outer loop
      vertex 28.4537 11.3801 3
      vertex 28.1587 11.1213 4
      vertex 28.4537 11.3801 4
    endloop
  endfacet
  facet normal -0.659478 0.751724 0
    outer loop
      vertex 28.1587 11.1213 4
      vertex 28.4537 11.3801 3
      vertex 28.1587 11.1213 3
    endloop
  endfacet
  facet normal 0.321514 -0.946905 0
    outer loop
      vertex 31.0565 6.10222 3
      vertex 31.428 6.22836 4
      vertex 31.0565 6.10222 4
    endloop
  endfacet
  facet normal 0.321514 -0.946905 0
    outer loop
      vertex 31.428 6.22836 4
      vertex 31.0565 6.10222 3
      vertex 31.428 6.22836 3
    endloop
  endfacet
  facet normal -0.997853 -0.0654906 0
    outer loop
      vertex 27.3057 8.60842 3
      vertex 27.28 9 4
      vertex 27.28 9 3
    endloop
  endfacet
  facet normal -0.997853 -0.0654906 0
    outer loop
      vertex 27.28 9 4
      vertex 27.3057 8.60842 3
      vertex 27.3057 8.60842 4
    endloop
  endfacet
  facet normal -0.659392 -0.751799 0
    outer loop
      vertex 28.1587 6.87868 3
      vertex 28.4537 6.61994 4
      vertex 28.1587 6.87868 4
    endloop
  endfacet
  facet normal -0.659392 -0.751799 -0
    outer loop
      vertex 28.4537 6.61994 4
      vertex 28.1587 6.87868 3
      vertex 28.4537 6.61994 3
    endloop
  endfacet
  facet normal -0.321651 0.946858 0
    outer loop
      vertex 29.5035 11.8978 3
      vertex 29.132 11.7716 4
      vertex 29.5035 11.8978 4
    endloop
  endfacet
  facet normal -0.321651 0.946858 0
    outer loop
      vertex 29.132 11.7716 4
      vertex 29.5035 11.8978 3
      vertex 29.132 11.7716 3
    endloop
  endfacet
  facet normal -0.831485 -0.555547 0
    outer loop
      vertex 27.8999 7.17372 3
      vertex 27.6819 7.5 4
      vertex 27.6819 7.5 3
    endloop
  endfacet
  facet normal -0.831485 -0.555547 0
    outer loop
      vertex 27.6819 7.5 4
      vertex 27.8999 7.17372 3
      vertex 27.8999 7.17372 4
    endloop
  endfacet
  facet normal -0.555523 0.831501 0
    outer loop
      vertex 28.78 11.5981 3
      vertex 28.4537 11.3801 4
      vertex 28.78 11.5981 4
    endloop
  endfacet
  facet normal -0.555523 0.831501 0
    outer loop
      vertex 28.4537 11.3801 4
      vertex 28.78 11.5981 3
      vertex 28.4537 11.3801 3
    endloop
  endfacet
  facet normal -0.997853 0.0654906 0
    outer loop
      vertex 27.28 9 3
      vertex 27.3057 9.39158 4
      vertex 27.3057 9.39158 3
    endloop
  endfacet
  facet normal -0.997853 0.0654906 0
    outer loop
      vertex 27.3057 9.39158 4
      vertex 27.28 9 3
      vertex 27.28 9 4
    endloop
  endfacet
  facet normal 0.19494 0.980815 -2.50746e-05
    outer loop
      vertex 31.0565 11.8978 4
      vertex 30.9487 11.9192 3
      vertex 30.6716 11.9743 4
    endloop
  endfacet
  facet normal 0.194716 0.98086 -0
    outer loop
      vertex 31.0565 11.8978 2.99
      vertex 30.9487 11.9192 3
      vertex 31.0565 11.8978 4
    endloop
  endfacet
  facet normal 0.194716 0.98086 0
    outer loop
      vertex 30.9487 11.9192 3
      vertex 31.0565 11.8978 2.99
      vertex 30.9487 11.9192 2.99
    endloop
  endfacet
  facet normal 0.195027 0.980798 0
    outer loop
      vertex 30.6716 11.9743 4
      vertex 30.9487 11.9192 3
      vertex 30.6716 11.9743 3
    endloop
  endfacet
  facet normal -0.44211 0.896961 0
    outer loop
      vertex 29.132 11.7716 3
      vertex 28.78 11.5981 4
      vertex 29.132 11.7716 4
    endloop
  endfacet
  facet normal -0.44211 0.896961 0
    outer loop
      vertex 28.78 11.5981 4
      vertex 29.132 11.7716 3
      vertex 28.78 11.5981 3
    endloop
  endfacet
  facet normal 0.0654112 -0.997858 0
    outer loop
      vertex 30.28 6 3
      vertex 30.6716 6.02567 4
      vertex 30.28 6 4
    endloop
  endfacet
  facet normal 0.0654112 -0.997858 0
    outer loop
      vertex 30.6716 6.02567 4
      vertex 30.28 6 3
      vertex 30.6716 6.02567 3
    endloop
  endfacet
  facet normal 0.659392 -0.751799 0
    outer loop
      vertex 32.1063 6.61994 3
      vertex 32.4013 6.87868 4
      vertex 32.1063 6.61994 4
    endloop
  endfacet
  facet normal 0.659392 -0.751799 0
    outer loop
      vertex 32.4013 6.87868 4
      vertex 32.1063 6.61994 3
      vertex 32.4013 6.87868 3
    endloop
  endfacet
  facet normal -0.946882 -0.321582 0
    outer loop
      vertex 27.5084 7.85195 3
      vertex 27.3822 8.22354 4
      vertex 27.3822 8.22354 3
    endloop
  endfacet
  facet normal -0.946882 -0.321582 0
    outer loop
      vertex 27.3822 8.22354 4
      vertex 27.5084 7.85195 3
      vertex 27.5084 7.85195 4
    endloop
  endfacet
  facet normal 0.946882 -0.321582 0
    outer loop
      vertex 33.0516 7.85195 4
      vertex 33.1778 8.22354 3
      vertex 33.1778 8.22354 4
    endloop
  endfacet
  facet normal 0.946882 -0.321582 0
    outer loop
      vertex 33.1778 8.22354 3
      vertex 33.0516 7.85195 4
      vertex 33.0516 7.85195 3
    endloop
  endfacet
  facet normal 0.44211 0.896961 4.44658e-05
    outer loop
      vertex 31.78 11.5981 4
      vertex 31.6815 11.6467 3
      vertex 31.428 11.7716 4
    endloop
  endfacet
  facet normal 0.442473 0.896782 -0
    outer loop
      vertex 31.78 11.5981 2.99
      vertex 31.6815 11.6467 3
      vertex 31.78 11.5981 4
    endloop
  endfacet
  facet normal 0.442473 0.896782 0
    outer loop
      vertex 31.6815 11.6467 3
      vertex 31.78 11.5981 2.99
      vertex 31.6815 11.6467 2.99
    endloop
  endfacet
  facet normal 0.441969 0.89703 0
    outer loop
      vertex 31.428 11.7716 4
      vertex 31.6815 11.6467 3
      vertex 31.428 11.7716 3
    endloop
  endfacet
  facet normal -0.19494 0.980815 0
    outer loop
      vertex 29.8884 11.9743 3
      vertex 29.5035 11.8978 4
      vertex 29.8884 11.9743 4
    endloop
  endfacet
  facet normal -0.19494 0.980815 0
    outer loop
      vertex 29.5035 11.8978 4
      vertex 29.8884 11.9743 3
      vertex 29.5035 11.8978 3
    endloop
  endfacet
  facet normal 0.751561 0.659663 0
    outer loop
      vertex 32.4013 11.1213 4
      vertex 32.4738 11.0387 3
      vertex 32.4013 11.1213 2.99
    endloop
  endfacet
  facet normal 0.751724 0.659478 2.70621e-05
    outer loop
      vertex 32.6601 10.8263 4
      vertex 32.4738 11.0387 3
      vertex 32.4013 11.1213 4
    endloop
  endfacet
  facet normal 0.751787 0.659406 0
    outer loop
      vertex 32.4738 11.0387 3
      vertex 32.6601 10.8263 4
      vertex 32.6601 10.8263 3
    endloop
  endfacet
  facet normal 0.751561 0.659663 0
    outer loop
      vertex 32.4013 11.1213 2.99
      vertex 32.4738 11.0387 3
      vertex 32.4738 11.0387 2.99
    endloop
  endfacet
  facet normal 0.751768 -0.659428 0
    outer loop
      vertex 32.4013 6.87868 4
      vertex 32.6601 7.17372 3
      vertex 32.6601 7.17372 4
    endloop
  endfacet
  facet normal 0.751768 -0.659428 0
    outer loop
      vertex 32.6601 7.17372 3
      vertex 32.4013 6.87868 4
      vertex 32.4013 6.87868 3
    endloop
  endfacet
  facet normal -0.442233 -0.8969 0
    outer loop
      vertex 28.78 6.40192 3
      vertex 29.132 6.22836 4
      vertex 28.78 6.40192 4
    endloop
  endfacet
  facet normal -0.442233 -0.8969 -0
    outer loop
      vertex 29.132 6.22836 4
      vertex 28.78 6.40192 3
      vertex 29.132 6.22836 3
    endloop
  endfacet
  facet normal -0.946869 0.32162 0
    outer loop
      vertex 27.3822 9.77646 3
      vertex 27.5084 10.148 4
      vertex 27.5084 10.148 3
    endloop
  endfacet
  facet normal -0.946869 0.32162 0
    outer loop
      vertex 27.5084 10.148 4
      vertex 27.3822 9.77646 3
      vertex 27.3822 9.77646 4
    endloop
  endfacet
  facet normal 0.195062 -0.980791 0
    outer loop
      vertex 30.6716 6.02567 3
      vertex 31.0565 6.10222 4
      vertex 30.6716 6.02567 4
    endloop
  endfacet
  facet normal 0.195062 -0.980791 0
    outer loop
      vertex 31.0565 6.10222 4
      vertex 30.6716 6.02567 3
      vertex 31.0565 6.10222 3
    endloop
  endfacet
  facet normal 0.442233 -0.8969 0
    outer loop
      vertex 31.428 6.22836 3
      vertex 31.78 6.40192 4
      vertex 31.428 6.22836 4
    endloop
  endfacet
  facet normal 0.442233 -0.8969 0
    outer loop
      vertex 31.78 6.40192 4
      vertex 31.428 6.22836 3
      vertex 31.78 6.40192 3
    endloop
  endfacet
  facet normal -0.751724 0.659478 0
    outer loop
      vertex 27.8999 10.8263 3
      vertex 28.1587 11.1213 4
      vertex 28.1587 11.1213 3
    endloop
  endfacet
  facet normal -0.751724 0.659478 0
    outer loop
      vertex 28.1587 11.1213 4
      vertex 27.8999 10.8263 3
      vertex 27.8999 10.8263 4
    endloop
  endfacet
  facet normal 0.659478 0.751724 2.70621e-05
    outer loop
      vertex 32.4013 11.1213 4
      vertex 32.3187 11.1938 3
      vertex 32.1063 11.3801 4
    endloop
  endfacet
  facet normal 0.659663 0.751561 -0
    outer loop
      vertex 32.4013 11.1213 2.99
      vertex 32.3187 11.1938 3
      vertex 32.4013 11.1213 4
    endloop
  endfacet
  facet normal 0.659663 0.751561 0
    outer loop
      vertex 32.3187 11.1938 3
      vertex 32.4013 11.1213 2.99
      vertex 32.3187 11.1938 2.99
    endloop
  endfacet
  facet normal 0.659406 0.751787 0
    outer loop
      vertex 32.1063 11.3801 4
      vertex 32.3187 11.1938 3
      vertex 32.1063 11.3801 3
    endloop
  endfacet
  facet normal -0.896936 -0.44216 0
    outer loop
      vertex 27.6819 7.5 3
      vertex 27.5084 7.85195 4
      vertex 27.5084 7.85195 3
    endloop
  endfacet
  facet normal -0.896936 -0.44216 0
    outer loop
      vertex 27.5084 7.85195 4
      vertex 27.6819 7.5 3
      vertex 27.6819 7.5 4
    endloop
  endfacet
  facet normal 0 0 0
    outer loop
      vertex 32.8781 7.5 4
      vertex 32.8781 7.5 3
      vertex 32.8781 7.5 2.99
    endloop
  endfacet
  facet normal 0.831485 -0.555547 0
    outer loop
      vertex 32.6601 7.17372 4
      vertex 32.8781 7.5 3
      vertex 32.8781 7.5 4
    endloop
  endfacet
  facet normal 0.831485 -0.555547 0
    outer loop
      vertex 32.8781 7.5 3
      vertex 32.6601 7.17372 4
      vertex 32.6601 7.17372 3
    endloop
  endfacet
  facet normal 0.896961 0.44211 0
    outer loop
      vertex 33.0516 10.148 4
      vertex 32.8781 10.5 2.99
      vertex 32.8781 10.5 4
    endloop
  endfacet
  facet normal 0.896961 0.44211 0
    outer loop
      vertex 32.8781 10.5 2.99
      vertex 33.0516 10.148 4
      vertex 33.0516 10.148 2.99
    endloop
  endfacet
  facet normal -0.0654112 -0.997858 0
    outer loop
      vertex 29.8884 6.02567 3
      vertex 30.28 6 4
      vertex 29.8884 6.02567 4
    endloop
  endfacet
  facet normal -0.0654112 -0.997858 -0
    outer loop
      vertex 30.28 6 4
      vertex 29.8884 6.02567 3
      vertex 30.28 6 3
    endloop
  endfacet
  facet normal 0.0654621 0.997855 0
    outer loop
      vertex 30.3896 11.9928 3
      vertex 30.6716 11.9743 4
      vertex 30.6716 11.9743 3
    endloop
  endfacet
  facet normal 0.0654873 0.997853 -7.1348e-06
    outer loop
      vertex 30.6716 11.9743 4
      vertex 30.3896 11.9928 3
      vertex 30.28 12 4
    endloop
  endfacet
  facet normal 0.0655521 0.997849 0
    outer loop
      vertex 30.28 12 2.99
      vertex 30.3896 11.9928 3
      vertex 30.3896 11.9928 2.99
    endloop
  endfacet
  facet normal 0.0655521 0.997849 0
    outer loop
      vertex 30.3896 11.9928 3
      vertex 30.28 12 2.99
      vertex 30.28 12 4
    endloop
  endfacet
  facet normal -0.555558 -0.831477 0
    outer loop
      vertex 28.4537 6.61994 3
      vertex 28.78 6.40192 4
      vertex 28.4537 6.61994 4
    endloop
  endfacet
  facet normal -0.555558 -0.831477 -0
    outer loop
      vertex 28.78 6.40192 4
      vertex 28.4537 6.61994 3
      vertex 28.78 6.40192 3
    endloop
  endfacet
  facet normal 0.555558 -0.831477 0
    outer loop
      vertex 31.78 6.40192 3
      vertex 32.1063 6.61994 4
      vertex 31.78 6.40192 4
    endloop
  endfacet
  facet normal 0.555558 -0.831477 0
    outer loop
      vertex 32.1063 6.61994 4
      vertex 31.78 6.40192 3
      vertex 32.1063 6.61994 3
    endloop
  endfacet
  facet normal 0.946662 0.322229 0
    outer loop
      vertex 33.0516 10.148 4
      vertex 33.087 10.044 3
      vertex 33.0516 10.148 2.99
    endloop
  endfacet
  facet normal 0.946869 0.32162 7.06342e-05
    outer loop
      vertex 33.1778 9.77646 4
      vertex 33.087 10.044 3
      vertex 33.0516 10.148 4
    endloop
  endfacet
  facet normal 0.946949 0.321384 0
    outer loop
      vertex 33.087 10.044 3
      vertex 33.1778 9.77646 4
      vertex 33.1778 9.77646 3
    endloop
  endfacet
  facet normal 0.946662 0.322229 0
    outer loop
      vertex 33.0516 10.148 2.99
      vertex 33.087 10.044 3
      vertex 33.087 10.044 2.99
    endloop
  endfacet
  facet normal -0.980813 0.19495 0
    outer loop
      vertex 27.3057 9.39158 3
      vertex 27.3822 9.77646 4
      vertex 27.3822 9.77646 3
    endloop
  endfacet
  facet normal -0.980813 0.19495 0
    outer loop
      vertex 27.3822 9.77646 4
      vertex 27.3057 9.39158 3
      vertex 27.3057 9.39158 4
    endloop
  endfacet
  facet normal -0.0654873 0.997853 0
    outer loop
      vertex 30.28 12 3
      vertex 29.8884 11.9743 4
      vertex 30.28 12 4
    endloop
  endfacet
  facet normal -0.0654873 0.997853 0
    outer loop
      vertex 29.8884 11.9743 4
      vertex 30.28 12 3
      vertex 29.8884 11.9743 3
    endloop
  endfacet
  facet normal 0 0 0
    outer loop
      vertex 30.28 12 4
      vertex 30.28 12 2.99
      vertex 30.28 12 3
    endloop
  endfacet
  facet normal -0.321514 -0.946905 0
    outer loop
      vertex 29.132 6.22836 3
      vertex 29.5035 6.10222 4
      vertex 29.132 6.22836 4
    endloop
  endfacet
  facet normal -0.321514 -0.946905 -0
    outer loop
      vertex 29.5035 6.10222 4
      vertex 29.132 6.22836 3
      vertex 29.5035 6.10222 3
    endloop
  endfacet
  facet normal -0.980813 -0.19495 0
    outer loop
      vertex 27.3822 8.22354 3
      vertex 27.3057 8.60842 4
      vertex 27.3057 8.60842 3
    endloop
  endfacet
  facet normal -0.980813 -0.19495 0
    outer loop
      vertex 27.3057 8.60842 4
      vertex 27.3822 8.22354 3
      vertex 27.3822 8.22354 4
    endloop
  endfacet
  facet normal -0.195062 -0.980791 0
    outer loop
      vertex 29.5035 6.10222 3
      vertex 29.8884 6.02567 4
      vertex 29.5035 6.10222 4
    endloop
  endfacet
  facet normal -0.195062 -0.980791 -0
    outer loop
      vertex 29.8884 6.02567 4
      vertex 29.5035 6.10222 3
      vertex 29.8884 6.02567 3
    endloop
  endfacet
  facet normal -0.831501 0.555523 0
    outer loop
      vertex 27.6819 10.5 3
      vertex 27.8999 10.8263 4
      vertex 27.8999 10.8263 3
    endloop
  endfacet
  facet normal -0.831501 0.555523 0
    outer loop
      vertex 27.8999 10.8263 4
      vertex 27.6819 10.5 3
      vertex 27.6819 10.5 4
    endloop
  endfacet
  facet normal 0.980812 0.194955 0
    outer loop
      vertex 31.2714 9.13053 5.5
      vertex 31.2459 9.25882 4
      vertex 31.2459 9.25882 5.5
    endloop
  endfacet
  facet normal 0.980812 0.194955 0
    outer loop
      vertex 31.2459 9.25882 4
      vertex 31.2714 9.13053 5.5
      vertex 31.2714 9.13053 4
    endloop
  endfacet
  facet normal 0.997837 0.0657427 0
    outer loop
      vertex 31.28 9 5.5
      vertex 31.2714 9.13053 4
      vertex 31.2714 9.13053 5.5
    endloop
  endfacet
  facet normal 0.997837 0.0657427 0
    outer loop
      vertex 31.2714 9.13053 4
      vertex 31.28 9 5.5
      vertex 31.28 9 4
    endloop
  endfacet
  facet normal 0.321382 -0.94695 0
    outer loop
      vertex 30.5388 8.03407 4
      vertex 30.6627 8.07612 5.5
      vertex 30.5388 8.03407 5.5
    endloop
  endfacet
  facet normal 0.321382 -0.94695 0
    outer loop
      vertex 30.6627 8.07612 5.5
      vertex 30.5388 8.03407 4
      vertex 30.6627 8.07612 4
    endloop
  endfacet
  facet normal 0.831721 0.555194 0
    outer loop
      vertex 31.146 9.5 5.5
      vertex 31.0734 9.60876 4
      vertex 31.0734 9.60876 5.5
    endloop
  endfacet
  facet normal 0.831721 0.555194 0
    outer loop
      vertex 31.0734 9.60876 4
      vertex 31.146 9.5 5.5
      vertex 31.146 9.5 4
    endloop
  endfacet
  facet normal -0.896739 0.44256 0
    outer loop
      vertex 29.3561 9.38268 4
      vertex 29.414 9.5 5.5
      vertex 29.414 9.5 4
    endloop
  endfacet
  facet normal -0.896739 0.44256 0
    outer loop
      vertex 29.414 9.5 5.5
      vertex 29.3561 9.38268 4
      vertex 29.3561 9.38268 5.5
    endloop
  endfacet
  facet normal -0.555423 0.831568 0
    outer loop
      vertex 29.78 9.86602 4
      vertex 29.6712 9.79335 5.5
      vertex 29.78 9.86602 5.5
    endloop
  endfacet
  facet normal -0.555423 0.831568 0
    outer loop
      vertex 29.6712 9.79335 5.5
      vertex 29.78 9.86602 4
      vertex 29.6712 9.79335 4
    endloop
  endfacet
  facet normal -0.659489 0.751714 0
    outer loop
      vertex 29.6712 9.79335 4
      vertex 29.5729 9.70711 5.5
      vertex 29.6712 9.79335 5.5
    endloop
  endfacet
  facet normal -0.659489 0.751714 0
    outer loop
      vertex 29.5729 9.70711 5.5
      vertex 29.6712 9.79335 4
      vertex 29.5729 9.70711 4
    endloop
  endfacet
  facet normal -0.751653 0.659559 0
    outer loop
      vertex 29.4866 9.60876 4
      vertex 29.5729 9.70711 5.5
      vertex 29.5729 9.70711 4
    endloop
  endfacet
  facet normal -0.751653 0.659559 0
    outer loop
      vertex 29.5729 9.70711 5.5
      vertex 29.4866 9.60876 4
      vertex 29.4866 9.60876 5.5
    endloop
  endfacet
  facet normal 0.947034 -0.321132 0
    outer loop
      vertex 31.2039 8.61732 5.5
      vertex 31.2459 8.74118 4
      vertex 31.2459 8.74118 5.5
    endloop
  endfacet
  facet normal 0.947034 -0.321132 0
    outer loop
      vertex 31.2459 8.74118 4
      vertex 31.2039 8.61732 5.5
      vertex 31.2039 8.61732 4
    endloop
  endfacet
  facet normal -0.997837 0.0657427 0
    outer loop
      vertex 29.28 9 4
      vertex 29.2886 9.13053 5.5
      vertex 29.2886 9.13053 4
    endloop
  endfacet
  facet normal -0.997837 0.0657427 0
    outer loop
      vertex 29.2886 9.13053 5.5
      vertex 29.28 9 4
      vertex 29.28 9 5.5
    endloop
  endfacet
  facet normal 0.555423 0.831568 -0
    outer loop
      vertex 30.8888 9.79335 4
      vertex 30.78 9.86602 5.5
      vertex 30.8888 9.79335 5.5
    endloop
  endfacet
  facet normal 0.555423 0.831568 0
    outer loop
      vertex 30.78 9.86602 5.5
      vertex 30.8888 9.79335 4
      vertex 30.78 9.86602 4
    endloop
  endfacet
  facet normal -0.321382 -0.94695 0
    outer loop
      vertex 29.8973 8.07612 4
      vertex 30.0212 8.03407 5.5
      vertex 29.8973 8.07612 5.5
    endloop
  endfacet
  facet normal -0.321382 -0.94695 -0
    outer loop
      vertex 30.0212 8.03407 5.5
      vertex 29.8973 8.07612 4
      vertex 30.0212 8.03407 4
    endloop
  endfacet
  facet normal 0.195013 -0.980801 0
    outer loop
      vertex 30.4105 8.00856 4
      vertex 30.5388 8.03407 5.5
      vertex 30.4105 8.00856 5.5
    endloop
  endfacet
  facet normal 0.195013 -0.980801 0
    outer loop
      vertex 30.5388 8.03407 5.5
      vertex 30.4105 8.00856 4
      vertex 30.5388 8.03407 4
    endloop
  endfacet
  facet normal -0.321382 0.94695 0
    outer loop
      vertex 30.0212 9.96593 4
      vertex 29.8973 9.92388 5.5
      vertex 30.0212 9.96593 5.5
    endloop
  endfacet
  facet normal -0.321382 0.94695 0
    outer loop
      vertex 29.8973 9.92388 5.5
      vertex 30.0212 9.96593 4
      vertex 29.8973 9.92388 4
    endloop
  endfacet
  facet normal -0.831721 -0.555194 0
    outer loop
      vertex 29.4866 8.39124 4
      vertex 29.414 8.5 5.5
      vertex 29.414 8.5 4
    endloop
  endfacet
  facet normal -0.831721 -0.555194 0
    outer loop
      vertex 29.414 8.5 5.5
      vertex 29.4866 8.39124 4
      vertex 29.4866 8.39124 5.5
    endloop
  endfacet
  facet normal 0.555423 -0.831568 0
    outer loop
      vertex 30.78 8.13398 4
      vertex 30.8888 8.20665 5.5
      vertex 30.78 8.13398 5.5
    endloop
  endfacet
  facet normal 0.555423 -0.831568 0
    outer loop
      vertex 30.8888 8.20665 5.5
      vertex 30.78 8.13398 4
      vertex 30.8888 8.20665 4
    endloop
  endfacet
  facet normal -0.947034 0.321132 0
    outer loop
      vertex 29.3141 9.25882 4
      vertex 29.3561 9.38268 5.5
      vertex 29.3561 9.38268 4
    endloop
  endfacet
  facet normal -0.947034 0.321132 0
    outer loop
      vertex 29.3561 9.38268 5.5
      vertex 29.3141 9.25882 4
      vertex 29.3141 9.25882 5.5
    endloop
  endfacet
  facet normal 0.321382 0.94695 -0
    outer loop
      vertex 30.6627 9.92388 4
      vertex 30.5388 9.96593 5.5
      vertex 30.6627 9.92388 5.5
    endloop
  endfacet
  facet normal 0.321382 0.94695 0
    outer loop
      vertex 30.5388 9.96593 5.5
      vertex 30.6627 9.92388 4
      vertex 30.5388 9.96593 4
    endloop
  endfacet
  facet normal 0.0654532 0.997856 -0
    outer loop
      vertex 30.4105 9.99144 4
      vertex 30.28 10 5.5
      vertex 30.4105 9.99144 5.5
    endloop
  endfacet
  facet normal 0.0654532 0.997856 0
    outer loop
      vertex 30.28 10 5.5
      vertex 30.4105 9.99144 4
      vertex 30.28 10 4
    endloop
  endfacet
  facet normal -0.442375 0.89683 0
    outer loop
      vertex 29.8973 9.92388 4
      vertex 29.78 9.86602 5.5
      vertex 29.8973 9.92388 5.5
    endloop
  endfacet
  facet normal -0.442375 0.89683 0
    outer loop
      vertex 29.78 9.86602 5.5
      vertex 29.8973 9.92388 4
      vertex 29.78 9.86602 4
    endloop
  endfacet
  facet normal 0.831721 -0.555194 0
    outer loop
      vertex 31.0734 8.39124 5.5
      vertex 31.146 8.5 4
      vertex 31.146 8.5 5.5
    endloop
  endfacet
  facet normal 0.831721 -0.555194 0
    outer loop
      vertex 31.146 8.5 4
      vertex 31.0734 8.39124 5.5
      vertex 31.0734 8.39124 4
    endloop
  endfacet
  facet normal -0.997837 -0.0657427 0
    outer loop
      vertex 29.2886 8.86947 4
      vertex 29.28 9 5.5
      vertex 29.28 9 4
    endloop
  endfacet
  facet normal -0.997837 -0.0657427 0
    outer loop
      vertex 29.28 9 5.5
      vertex 29.2886 8.86947 4
      vertex 29.2886 8.86947 5.5
    endloop
  endfacet
  facet normal -0.947034 -0.321132 0
    outer loop
      vertex 29.3561 8.61732 4
      vertex 29.3141 8.74118 5.5
      vertex 29.3141 8.74118 4
    endloop
  endfacet
  facet normal -0.947034 -0.321132 0
    outer loop
      vertex 29.3141 8.74118 5.5
      vertex 29.3561 8.61732 4
      vertex 29.3561 8.61732 5.5
    endloop
  endfacet
  facet normal -0.659489 -0.751714 0
    outer loop
      vertex 29.5729 8.29289 4
      vertex 29.6712 8.20665 5.5
      vertex 29.5729 8.29289 5.5
    endloop
  endfacet
  facet normal -0.659489 -0.751714 -0
    outer loop
      vertex 29.6712 8.20665 5.5
      vertex 29.5729 8.29289 4
      vertex 29.6712 8.20665 4
    endloop
  endfacet
  facet normal 0.442375 0.89683 -0
    outer loop
      vertex 30.78 9.86602 4
      vertex 30.6627 9.92388 5.5
      vertex 30.78 9.86602 5.5
    endloop
  endfacet
  facet normal 0.442375 0.89683 0
    outer loop
      vertex 30.6627 9.92388 5.5
      vertex 30.78 9.86602 4
      vertex 30.6627 9.92388 4
    endloop
  endfacet
  facet normal -0.195013 0.980801 0
    outer loop
      vertex 30.1495 9.99144 4
      vertex 30.0212 9.96593 5.5
      vertex 30.1495 9.99144 5.5
    endloop
  endfacet
  facet normal -0.195013 0.980801 0
    outer loop
      vertex 30.0212 9.96593 5.5
      vertex 30.1495 9.99144 4
      vertex 30.0212 9.96593 4
    endloop
  endfacet
  facet normal 0.751653 0.659559 0
    outer loop
      vertex 31.0734 9.60876 5.5
      vertex 30.9871 9.70711 4
      vertex 30.9871 9.70711 5.5
    endloop
  endfacet
  facet normal 0.751653 0.659559 0
    outer loop
      vertex 30.9871 9.70711 4
      vertex 31.0734 9.60876 5.5
      vertex 31.0734 9.60876 4
    endloop
  endfacet
  facet normal 0.195013 0.980801 -0
    outer loop
      vertex 30.5388 9.96593 4
      vertex 30.4105 9.99144 5.5
      vertex 30.5388 9.96593 5.5
    endloop
  endfacet
  facet normal 0.195013 0.980801 0
    outer loop
      vertex 30.4105 9.99144 5.5
      vertex 30.5388 9.96593 4
      vertex 30.4105 9.99144 4
    endloop
  endfacet
  facet normal 0.751653 -0.659559 0
    outer loop
      vertex 30.9871 8.29289 5.5
      vertex 31.0734 8.39124 4
      vertex 31.0734 8.39124 5.5
    endloop
  endfacet
  facet normal 0.751653 -0.659559 0
    outer loop
      vertex 31.0734 8.39124 4
      vertex 30.9871 8.29289 5.5
      vertex 30.9871 8.29289 4
    endloop
  endfacet
  facet normal -0.442375 -0.89683 0
    outer loop
      vertex 29.78 8.13398 4
      vertex 29.8973 8.07612 5.5
      vertex 29.78 8.13398 5.5
    endloop
  endfacet
  facet normal -0.442375 -0.89683 -0
    outer loop
      vertex 29.8973 8.07612 5.5
      vertex 29.78 8.13398 4
      vertex 29.8973 8.07612 4
    endloop
  endfacet
  facet normal -0.0654532 0.997856 0
    outer loop
      vertex 30.28 10 4
      vertex 30.1495 9.99144 5.5
      vertex 30.28 10 5.5
    endloop
  endfacet
  facet normal -0.0654532 0.997856 0
    outer loop
      vertex 30.1495 9.99144 5.5
      vertex 30.28 10 4
      vertex 30.1495 9.99144 4
    endloop
  endfacet
  facet normal -0.980812 0.194955 0
    outer loop
      vertex 29.2886 9.13053 4
      vertex 29.3141 9.25882 5.5
      vertex 29.3141 9.25882 4
    endloop
  endfacet
  facet normal -0.980812 0.194955 0
    outer loop
      vertex 29.3141 9.25882 5.5
      vertex 29.2886 9.13053 4
      vertex 29.2886 9.13053 5.5
    endloop
  endfacet
  facet normal 0.0654532 -0.997856 0
    outer loop
      vertex 30.28 8 4
      vertex 30.4105 8.00856 5.5
      vertex 30.28 8 5.5
    endloop
  endfacet
  facet normal 0.0654532 -0.997856 0
    outer loop
      vertex 30.4105 8.00856 5.5
      vertex 30.28 8 4
      vertex 30.4105 8.00856 4
    endloop
  endfacet
  facet normal 0.442375 -0.89683 0
    outer loop
      vertex 30.6627 8.07612 4
      vertex 30.78 8.13398 5.5
      vertex 30.6627 8.07612 5.5
    endloop
  endfacet
  facet normal 0.442375 -0.89683 0
    outer loop
      vertex 30.78 8.13398 5.5
      vertex 30.6627 8.07612 4
      vertex 30.78 8.13398 4
    endloop
  endfacet
  facet normal 0.659489 -0.751714 0
    outer loop
      vertex 30.8888 8.20665 4
      vertex 30.9871 8.29289 5.5
      vertex 30.8888 8.20665 5.5
    endloop
  endfacet
  facet normal 0.659489 -0.751714 0
    outer loop
      vertex 30.9871 8.29289 5.5
      vertex 30.8888 8.20665 4
      vertex 30.9871 8.29289 4
    endloop
  endfacet
  facet normal -0.896739 -0.44256 0
    outer loop
      vertex 29.414 8.5 4
      vertex 29.3561 8.61732 5.5
      vertex 29.3561 8.61732 4
    endloop
  endfacet
  facet normal -0.896739 -0.44256 0
    outer loop
      vertex 29.3561 8.61732 5.5
      vertex 29.414 8.5 4
      vertex 29.414 8.5 5.5
    endloop
  endfacet
  facet normal 0.896739 -0.44256 0
    outer loop
      vertex 31.146 8.5 5.5
      vertex 31.2039 8.61732 4
      vertex 31.2039 8.61732 5.5
    endloop
  endfacet
  facet normal 0.896739 -0.44256 0
    outer loop
      vertex 31.2039 8.61732 4
      vertex 31.146 8.5 5.5
      vertex 31.146 8.5 4
    endloop
  endfacet
  facet normal 0.659489 0.751714 -0
    outer loop
      vertex 30.9871 9.70711 4
      vertex 30.8888 9.79335 5.5
      vertex 30.9871 9.70711 5.5
    endloop
  endfacet
  facet normal 0.659489 0.751714 0
    outer loop
      vertex 30.8888 9.79335 5.5
      vertex 30.9871 9.70711 4
      vertex 30.8888 9.79335 4
    endloop
  endfacet
  facet normal 0.997837 -0.0657427 0
    outer loop
      vertex 31.2714 8.86947 5.5
      vertex 31.28 9 4
      vertex 31.28 9 5.5
    endloop
  endfacet
  facet normal 0.997837 -0.0657427 0
    outer loop
      vertex 31.28 9 4
      vertex 31.2714 8.86947 5.5
      vertex 31.2714 8.86947 4
    endloop
  endfacet
  facet normal -0.555423 -0.831568 0
    outer loop
      vertex 29.6712 8.20665 4
      vertex 29.78 8.13398 5.5
      vertex 29.6712 8.20665 5.5
    endloop
  endfacet
  facet normal -0.555423 -0.831568 -0
    outer loop
      vertex 29.78 8.13398 5.5
      vertex 29.6712 8.20665 4
      vertex 29.78 8.13398 4
    endloop
  endfacet
  facet normal 0.896739 0.44256 0
    outer loop
      vertex 31.2039 9.38268 5.5
      vertex 31.146 9.5 4
      vertex 31.146 9.5 5.5
    endloop
  endfacet
  facet normal 0.896739 0.44256 0
    outer loop
      vertex 31.146 9.5 4
      vertex 31.2039 9.38268 5.5
      vertex 31.2039 9.38268 4
    endloop
  endfacet
  facet normal 0.980812 -0.194955 0
    outer loop
      vertex 31.2459 8.74118 5.5
      vertex 31.2714 8.86947 4
      vertex 31.2714 8.86947 5.5
    endloop
  endfacet
  facet normal 0.980812 -0.194955 0
    outer loop
      vertex 31.2714 8.86947 4
      vertex 31.2459 8.74118 5.5
      vertex 31.2459 8.74118 4
    endloop
  endfacet
  facet normal 0.947034 0.321132 0
    outer loop
      vertex 31.2459 9.25882 5.5
      vertex 31.2039 9.38268 4
      vertex 31.2039 9.38268 5.5
    endloop
  endfacet
  facet normal 0.947034 0.321132 0
    outer loop
      vertex 31.2039 9.38268 4
      vertex 31.2459 9.25882 5.5
      vertex 31.2459 9.25882 4
    endloop
  endfacet
  facet normal -0.980812 -0.194955 0
    outer loop
      vertex 29.3141 8.74118 4
      vertex 29.2886 8.86947 5.5
      vertex 29.2886 8.86947 4
    endloop
  endfacet
  facet normal -0.980812 -0.194955 0
    outer loop
      vertex 29.2886 8.86947 5.5
      vertex 29.3141 8.74118 4
      vertex 29.3141 8.74118 5.5
    endloop
  endfacet
  facet normal -0.751653 -0.659559 0
    outer loop
      vertex 29.5729 8.29289 4
      vertex 29.4866 8.39124 5.5
      vertex 29.4866 8.39124 4
    endloop
  endfacet
  facet normal -0.751653 -0.659559 0
    outer loop
      vertex 29.4866 8.39124 5.5
      vertex 29.5729 8.29289 4
      vertex 29.5729 8.29289 5.5
    endloop
  endfacet
  facet normal 0 0 1
    outer loop
      vertex 31.2714 9.13053 5.5
      vertex 31.2714 8.86947 5.5
      vertex 31.28 9 5.5
    endloop
  endfacet
  facet normal 0 0 1
    outer loop
      vertex 31.2459 9.25882 5.5
      vertex 31.2714 8.86947 5.5
      vertex 31.2714 9.13053 5.5
    endloop
  endfacet
  facet normal 0 0 1
    outer loop
      vertex 31.2459 9.25882 5.5
      vertex 31.2459 8.74118 5.5
      vertex 31.2714 8.86947 5.5
    endloop
  endfacet
  facet normal 0 0 1
    outer loop
      vertex 31.2039 9.38268 5.5
      vertex 31.2459 8.74118 5.5
      vertex 31.2459 9.25882 5.5
    endloop
  endfacet
  facet normal 0 0 1
    outer loop
      vertex 31.2039 9.38268 5.5
      vertex 31.2039 8.61732 5.5
      vertex 31.2459 8.74118 5.5
    endloop
  endfacet
  facet normal 0 0 1
    outer loop
      vertex 31.146 9.5 5.5
      vertex 31.2039 8.61732 5.5
      vertex 31.2039 9.38268 5.5
    endloop
  endfacet
  facet normal 0 0 1
    outer loop
      vertex 31.146 9.5 5.5
      vertex 31.146 8.5 5.5
      vertex 31.2039 8.61732 5.5
    endloop
  endfacet
  facet normal 0 0 1
    outer loop
      vertex 31.0734 9.60876 5.5
      vertex 31.146 8.5 5.5
      vertex 31.146 9.5 5.5
    endloop
  endfacet
  facet normal 0 0 1
    outer loop
      vertex 31.0734 9.60876 5.5
      vertex 31.0734 8.39124 5.5
      vertex 31.146 8.5 5.5
    endloop
  endfacet
  facet normal 0 0 1
    outer loop
      vertex 30.9871 9.70711 5.5
      vertex 31.0734 8.39124 5.5
      vertex 31.0734 9.60876 5.5
    endloop
  endfacet
  facet normal 0 0 1
    outer loop
      vertex 30.9871 9.70711 5.5
      vertex 30.9871 8.29289 5.5
      vertex 31.0734 8.39124 5.5
    endloop
  endfacet
  facet normal 0 0 1
    outer loop
      vertex 30.8888 9.79335 5.5
      vertex 30.9871 8.29289 5.5
      vertex 30.9871 9.70711 5.5
    endloop
  endfacet
  facet normal 0 0 1
    outer loop
      vertex 30.8888 9.79335 5.5
      vertex 30.8888 8.20665 5.5
      vertex 30.9871 8.29289 5.5
    endloop
  endfacet
  facet normal 0 0 1
    outer loop
      vertex 30.78 9.86602 5.5
      vertex 30.8888 8.20665 5.5
      vertex 30.8888 9.79335 5.5
    endloop
  endfacet
  facet normal 0 0 1
    outer loop
      vertex 30.78 9.86602 5.5
      vertex 30.78 8.13398 5.5
      vertex 30.8888 8.20665 5.5
    endloop
  endfacet
  facet normal 0 0 1
    outer loop
      vertex 30.6627 9.92388 5.5
      vertex 30.78 8.13398 5.5
      vertex 30.78 9.86602 5.5
    endloop
  endfacet
  facet normal 0 0 1
    outer loop
      vertex 30.6627 9.92388 5.5
      vertex 30.6627 8.07612 5.5
      vertex 30.78 8.13398 5.5
    endloop
  endfacet
  facet normal 0 0 1
    outer loop
      vertex 30.5388 9.96593 5.5
      vertex 30.6627 8.07612 5.5
      vertex 30.6627 9.92388 5.5
    endloop
  endfacet
  facet normal 0 0 1
    outer loop
      vertex 30.5388 9.96593 5.5
      vertex 30.5388 8.03407 5.5
      vertex 30.6627 8.07612 5.5
    endloop
  endfacet
  facet normal 0 0 1
    outer loop
      vertex 30.4105 9.99144 5.5
      vertex 30.5388 8.03407 5.5
      vertex 30.5388 9.96593 5.5
    endloop
  endfacet
  facet normal 0 0 1
    outer loop
      vertex 30.4105 9.99144 5.5
      vertex 30.4105 8.00856 5.5
      vertex 30.5388 8.03407 5.5
    endloop
  endfacet
  facet normal 0 0 1
    outer loop
      vertex 30.28 10 5.5
      vertex 30.4105 8.00856 5.5
      vertex 30.4105 9.99144 5.5
    endloop
  endfacet
  facet normal 0 0 1
    outer loop
      vertex 30.28 10 5.5
      vertex 30.28 8 5.5
      vertex 30.4105 8.00856 5.5
    endloop
  endfacet
  facet normal -0 0 1
    outer loop
      vertex 30.1495 9.99144 5.5
      vertex 30.28 8 5.5
      vertex 30.28 10 5.5
    endloop
  endfacet
  facet normal 0 0 1
    outer loop
      vertex 30.1495 9.99144 5.5
      vertex 30.1495 8.00856 5.5
      vertex 30.28 8 5.5
    endloop
  endfacet
  facet normal -0 0 1
    outer loop
      vertex 30.0212 9.96593 5.5
      vertex 30.1495 8.00856 5.5
      vertex 30.1495 9.99144 5.5
    endloop
  endfacet
  facet normal 0 0 1
    outer loop
      vertex 30.0212 9.96593 5.5
      vertex 30.0212 8.03407 5.5
      vertex 30.1495 8.00856 5.5
    endloop
  endfacet
  facet normal -0 0 1
    outer loop
      vertex 29.8973 9.92388 5.5
      vertex 30.0212 8.03407 5.5
      vertex 30.0212 9.96593 5.5
    endloop
  endfacet
  facet normal 0 0 1
    outer loop
      vertex 29.8973 9.92388 5.5
      vertex 29.8973 8.07612 5.5
      vertex 30.0212 8.03407 5.5
    endloop
  endfacet
  facet normal -0 0 1
    outer loop
      vertex 29.78 9.86602 5.5
      vertex 29.8973 8.07612 5.5
      vertex 29.8973 9.92388 5.5
    endloop
  endfacet
  facet normal 0 0 1
    outer loop
      vertex 29.78 9.86602 5.5
      vertex 29.78 8.13398 5.5
      vertex 29.8973 8.07612 5.5
    endloop
  endfacet
  facet normal -0 0 1
    outer loop
      vertex 29.6712 9.79335 5.5
      vertex 29.78 8.13398 5.5
      vertex 29.78 9.86602 5.5
    endloop
  endfacet
  facet normal 0 0 1
    outer loop
      vertex 29.6712 9.79335 5.5
      vertex 29.6712 8.20665 5.5
      vertex 29.78 8.13398 5.5
    endloop
  endfacet
  facet normal -0 0 1
    outer loop
      vertex 29.5729 9.70711 5.5
      vertex 29.6712 8.20665 5.5
      vertex 29.6712 9.79335 5.5
    endloop
  endfacet
  facet normal 0 0 1
    outer loop
      vertex 29.5729 9.70711 5.5
      vertex 29.5729 8.29289 5.5
      vertex 29.6712 8.20665 5.5
    endloop
  endfacet
  facet normal -0 0 1
    outer loop
      vertex 29.4866 9.60876 5.5
      vertex 29.5729 8.29289 5.5
      vertex 29.5729 9.70711 5.5
    endloop
  endfacet
  facet normal 0 0 1
    outer loop
      vertex 29.4866 9.60876 5.5
      vertex 29.4866 8.39124 5.5
      vertex 29.5729 8.29289 5.5
    endloop
  endfacet
  facet normal -0 0 1
    outer loop
      vertex 29.414 9.5 5.5
      vertex 29.4866 8.39124 5.5
      vertex 29.4866 9.60876 5.5
    endloop
  endfacet
  facet normal 0 0 1
    outer loop
      vertex 29.414 9.5 5.5
      vertex 29.414 8.5 5.5
      vertex 29.4866 8.39124 5.5
    endloop
  endfacet
  facet normal -0 0 1
    outer loop
      vertex 29.3561 9.38268 5.5
      vertex 29.414 8.5 5.5
      vertex 29.414 9.5 5.5
    endloop
  endfacet
  facet normal 0 0 1
    outer loop
      vertex 29.3561 9.38268 5.5
      vertex 29.3561 8.61732 5.5
      vertex 29.414 8.5 5.5
    endloop
  endfacet
  facet normal -0 0 1
    outer loop
      vertex 29.3141 9.25882 5.5
      vertex 29.3561 8.61732 5.5
      vertex 29.3561 9.38268 5.5
    endloop
  endfacet
  facet normal 0 0 1
    outer loop
      vertex 29.3141 9.25882 5.5
      vertex 29.3141 8.74118 5.5
      vertex 29.3561 8.61732 5.5
    endloop
  endfacet
  facet normal -0 0 1
    outer loop
      vertex 29.2886 9.13053 5.5
      vertex 29.3141 8.74118 5.5
      vertex 29.3141 9.25882 5.5
    endloop
  endfacet
  facet normal 0 0 1
    outer loop
      vertex 29.2886 9.13053 5.5
      vertex 29.2886 8.86947 5.5
      vertex 29.3141 8.74118 5.5
    endloop
  endfacet
  facet normal 0 -0 1
    outer loop
      vertex 29.2886 8.86947 5.5
      vertex 29.2886 9.13053 5.5
      vertex 29.28 9 5.5
    endloop
  endfacet
  facet normal -0.195013 -0.980801 0
    outer loop
      vertex 30.0212 8.03407 4
      vertex 30.1495 8.00856 5.5
      vertex 30.0212 8.03407 5.5
    endloop
  endfacet
  facet normal -0.195013 -0.980801 -0
    outer loop
      vertex 30.1495 8.00856 5.5
      vertex 30.0212 8.03407 4
      vertex 30.1495 8.00856 4
    endloop
  endfacet
  facet normal -0.831721 0.555194 0
    outer loop
      vertex 29.414 9.5 4
      vertex 29.4866 9.60876 5.5
      vertex 29.4866 9.60876 4
    endloop
  endfacet
  facet normal -0.831721 0.555194 0
    outer loop
      vertex 29.4866 9.60876 5.5
      vertex 29.414 9.5 4
      vertex 29.414 9.5 5.5
    endloop
  endfacet
  facet normal -0.0654532 -0.997856 0
    outer loop
      vertex 30.1495 8.00856 4
      vertex 30.28 8 5.5
      vertex 30.1495 8.00856 5.5
    endloop
  endfacet
  facet normal -0.0654532 -0.997856 -0
    outer loop
      vertex 30.28 8 5.5
      vertex 30.1495 8.00856 4
      vertex 30.28 8 4
    endloop
  endfacet
  facet normal -0.980751 -0.195265 0
    outer loop
      vertex 21.6193 -0.905867 0
      vertex 21.5299 -0.456841 3
      vertex 21.5299 -0.456841 0
    endloop
  endfacet
  facet normal -0.980751 -0.195265 0
    outer loop
      vertex 21.5299 -0.456841 3
      vertex 21.6193 -0.905867 0
      vertex 21.6193 -0.905867 3
    endloop
  endfacet
  facet normal -0.896864 -0.442305 0
    outer loop
      vertex 21.9689 -1.75 0
      vertex 21.7664 -1.33939 3
      vertex 21.7664 -1.33939 0
    endloop
  endfacet
  facet normal -0.896864 -0.442305 0
    outer loop
      vertex 21.7664 -1.33939 3
      vertex 21.9689 -1.75 0
      vertex 21.9689 -1.75 3
    endloop
  endfacet
  facet normal 0.442473 0.896782 0
    outer loop
      vertex 31.78 11.5981 2.99
      vertex 31.78 11.5981 0
      vertex 31.6815 11.6467 2.99
    endloop
  endfacet
  facet normal 0.442109 0.896961 -0
    outer loop
      vertex 31.6815 11.6467 2.99
      vertex 31.4281 11.7716 3
      vertex 31.6815 11.6467 3
    endloop
  endfacet
  facet normal 0.442211 0.896911 -1.07321e-05
    outer loop
      vertex 31.4281 11.7716 0
      vertex 31.6815 11.6467 2.99
      vertex 31.78 11.5981 0
    endloop
  endfacet
  facet normal 0.442109 0.896961 0
    outer loop
      vertex 31.6815 11.6467 2.99
      vertex 31.4281 11.7716 0
      vertex 31.4281 11.7716 3
    endloop
  endfacet
  facet normal 0.885762 -0.464139 0
    outer loop
      vertex 32.8781 7.5 3
      vertex 28.0311 -1.75 3
      vertex 32.8781 7.5 2.99
    endloop
  endfacet
  facet normal 0.885762 -0.464139 0
    outer loop
      vertex 28.0311 -1.75 3
      vertex 32.8781 7.5 0
      vertex 32.8781 7.5 2.99
    endloop
  endfacet
  facet normal 0.885762 -0.464139 0
    outer loop
      vertex 32.8781 7.5 0
      vertex 28.0311 -1.75 3
      vertex 28.0311 -1.75 0
    endloop
  endfacet
  facet normal -0.946971 -0.32132 0
    outer loop
      vertex 21.7664 -1.33939 0
      vertex 21.6193 -0.905867 3
      vertex 21.6193 -0.905867 0
    endloop
  endfacet
  facet normal -0.946971 -0.32132 0
    outer loop
      vertex 21.6193 -0.905867 3
      vertex 21.7664 -1.33939 0
      vertex 21.7664 -1.33939 3
    endloop
  endfacet
  facet normal 0.751787 0.659406 0
    outer loop
      vertex 32.4738 11.0387 3
      vertex 32.6601 10.8263 3
      vertex 32.4738 11.0387 2.99
    endloop
  endfacet
  facet normal 0.751561 0.659663 0
    outer loop
      vertex 32.4738 11.0387 2.99
      vertex 32.4013 11.1213 0
      vertex 32.4013 11.1213 2.99
    endloop
  endfacet
  facet normal 0.751787 0.659406 -0
    outer loop
      vertex 32.6601 10.8263 0
      vertex 32.4738 11.0387 2.99
      vertex 32.6601 10.8263 3
    endloop
  endfacet
  facet normal 0.751724 0.659478 -9.05085e-06
    outer loop
      vertex 32.4738 11.0387 2.99
      vertex 32.6601 10.8263 0
      vertex 32.4013 11.1213 0
    endloop
  endfacet
  facet normal -0.946971 0.32132 0
    outer loop
      vertex 21.6193 0.905867 0
      vertex 21.7664 1.33939 3
      vertex 21.7664 1.33939 0
    endloop
  endfacet
  facet normal -0.946971 0.32132 0
    outer loop
      vertex 21.7664 1.33939 3
      vertex 21.6193 0.905867 0
      vertex 21.6193 0.905867 3
    endloop
  endfacet
  facet normal -0.44211 0.896961 0
    outer loop
      vertex 29.132 11.7716 0
      vertex 28.78 11.5981 3
      vertex 29.132 11.7716 3
    endloop
  endfacet
  facet normal -0.44211 0.896961 0
    outer loop
      vertex 28.78 11.5981 3
      vertex 29.132 11.7716 0
      vertex 28.78 11.5981 0
    endloop
  endfacet
  facet normal -0.442297 -0.896869 0
    outer loop
      vertex 23.25 -3.03109 0
      vertex 23.6606 -3.23358 3
      vertex 23.25 -3.03109 3
    endloop
  endfacet
  facet normal -0.442297 -0.896869 -0
    outer loop
      vertex 23.6606 -3.23358 3
      vertex 23.25 -3.03109 0
      vertex 23.6606 -3.23358 0
    endloop
  endfacet
  facet normal 0.83156 0.555435 -0
    outer loop
      vertex 32.817 10.5914 2.99
      vertex 32.6601 10.8263 3
      vertex 32.817 10.5914 3
    endloop
  endfacet
  facet normal 0.83156 0.555435 0
    outer loop
      vertex 32.6601 10.8263 3
      vertex 32.817 10.5914 2.99
      vertex 32.6601 10.8263 0
    endloop
  endfacet
  facet normal 0.83135 0.555749 -0
    outer loop
      vertex 32.8781 10.5 0
      vertex 32.817 10.5914 2.99
      vertex 32.8781 10.5 2.99
    endloop
  endfacet
  facet normal 0.831501 0.555523 9.99707e-06
    outer loop
      vertex 32.817 10.5914 2.99
      vertex 32.8781 10.5 0
      vertex 32.6601 10.8263 0
    endloop
  endfacet
  facet normal -0.0654873 0.997853 0
    outer loop
      vertex 30.28 12 0
      vertex 29.8884 11.9743 3
      vertex 30.28 12 3
    endloop
  endfacet
  facet normal -0.0654873 0.997853 0
    outer loop
      vertex 29.8884 11.9743 3
      vertex 30.28 12 0
      vertex 29.8884 11.9743 0
    endloop
  endfacet
  facet normal 0.555435 0.83156 0
    outer loop
      vertex 32.1063 11.3801 3
      vertex 31.8714 11.537 2.99
      vertex 31.8714 11.537 3
    endloop
  endfacet
  facet normal 0.555435 0.83156 -0
    outer loop
      vertex 32.1063 11.3801 0
      vertex 31.8714 11.537 2.99
      vertex 32.1063 11.3801 3
    endloop
  endfacet
  facet normal 0.555523 0.831501 9.99707e-06
    outer loop
      vertex 31.78 11.5981 0
      vertex 31.8714 11.537 2.99
      vertex 32.1063 11.3801 0
    endloop
  endfacet
  facet normal 0.555749 0.83135 0
    outer loop
      vertex 31.8714 11.537 2.99
      vertex 31.78 11.5981 0
      vertex 31.78 11.5981 2.99
    endloop
  endfacet
  facet normal 0.980813 -0.19495 0
    outer loop
      vertex 33.1778 8.22354 3
      vertex 33.2543 8.60842 0
      vertex 33.2543 8.60842 3
    endloop
  endfacet
  facet normal 0.980813 -0.19495 0
    outer loop
      vertex 33.2543 8.60842 0
      vertex 33.1778 8.22354 3
      vertex 33.1778 8.22354 0
    endloop
  endfacet
  facet normal 0.751909 -0.659267 0
    outer loop
      vertex 27.4749 -2.47487 3
      vertex 27.7767 -2.13066 0
      vertex 27.7767 -2.13066 3
    endloop
  endfacet
  facet normal 0.751909 -0.659267 0
    outer loop
      vertex 27.7767 -2.13066 0
      vertex 27.4749 -2.47487 3
      vertex 27.4749 -2.47487 0
    endloop
  endfacet
  facet normal 0.831418 -0.555647 0
    outer loop
      vertex 27.7767 -2.13066 3
      vertex 28.0311 -1.75 0
      vertex 28.0311 -1.75 3
    endloop
  endfacet
  facet normal 0.831418 -0.555647 0
    outer loop
      vertex 28.0311 -1.75 0
      vertex 27.7767 -2.13066 3
      vertex 27.7767 -2.13066 0
    endloop
  endfacet
  facet normal 0.997841 -0.0656747 0
    outer loop
      vertex 33.2733 8.8971 3
      vertex 33.2543 8.60842 3
      vertex 33.2733 8.8971 2.99
    endloop
  endfacet
  facet normal 0.997887 -0.0649742 0
    outer loop
      vertex 33.2733 8.8971 2.99
      vertex 33.28 9 0
      vertex 33.28 9 2.99
    endloop
  endfacet
  facet normal 0.997841 -0.0656747 0
    outer loop
      vertex 33.2543 8.60842 0
      vertex 33.2733 8.8971 2.99
      vertex 33.2543 8.60842 3
    endloop
  endfacet
  facet normal 0.997853 -0.0654906 -1.78499e-05
    outer loop
      vertex 33.2733 8.8971 2.99
      vertex 33.2543 8.60842 0
      vertex 33.28 9 0
    endloop
  endfacet
  facet normal -0.997865 0.0653097 0
    outer loop
      vertex 21.5 0 0
      vertex 21.5299 0.456841 3
      vertex 21.5299 0.456841 0
    endloop
  endfacet
  facet normal -0.997865 0.0653097 0
    outer loop
      vertex 21.5299 0.456841 3
      vertex 21.5 0 0
      vertex 21.5 0 3
    endloop
  endfacet
  facet normal -0.0654026 -0.997859 0
    outer loop
      vertex 24.5432 -3.47006 0
      vertex 25 -3.5 3
      vertex 24.5432 -3.47006 3
    endloop
  endfacet
  facet normal -0.0654026 -0.997859 -0
    outer loop
      vertex 25 -3.5 3
      vertex 24.5432 -3.47006 0
      vertex 25 -3.5 0
    endloop
  endfacet
  facet normal 0.980813 0.19495 0
    outer loop
      vertex 33.2543 9.39158 3
      vertex 33.1778 9.77646 0
      vertex 33.1778 9.77646 3
    endloop
  endfacet
  facet normal 0.980813 0.19495 0
    outer loop
      vertex 33.1778 9.77646 0
      vertex 33.2543 9.39158 3
      vertex 33.2543 9.39158 0
    endloop
  endfacet
  facet normal -0.837327 0.546703 0
    outer loop
      vertex 21.9689 1.75 0
      vertex 27.6819 10.5 3
      vertex 27.6819 10.5 0
    endloop
  endfacet
  facet normal -0.837327 0.546703 0
    outer loop
      vertex 27.6819 10.5 3
      vertex 21.9689 1.75 0
      vertex 21.9689 1.75 3
    endloop
  endfacet
  facet normal 0.896913 -0.442207 0
    outer loop
      vertex 32.9766 7.69983 2.99
      vertex 33.0516 7.85195 3
      vertex 32.9766 7.69983 3
    endloop
  endfacet
  facet normal 0.896913 -0.442207 0
    outer loop
      vertex 33.0516 7.85195 3
      vertex 32.9766 7.69983 2.99
      vertex 33.0516 7.85195 0
    endloop
  endfacet
  facet normal 0.896953 -0.442125 0
    outer loop
      vertex 32.8781 7.5 0
      vertex 32.9766 7.69983 2.99
      vertex 32.8781 7.5 2.99
    endloop
  endfacet
  facet normal 0.896936 -0.44216 2.9235e-06
    outer loop
      vertex 32.9766 7.69983 2.99
      vertex 32.8781 7.5 0
      vertex 33.0516 7.85195 0
    endloop
  endfacet
  facet normal 0.659364 -0.751824 0
    outer loop
      vertex 27.1307 -2.77674 0
      vertex 27.4749 -2.47487 3
      vertex 27.1307 -2.77674 3
    endloop
  endfacet
  facet normal 0.659364 -0.751824 0
    outer loop
      vertex 27.4749 -2.47487 3
      vertex 27.1307 -2.77674 0
      vertex 27.4749 -2.47487 0
    endloop
  endfacet
  facet normal 0.555532 -0.831495 0
    outer loop
      vertex 26.75 -3.03109 0
      vertex 27.1307 -2.77674 3
      vertex 26.75 -3.03109 3
    endloop
  endfacet
  facet normal 0.555532 -0.831495 0
    outer loop
      vertex 27.1307 -2.77674 3
      vertex 26.75 -3.03109 0
      vertex 27.1307 -2.77674 0
    endloop
  endfacet
  facet normal 0 0 1
    outer loop
      vertex 28.0311 -1.75 3
      vertex 26.75 -3.03109 3
      vertex 27.1307 -2.77674 3
    endloop
  endfacet
  facet normal 0 0 1
    outer loop
      vertex 27.3057 8.60842 3
      vertex 26.7 0 3
      vertex 26.75 -3.03109 3
    endloop
  endfacet
  facet normal 0 0 1
    outer loop
      vertex 27.3057 8.60842 3
      vertex 26.6855 0.221894 3
      vertex 26.7 0 3
    endloop
  endfacet
  facet normal 0 0 1
    outer loop
      vertex 21.9689 1.75 3
      vertex 27.28 9 3
      vertex 27.3057 9.39158 3
    endloop
  endfacet
  facet normal 0 0 1
    outer loop
      vertex 27.3057 8.60842 3
      vertex 26.6421 0.439992 3
      vertex 26.6855 0.221894 3
    endloop
  endfacet
  facet normal 0 0 1
    outer loop
      vertex 27.3057 8.60842 3
      vertex 26.5706 0.650561 3
      vertex 26.6421 0.439992 3
    endloop
  endfacet
  facet normal 0 0 1
    outer loop
      vertex 27.3057 8.60842 3
      vertex 26.4722 0.849999 3
      vertex 26.5706 0.650561 3
    endloop
  endfacet
  facet normal 0 0 1
    outer loop
      vertex 27.3057 8.60842 3
      vertex 26.3487 1.03489 3
      vertex 26.4722 0.849999 3
    endloop
  endfacet
  facet normal 0 0 1
    outer loop
      vertex 27.3057 8.60842 3
      vertex 26.2021 1.20208 3
      vertex 26.3487 1.03489 3
    endloop
  endfacet
  facet normal 0 0 1
    outer loop
      vertex 27.3057 8.60842 3
      vertex 26.0349 1.3487 3
      vertex 26.2021 1.20208 3
    endloop
  endfacet
  facet normal 0 0 1
    outer loop
      vertex 27.3057 8.60842 3
      vertex 25.85 1.47224 3
      vertex 26.0349 1.3487 3
    endloop
  endfacet
  facet normal 0 0 1
    outer loop
      vertex 27.3057 8.60842 3
      vertex 25.6506 1.57059 3
      vertex 25.85 1.47224 3
    endloop
  endfacet
  facet normal 0 0 1
    outer loop
      vertex 21.9689 1.75 3
      vertex 27.3057 9.39158 3
      vertex 27.3822 9.77646 3
    endloop
  endfacet
  facet normal 0 0 1
    outer loop
      vertex 27.3057 8.60842 3
      vertex 25.44 1.64207 3
      vertex 25.6506 1.57059 3
    endloop
  endfacet
  facet normal 0 0 1
    outer loop
      vertex 27.3057 8.60842 3
      vertex 25.2219 1.68546 3
      vertex 25.44 1.64207 3
    endloop
  endfacet
  facet normal 0 0 1
    outer loop
      vertex 27.3057 8.60842 3
      vertex 25 1.7 3
      vertex 25.2219 1.68546 3
    endloop
  endfacet
  facet normal 0 0 1
    outer loop
      vertex 27.3057 8.60842 3
      vertex 24.7781 1.68546 3
      vertex 25 1.7 3
    endloop
  endfacet
  facet normal 0 0 1
    outer loop
      vertex 27.3057 8.60842 3
      vertex 24.56 1.64207 3
      vertex 24.7781 1.68546 3
    endloop
  endfacet
  facet normal 0 0 1
    outer loop
      vertex 21.9689 1.75 3
      vertex 27.3822 9.77646 3
      vertex 27.5084 10.148 3
    endloop
  endfacet
  facet normal 0 0 1
    outer loop
      vertex 27.3057 8.60842 3
      vertex 21.9689 1.75 3
      vertex 24.56 1.64207 3
    endloop
  endfacet
  facet normal 0 0 1
    outer loop
      vertex 24.56 1.64207 3
      vertex 21.9689 1.75 3
      vertex 24.3494 1.57059 3
    endloop
  endfacet
  facet normal 0 0 1
    outer loop
      vertex 24.3494 1.57059 3
      vertex 21.9689 1.75 3
      vertex 24.15 1.47224 3
    endloop
  endfacet
  facet normal 0 0 1
    outer loop
      vertex 24.15 1.47224 3
      vertex 21.9689 1.75 3
      vertex 23.9651 1.3487 3
    endloop
  endfacet
  facet normal 0 0 1
    outer loop
      vertex 23.9651 1.3487 3
      vertex 21.9689 1.75 3
      vertex 23.7979 1.20208 3
    endloop
  endfacet
  facet normal 0 0 1
    outer loop
      vertex 23.7979 1.20208 3
      vertex 21.9689 1.75 3
      vertex 23.6513 1.03489 3
    endloop
  endfacet
  facet normal 0 0 1
    outer loop
      vertex 23.6513 1.03489 3
      vertex 21.9689 1.75 3
      vertex 23.5278 0.849999 3
    endloop
  endfacet
  facet normal 0 0 1
    outer loop
      vertex 23.9651 -1.3487 3
      vertex 22.8693 -2.77674 3
      vertex 23.25 -3.03109 3
    endloop
  endfacet
  facet normal 0 0 1
    outer loop
      vertex 21.5 0 3
      vertex 23.3 0 3
      vertex 23.3145 0.221894 3
    endloop
  endfacet
  facet normal 0 0 1
    outer loop
      vertex 23.3145 -0.221894 3
      vertex 22.5251 -2.47487 3
      vertex 22.8693 -2.77674 3
    endloop
  endfacet
  facet normal 0 0 1
    outer loop
      vertex 21.5299 0.456841 3
      vertex 23.3145 0.221894 3
      vertex 23.3579 0.439992 3
    endloop
  endfacet
  facet normal 0 0 1
    outer loop
      vertex 23.3145 -0.221894 3
      vertex 22.2233 -2.13066 3
      vertex 22.5251 -2.47487 3
    endloop
  endfacet
  facet normal 0 0 1
    outer loop
      vertex 21.6193 0.905867 3
      vertex 23.3579 0.439992 3
      vertex 23.4294 0.650561 3
    endloop
  endfacet
  facet normal 0 0 1
    outer loop
      vertex 23.5278 0.849999 3
      vertex 21.9689 1.75 3
      vertex 23.4294 0.650561 3
    endloop
  endfacet
  facet normal 0 0 1
    outer loop
      vertex 21.9689 1.75 3
      vertex 27.5084 10.148 3
      vertex 27.6819 10.5 3
    endloop
  endfacet
  facet normal -0 0 1
    outer loop
      vertex 21.7664 1.33939 3
      vertex 23.4294 0.650561 3
      vertex 21.9689 1.75 3
    endloop
  endfacet
  facet normal 0 0 1
    outer loop
      vertex 23.3145 -0.221894 3
      vertex 21.9689 -1.75 3
      vertex 22.2233 -2.13066 3
    endloop
  endfacet
  facet normal -0 0 1
    outer loop
      vertex 21.6193 0.905867 3
      vertex 23.4294 0.650561 3
      vertex 21.7664 1.33939 3
    endloop
  endfacet
  facet normal 0 0 1
    outer loop
      vertex 23.3145 -0.221894 3
      vertex 21.7664 -1.33939 3
      vertex 21.9689 -1.75 3
    endloop
  endfacet
  facet normal 0 0 1
    outer loop
      vertex 23.3579 0.439992 3
      vertex 21.6193 0.905867 3
      vertex 21.5299 0.456841 3
    endloop
  endfacet
  facet normal 0 0 1
    outer loop
      vertex 23.3145 -0.221894 3
      vertex 21.6193 -0.905867 3
      vertex 21.7664 -1.33939 3
    endloop
  endfacet
  facet normal 0 0 1
    outer loop
      vertex 23.3145 0.221894 3
      vertex 21.5299 0.456841 3
      vertex 21.5 0 3
    endloop
  endfacet
  facet normal 0 0 1
    outer loop
      vertex 23.3145 -0.221894 3
      vertex 21.5299 -0.456841 3
      vertex 21.6193 -0.905867 3
    endloop
  endfacet
  facet normal 0 0 1
    outer loop
      vertex 23.3 0 3
      vertex 21.5 0 3
      vertex 21.5299 -0.456841 3
    endloop
  endfacet
  facet normal -0 0 1
    outer loop
      vertex 32.6601 7.17372 3
      vertex 28.0311 -1.75 3
      vertex 32.8781 7.5 3
    endloop
  endfacet
  facet normal -0 0 1
    outer loop
      vertex 32.4013 6.87868 3
      vertex 28.0311 -1.75 3
      vertex 32.6601 7.17372 3
    endloop
  endfacet
  facet normal -0 0 1
    outer loop
      vertex 32.1063 6.61994 3
      vertex 28.0311 -1.75 3
      vertex 32.4013 6.87868 3
    endloop
  endfacet
  facet normal -0 0 1
    outer loop
      vertex 31.78 6.40192 3
      vertex 28.0311 -1.75 3
      vertex 32.1063 6.61994 3
    endloop
  endfacet
  facet normal -0 0 1
    outer loop
      vertex 31.428 6.22836 3
      vertex 28.0311 -1.75 3
      vertex 31.78 6.40192 3
    endloop
  endfacet
  facet normal -0 0 1
    outer loop
      vertex 31.0565 6.10222 3
      vertex 28.0311 -1.75 3
      vertex 31.428 6.22836 3
    endloop
  endfacet
  facet normal -0 0 1
    outer loop
      vertex 30.6716 6.02567 3
      vertex 28.0311 -1.75 3
      vertex 31.0565 6.10222 3
    endloop
  endfacet
  facet normal -0 0 1
    outer loop
      vertex 30.28 6 3
      vertex 28.0311 -1.75 3
      vertex 30.6716 6.02567 3
    endloop
  endfacet
  facet normal 0 0 1
    outer loop
      vertex 29.8884 6.02567 3
      vertex 28.0311 -1.75 3
      vertex 30.28 6 3
    endloop
  endfacet
  facet normal 0 0 1
    outer loop
      vertex 29.5035 6.10222 3
      vertex 28.0311 -1.75 3
      vertex 29.8884 6.02567 3
    endloop
  endfacet
  facet normal 0 0 1
    outer loop
      vertex 29.132 6.22836 3
      vertex 28.0311 -1.75 3
      vertex 29.5035 6.10222 3
    endloop
  endfacet
  facet normal 0 0 1
    outer loop
      vertex 28.78 6.40192 3
      vertex 28.0311 -1.75 3
      vertex 29.132 6.22836 3
    endloop
  endfacet
  facet normal 0 0 1
    outer loop
      vertex 28.4537 6.61994 3
      vertex 28.0311 -1.75 3
      vertex 28.78 6.40192 3
    endloop
  endfacet
  facet normal 0 0 1
    outer loop
      vertex 28.1587 6.87868 3
      vertex 28.0311 -1.75 3
      vertex 28.4537 6.61994 3
    endloop
  endfacet
  facet normal 0 0 1
    outer loop
      vertex 27.8999 7.17372 3
      vertex 28.0311 -1.75 3
      vertex 28.1587 6.87868 3
    endloop
  endfacet
  facet normal 0 0 1
    outer loop
      vertex 26.75 -3.03109 3
      vertex 28.0311 -1.75 3
      vertex 27.8999 7.17372 3
    endloop
  endfacet
  facet normal 0 0 1
    outer loop
      vertex 26.75 -3.03109 3
      vertex 27.8999 7.17372 3
      vertex 27.6819 7.5 3
    endloop
  endfacet
  facet normal 0 0 1
    outer loop
      vertex 26.75 -3.03109 3
      vertex 27.6819 7.5 3
      vertex 27.5084 7.85195 3
    endloop
  endfacet
  facet normal 0 0 1
    outer loop
      vertex 28.0311 -1.75 3
      vertex 27.1307 -2.77674 3
      vertex 27.7767 -2.13066 3
    endloop
  endfacet
  facet normal 0 0 1
    outer loop
      vertex 26.75 -3.03109 3
      vertex 27.5084 7.85195 3
      vertex 27.3822 8.22354 3
    endloop
  endfacet
  facet normal 0 0 1
    outer loop
      vertex 26.75 -3.03109 3
      vertex 27.3822 8.22354 3
      vertex 27.3057 8.60842 3
    endloop
  endfacet
  facet normal 0 0 1
    outer loop
      vertex 21.9689 1.75 3
      vertex 27.3057 8.60842 3
      vertex 27.28 9 3
    endloop
  endfacet
  facet normal 0 0 1
    outer loop
      vertex 27.7767 -2.13066 3
      vertex 27.1307 -2.77674 3
      vertex 27.4749 -2.47487 3
    endloop
  endfacet
  facet normal -0 0 1
    outer loop
      vertex 26.6855 -0.221894 3
      vertex 26.75 -3.03109 3
      vertex 26.7 0 3
    endloop
  endfacet
  facet normal -0 0 1
    outer loop
      vertex 26.6421 -0.439992 3
      vertex 26.75 -3.03109 3
      vertex 26.6855 -0.221894 3
    endloop
  endfacet
  facet normal -0 0 1
    outer loop
      vertex 26.5706 -0.650561 3
      vertex 26.75 -3.03109 3
      vertex 26.6421 -0.439992 3
    endloop
  endfacet
  facet normal -0 0 1
    outer loop
      vertex 26.4722 -0.849999 3
      vertex 26.75 -3.03109 3
      vertex 26.5706 -0.650561 3
    endloop
  endfacet
  facet normal -0 0 1
    outer loop
      vertex 26.3487 -1.03489 3
      vertex 26.75 -3.03109 3
      vertex 26.4722 -0.849999 3
    endloop
  endfacet
  facet normal -0 0 1
    outer loop
      vertex 26.2021 -1.20208 3
      vertex 26.75 -3.03109 3
      vertex 26.3487 -1.03489 3
    endloop
  endfacet
  facet normal -0 0 1
    outer loop
      vertex 26.0349 -1.3487 3
      vertex 26.75 -3.03109 3
      vertex 26.2021 -1.20208 3
    endloop
  endfacet
  facet normal -0 0 1
    outer loop
      vertex 25.85 -1.47224 3
      vertex 26.75 -3.03109 3
      vertex 26.0349 -1.3487 3
    endloop
  endfacet
  facet normal 0 0 1
    outer loop
      vertex 26.75 -3.03109 3
      vertex 25.85 -1.47224 3
      vertex 26.3394 -3.23358 3
    endloop
  endfacet
  facet normal -0 0 1
    outer loop
      vertex 25.6506 -1.57059 3
      vertex 26.3394 -3.23358 3
      vertex 25.85 -1.47224 3
    endloop
  endfacet
  facet normal 0 0 1
    outer loop
      vertex 26.3394 -3.23358 3
      vertex 25.6506 -1.57059 3
      vertex 25.9059 -3.38074 3
    endloop
  endfacet
  facet normal -0 0 1
    outer loop
      vertex 25.44 -1.64207 3
      vertex 25.9059 -3.38074 3
      vertex 25.6506 -1.57059 3
    endloop
  endfacet
  facet normal 0 0 1
    outer loop
      vertex 25.9059 -3.38074 3
      vertex 25.44 -1.64207 3
      vertex 25.4568 -3.47006 3
    endloop
  endfacet
  facet normal -0 0 1
    outer loop
      vertex 25.2219 -1.68546 3
      vertex 25.4568 -3.47006 3
      vertex 25.44 -1.64207 3
    endloop
  endfacet
  facet normal -0 0 1
    outer loop
      vertex 25 -1.7 3
      vertex 25.4568 -3.47006 3
      vertex 25.2219 -1.68546 3
    endloop
  endfacet
  facet normal 0 0 1
    outer loop
      vertex 25 -1.7 3
      vertex 25 -3.5 3
      vertex 25.4568 -3.47006 3
    endloop
  endfacet
  facet normal 0 0 1
    outer loop
      vertex 24.7781 -1.68546 3
      vertex 25 -3.5 3
      vertex 25 -1.7 3
    endloop
  endfacet
  facet normal 0 0 1
    outer loop
      vertex 24.5432 -3.47006 3
      vertex 24.7781 -1.68546 3
      vertex 24.56 -1.64207 3
    endloop
  endfacet
  facet normal 0 0 1
    outer loop
      vertex 24.7781 -1.68546 3
      vertex 24.5432 -3.47006 3
      vertex 25 -3.5 3
    endloop
  endfacet
  facet normal 0 0 1
    outer loop
      vertex 24.0941 -3.38074 3
      vertex 24.56 -1.64207 3
      vertex 24.3494 -1.57059 3
    endloop
  endfacet
  facet normal 0 0 1
    outer loop
      vertex 23.6606 -3.23358 3
      vertex 24.3494 -1.57059 3
      vertex 24.15 -1.47224 3
    endloop
  endfacet
  facet normal 0 0 1
    outer loop
      vertex 24.56 -1.64207 3
      vertex 24.0941 -3.38074 3
      vertex 24.5432 -3.47006 3
    endloop
  endfacet
  facet normal 0 0 1
    outer loop
      vertex 23.25 -3.03109 3
      vertex 24.15 -1.47224 3
      vertex 23.9651 -1.3487 3
    endloop
  endfacet
  facet normal 0 0 1
    outer loop
      vertex 22.8693 -2.77674 3
      vertex 23.9651 -1.3487 3
      vertex 23.7979 -1.20208 3
    endloop
  endfacet
  facet normal 0 0 1
    outer loop
      vertex 24.3494 -1.57059 3
      vertex 23.6606 -3.23358 3
      vertex 24.0941 -3.38074 3
    endloop
  endfacet
  facet normal 0 0 1
    outer loop
      vertex 22.8693 -2.77674 3
      vertex 23.7979 -1.20208 3
      vertex 23.6513 -1.03489 3
    endloop
  endfacet
  facet normal 0 0 1
    outer loop
      vertex 22.8693 -2.77674 3
      vertex 23.6513 -1.03489 3
      vertex 23.5278 -0.849999 3
    endloop
  endfacet
  facet normal 0 0 1
    outer loop
      vertex 22.8693 -2.77674 3
      vertex 23.5278 -0.849999 3
      vertex 23.4294 -0.650561 3
    endloop
  endfacet
  facet normal 0 0 1
    outer loop
      vertex 22.8693 -2.77674 3
      vertex 23.4294 -0.650561 3
      vertex 23.3579 -0.439992 3
    endloop
  endfacet
  facet normal 0 0 1
    outer loop
      vertex 22.8693 -2.77674 3
      vertex 23.3579 -0.439992 3
      vertex 23.3145 -0.221894 3
    endloop
  endfacet
  facet normal 0 0 1
    outer loop
      vertex 24.15 -1.47224 3
      vertex 23.25 -3.03109 3
      vertex 23.6606 -3.23358 3
    endloop
  endfacet
  facet normal 0 0 1
    outer loop
      vertex 21.5299 -0.456841 3
      vertex 23.3145 -0.221894 3
      vertex 23.3 0 3
    endloop
  endfacet
  facet normal 0 0 1
    outer loop
      vertex 31.4281 11.7716 3
      vertex 31.428 11.7716 3
      vertex 31.6815 11.6467 3
    endloop
  endfacet
  facet normal 0 -0 1
    outer loop
      vertex 31.428 11.7716 3
      vertex 31.4281 11.7716 3
      vertex 31.1605 11.8625 3
    endloop
  endfacet
  facet normal -0.659364 -0.751824 0
    outer loop
      vertex 22.5251 -2.47487 0
      vertex 22.8693 -2.77674 3
      vertex 22.5251 -2.47487 3
    endloop
  endfacet
  facet normal -0.659364 -0.751824 -0
    outer loop
      vertex 22.8693 -2.77674 3
      vertex 22.5251 -2.47487 0
      vertex 22.8693 -2.77674 0
    endloop
  endfacet
  facet normal -0.831501 0.555523 0
    outer loop
      vertex 27.6819 10.5 0
      vertex 27.8999 10.8263 3
      vertex 27.8999 10.8263 0
    endloop
  endfacet
  facet normal -0.831501 0.555523 0
    outer loop
      vertex 27.8999 10.8263 3
      vertex 27.6819 10.5 0
      vertex 27.6819 10.5 3
    endloop
  endfacet
  facet normal -0.997865 -0.0653097 0
    outer loop
      vertex 21.5299 -0.456841 0
      vertex 21.5 0 3
      vertex 21.5 0 0
    endloop
  endfacet
  facet normal -0.997865 -0.0653097 0
    outer loop
      vertex 21.5 0 3
      vertex 21.5299 -0.456841 0
      vertex 21.5299 -0.456841 3
    endloop
  endfacet
  facet normal -0.751909 -0.659267 0
    outer loop
      vertex 22.5251 -2.47487 0
      vertex 22.2233 -2.13066 3
      vertex 22.2233 -2.13066 0
    endloop
  endfacet
  facet normal -0.751909 -0.659267 0
    outer loop
      vertex 22.2233 -2.13066 3
      vertex 22.5251 -2.47487 0
      vertex 22.5251 -2.47487 3
    endloop
  endfacet
  facet normal -0.831418 -0.555647 0
    outer loop
      vertex 22.2233 -2.13066 0
      vertex 21.9689 -1.75 3
      vertex 21.9689 -1.75 0
    endloop
  endfacet
  facet normal -0.831418 -0.555647 0
    outer loop
      vertex 21.9689 -1.75 3
      vertex 22.2233 -2.13066 0
      vertex 22.2233 -2.13066 3
    endloop
  endfacet
  facet normal 0.946882 -0.321582 0
    outer loop
      vertex 33.0516 7.85195 3
      vertex 33.1778 8.22354 0
      vertex 33.1778 8.22354 3
    endloop
  endfacet
  facet normal 0.946882 -0.321582 0
    outer loop
      vertex 33.1778 8.22354 0
      vertex 33.0516 7.85195 3
      vertex 33.0516 7.85195 0
    endloop
  endfacet
  facet normal 0.0654621 0.997855 0
    outer loop
      vertex 30.6716 11.9743 3
      vertex 30.3896 11.9928 2.99
      vertex 30.3896 11.9928 3
    endloop
  endfacet
  facet normal 0.0654873 0.997853 2.38622e-06
    outer loop
      vertex 30.28 12 0
      vertex 30.3896 11.9928 2.99
      vertex 30.6716 11.9743 0
    endloop
  endfacet
  facet normal 0.0654621 0.997855 -0
    outer loop
      vertex 30.6716 11.9743 0
      vertex 30.3896 11.9928 2.99
      vertex 30.6716 11.9743 3
    endloop
  endfacet
  facet normal 0 -0 0
    outer loop
      vertex 30.28 12 2.99
      vertex 30.28 12 0
      vertex 30.28 12 3
    endloop
  endfacet
  facet normal 0.0655521 0.997849 0
    outer loop
      vertex 30.3896 11.9928 2.99
      vertex 30.28 12 0
      vertex 30.28 12 2.99
    endloop
  endfacet
  facet normal -0.896864 0.442305 0
    outer loop
      vertex 21.7664 1.33939 0
      vertex 21.9689 1.75 3
      vertex 21.9689 1.75 0
    endloop
  endfacet
  facet normal -0.896864 0.442305 0
    outer loop
      vertex 21.9689 1.75 3
      vertex 21.7664 1.33939 0
      vertex 21.7664 1.33939 3
    endloop
  endfacet
  facet normal 0.659663 0.751561 0
    outer loop
      vertex 32.4013 11.1213 2.99
      vertex 32.4013 11.1213 0
      vertex 32.3187 11.1938 2.99
    endloop
  endfacet
  facet normal 0.659406 0.751787 -0
    outer loop
      vertex 32.3187 11.1938 2.99
      vertex 32.1063 11.3801 3
      vertex 32.3187 11.1938 3
    endloop
  endfacet
  facet normal 0.659478 0.751724 -9.05085e-06
    outer loop
      vertex 32.1063 11.3801 0
      vertex 32.3187 11.1938 2.99
      vertex 32.4013 11.1213 0
    endloop
  endfacet
  facet normal 0.659406 0.751787 0
    outer loop
      vertex 32.3187 11.1938 2.99
      vertex 32.1063 11.3801 0
      vertex 32.1063 11.3801 3
    endloop
  endfacet
  facet normal -0.555523 0.831501 0
    outer loop
      vertex 28.78 11.5981 0
      vertex 28.4537 11.3801 3
      vertex 28.78 11.5981 3
    endloop
  endfacet
  facet normal -0.555523 0.831501 0
    outer loop
      vertex 28.4537 11.3801 3
      vertex 28.78 11.5981 0
      vertex 28.4537 11.3801 0
    endloop
  endfacet
  facet normal 0.321636 0.946863 0
    outer loop
      vertex 31.4281 11.7716 3
      vertex 31.1605 11.8625 2.99
      vertex 31.1605 11.8625 3
    endloop
  endfacet
  facet normal 0.321636 0.946863 -0
    outer loop
      vertex 31.4281 11.7716 0
      vertex 31.1605 11.8625 2.99
      vertex 31.4281 11.7716 3
    endloop
  endfacet
  facet normal 0.321574 0.946885 -6.23823e-06
    outer loop
      vertex 31.0565 11.8978 0
      vertex 31.1605 11.8625 2.99
      vertex 31.4281 11.7716 0
    endloop
  endfacet
  facet normal 0.321413 0.946939 0
    outer loop
      vertex 31.1605 11.8625 2.99
      vertex 31.0565 11.8978 0
      vertex 31.0565 11.8978 2.99
    endloop
  endfacet
  facet normal -0.751724 0.659478 0
    outer loop
      vertex 27.8999 10.8263 0
      vertex 28.1587 11.1213 3
      vertex 28.1587 11.1213 0
    endloop
  endfacet
  facet normal -0.751724 0.659478 0
    outer loop
      vertex 28.1587 11.1213 3
      vertex 27.8999 10.8263 0
      vertex 27.8999 10.8263 3
    endloop
  endfacet
  facet normal -0.19494 0.980815 0
    outer loop
      vertex 29.8884 11.9743 0
      vertex 29.5035 11.8978 3
      vertex 29.8884 11.9743 3
    endloop
  endfacet
  facet normal -0.19494 0.980815 0
    outer loop
      vertex 29.5035 11.8978 3
      vertex 29.8884 11.9743 0
      vertex 29.5035 11.8978 0
    endloop
  endfacet
  facet normal -0.980751 0.195265 0
    outer loop
      vertex 21.5299 0.456841 0
      vertex 21.6193 0.905867 3
      vertex 21.6193 0.905867 0
    endloop
  endfacet
  facet normal -0.980751 0.195265 0
    outer loop
      vertex 21.6193 0.905867 3
      vertex 21.5299 0.456841 0
      vertex 21.5299 0.456841 3
    endloop
  endfacet
  facet normal 0.0654026 -0.997859 0
    outer loop
      vertex 25 -3.5 0
      vertex 25.4568 -3.47006 3
      vertex 25 -3.5 3
    endloop
  endfacet
  facet normal 0.0654026 -0.997859 0
    outer loop
      vertex 25.4568 -3.47006 3
      vertex 25 -3.5 0
      vertex 25.4568 -3.47006 0
    endloop
  endfacet
  facet normal -0.195066 -0.98079 0
    outer loop
      vertex 24.0941 -3.38074 0
      vertex 24.5432 -3.47006 3
      vertex 24.0941 -3.38074 3
    endloop
  endfacet
  facet normal -0.195066 -0.98079 -0
    outer loop
      vertex 24.5432 -3.47006 3
      vertex 24.0941 -3.38074 0
      vertex 24.5432 -3.47006 0
    endloop
  endfacet
  facet normal -0.555532 -0.831495 0
    outer loop
      vertex 22.8693 -2.77674 0
      vertex 23.25 -3.03109 3
      vertex 22.8693 -2.77674 3
    endloop
  endfacet
  facet normal -0.555532 -0.831495 -0
    outer loop
      vertex 23.25 -3.03109 3
      vertex 22.8693 -2.77674 0
      vertex 23.25 -3.03109 0
    endloop
  endfacet
  facet normal -0.321651 0.946858 0
    outer loop
      vertex 29.5035 11.8978 0
      vertex 29.132 11.7716 3
      vertex 29.5035 11.8978 3
    endloop
  endfacet
  facet normal -0.321651 0.946858 0
    outer loop
      vertex 29.132 11.7716 3
      vertex 29.5035 11.8978 0
      vertex 29.132 11.7716 0
    endloop
  endfacet
  facet normal 0.195066 -0.98079 0
    outer loop
      vertex 25.4568 -3.47006 0
      vertex 25.9059 -3.38074 3
      vertex 25.4568 -3.47006 3
    endloop
  endfacet
  facet normal 0.195066 -0.98079 0
    outer loop
      vertex 25.9059 -3.38074 3
      vertex 25.4568 -3.47006 0
      vertex 25.9059 -3.38074 0
    endloop
  endfacet
  facet normal 0.321452 -0.946926 0
    outer loop
      vertex 25.9059 -3.38074 0
      vertex 26.3394 -3.23358 3
      vertex 25.9059 -3.38074 3
    endloop
  endfacet
  facet normal 0.321452 -0.946926 0
    outer loop
      vertex 26.3394 -3.23358 3
      vertex 25.9059 -3.38074 0
      vertex 26.3394 -3.23358 0
    endloop
  endfacet
  facet normal -0.321452 -0.946926 0
    outer loop
      vertex 23.6606 -3.23358 0
      vertex 24.0941 -3.38074 3
      vertex 23.6606 -3.23358 3
    endloop
  endfacet
  facet normal -0.321452 -0.946926 -0
    outer loop
      vertex 24.0941 -3.38074 3
      vertex 23.6606 -3.23358 0
      vertex 24.0941 -3.38074 0
    endloop
  endfacet
  facet normal 0.442297 -0.896869 0
    outer loop
      vertex 26.3394 -3.23358 0
      vertex 26.75 -3.03109 3
      vertex 26.3394 -3.23358 3
    endloop
  endfacet
  facet normal 0.442297 -0.896869 0
    outer loop
      vertex 26.75 -3.03109 3
      vertex 26.3394 -3.23358 0
      vertex 26.75 -3.03109 0
    endloop
  endfacet
  facet normal 0.194716 0.98086 0
    outer loop
      vertex 31.0565 11.8978 2.99
      vertex 31.0565 11.8978 0
      vertex 30.9487 11.9192 2.99
    endloop
  endfacet
  facet normal 0.195027 0.980798 -0
    outer loop
      vertex 30.9487 11.9192 2.99
      vertex 30.6716 11.9743 3
      vertex 30.9487 11.9192 3
    endloop
  endfacet
  facet normal 0.19494 0.980815 8.38616e-06
    outer loop
      vertex 30.6716 11.9743 0
      vertex 30.9487 11.9192 2.99
      vertex 31.0565 11.8978 0
    endloop
  endfacet
  facet normal 0.195027 0.980798 0
    outer loop
      vertex 30.9487 11.9192 2.99
      vertex 30.6716 11.9743 0
      vertex 30.6716 11.9743 3
    endloop
  endfacet
  facet normal 0.997854 0.065476 -0
    outer loop
      vertex 33.2728 9.10964 2.99
      vertex 33.2543 9.39158 3
      vertex 33.2728 9.10964 3
    endloop
  endfacet
  facet normal 0.997854 0.065476 0
    outer loop
      vertex 33.2543 9.39158 3
      vertex 33.2728 9.10964 2.99
      vertex 33.2543 9.39158 0
    endloop
  endfacet
  facet normal 0.997851 0.0655283 -0
    outer loop
      vertex 33.28 9 0
      vertex 33.2728 9.10964 2.99
      vertex 33.28 9 2.99
    endloop
  endfacet
  facet normal 0.997853 0.0654906 1.38749e-06
    outer loop
      vertex 33.2728 9.10964 2.99
      vertex 33.28 9 0
      vertex 33.2543 9.39158 0
    endloop
  endfacet
  facet normal 0.896961 0.44211 0
    outer loop
      vertex 33.0516 10.148 2.99
      vertex 32.8781 10.5 0
      vertex 32.8781 10.5 2.99
    endloop
  endfacet
  facet normal 0.896961 0.44211 0
    outer loop
      vertex 32.8781 10.5 0
      vertex 33.0516 10.148 2.99
      vertex 33.0516 10.148 0
    endloop
  endfacet
  facet normal -0.659478 0.751724 0
    outer loop
      vertex 28.4537 11.3801 0
      vertex 28.1587 11.1213 3
      vertex 28.4537 11.3801 3
    endloop
  endfacet
  facet normal -0.659478 0.751724 0
    outer loop
      vertex 28.1587 11.1213 3
      vertex 28.4537 11.3801 0
      vertex 28.1587 11.1213 0
    endloop
  endfacet
  facet normal 0.946949 0.321384 0
    outer loop
      vertex 33.087 10.044 3
      vertex 33.1778 9.77646 3
      vertex 33.087 10.044 2.99
    endloop
  endfacet
  facet normal 0.946662 0.322229 0
    outer loop
      vertex 33.087 10.044 2.99
      vertex 33.0516 10.148 0
      vertex 33.0516 10.148 2.99
    endloop
  endfacet
  facet normal 0.946949 0.321384 -0
    outer loop
      vertex 33.1778 9.77646 0
      vertex 33.087 10.044 2.99
      vertex 33.1778 9.77646 3
    endloop
  endfacet
  facet normal 0.946869 0.32162 -2.36235e-05
    outer loop
      vertex 33.087 10.044 2.99
      vertex 33.1778 9.77646 0
      vertex 33.0516 10.148 0
    endloop
  endfacet
  facet normal 0 0 -1
    outer loop
      vertex 28.0311 -1.75 0
      vertex 26.6855 -0.221894 0
      vertex 26.7 0 0
    endloop
  endfacet
  facet normal 0 0 -1
    outer loop
      vertex 27.1307 -2.77674 0
      vertex 26.6421 -0.439992 0
      vertex 26.6855 -0.221894 0
    endloop
  endfacet
  facet normal 0 0 -1
    outer loop
      vertex 27.1307 -2.77674 0
      vertex 26.5706 -0.650561 0
      vertex 26.6421 -0.439992 0
    endloop
  endfacet
  facet normal 0 0 -1
    outer loop
      vertex 27.1307 -2.77674 0
      vertex 26.4722 -0.849999 0
      vertex 26.5706 -0.650561 0
    endloop
  endfacet
  facet normal 0 0 -1
    outer loop
      vertex 27.1307 -2.77674 0
      vertex 26.3487 -1.03489 0
      vertex 26.4722 -0.849999 0
    endloop
  endfacet
  facet normal 0 0 -1
    outer loop
      vertex 25.85 -1.47224 0
      vertex 26.75 -3.03109 0
      vertex 26.3394 -3.23358 0
    endloop
  endfacet
  facet normal 0 0 -1
    outer loop
      vertex 27.1307 -2.77674 0
      vertex 26.2021 -1.20208 0
      vertex 26.3487 -1.03489 0
    endloop
  endfacet
  facet normal 0 0 -1
    outer loop
      vertex 27.1307 -2.77674 0
      vertex 26.0349 -1.3487 0
      vertex 26.2021 -1.20208 0
    endloop
  endfacet
  facet normal 0 0 -1
    outer loop
      vertex 25.6506 -1.57059 0
      vertex 26.3394 -3.23358 0
      vertex 25.9059 -3.38074 0
    endloop
  endfacet
  facet normal 0 0 -1
    outer loop
      vertex 26.75 -3.03109 0
      vertex 25.85 -1.47224 0
      vertex 26.0349 -1.3487 0
    endloop
  endfacet
  facet normal 0 0 -1
    outer loop
      vertex 26.3394 -3.23358 0
      vertex 25.6506 -1.57059 0
      vertex 25.85 -1.47224 0
    endloop
  endfacet
  facet normal 0 0 -1
    outer loop
      vertex 25.44 -1.64207 0
      vertex 25.9059 -3.38074 0
      vertex 25.4568 -3.47006 0
    endloop
  endfacet
  facet normal 0 0 -1
    outer loop
      vertex 25.9059 -3.38074 0
      vertex 25.44 -1.64207 0
      vertex 25.6506 -1.57059 0
    endloop
  endfacet
  facet normal 0 0 -1
    outer loop
      vertex 25.4568 -3.47006 0
      vertex 25.2219 -1.68546 0
      vertex 25.44 -1.64207 0
    endloop
  endfacet
  facet normal 0 0 -1
    outer loop
      vertex 25 -3.5 0
      vertex 25.2219 -1.68546 0
      vertex 25.4568 -3.47006 0
    endloop
  endfacet
  facet normal 0 0 -1
    outer loop
      vertex 25 -3.5 0
      vertex 25 -1.7 0
      vertex 25.2219 -1.68546 0
    endloop
  endfacet
  facet normal 0 0 -1
    outer loop
      vertex 25 -3.5 0
      vertex 24.7781 -1.68546 0
      vertex 25 -1.7 0
    endloop
  endfacet
  facet normal 0 0 -1
    outer loop
      vertex 24.5432 -3.47006 0
      vertex 24.7781 -1.68546 0
      vertex 25 -3.5 0
    endloop
  endfacet
  facet normal -0 0 -1
    outer loop
      vertex 24.7781 -1.68546 0
      vertex 24.5432 -3.47006 0
      vertex 24.56 -1.64207 0
    endloop
  endfacet
  facet normal 0 0 -1
    outer loop
      vertex 24.0941 -3.38074 0
      vertex 24.56 -1.64207 0
      vertex 24.5432 -3.47006 0
    endloop
  endfacet
  facet normal -0 0 -1
    outer loop
      vertex 24.56 -1.64207 0
      vertex 24.0941 -3.38074 0
      vertex 24.3494 -1.57059 0
    endloop
  endfacet
  facet normal 0 0 -1
    outer loop
      vertex 23.6606 -3.23358 0
      vertex 24.3494 -1.57059 0
      vertex 24.0941 -3.38074 0
    endloop
  endfacet
  facet normal -0 0 -1
    outer loop
      vertex 24.3494 -1.57059 0
      vertex 23.6606 -3.23358 0
      vertex 24.15 -1.47224 0
    endloop
  endfacet
  facet normal 0 0 -1
    outer loop
      vertex 23.25 -3.03109 0
      vertex 24.15 -1.47224 0
      vertex 23.6606 -3.23358 0
    endloop
  endfacet
  facet normal -0 0 -1
    outer loop
      vertex 24.15 -1.47224 0
      vertex 23.25 -3.03109 0
      vertex 23.9651 -1.3487 0
    endloop
  endfacet
  facet normal 0 0 -1
    outer loop
      vertex 22.8693 -2.77674 0
      vertex 23.9651 -1.3487 0
      vertex 23.25 -3.03109 0
    endloop
  endfacet
  facet normal -0 0 -1
    outer loop
      vertex 23.9651 -1.3487 0
      vertex 22.8693 -2.77674 0
      vertex 23.7979 -1.20208 0
    endloop
  endfacet
  facet normal 0 0 -1
    outer loop
      vertex 22.5251 -2.47487 0
      vertex 23.7979 -1.20208 0
      vertex 22.8693 -2.77674 0
    endloop
  endfacet
  facet normal -0 0 -1
    outer loop
      vertex 23.7979 -1.20208 0
      vertex 22.5251 -2.47487 0
      vertex 23.6513 -1.03489 0
    endloop
  endfacet
  facet normal 0 0 -1
    outer loop
      vertex 22.2233 -2.13066 0
      vertex 23.6513 -1.03489 0
      vertex 22.5251 -2.47487 0
    endloop
  endfacet
  facet normal 0 0 -1
    outer loop
      vertex 21.9689 -1.75 0
      vertex 23.5278 -0.849999 0
      vertex 22.2233 -2.13066 0
    endloop
  endfacet
  facet normal -0 0 -1
    outer loop
      vertex 23.6513 -1.03489 0
      vertex 22.2233 -2.13066 0
      vertex 23.5278 -0.849999 0
    endloop
  endfacet
  facet normal 0 0 -1
    outer loop
      vertex 33.2543 8.60842 0
      vertex 33.2543 9.39158 0
      vertex 33.28 9 0
    endloop
  endfacet
  facet normal 0 0 -1
    outer loop
      vertex 33.1778 8.22354 0
      vertex 33.2543 9.39158 0
      vertex 33.2543 8.60842 0
    endloop
  endfacet
  facet normal 0 0 -1
    outer loop
      vertex 33.1778 8.22354 0
      vertex 33.1778 9.77646 0
      vertex 33.2543 9.39158 0
    endloop
  endfacet
  facet normal 0 0 -1
    outer loop
      vertex 33.0516 7.85195 0
      vertex 33.1778 9.77646 0
      vertex 33.1778 8.22354 0
    endloop
  endfacet
  facet normal 0 0 -1
    outer loop
      vertex 33.0516 7.85195 0
      vertex 33.0516 10.148 0
      vertex 33.1778 9.77646 0
    endloop
  endfacet
  facet normal 0 0 -1
    outer loop
      vertex 32.8781 7.5 0
      vertex 33.0516 10.148 0
      vertex 33.0516 7.85195 0
    endloop
  endfacet
  facet normal 0 0 -1
    outer loop
      vertex 32.8781 7.5 0
      vertex 32.8781 10.5 0
      vertex 33.0516 10.148 0
    endloop
  endfacet
  facet normal 0 0 -1
    outer loop
      vertex 32.8781 7.5 0
      vertex 32.6601 10.8263 0
      vertex 32.8781 10.5 0
    endloop
  endfacet
  facet normal 0 0 -1
    outer loop
      vertex 32.8781 7.5 0
      vertex 32.4013 11.1213 0
      vertex 32.6601 10.8263 0
    endloop
  endfacet
  facet normal 0 0 -1
    outer loop
      vertex 32.8781 7.5 0
      vertex 32.1063 11.3801 0
      vertex 32.4013 11.1213 0
    endloop
  endfacet
  facet normal 0 0 -1
    outer loop
      vertex 32.8781 7.5 0
      vertex 31.78 11.5981 0
      vertex 32.1063 11.3801 0
    endloop
  endfacet
  facet normal 0 0 -1
    outer loop
      vertex 32.8781 7.5 0
      vertex 31.4281 11.7716 0
      vertex 31.78 11.5981 0
    endloop
  endfacet
  facet normal 0 0 -1
    outer loop
      vertex 32.8781 7.5 0
      vertex 31.0565 11.8978 0
      vertex 31.4281 11.7716 0
    endloop
  endfacet
  facet normal 0 0 -1
    outer loop
      vertex 32.8781 7.5 0
      vertex 30.6716 11.9743 0
      vertex 31.0565 11.8978 0
    endloop
  endfacet
  facet normal 0 0 -1
    outer loop
      vertex 32.8781 7.5 0
      vertex 30.28 12 0
      vertex 30.6716 11.9743 0
    endloop
  endfacet
  facet normal 0 0 -1
    outer loop
      vertex 32.8781 7.5 0
      vertex 29.8884 11.9743 0
      vertex 30.28 12 0
    endloop
  endfacet
  facet normal 0 0 -1
    outer loop
      vertex 32.8781 7.5 0
      vertex 29.5035 11.8978 0
      vertex 29.8884 11.9743 0
    endloop
  endfacet
  facet normal 0 0 -1
    outer loop
      vertex 32.8781 7.5 0
      vertex 29.132 11.7716 0
      vertex 29.5035 11.8978 0
    endloop
  endfacet
  facet normal 0 0 -1
    outer loop
      vertex 32.8781 7.5 0
      vertex 28.78 11.5981 0
      vertex 29.132 11.7716 0
    endloop
  endfacet
  facet normal 0 0 -1
    outer loop
      vertex 32.8781 7.5 0
      vertex 28.4537 11.3801 0
      vertex 28.78 11.5981 0
    endloop
  endfacet
  facet normal 0 0 -1
    outer loop
      vertex 32.8781 7.5 0
      vertex 28.1587 11.1213 0
      vertex 28.4537 11.3801 0
    endloop
  endfacet
  facet normal 0 0 -1
    outer loop
      vertex 26.6421 0.439992 0
      vertex 32.8781 7.5 0
      vertex 28.0311 -1.75 0
    endloop
  endfacet
  facet normal 0 0 -1
    outer loop
      vertex 32.8781 7.5 0
      vertex 27.6819 10.5 0
      vertex 28.1587 11.1213 0
    endloop
  endfacet
  facet normal 0 0 -1
    outer loop
      vertex 26.6855 -0.221894 0
      vertex 28.0311 -1.75 0
      vertex 27.7767 -2.13066 0
    endloop
  endfacet
  facet normal 0 0 -1
    outer loop
      vertex 32.8781 7.5 0
      vertex 26.6421 0.439992 0
      vertex 26.5706 0.650561 0
    endloop
  endfacet
  facet normal 0 0 -1
    outer loop
      vertex 26.6855 -0.221894 0
      vertex 27.7767 -2.13066 0
      vertex 27.4749 -2.47487 0
    endloop
  endfacet
  facet normal 0 0 -1
    outer loop
      vertex 26.6855 -0.221894 0
      vertex 27.4749 -2.47487 0
      vertex 27.1307 -2.77674 0
    endloop
  endfacet
  facet normal 0 0 -1
    outer loop
      vertex 26.0349 -1.3487 0
      vertex 27.1307 -2.77674 0
      vertex 26.75 -3.03109 0
    endloop
  endfacet
  facet normal 0 0 -1
    outer loop
      vertex 28.0311 -1.75 0
      vertex 26.7 0 0
      vertex 26.6855 0.221894 0
    endloop
  endfacet
  facet normal 0 0 -1
    outer loop
      vertex 28.0311 -1.75 0
      vertex 26.6855 0.221894 0
      vertex 26.6421 0.439992 0
    endloop
  endfacet
  facet normal 0 0 -1
    outer loop
      vertex 26.4722 0.849999 0
      vertex 32.8781 7.5 0
      vertex 26.5706 0.650561 0
    endloop
  endfacet
  facet normal 0 0 -1
    outer loop
      vertex 28.1587 11.1213 0
      vertex 27.6819 10.5 0
      vertex 27.8999 10.8263 0
    endloop
  endfacet
  facet normal 0 0 -1
    outer loop
      vertex 26.3487 1.03489 0
      vertex 32.8781 7.5 0
      vertex 26.4722 0.849999 0
    endloop
  endfacet
  facet normal 0 0 -1
    outer loop
      vertex 26.2021 1.20208 0
      vertex 32.8781 7.5 0
      vertex 26.3487 1.03489 0
    endloop
  endfacet
  facet normal 0 0 -1
    outer loop
      vertex 26.0349 1.3487 0
      vertex 32.8781 7.5 0
      vertex 26.2021 1.20208 0
    endloop
  endfacet
  facet normal 0 0 -1
    outer loop
      vertex 25.85 1.47224 0
      vertex 32.8781 7.5 0
      vertex 26.0349 1.3487 0
    endloop
  endfacet
  facet normal -0 0 -1
    outer loop
      vertex 32.8781 7.5 0
      vertex 25.85 1.47224 0
      vertex 27.6819 10.5 0
    endloop
  endfacet
  facet normal 0 0 -1
    outer loop
      vertex 25.6506 1.57059 0
      vertex 27.6819 10.5 0
      vertex 25.85 1.47224 0
    endloop
  endfacet
  facet normal 0 0 -1
    outer loop
      vertex 25.44 1.64207 0
      vertex 27.6819 10.5 0
      vertex 25.6506 1.57059 0
    endloop
  endfacet
  facet normal 0 0 -1
    outer loop
      vertex 25.2219 1.68546 0
      vertex 27.6819 10.5 0
      vertex 25.44 1.64207 0
    endloop
  endfacet
  facet normal 0 0 -1
    outer loop
      vertex 25 1.7 0
      vertex 27.6819 10.5 0
      vertex 25.2219 1.68546 0
    endloop
  endfacet
  facet normal 0 0 -1
    outer loop
      vertex 24.7781 1.68546 0
      vertex 27.6819 10.5 0
      vertex 25 1.7 0
    endloop
  endfacet
  facet normal 0 0 -1
    outer loop
      vertex 24.56 1.64207 0
      vertex 27.6819 10.5 0
      vertex 24.7781 1.68546 0
    endloop
  endfacet
  facet normal 0 0 -1
    outer loop
      vertex 21.9689 1.75 0
      vertex 24.56 1.64207 0
      vertex 24.3494 1.57059 0
    endloop
  endfacet
  facet normal 0 0 -1
    outer loop
      vertex 21.9689 1.75 0
      vertex 24.3494 1.57059 0
      vertex 24.15 1.47224 0
    endloop
  endfacet
  facet normal 0 0 -1
    outer loop
      vertex 21.9689 1.75 0
      vertex 24.15 1.47224 0
      vertex 23.9651 1.3487 0
    endloop
  endfacet
  facet normal 0 0 -1
    outer loop
      vertex 21.9689 1.75 0
      vertex 23.9651 1.3487 0
      vertex 23.7979 1.20208 0
    endloop
  endfacet
  facet normal 0 0 -1
    outer loop
      vertex 21.9689 1.75 0
      vertex 23.7979 1.20208 0
      vertex 23.6513 1.03489 0
    endloop
  endfacet
  facet normal 0 0 -1
    outer loop
      vertex 21.9689 1.75 0
      vertex 23.6513 1.03489 0
      vertex 23.5278 0.849999 0
    endloop
  endfacet
  facet normal 0 0 -1
    outer loop
      vertex 21.9689 1.75 0
      vertex 23.5278 0.849999 0
      vertex 23.4294 0.650561 0
    endloop
  endfacet
  facet normal -0 0 -1
    outer loop
      vertex 23.5278 -0.849999 0
      vertex 21.9689 -1.75 0
      vertex 23.4294 -0.650561 0
    endloop
  endfacet
  facet normal 0 0 -1
    outer loop
      vertex 21.7664 -1.33939 0
      vertex 23.4294 -0.650561 0
      vertex 21.9689 -1.75 0
    endloop
  endfacet
  facet normal -0 0 -1
    outer loop
      vertex 23.4294 -0.650561 0
      vertex 21.7664 -1.33939 0
      vertex 23.3579 -0.439992 0
    endloop
  endfacet
  facet normal 0 0 -1
    outer loop
      vertex 21.6193 -0.905867 0
      vertex 23.3579 -0.439992 0
      vertex 21.7664 -1.33939 0
    endloop
  endfacet
  facet normal -0 0 -1
    outer loop
      vertex 23.3579 -0.439992 0
      vertex 21.6193 -0.905867 0
      vertex 23.3145 -0.221894 0
    endloop
  endfacet
  facet normal 0 0 -1
    outer loop
      vertex 21.5299 -0.456841 0
      vertex 23.3145 -0.221894 0
      vertex 21.6193 -0.905867 0
    endloop
  endfacet
  facet normal -0 0 -1
    outer loop
      vertex 23.3145 -0.221894 0
      vertex 21.5299 -0.456841 0
      vertex 23.3 0 0
    endloop
  endfacet
  facet normal 0 0 -1
    outer loop
      vertex 21.5 0 0
      vertex 23.3 0 0
      vertex 21.5299 -0.456841 0
    endloop
  endfacet
  facet normal 0 0 -1
    outer loop
      vertex 24.56 1.64207 0
      vertex 21.9689 1.75 0
      vertex 27.6819 10.5 0
    endloop
  endfacet
  facet normal 0 0 -1
    outer loop
      vertex 23.3 0 0
      vertex 21.5 0 0
      vertex 23.3145 0.221894 0
    endloop
  endfacet
  facet normal 0 0 -1
    outer loop
      vertex 23.4294 0.650561 0
      vertex 21.7664 1.33939 0
      vertex 21.9689 1.75 0
    endloop
  endfacet
  facet normal 0 -0 -1
    outer loop
      vertex 21.5299 0.456841 0
      vertex 23.3145 0.221894 0
      vertex 21.5 0 0
    endloop
  endfacet
  facet normal 0 0 -1
    outer loop
      vertex 23.4294 0.650561 0
      vertex 21.6193 0.905867 0
      vertex 21.7664 1.33939 0
    endloop
  endfacet
  facet normal 0 0 -1
    outer loop
      vertex 23.3145 0.221894 0
      vertex 21.5299 0.456841 0
      vertex 23.3579 0.439992 0
    endloop
  endfacet
  facet normal 0 0 -1
    outer loop
      vertex 23.3579 0.439992 0
      vertex 21.6193 0.905867 0
      vertex 23.4294 0.650561 0
    endloop
  endfacet
  facet normal 0 -0 -1
    outer loop
      vertex 21.6193 0.905867 0
      vertex 23.3579 0.439992 0
      vertex 21.5299 0.456841 0
    endloop
  endfacet
  facet normal -0.98077 -0.195167 0
    outer loop
      vertex 26.6855 0.221894 0
      vertex 26.6421 0.439992 3
      vertex 26.6421 0.439992 0
    endloop
  endfacet
  facet normal -0.98077 -0.195167 0
    outer loop
      vertex 26.6421 0.439992 3
      vertex 26.6855 0.221894 0
      vertex 26.6855 0.221894 3
    endloop
  endfacet
  facet normal 0.659319 -0.751863 0
    outer loop
      vertex 23.7979 1.20208 0
      vertex 23.9651 1.3487 3
      vertex 23.7979 1.20208 3
    endloop
  endfacet
  facet normal 0.659319 -0.751863 0
    outer loop
      vertex 23.9651 1.3487 3
      vertex 23.7979 1.20208 0
      vertex 23.9651 1.3487 0
    endloop
  endfacet
  facet normal -0.896787 -0.442463 0
    outer loop
      vertex 26.5706 0.650561 0
      vertex 26.4722 0.849999 3
      vertex 26.4722 0.849999 0
    endloop
  endfacet
  facet normal -0.896787 -0.442463 0
    outer loop
      vertex 26.4722 0.849999 3
      vertex 26.5706 0.650561 0
      vertex 26.5706 0.650561 3
    endloop
  endfacet
  facet normal -0.751888 0.659291 0
    outer loop
      vertex 26.2021 -1.20208 0
      vertex 26.3487 -1.03489 3
      vertex 26.3487 -1.03489 0
    endloop
  endfacet
  facet normal -0.751888 0.659291 0
    outer loop
      vertex 26.3487 -1.03489 3
      vertex 26.2021 -1.20208 0
      vertex 26.2021 -1.20208 3
    endloop
  endfacet
  facet normal -0.555551 0.831483 0
    outer loop
      vertex 26.0349 -1.3487 0
      vertex 25.85 -1.47224 3
      vertex 26.0349 -1.3487 3
    endloop
  endfacet
  facet normal -0.555551 0.831483 0
    outer loop
      vertex 25.85 -1.47224 3
      vertex 26.0349 -1.3487 0
      vertex 25.85 -1.47224 0
    endloop
  endfacet
  facet normal 0.321403 0.946943 -0
    outer loop
      vertex 24.56 -1.64207 0
      vertex 24.3494 -1.57059 3
      vertex 24.56 -1.64207 3
    endloop
  endfacet
  facet normal 0.321403 0.946943 0
    outer loop
      vertex 24.3494 -1.57059 3
      vertex 24.56 -1.64207 0
      vertex 24.3494 -1.57059 0
    endloop
  endfacet
  facet normal -0.659319 -0.751863 0
    outer loop
      vertex 26.0349 1.3487 0
      vertex 26.2021 1.20208 3
      vertex 26.0349 1.3487 3
    endloop
  endfacet
  facet normal -0.659319 -0.751863 -0
    outer loop
      vertex 26.2021 1.20208 3
      vertex 26.0349 1.3487 0
      vertex 26.2021 1.20208 0
    endloop
  endfacet
  facet normal -0.997872 -0.0652074 0
    outer loop
      vertex 26.7 0 0
      vertex 26.6855 0.221894 3
      vertex 26.6855 0.221894 0
    endloop
  endfacet
  facet normal -0.997872 -0.0652074 0
    outer loop
      vertex 26.6855 0.221894 3
      vertex 26.7 0 0
      vertex 26.7 0 3
    endloop
  endfacet
  facet normal 0.442349 0.896843 -0
    outer loop
      vertex 24.3494 -1.57059 0
      vertex 24.15 -1.47224 3
      vertex 24.3494 -1.57059 3
    endloop
  endfacet
  facet normal 0.442349 0.896843 0
    outer loop
      vertex 24.15 -1.47224 3
      vertex 24.3494 -1.57059 0
      vertex 24.15 -1.47224 0
    endloop
  endfacet
  facet normal 0.98077 0.195167 0
    outer loop
      vertex 23.3579 -0.439992 3
      vertex 23.3145 -0.221894 0
      vertex 23.3145 -0.221894 3
    endloop
  endfacet
  facet normal 0.98077 0.195167 0
    outer loop
      vertex 23.3145 -0.221894 0
      vertex 23.3579 -0.439992 3
      vertex 23.3579 -0.439992 0
    endloop
  endfacet
  facet normal 0.442349 -0.896843 0
    outer loop
      vertex 24.15 1.47224 0
      vertex 24.3494 1.57059 3
      vertex 24.15 1.47224 3
    endloop
  endfacet
  facet normal 0.442349 -0.896843 0
    outer loop
      vertex 24.3494 1.57059 3
      vertex 24.15 1.47224 0
      vertex 24.3494 1.57059 0
    endloop
  endfacet
  facet normal -0.0653848 0.99786 0
    outer loop
      vertex 25.2219 -1.68546 0
      vertex 25 -1.7 3
      vertex 25.2219 -1.68546 3
    endloop
  endfacet
  facet normal -0.0653848 0.99786 0
    outer loop
      vertex 25 -1.7 3
      vertex 25.2219 -1.68546 0
      vertex 25 -1.7 0
    endloop
  endfacet
  facet normal -0.321403 -0.946943 0
    outer loop
      vertex 25.44 1.64207 0
      vertex 25.6506 1.57059 3
      vertex 25.44 1.64207 3
    endloop
  endfacet
  facet normal -0.321403 -0.946943 -0
    outer loop
      vertex 25.6506 1.57059 3
      vertex 25.44 1.64207 0
      vertex 25.6506 1.57059 0
    endloop
  endfacet
  facet normal 0.0653848 -0.99786 0
    outer loop
      vertex 24.7781 1.68546 0
      vertex 25 1.7 3
      vertex 24.7781 1.68546 3
    endloop
  endfacet
  facet normal 0.0653848 -0.99786 0
    outer loop
      vertex 25 1.7 3
      vertex 24.7781 1.68546 0
      vertex 25 1.7 0
    endloop
  endfacet
  facet normal 0.946901 0.321526 0
    outer loop
      vertex 23.4294 -0.650561 3
      vertex 23.3579 -0.439992 0
      vertex 23.3579 -0.439992 3
    endloop
  endfacet
  facet normal 0.946901 0.321526 0
    outer loop
      vertex 23.3579 -0.439992 0
      vertex 23.4294 -0.650561 3
      vertex 23.4294 -0.650561 0
    endloop
  endfacet
  facet normal 0.321403 -0.946943 0
    outer loop
      vertex 24.3494 1.57059 0
      vertex 24.56 1.64207 3
      vertex 24.3494 1.57059 3
    endloop
  endfacet
  facet normal 0.321403 -0.946943 0
    outer loop
      vertex 24.56 1.64207 3
      vertex 24.3494 1.57059 0
      vertex 24.56 1.64207 0
    endloop
  endfacet
  facet normal -0.946901 0.321526 0
    outer loop
      vertex 26.5706 -0.650561 0
      vertex 26.6421 -0.439992 3
      vertex 26.6421 -0.439992 0
    endloop
  endfacet
  facet normal -0.946901 0.321526 0
    outer loop
      vertex 26.6421 -0.439992 3
      vertex 26.5706 -0.650561 0
      vertex 26.5706 -0.650561 3
    endloop
  endfacet
  facet normal -0.195122 -0.980779 0
    outer loop
      vertex 25.2219 1.68546 0
      vertex 25.44 1.64207 3
      vertex 25.2219 1.68546 3
    endloop
  endfacet
  facet normal -0.195122 -0.980779 -0
    outer loop
      vertex 25.44 1.64207 3
      vertex 25.2219 1.68546 0
      vertex 25.44 1.64207 0
    endloop
  endfacet
  facet normal -0.997872 0.0652074 0
    outer loop
      vertex 26.6855 -0.221894 0
      vertex 26.7 0 3
      vertex 26.7 0 0
    endloop
  endfacet
  facet normal -0.997872 0.0652074 0
    outer loop
      vertex 26.7 0 3
      vertex 26.6855 -0.221894 0
      vertex 26.6855 -0.221894 3
    endloop
  endfacet
  facet normal -0.659319 0.751863 0
    outer loop
      vertex 26.2021 -1.20208 0
      vertex 26.0349 -1.3487 3
      vertex 26.2021 -1.20208 3
    endloop
  endfacet
  facet normal -0.659319 0.751863 0
    outer loop
      vertex 26.0349 -1.3487 3
      vertex 26.2021 -1.20208 0
      vertex 26.0349 -1.3487 0
    endloop
  endfacet
  facet normal -0.555551 -0.831483 0
    outer loop
      vertex 25.85 1.47224 0
      vertex 26.0349 1.3487 3
      vertex 25.85 1.47224 3
    endloop
  endfacet
  facet normal -0.555551 -0.831483 -0
    outer loop
      vertex 26.0349 1.3487 3
      vertex 25.85 1.47224 0
      vertex 26.0349 1.3487 0
    endloop
  endfacet
  facet normal -0.751888 -0.659291 0
    outer loop
      vertex 26.3487 1.03489 0
      vertex 26.2021 1.20208 3
      vertex 26.2021 1.20208 0
    endloop
  endfacet
  facet normal -0.751888 -0.659291 0
    outer loop
      vertex 26.2021 1.20208 3
      vertex 26.3487 1.03489 0
      vertex 26.3487 1.03489 3
    endloop
  endfacet
  facet normal -0.321403 0.946943 0
    outer loop
      vertex 25.6506 -1.57059 0
      vertex 25.44 -1.64207 3
      vertex 25.6506 -1.57059 3
    endloop
  endfacet
  facet normal -0.321403 0.946943 0
    outer loop
      vertex 25.44 -1.64207 3
      vertex 25.6506 -1.57059 0
      vertex 25.44 -1.64207 0
    endloop
  endfacet
  facet normal -0.831553 -0.555445 0
    outer loop
      vertex 26.4722 0.849999 0
      vertex 26.3487 1.03489 3
      vertex 26.3487 1.03489 0
    endloop
  endfacet
  facet normal -0.831553 -0.555445 0
    outer loop
      vertex 26.3487 1.03489 3
      vertex 26.4722 0.849999 0
      vertex 26.4722 0.849999 3
    endloop
  endfacet
  facet normal 0.997872 -0.0652074 0
    outer loop
      vertex 23.3 0 3
      vertex 23.3145 0.221894 0
      vertex 23.3145 0.221894 3
    endloop
  endfacet
  facet normal 0.997872 -0.0652074 0
    outer loop
      vertex 23.3145 0.221894 0
      vertex 23.3 0 3
      vertex 23.3 0 0
    endloop
  endfacet
  facet normal 0.195122 0.980779 -0
    outer loop
      vertex 24.7781 -1.68546 0
      vertex 24.56 -1.64207 3
      vertex 24.7781 -1.68546 3
    endloop
  endfacet
  facet normal 0.195122 0.980779 0
    outer loop
      vertex 24.56 -1.64207 3
      vertex 24.7781 -1.68546 0
      vertex 24.56 -1.64207 0
    endloop
  endfacet
  facet normal 0.659319 0.751863 -0
    outer loop
      vertex 23.9651 -1.3487 0
      vertex 23.7979 -1.20208 3
      vertex 23.9651 -1.3487 3
    endloop
  endfacet
  facet normal 0.659319 0.751863 0
    outer loop
      vertex 23.7979 -1.20208 3
      vertex 23.9651 -1.3487 0
      vertex 23.7979 -1.20208 0
    endloop
  endfacet
  facet normal 0.946901 -0.321526 0
    outer loop
      vertex 23.3579 0.439992 3
      vertex 23.4294 0.650561 0
      vertex 23.4294 0.650561 3
    endloop
  endfacet
  facet normal 0.946901 -0.321526 0
    outer loop
      vertex 23.4294 0.650561 0
      vertex 23.3579 0.439992 3
      vertex 23.3579 0.439992 0
    endloop
  endfacet
  facet normal -0.442349 -0.896843 0
    outer loop
      vertex 25.6506 1.57059 0
      vertex 25.85 1.47224 3
      vertex 25.6506 1.57059 3
    endloop
  endfacet
  facet normal -0.442349 -0.896843 -0
    outer loop
      vertex 25.85 1.47224 3
      vertex 25.6506 1.57059 0
      vertex 25.85 1.47224 0
    endloop
  endfacet
  facet normal 0.195122 -0.980779 0
    outer loop
      vertex 24.56 1.64207 0
      vertex 24.7781 1.68546 3
      vertex 24.56 1.64207 3
    endloop
  endfacet
  facet normal 0.195122 -0.980779 0
    outer loop
      vertex 24.7781 1.68546 3
      vertex 24.56 1.64207 0
      vertex 24.7781 1.68546 0
    endloop
  endfacet
  facet normal 0.896787 -0.442463 0
    outer loop
      vertex 23.4294 0.650561 3
      vertex 23.5278 0.849999 0
      vertex 23.5278 0.849999 3
    endloop
  endfacet
  facet normal 0.896787 -0.442463 0
    outer loop
      vertex 23.5278 0.849999 0
      vertex 23.4294 0.650561 3
      vertex 23.4294 0.650561 0
    endloop
  endfacet
  facet normal -0.442349 0.896843 0
    outer loop
      vertex 25.85 -1.47224 0
      vertex 25.6506 -1.57059 3
      vertex 25.85 -1.47224 3
    endloop
  endfacet
  facet normal -0.442349 0.896843 0
    outer loop
      vertex 25.6506 -1.57059 3
      vertex 25.85 -1.47224 0
      vertex 25.6506 -1.57059 0
    endloop
  endfacet
  facet normal -0.946901 -0.321526 0
    outer loop
      vertex 26.6421 0.439992 0
      vertex 26.5706 0.650561 3
      vertex 26.5706 0.650561 0
    endloop
  endfacet
  facet normal -0.946901 -0.321526 0
    outer loop
      vertex 26.5706 0.650561 3
      vertex 26.6421 0.439992 0
      vertex 26.6421 0.439992 3
    endloop
  endfacet
  facet normal 0.751888 0.659291 0
    outer loop
      vertex 23.7979 -1.20208 3
      vertex 23.6513 -1.03489 0
      vertex 23.6513 -1.03489 3
    endloop
  endfacet
  facet normal 0.751888 0.659291 0
    outer loop
      vertex 23.6513 -1.03489 0
      vertex 23.7979 -1.20208 3
      vertex 23.7979 -1.20208 0
    endloop
  endfacet
  facet normal -0.195122 0.980779 0
    outer loop
      vertex 25.44 -1.64207 0
      vertex 25.2219 -1.68546 3
      vertex 25.44 -1.64207 3
    endloop
  endfacet
  facet normal -0.195122 0.980779 0
    outer loop
      vertex 25.2219 -1.68546 3
      vertex 25.44 -1.64207 0
      vertex 25.2219 -1.68546 0
    endloop
  endfacet
  facet normal -0.896787 0.442463 0
    outer loop
      vertex 26.4722 -0.849999 0
      vertex 26.5706 -0.650561 3
      vertex 26.5706 -0.650561 0
    endloop
  endfacet
  facet normal -0.896787 0.442463 0
    outer loop
      vertex 26.5706 -0.650561 3
      vertex 26.4722 -0.849999 0
      vertex 26.4722 -0.849999 3
    endloop
  endfacet
  facet normal -0.831553 0.555445 0
    outer loop
      vertex 26.3487 -1.03489 0
      vertex 26.4722 -0.849999 3
      vertex 26.4722 -0.849999 0
    endloop
  endfacet
  facet normal -0.831553 0.555445 0
    outer loop
      vertex 26.4722 -0.849999 3
      vertex 26.3487 -1.03489 0
      vertex 26.3487 -1.03489 3
    endloop
  endfacet
  facet normal -0.98077 0.195167 0
    outer loop
      vertex 26.6421 -0.439992 0
      vertex 26.6855 -0.221894 3
      vertex 26.6855 -0.221894 0
    endloop
  endfacet
  facet normal -0.98077 0.195167 0
    outer loop
      vertex 26.6855 -0.221894 3
      vertex 26.6421 -0.439992 0
      vertex 26.6421 -0.439992 3
    endloop
  endfacet
  facet normal -0.0653848 -0.99786 0
    outer loop
      vertex 25 1.7 0
      vertex 25.2219 1.68546 3
      vertex 25 1.7 3
    endloop
  endfacet
  facet normal -0.0653848 -0.99786 -0
    outer loop
      vertex 25.2219 1.68546 3
      vertex 25 1.7 0
      vertex 25.2219 1.68546 0
    endloop
  endfacet
  facet normal 0.98077 -0.195167 0
    outer loop
      vertex 23.3145 0.221894 3
      vertex 23.3579 0.439992 0
      vertex 23.3579 0.439992 3
    endloop
  endfacet
  facet normal 0.98077 -0.195167 0
    outer loop
      vertex 23.3579 0.439992 0
      vertex 23.3145 0.221894 3
      vertex 23.3145 0.221894 0
    endloop
  endfacet
  facet normal 0.831553 -0.555445 0
    outer loop
      vertex 23.5278 0.849999 3
      vertex 23.6513 1.03489 0
      vertex 23.6513 1.03489 3
    endloop
  endfacet
  facet normal 0.831553 -0.555445 0
    outer loop
      vertex 23.6513 1.03489 0
      vertex 23.5278 0.849999 3
      vertex 23.5278 0.849999 0
    endloop
  endfacet
  facet normal 0.0653848 0.99786 -0
    outer loop
      vertex 25 -1.7 0
      vertex 24.7781 -1.68546 3
      vertex 25 -1.7 3
    endloop
  endfacet
  facet normal 0.0653848 0.99786 0
    outer loop
      vertex 24.7781 -1.68546 3
      vertex 25 -1.7 0
      vertex 24.7781 -1.68546 0
    endloop
  endfacet
  facet normal 0.896787 0.442463 0
    outer loop
      vertex 23.5278 -0.849999 3
      vertex 23.4294 -0.650561 0
      vertex 23.4294 -0.650561 3
    endloop
  endfacet
  facet normal 0.896787 0.442463 0
    outer loop
      vertex 23.4294 -0.650561 0
      vertex 23.5278 -0.849999 3
      vertex 23.5278 -0.849999 0
    endloop
  endfacet
  facet normal 0.831553 0.555445 0
    outer loop
      vertex 23.6513 -1.03489 3
      vertex 23.5278 -0.849999 0
      vertex 23.5278 -0.849999 3
    endloop
  endfacet
  facet normal 0.831553 0.555445 0
    outer loop
      vertex 23.5278 -0.849999 0
      vertex 23.6513 -1.03489 3
      vertex 23.6513 -1.03489 0
    endloop
  endfacet
  facet normal 0.997872 0.0652074 0
    outer loop
      vertex 23.3145 -0.221894 3
      vertex 23.3 0 0
      vertex 23.3 0 3
    endloop
  endfacet
  facet normal 0.997872 0.0652074 0
    outer loop
      vertex 23.3 0 0
      vertex 23.3145 -0.221894 3
      vertex 23.3145 -0.221894 0
    endloop
  endfacet
  facet normal 0.555551 -0.831483 0
    outer loop
      vertex 23.9651 1.3487 0
      vertex 24.15 1.47224 3
      vertex 23.9651 1.3487 3
    endloop
  endfacet
  facet normal 0.555551 -0.831483 0
    outer loop
      vertex 24.15 1.47224 3
      vertex 23.9651 1.3487 0
      vertex 24.15 1.47224 0
    endloop
  endfacet
  facet normal 0.555551 0.831483 -0
    outer loop
      vertex 24.15 -1.47224 0
      vertex 23.9651 -1.3487 3
      vertex 24.15 -1.47224 3
    endloop
  endfacet
  facet normal 0.555551 0.831483 0
    outer loop
      vertex 23.9651 -1.3487 3
      vertex 24.15 -1.47224 0
      vertex 23.9651 -1.3487 0
    endloop
  endfacet
  facet normal 0.751888 -0.659291 0
    outer loop
      vertex 23.6513 1.03489 3
      vertex 23.7979 1.20208 0
      vertex 23.7979 1.20208 3
    endloop
  endfacet
  facet normal 0.751888 -0.659291 0
    outer loop
      vertex 23.7979 1.20208 0
      vertex 23.6513 1.03489 3
      vertex 23.6513 1.03489 0
    endloop
  endfacet
  facet normal 0.980815 0.19494 0
    outer loop
      vertex 33.2543 21.3916 4
      vertex 33.1778 21.7765 3
      vertex 33.1778 21.7765 4
    endloop
  endfacet
  facet normal 0.980815 0.19494 0
    outer loop
      vertex 33.1778 21.7765 3
      vertex 33.2543 21.3916 4
      vertex 33.2543 21.3916 3
    endloop
  endfacet
  facet normal 0.997841 0.0656702 0
    outer loop
      vertex 33.2543 21.3916 4
      vertex 33.2733 21.1029 3
      vertex 33.2543 21.3916 3
    endloop
  endfacet
  facet normal 0.997853 0.0654873 5.30269e-05
    outer loop
      vertex 33.28 21 4
      vertex 33.2733 21.1029 3
      vertex 33.2543 21.3916 4
    endloop
  endfacet
  facet normal 0.997887 0.0649742 -0
    outer loop
      vertex 33.28 21 2.99
      vertex 33.2733 21.1029 3
      vertex 33.28 21 4
    endloop
  endfacet
  facet normal 0.997887 0.0649742 0
    outer loop
      vertex 33.2733 21.1029 3
      vertex 33.28 21 2.99
      vertex 33.2733 21.1029 2.99
    endloop
  endfacet
  facet normal 0.980815 -0.19494 0
    outer loop
      vertex 33.1778 20.2235 4
      vertex 33.2543 20.6084 3
      vertex 33.2543 20.6084 4
    endloop
  endfacet
  facet normal 0.980815 -0.19494 0
    outer loop
      vertex 33.2543 20.6084 3
      vertex 33.1778 20.2235 4
      vertex 33.1778 20.2235 3
    endloop
  endfacet
  facet normal 0 0 1
    outer loop
      vertex 31.28 21 4
      vertex 33.28 21 4
      vertex 33.2543 21.3916 4
    endloop
  endfacet
  facet normal 0 0 1
    outer loop
      vertex 31.2714 21.1305 4
      vertex 33.2543 21.3916 4
      vertex 33.1778 21.7765 4
    endloop
  endfacet
  facet normal 0 0 1
    outer loop
      vertex 33.28 21 4
      vertex 31.28 21 4
      vertex 33.2543 20.6084 4
    endloop
  endfacet
  facet normal 0 0 1
    outer loop
      vertex 31.2459 21.2588 4
      vertex 33.1778 21.7765 4
      vertex 33.0516 22.148 4
    endloop
  endfacet
  facet normal -0 0 1
    outer loop
      vertex 31.2714 20.8695 4
      vertex 33.2543 20.6084 4
      vertex 31.28 21 4
    endloop
  endfacet
  facet normal 0 0 1
    outer loop
      vertex 31.2039 21.3827 4
      vertex 33.0516 22.148 4
      vertex 32.8781 22.5 4
    endloop
  endfacet
  facet normal 0 0 1
    outer loop
      vertex 33.2543 20.6084 4
      vertex 31.2714 20.8695 4
      vertex 33.1778 20.2235 4
    endloop
  endfacet
  facet normal 0 0 1
    outer loop
      vertex 31.146 21.5 4
      vertex 32.8781 22.5 4
      vertex 32.6601 22.8263 4
    endloop
  endfacet
  facet normal -0 0 1
    outer loop
      vertex 31.2459 20.7412 4
      vertex 33.1778 20.2235 4
      vertex 31.2714 20.8695 4
    endloop
  endfacet
  facet normal 0 0 1
    outer loop
      vertex 31.0734 21.6088 4
      vertex 32.6601 22.8263 4
      vertex 32.4013 23.1213 4
    endloop
  endfacet
  facet normal 0 0 1
    outer loop
      vertex 33.1778 20.2235 4
      vertex 31.2459 20.7412 4
      vertex 33.0516 19.852 4
    endloop
  endfacet
  facet normal 0 0 1
    outer loop
      vertex 30.9871 21.7071 4
      vertex 32.4013 23.1213 4
      vertex 32.1063 23.3801 4
    endloop
  endfacet
  facet normal -0 0 1
    outer loop
      vertex 31.2039 20.6173 4
      vertex 33.0516 19.852 4
      vertex 31.2459 20.7412 4
    endloop
  endfacet
  facet normal 0 0 1
    outer loop
      vertex 30.8888 21.7934 4
      vertex 32.1063 23.3801 4
      vertex 31.78 23.5981 4
    endloop
  endfacet
  facet normal 0 0 1
    outer loop
      vertex 33.0516 19.852 4
      vertex 31.2039 20.6173 4
      vertex 32.8781 19.5 4
    endloop
  endfacet
  facet normal 0 0 1
    outer loop
      vertex 30.78 21.866 4
      vertex 31.78 23.5981 4
      vertex 31.428 23.7716 4
    endloop
  endfacet
  facet normal -0 0 1
    outer loop
      vertex 31.146 20.5 4
      vertex 32.8781 19.5 4
      vertex 31.2039 20.6173 4
    endloop
  endfacet
  facet normal 0 0 1
    outer loop
      vertex 32.8781 19.5 4
      vertex 31.146 20.5 4
      vertex 32.6601 19.1737 4
    endloop
  endfacet
  facet normal 0 0 1
    outer loop
      vertex 33.2543 21.3916 4
      vertex 31.2714 21.1305 4
      vertex 31.28 21 4
    endloop
  endfacet
  facet normal 0 0 1
    outer loop
      vertex 33.1778 21.7765 4
      vertex 31.2459 21.2588 4
      vertex 31.2714 21.1305 4
    endloop
  endfacet
  facet normal 0 0 1
    outer loop
      vertex 33.0516 22.148 4
      vertex 31.2039 21.3827 4
      vertex 31.2459 21.2588 4
    endloop
  endfacet
  facet normal 0 0 1
    outer loop
      vertex 32.8781 22.5 4
      vertex 31.146 21.5 4
      vertex 31.2039 21.3827 4
    endloop
  endfacet
  facet normal 0 0 1
    outer loop
      vertex 32.6601 22.8263 4
      vertex 31.0734 21.6088 4
      vertex 31.146 21.5 4
    endloop
  endfacet
  facet normal 0 0 1
    outer loop
      vertex 30.6627 21.9239 4
      vertex 31.428 23.7716 4
      vertex 31.0565 23.8978 4
    endloop
  endfacet
  facet normal 0 0 1
    outer loop
      vertex 32.4013 23.1213 4
      vertex 30.9871 21.7071 4
      vertex 31.0734 21.6088 4
    endloop
  endfacet
  facet normal 0 0 1
    outer loop
      vertex 32.1063 23.3801 4
      vertex 30.8888 21.7934 4
      vertex 30.9871 21.7071 4
    endloop
  endfacet
  facet normal 0 0 1
    outer loop
      vertex 31.78 23.5981 4
      vertex 30.78 21.866 4
      vertex 30.8888 21.7934 4
    endloop
  endfacet
  facet normal 0 0 1
    outer loop
      vertex 30.5388 21.9659 4
      vertex 31.0565 23.8978 4
      vertex 30.6716 23.9743 4
    endloop
  endfacet
  facet normal 0 0 1
    outer loop
      vertex 31.428 23.7716 4
      vertex 30.6627 21.9239 4
      vertex 30.78 21.866 4
    endloop
  endfacet
  facet normal 0 0 1
    outer loop
      vertex 31.0565 23.8978 4
      vertex 30.5388 21.9659 4
      vertex 30.6627 21.9239 4
    endloop
  endfacet
  facet normal 0 0 1
    outer loop
      vertex 30.6716 23.9743 4
      vertex 30.4105 21.9914 4
      vertex 30.5388 21.9659 4
    endloop
  endfacet
  facet normal 0 0 1
    outer loop
      vertex 30.28 24 4
      vertex 30.4105 21.9914 4
      vertex 30.6716 23.9743 4
    endloop
  endfacet
  facet normal 0 0 1
    outer loop
      vertex 30.28 24 4
      vertex 30.28 22 4
      vertex 30.4105 21.9914 4
    endloop
  endfacet
  facet normal 0 0 1
    outer loop
      vertex 30.28 24 4
      vertex 30.1495 21.9914 4
      vertex 30.28 22 4
    endloop
  endfacet
  facet normal -0 0 1
    outer loop
      vertex 29.8884 23.9743 4
      vertex 30.1495 21.9914 4
      vertex 30.28 24 4
    endloop
  endfacet
  facet normal 0 0 1
    outer loop
      vertex 30.1495 21.9914 4
      vertex 29.8884 23.9743 4
      vertex 30.0212 21.9659 4
    endloop
  endfacet
  facet normal -0 0 1
    outer loop
      vertex 29.5035 23.8978 4
      vertex 30.0212 21.9659 4
      vertex 29.8884 23.9743 4
    endloop
  endfacet
  facet normal 0 0 1
    outer loop
      vertex 30.0212 21.9659 4
      vertex 29.5035 23.8978 4
      vertex 29.8973 21.9239 4
    endloop
  endfacet
  facet normal -0 0 1
    outer loop
      vertex 29.132 23.7716 4
      vertex 29.8973 21.9239 4
      vertex 29.5035 23.8978 4
    endloop
  endfacet
  facet normal 0 0 1
    outer loop
      vertex 29.8973 21.9239 4
      vertex 29.132 23.7716 4
      vertex 29.78 21.866 4
    endloop
  endfacet
  facet normal -0 0 1
    outer loop
      vertex 28.78 23.5981 4
      vertex 29.78 21.866 4
      vertex 29.132 23.7716 4
    endloop
  endfacet
  facet normal 0 0 1
    outer loop
      vertex 29.78 21.866 4
      vertex 28.78 23.5981 4
      vertex 29.6712 21.7934 4
    endloop
  endfacet
  facet normal -0 0 1
    outer loop
      vertex 28.4537 23.3801 4
      vertex 29.6712 21.7934 4
      vertex 28.78 23.5981 4
    endloop
  endfacet
  facet normal 0 0 1
    outer loop
      vertex 29.6712 21.7934 4
      vertex 28.4537 23.3801 4
      vertex 29.5729 21.7071 4
    endloop
  endfacet
  facet normal -0 0 1
    outer loop
      vertex 28.1587 23.1213 4
      vertex 29.5729 21.7071 4
      vertex 28.4537 23.3801 4
    endloop
  endfacet
  facet normal 0 0 1
    outer loop
      vertex 29.5729 21.7071 4
      vertex 28.1587 23.1213 4
      vertex 29.4866 21.6088 4
    endloop
  endfacet
  facet normal 0 0 1
    outer loop
      vertex 29.4866 21.6088 4
      vertex 27.8999 22.8263 4
      vertex 29.414 21.5 4
    endloop
  endfacet
  facet normal -0 0 1
    outer loop
      vertex 27.8999 22.8263 4
      vertex 29.4866 21.6088 4
      vertex 28.1587 23.1213 4
    endloop
  endfacet
  facet normal -0 0 1
    outer loop
      vertex 31.0734 20.3912 4
      vertex 32.6601 19.1737 4
      vertex 31.146 20.5 4
    endloop
  endfacet
  facet normal 0 0 1
    outer loop
      vertex 32.6601 19.1737 4
      vertex 31.0734 20.3912 4
      vertex 32.4013 18.8787 4
    endloop
  endfacet
  facet normal -0 0 1
    outer loop
      vertex 30.9871 20.2929 4
      vertex 32.4013 18.8787 4
      vertex 31.0734 20.3912 4
    endloop
  endfacet
  facet normal 0 0 1
    outer loop
      vertex 32.4013 18.8787 4
      vertex 30.9871 20.2929 4
      vertex 32.1063 18.6199 4
    endloop
  endfacet
  facet normal -0 0 1
    outer loop
      vertex 30.8888 20.2066 4
      vertex 32.1063 18.6199 4
      vertex 30.9871 20.2929 4
    endloop
  endfacet
  facet normal 0 0 1
    outer loop
      vertex 32.1063 18.6199 4
      vertex 30.8888 20.2066 4
      vertex 31.78 18.4019 4
    endloop
  endfacet
  facet normal -0 0 1
    outer loop
      vertex 30.78 20.134 4
      vertex 31.78 18.4019 4
      vertex 30.8888 20.2066 4
    endloop
  endfacet
  facet normal 0 0 1
    outer loop
      vertex 31.78 18.4019 4
      vertex 30.78 20.134 4
      vertex 31.428 18.2284 4
    endloop
  endfacet
  facet normal -0 0 1
    outer loop
      vertex 30.6627 20.0761 4
      vertex 31.428 18.2284 4
      vertex 30.78 20.134 4
    endloop
  endfacet
  facet normal 0 0 1
    outer loop
      vertex 31.428 18.2284 4
      vertex 30.6627 20.0761 4
      vertex 31.0565 18.1022 4
    endloop
  endfacet
  facet normal -0 0 1
    outer loop
      vertex 30.5388 20.0341 4
      vertex 31.0565 18.1022 4
      vertex 30.6627 20.0761 4
    endloop
  endfacet
  facet normal 0 0 1
    outer loop
      vertex 31.0565 18.1022 4
      vertex 30.5388 20.0341 4
      vertex 30.6716 18.0257 4
    endloop
  endfacet
  facet normal -0 0 1
    outer loop
      vertex 30.4105 20.0086 4
      vertex 30.6716 18.0257 4
      vertex 30.5388 20.0341 4
    endloop
  endfacet
  facet normal -0 0 1
    outer loop
      vertex 30.28 20 4
      vertex 30.6716 18.0257 4
      vertex 30.4105 20.0086 4
    endloop
  endfacet
  facet normal 0 0 1
    outer loop
      vertex 30.28 20 4
      vertex 30.28 18 4
      vertex 30.6716 18.0257 4
    endloop
  endfacet
  facet normal 0 0 1
    outer loop
      vertex 30.1495 20.0086 4
      vertex 30.28 18 4
      vertex 30.28 20 4
    endloop
  endfacet
  facet normal 0 0 1
    outer loop
      vertex 29.8884 18.0257 4
      vertex 30.1495 20.0086 4
      vertex 30.0212 20.0341 4
    endloop
  endfacet
  facet normal 0 0 1
    outer loop
      vertex 29.5035 18.1022 4
      vertex 30.0212 20.0341 4
      vertex 29.8973 20.0761 4
    endloop
  endfacet
  facet normal 0 0 1
    outer loop
      vertex 30.1495 20.0086 4
      vertex 29.8884 18.0257 4
      vertex 30.28 18 4
    endloop
  endfacet
  facet normal 0 0 1
    outer loop
      vertex 29.132 18.2284 4
      vertex 29.8973 20.0761 4
      vertex 29.78 20.134 4
    endloop
  endfacet
  facet normal 0 0 1
    outer loop
      vertex 28.78 18.4019 4
      vertex 29.78 20.134 4
      vertex 29.6712 20.2066 4
    endloop
  endfacet
  facet normal 0 0 1
    outer loop
      vertex 28.4537 18.6199 4
      vertex 29.6712 20.2066 4
      vertex 29.5729 20.2929 4
    endloop
  endfacet
  facet normal 0 0 1
    outer loop
      vertex 30.0212 20.0341 4
      vertex 29.5035 18.1022 4
      vertex 29.8884 18.0257 4
    endloop
  endfacet
  facet normal 0 0 1
    outer loop
      vertex 28.1587 18.8787 4
      vertex 29.5729 20.2929 4
      vertex 29.4866 20.3912 4
    endloop
  endfacet
  facet normal 0 0 1
    outer loop
      vertex 27.8999 19.1737 4
      vertex 29.4866 20.3912 4
      vertex 29.414 20.5 4
    endloop
  endfacet
  facet normal 0 0 1
    outer loop
      vertex 27.6819 19.5 4
      vertex 29.414 20.5 4
      vertex 29.3561 20.6173 4
    endloop
  endfacet
  facet normal 0 0 1
    outer loop
      vertex 27.5084 19.852 4
      vertex 29.3561 20.6173 4
      vertex 29.3141 20.7412 4
    endloop
  endfacet
  facet normal 0 0 1
    outer loop
      vertex 27.3822 20.2235 4
      vertex 29.3141 20.7412 4
      vertex 29.2886 20.8695 4
    endloop
  endfacet
  facet normal 0 0 1
    outer loop
      vertex 29.8973 20.0761 4
      vertex 29.132 18.2284 4
      vertex 29.5035 18.1022 4
    endloop
  endfacet
  facet normal 0 0 1
    outer loop
      vertex 27.3057 20.6084 4
      vertex 29.2886 20.8695 4
      vertex 29.28 21 4
    endloop
  endfacet
  facet normal -0 0 1
    outer loop
      vertex 27.6819 22.5 4
      vertex 29.414 21.5 4
      vertex 27.8999 22.8263 4
    endloop
  endfacet
  facet normal 0 0 1
    outer loop
      vertex 29.414 21.5 4
      vertex 27.6819 22.5 4
      vertex 29.3561 21.3827 4
    endloop
  endfacet
  facet normal 0 0 1
    outer loop
      vertex 29.78 20.134 4
      vertex 28.78 18.4019 4
      vertex 29.132 18.2284 4
    endloop
  endfacet
  facet normal -0 0 1
    outer loop
      vertex 27.5084 22.148 4
      vertex 29.3561 21.3827 4
      vertex 27.6819 22.5 4
    endloop
  endfacet
  facet normal 0 0 1
    outer loop
      vertex 29.6712 20.2066 4
      vertex 28.4537 18.6199 4
      vertex 28.78 18.4019 4
    endloop
  endfacet
  facet normal 0 0 1
    outer loop
      vertex 29.3561 21.3827 4
      vertex 27.5084 22.148 4
      vertex 29.3141 21.2588 4
    endloop
  endfacet
  facet normal 0 0 1
    outer loop
      vertex 29.5729 20.2929 4
      vertex 28.1587 18.8787 4
      vertex 28.4537 18.6199 4
    endloop
  endfacet
  facet normal -0 0 1
    outer loop
      vertex 27.3822 21.7765 4
      vertex 29.3141 21.2588 4
      vertex 27.5084 22.148 4
    endloop
  endfacet
  facet normal 0 0 1
    outer loop
      vertex 29.4866 20.3912 4
      vertex 27.8999 19.1737 4
      vertex 28.1587 18.8787 4
    endloop
  endfacet
  facet normal 0 0 1
    outer loop
      vertex 29.3141 21.2588 4
      vertex 27.3822 21.7765 4
      vertex 29.2886 21.1305 4
    endloop
  endfacet
  facet normal 0 0 1
    outer loop
      vertex 29.414 20.5 4
      vertex 27.6819 19.5 4
      vertex 27.8999 19.1737 4
    endloop
  endfacet
  facet normal -0 0 1
    outer loop
      vertex 27.3057 21.3916 4
      vertex 29.2886 21.1305 4
      vertex 27.3822 21.7765 4
    endloop
  endfacet
  facet normal 0 0 1
    outer loop
      vertex 29.3561 20.6173 4
      vertex 27.5084 19.852 4
      vertex 27.6819 19.5 4
    endloop
  endfacet
  facet normal 0 0 1
    outer loop
      vertex 29.2886 21.1305 4
      vertex 27.3057 21.3916 4
      vertex 29.28 21 4
    endloop
  endfacet
  facet normal 0 0 1
    outer loop
      vertex 29.3141 20.7412 4
      vertex 27.3822 20.2235 4
      vertex 27.5084 19.852 4
    endloop
  endfacet
  facet normal 0 0 1
    outer loop
      vertex 27.28 21 4
      vertex 29.28 21 4
      vertex 27.3057 21.3916 4
    endloop
  endfacet
  facet normal 0 0 1
    outer loop
      vertex 29.2886 20.8695 4
      vertex 27.3057 20.6084 4
      vertex 27.3822 20.2235 4
    endloop
  endfacet
  facet normal 0 0 1
    outer loop
      vertex 29.28 21 4
      vertex 27.28 21 4
      vertex 27.3057 20.6084 4
    endloop
  endfacet
  facet normal 0.831501 0.555523 0
    outer loop
      vertex 32.6601 22.8263 4
      vertex 32.8781 22.5 3
      vertex 32.6601 22.8263 3
    endloop
  endfacet
  facet normal 0.831501 0.555523 0
    outer loop
      vertex 32.8781 22.5 4
      vertex 32.8781 22.5 3
      vertex 32.6601 22.8263 4
    endloop
  endfacet
  facet normal 0 0 0
    outer loop
      vertex 32.8781 22.5 2.99
      vertex 32.8781 22.5 3
      vertex 32.8781 22.5 4
    endloop
  endfacet
  facet normal 0.555523 0.831501 -0
    outer loop
      vertex 32.1063 23.3801 3
      vertex 31.78 23.5981 4
      vertex 32.1063 23.3801 4
    endloop
  endfacet
  facet normal 0.555523 0.831501 0
    outer loop
      vertex 31.78 23.5981 4
      vertex 32.1063 23.3801 3
      vertex 31.78 23.5981 3
    endloop
  endfacet
  facet normal 0.896961 -0.44211 0
    outer loop
      vertex 32.8781 19.5 4
      vertex 33.0516 19.852 2.99
      vertex 33.0516 19.852 4
    endloop
  endfacet
  facet normal 0.896961 -0.44211 0
    outer loop
      vertex 33.0516 19.852 2.99
      vertex 32.8781 19.5 4
      vertex 32.8781 19.5 2.99
    endloop
  endfacet
  facet normal 0.997849 -0.0655521 0
    outer loop
      vertex 33.28 21 4
      vertex 33.2728 20.8904 3
      vertex 33.28 21 2.99
    endloop
  endfacet
  facet normal 0.997853 -0.0654873 -7.1348e-06
    outer loop
      vertex 33.2543 20.6084 4
      vertex 33.2728 20.8904 3
      vertex 33.28 21 4
    endloop
  endfacet
  facet normal 0.997855 -0.0654621 0
    outer loop
      vertex 33.2728 20.8904 3
      vertex 33.2543 20.6084 4
      vertex 33.2543 20.6084 3
    endloop
  endfacet
  facet normal 0.997849 -0.0655521 0
    outer loop
      vertex 33.28 21 2.99
      vertex 33.2728 20.8904 3
      vertex 33.2728 20.8904 2.99
    endloop
  endfacet
  facet normal 0.321651 0.946858 -0
    outer loop
      vertex 31.428 23.7716 3
      vertex 31.0565 23.8978 4
      vertex 31.428 23.7716 4
    endloop
  endfacet
  facet normal 0.321651 0.946858 0
    outer loop
      vertex 31.0565 23.8978 4
      vertex 31.428 23.7716 3
      vertex 31.0565 23.8978 3
    endloop
  endfacet
  facet normal -0.896961 0.44211 0
    outer loop
      vertex 27.5084 22.148 3
      vertex 27.6819 22.5 4
      vertex 27.6819 22.5 3
    endloop
  endfacet
  facet normal -0.896961 0.44211 0
    outer loop
      vertex 27.6819 22.5 4
      vertex 27.5084 22.148 3
      vertex 27.5084 22.148 4
    endloop
  endfacet
  facet normal -0.659478 0.751724 0
    outer loop
      vertex 28.4537 23.3801 3
      vertex 28.1587 23.1213 4
      vertex 28.4537 23.3801 4
    endloop
  endfacet
  facet normal -0.659478 0.751724 0
    outer loop
      vertex 28.1587 23.1213 4
      vertex 28.4537 23.3801 3
      vertex 28.1587 23.1213 3
    endloop
  endfacet
  facet normal 0.321651 -0.946858 2.76539e-05
    outer loop
      vertex 31.0565 18.1022 4
      vertex 31.1605 18.1375 3
      vertex 31.428 18.2284 4
    endloop
  endfacet
  facet normal 0.321413 -0.946939 0
    outer loop
      vertex 31.0565 18.1022 2.99
      vertex 31.1605 18.1375 3
      vertex 31.0565 18.1022 4
    endloop
  endfacet
  facet normal 0.321413 -0.946939 0
    outer loop
      vertex 31.1605 18.1375 3
      vertex 31.0565 18.1022 2.99
      vertex 31.1605 18.1375 2.99
    endloop
  endfacet
  facet normal 0.321744 -0.946827 0
    outer loop
      vertex 31.428 18.2284 4
      vertex 31.1605 18.1375 3
      vertex 31.428 18.2284 3
    endloop
  endfacet
  facet normal -0.997853 -0.0654873 0
    outer loop
      vertex 27.3057 20.6084 3
      vertex 27.28 21 4
      vertex 27.28 21 3
    endloop
  endfacet
  facet normal -0.997853 -0.0654873 0
    outer loop
      vertex 27.28 21 4
      vertex 27.3057 20.6084 3
      vertex 27.3057 20.6084 4
    endloop
  endfacet
  facet normal -0.659478 -0.751724 0
    outer loop
      vertex 28.1587 18.8787 3
      vertex 28.4537 18.6199 4
      vertex 28.1587 18.8787 4
    endloop
  endfacet
  facet normal -0.659478 -0.751724 -0
    outer loop
      vertex 28.4537 18.6199 4
      vertex 28.1587 18.8787 3
      vertex 28.4537 18.6199 3
    endloop
  endfacet
  facet normal -0.321651 0.946858 0
    outer loop
      vertex 29.5035 23.8978 3
      vertex 29.132 23.7716 4
      vertex 29.5035 23.8978 4
    endloop
  endfacet
  facet normal -0.321651 0.946858 0
    outer loop
      vertex 29.132 23.7716 4
      vertex 29.5035 23.8978 3
      vertex 29.132 23.7716 3
    endloop
  endfacet
  facet normal -0.831501 -0.555523 0
    outer loop
      vertex 27.8999 19.1737 3
      vertex 27.6819 19.5 4
      vertex 27.6819 19.5 3
    endloop
  endfacet
  facet normal -0.831501 -0.555523 0
    outer loop
      vertex 27.6819 19.5 4
      vertex 27.8999 19.1737 3
      vertex 27.8999 19.1737 4
    endloop
  endfacet
  facet normal -0.555523 0.831501 0
    outer loop
      vertex 28.78 23.5981 3
      vertex 28.4537 23.3801 4
      vertex 28.78 23.5981 4
    endloop
  endfacet
  facet normal -0.555523 0.831501 0
    outer loop
      vertex 28.4537 23.3801 4
      vertex 28.78 23.5981 3
      vertex 28.4537 23.3801 3
    endloop
  endfacet
  facet normal -0.997853 0.0654873 0
    outer loop
      vertex 27.28 21 3
      vertex 27.3057 21.3916 4
      vertex 27.3057 21.3916 3
    endloop
  endfacet
  facet normal -0.997853 0.0654873 0
    outer loop
      vertex 27.3057 21.3916 4
      vertex 27.28 21 3
      vertex 27.28 21 4
    endloop
  endfacet
  facet normal 0.19494 0.980815 -0
    outer loop
      vertex 31.0565 23.8978 3
      vertex 30.6716 23.9743 4
      vertex 31.0565 23.8978 4
    endloop
  endfacet
  facet normal 0.19494 0.980815 0
    outer loop
      vertex 30.6716 23.9743 4
      vertex 31.0565 23.8978 3
      vertex 30.6716 23.9743 3
    endloop
  endfacet
  facet normal -0.44211 0.896961 0
    outer loop
      vertex 29.132 23.7716 3
      vertex 28.78 23.5981 4
      vertex 29.132 23.7716 4
    endloop
  endfacet
  facet normal -0.44211 0.896961 0
    outer loop
      vertex 28.78 23.5981 4
      vertex 29.132 23.7716 3
      vertex 28.78 23.5981 3
    endloop
  endfacet
  facet normal 0.0654873 -0.997853 -7.1348e-06
    outer loop
      vertex 30.28 18 4
      vertex 30.3896 18.0072 3
      vertex 30.6716 18.0257 4
    endloop
  endfacet
  facet normal 0.0655521 -0.997849 0
    outer loop
      vertex 30.28 18 2.99
      vertex 30.3896 18.0072 3
      vertex 30.28 18 4
    endloop
  endfacet
  facet normal 0.0655521 -0.997849 0
    outer loop
      vertex 30.3896 18.0072 3
      vertex 30.28 18 2.99
      vertex 30.3896 18.0072 2.99
    endloop
  endfacet
  facet normal 0.0654621 -0.997855 0
    outer loop
      vertex 30.6716 18.0257 4
      vertex 30.3896 18.0072 3
      vertex 30.6716 18.0257 3
    endloop
  endfacet
  facet normal 0.659406 -0.751787 0
    outer loop
      vertex 32.3187 18.8062 3
      vertex 32.1063 18.6199 4
      vertex 32.1063 18.6199 3
    endloop
  endfacet
  facet normal 0.659478 -0.751724 2.70621e-05
    outer loop
      vertex 32.1063 18.6199 4
      vertex 32.3187 18.8062 3
      vertex 32.4013 18.8787 4
    endloop
  endfacet
  facet normal 0.659663 -0.751561 0
    outer loop
      vertex 32.4013 18.8787 2.99
      vertex 32.3187 18.8062 3
      vertex 32.3187 18.8062 2.99
    endloop
  endfacet
  facet normal 0.659663 -0.751561 0
    outer loop
      vertex 32.3187 18.8062 3
      vertex 32.4013 18.8787 2.99
      vertex 32.4013 18.8787 4
    endloop
  endfacet
  facet normal -0.946858 -0.321651 0
    outer loop
      vertex 27.5084 19.852 3
      vertex 27.3822 20.2235 4
      vertex 27.3822 20.2235 3
    endloop
  endfacet
  facet normal -0.946858 -0.321651 0
    outer loop
      vertex 27.3822 20.2235 4
      vertex 27.5084 19.852 3
      vertex 27.5084 19.852 4
    endloop
  endfacet
  facet normal 0.946934 -0.321427 0
    outer loop
      vertex 33.1778 20.2235 4
      vertex 33.087 19.956 3
      vertex 33.1778 20.2235 3
    endloop
  endfacet
  facet normal 0.946858 -0.321651 6.7032e-05
    outer loop
      vertex 33.0516 19.852 4
      vertex 33.087 19.956 3
      vertex 33.1778 20.2235 4
    endloop
  endfacet
  facet normal 0.946662 -0.322229 0
    outer loop
      vertex 33.0516 19.852 2.99
      vertex 33.087 19.956 3
      vertex 33.0516 19.852 4
    endloop
  endfacet
  facet normal 0.946662 -0.322229 0
    outer loop
      vertex 33.087 19.956 3
      vertex 33.0516 19.852 2.99
      vertex 33.087 19.956 2.99
    endloop
  endfacet
  facet normal 0.44211 0.896961 -0
    outer loop
      vertex 31.78 23.5981 3
      vertex 31.428 23.7716 4
      vertex 31.78 23.5981 4
    endloop
  endfacet
  facet normal 0.44211 0.896961 0
    outer loop
      vertex 31.428 23.7716 4
      vertex 31.78 23.5981 3
      vertex 31.428 23.7716 3
    endloop
  endfacet
  facet normal -0.19494 0.980815 0
    outer loop
      vertex 29.8884 23.9743 3
      vertex 29.5035 23.8978 4
      vertex 29.8884 23.9743 4
    endloop
  endfacet
  facet normal -0.19494 0.980815 0
    outer loop
      vertex 29.5035 23.8978 4
      vertex 29.8884 23.9743 3
      vertex 29.5035 23.8978 3
    endloop
  endfacet
  facet normal 0.751724 0.659478 0
    outer loop
      vertex 32.6601 22.8263 4
      vertex 32.4013 23.1213 3
      vertex 32.4013 23.1213 4
    endloop
  endfacet
  facet normal 0.751724 0.659478 0
    outer loop
      vertex 32.4013 23.1213 3
      vertex 32.6601 22.8263 4
      vertex 32.6601 22.8263 3
    endloop
  endfacet
  facet normal 0.751787 -0.659406 0
    outer loop
      vertex 32.6601 19.1737 4
      vertex 32.4738 18.9613 3
      vertex 32.6601 19.1737 3
    endloop
  endfacet
  facet normal 0.751724 -0.659478 2.70621e-05
    outer loop
      vertex 32.4013 18.8787 4
      vertex 32.4738 18.9613 3
      vertex 32.6601 19.1737 4
    endloop
  endfacet
  facet normal 0.751561 -0.659663 0
    outer loop
      vertex 32.4013 18.8787 2.99
      vertex 32.4738 18.9613 3
      vertex 32.4013 18.8787 4
    endloop
  endfacet
  facet normal 0.751561 -0.659663 0
    outer loop
      vertex 32.4738 18.9613 3
      vertex 32.4013 18.8787 2.99
      vertex 32.4738 18.9613 2.99
    endloop
  endfacet
  facet normal -0.44211 -0.896961 0
    outer loop
      vertex 28.78 18.4019 3
      vertex 29.132 18.2284 4
      vertex 28.78 18.4019 4
    endloop
  endfacet
  facet normal -0.44211 -0.896961 -0
    outer loop
      vertex 29.132 18.2284 4
      vertex 28.78 18.4019 3
      vertex 29.132 18.2284 3
    endloop
  endfacet
  facet normal -0.946858 0.321651 0
    outer loop
      vertex 27.3822 21.7765 3
      vertex 27.5084 22.148 4
      vertex 27.5084 22.148 3
    endloop
  endfacet
  facet normal -0.946858 0.321651 0
    outer loop
      vertex 27.5084 22.148 4
      vertex 27.3822 21.7765 3
      vertex 27.3822 21.7765 4
    endloop
  endfacet
  facet normal 0.195027 -0.980798 0
    outer loop
      vertex 30.9487 18.0808 3
      vertex 30.6716 18.0257 4
      vertex 30.6716 18.0257 3
    endloop
  endfacet
  facet normal 0.19494 -0.980815 -2.50746e-05
    outer loop
      vertex 30.6716 18.0257 4
      vertex 30.9487 18.0808 3
      vertex 31.0565 18.1022 4
    endloop
  endfacet
  facet normal 0.194716 -0.98086 0
    outer loop
      vertex 31.0565 18.1022 2.99
      vertex 30.9487 18.0808 3
      vertex 30.9487 18.0808 2.99
    endloop
  endfacet
  facet normal 0.194716 -0.98086 0
    outer loop
      vertex 30.9487 18.0808 3
      vertex 31.0565 18.1022 2.99
      vertex 31.0565 18.1022 4
    endloop
  endfacet
  facet normal 0.441969 -0.89703 0
    outer loop
      vertex 31.6815 18.3533 3
      vertex 31.428 18.2284 4
      vertex 31.428 18.2284 3
    endloop
  endfacet
  facet normal 0.44211 -0.896961 4.44658e-05
    outer loop
      vertex 31.428 18.2284 4
      vertex 31.6815 18.3533 3
      vertex 31.78 18.4019 4
    endloop
  endfacet
  facet normal 0.442473 -0.896782 0
    outer loop
      vertex 31.78 18.4019 2.99
      vertex 31.6815 18.3533 3
      vertex 31.6815 18.3533 2.99
    endloop
  endfacet
  facet normal 0.442473 -0.896782 0
    outer loop
      vertex 31.6815 18.3533 3
      vertex 31.78 18.4019 2.99
      vertex 31.78 18.4019 4
    endloop
  endfacet
  facet normal -0.751724 0.659478 0
    outer loop
      vertex 27.8999 22.8263 3
      vertex 28.1587 23.1213 4
      vertex 28.1587 23.1213 3
    endloop
  endfacet
  facet normal -0.751724 0.659478 0
    outer loop
      vertex 28.1587 23.1213 4
      vertex 27.8999 22.8263 3
      vertex 27.8999 22.8263 4
    endloop
  endfacet
  facet normal 0.659478 0.751724 -0
    outer loop
      vertex 32.4013 23.1213 3
      vertex 32.1063 23.3801 4
      vertex 32.4013 23.1213 4
    endloop
  endfacet
  facet normal 0.659478 0.751724 0
    outer loop
      vertex 32.1063 23.3801 4
      vertex 32.4013 23.1213 3
      vertex 32.1063 23.3801 3
    endloop
  endfacet
  facet normal -0.896961 -0.44211 0
    outer loop
      vertex 27.6819 19.5 3
      vertex 27.5084 19.852 4
      vertex 27.5084 19.852 3
    endloop
  endfacet
  facet normal -0.896961 -0.44211 0
    outer loop
      vertex 27.5084 19.852 4
      vertex 27.6819 19.5 3
      vertex 27.6819 19.5 4
    endloop
  endfacet
  facet normal 0.83135 -0.555749 0
    outer loop
      vertex 32.8781 19.5 4
      vertex 32.817 19.4086 3
      vertex 32.8781 19.5 2.99
    endloop
  endfacet
  facet normal 0.831501 -0.555523 -2.98912e-05
    outer loop
      vertex 32.6601 19.1737 4
      vertex 32.817 19.4086 3
      vertex 32.8781 19.5 4
    endloop
  endfacet
  facet normal 0.83156 -0.555435 0
    outer loop
      vertex 32.817 19.4086 3
      vertex 32.6601 19.1737 4
      vertex 32.6601 19.1737 3
    endloop
  endfacet
  facet normal 0.83135 -0.555749 0
    outer loop
      vertex 32.8781 19.5 2.99
      vertex 32.817 19.4086 3
      vertex 32.817 19.4086 2.99
    endloop
  endfacet
  facet normal 0.896927 0.442179 0
    outer loop
      vertex 32.8781 22.5 4
      vertex 32.9766 22.3002 3
      vertex 32.8781 22.5 2.99
    endloop
  endfacet
  facet normal 0.896961 0.44211 1.70728e-05
    outer loop
      vertex 33.0516 22.148 4
      vertex 32.9766 22.3002 3
      vertex 32.8781 22.5 4
    endloop
  endfacet
  facet normal 0.897005 0.44202 0
    outer loop
      vertex 32.9766 22.3002 3
      vertex 33.0516 22.148 4
      vertex 33.0516 22.148 3
    endloop
  endfacet
  facet normal 0.896927 0.442179 0
    outer loop
      vertex 32.8781 22.5 2.99
      vertex 32.9766 22.3002 3
      vertex 32.9766 22.3002 2.99
    endloop
  endfacet
  facet normal -0.0654873 -0.997853 0
    outer loop
      vertex 29.8884 18.0257 3
      vertex 30.28 18 4
      vertex 29.8884 18.0257 4
    endloop
  endfacet
  facet normal -0.0654873 -0.997853 -0
    outer loop
      vertex 30.28 18 4
      vertex 29.8884 18.0257 3
      vertex 30.28 18 3
    endloop
  endfacet
  facet normal 0 0 0
    outer loop
      vertex 30.28 18 4
      vertex 30.28 18 3
      vertex 30.28 18 2.99
    endloop
  endfacet
  facet normal 0.0654873 0.997853 -0
    outer loop
      vertex 30.6716 23.9743 3
      vertex 30.28 24 4
      vertex 30.6716 23.9743 4
    endloop
  endfacet
  facet normal 0.0654873 0.997853 0
    outer loop
      vertex 30.28 24 4
      vertex 30.6716 23.9743 3
      vertex 30.28 24 3
    endloop
  endfacet
  facet normal -0.555523 -0.831501 0
    outer loop
      vertex 28.4537 18.6199 3
      vertex 28.78 18.4019 4
      vertex 28.4537 18.6199 4
    endloop
  endfacet
  facet normal -0.555523 -0.831501 -0
    outer loop
      vertex 28.78 18.4019 4
      vertex 28.4537 18.6199 3
      vertex 28.78 18.4019 3
    endloop
  endfacet
  facet normal 0.555523 -0.831501 -2.98912e-05
    outer loop
      vertex 31.78 18.4019 4
      vertex 31.8714 18.463 3
      vertex 32.1063 18.6199 4
    endloop
  endfacet
  facet normal 0.555749 -0.83135 0
    outer loop
      vertex 31.78 18.4019 2.99
      vertex 31.8714 18.463 3
      vertex 31.78 18.4019 4
    endloop
  endfacet
  facet normal 0.555749 -0.83135 0
    outer loop
      vertex 31.8714 18.463 3
      vertex 31.78 18.4019 2.99
      vertex 31.8714 18.463 2.99
    endloop
  endfacet
  facet normal 0.555435 -0.83156 0
    outer loop
      vertex 32.1063 18.6199 4
      vertex 31.8714 18.463 3
      vertex 32.1063 18.6199 3
    endloop
  endfacet
  facet normal 0.946858 0.321651 0
    outer loop
      vertex 33.1778 21.7765 4
      vertex 33.0516 22.148 3
      vertex 33.0516 22.148 4
    endloop
  endfacet
  facet normal 0.946858 0.321651 0
    outer loop
      vertex 33.0516 22.148 3
      vertex 33.1778 21.7765 4
      vertex 33.1778 21.7765 3
    endloop
  endfacet
  facet normal -0.980815 0.19494 0
    outer loop
      vertex 27.3057 21.3916 3
      vertex 27.3822 21.7765 4
      vertex 27.3822 21.7765 3
    endloop
  endfacet
  facet normal -0.980815 0.19494 0
    outer loop
      vertex 27.3822 21.7765 4
      vertex 27.3057 21.3916 3
      vertex 27.3057 21.3916 4
    endloop
  endfacet
  facet normal -0.0654873 0.997853 0
    outer loop
      vertex 30.28 24 3
      vertex 29.8884 23.9743 4
      vertex 30.28 24 4
    endloop
  endfacet
  facet normal -0.0654873 0.997853 0
    outer loop
      vertex 29.8884 23.9743 4
      vertex 30.28 24 3
      vertex 29.8884 23.9743 3
    endloop
  endfacet
  facet normal -0.321651 -0.946858 0
    outer loop
      vertex 29.132 18.2284 3
      vertex 29.5035 18.1022 4
      vertex 29.132 18.2284 4
    endloop
  endfacet
  facet normal -0.321651 -0.946858 -0
    outer loop
      vertex 29.5035 18.1022 4
      vertex 29.132 18.2284 3
      vertex 29.5035 18.1022 3
    endloop
  endfacet
  facet normal -0.980815 -0.19494 0
    outer loop
      vertex 27.3822 20.2235 3
      vertex 27.3057 20.6084 4
      vertex 27.3057 20.6084 3
    endloop
  endfacet
  facet normal -0.980815 -0.19494 0
    outer loop
      vertex 27.3057 20.6084 4
      vertex 27.3822 20.2235 3
      vertex 27.3822 20.2235 4
    endloop
  endfacet
  facet normal -0.751724 -0.659478 0
    outer loop
      vertex 28.1587 18.8787 3
      vertex 27.8999 19.1737 4
      vertex 27.8999 19.1737 3
    endloop
  endfacet
  facet normal -0.751724 -0.659478 0
    outer loop
      vertex 27.8999 19.1737 4
      vertex 28.1587 18.8787 3
      vertex 28.1587 18.8787 4
    endloop
  endfacet
  facet normal -0.19494 -0.980815 0
    outer loop
      vertex 29.5035 18.1022 3
      vertex 29.8884 18.0257 4
      vertex 29.5035 18.1022 4
    endloop
  endfacet
  facet normal -0.19494 -0.980815 -0
    outer loop
      vertex 29.8884 18.0257 4
      vertex 29.5035 18.1022 3
      vertex 29.8884 18.0257 3
    endloop
  endfacet
  facet normal -0.831501 0.555523 0
    outer loop
      vertex 27.6819 22.5 3
      vertex 27.8999 22.8263 4
      vertex 27.8999 22.8263 3
    endloop
  endfacet
  facet normal -0.831501 0.555523 0
    outer loop
      vertex 27.8999 22.8263 4
      vertex 27.6819 22.5 3
      vertex 27.6819 22.5 4
    endloop
  endfacet
  facet normal 0.980815 0.19494 0
    outer loop
      vertex 31.2714 21.1305 5.5
      vertex 31.2459 21.2588 4
      vertex 31.2459 21.2588 5.5
    endloop
  endfacet
  facet normal 0.980815 0.19494 0
    outer loop
      vertex 31.2459 21.2588 4
      vertex 31.2714 21.1305 5.5
      vertex 31.2714 21.1305 4
    endloop
  endfacet
  facet normal 0.997836 0.0657577 0
    outer loop
      vertex 31.28 21 5.5
      vertex 31.2714 21.1305 4
      vertex 31.2714 21.1305 5.5
    endloop
  endfacet
  facet normal 0.997836 0.0657577 0
    outer loop
      vertex 31.2714 21.1305 4
      vertex 31.28 21 5.5
      vertex 31.28 21 4
    endloop
  endfacet
  facet normal 0.321039 -0.947066 0
    outer loop
      vertex 30.5388 20.0341 4
      vertex 30.6627 20.0761 5.5
      vertex 30.5388 20.0341 5.5
    endloop
  endfacet
  facet normal 0.321039 -0.947066 0
    outer loop
      vertex 30.6627 20.0761 5.5
      vertex 30.5388 20.0341 4
      vertex 30.6627 20.0761 4
    endloop
  endfacet
  facet normal 0.831815 0.555053 0
    outer loop
      vertex 31.146 21.5 5.5
      vertex 31.0734 21.6088 4
      vertex 31.0734 21.6088 5.5
    endloop
  endfacet
  facet normal 0.831815 0.555053 0
    outer loop
      vertex 31.0734 21.6088 4
      vertex 31.146 21.5 5.5
      vertex 31.146 21.5 4
    endloop
  endfacet
  facet normal -0.896709 0.442621 0
    outer loop
      vertex 29.3561 21.3827 4
      vertex 29.414 21.5 5.5
      vertex 29.414 21.5 4
    endloop
  endfacet
  facet normal -0.896709 0.442621 0
    outer loop
      vertex 29.414 21.5 5.5
      vertex 29.3561 21.3827 4
      vertex 29.3561 21.3827 5.5
    endloop
  endfacet
  facet normal -0.555053 0.831815 0
    outer loop
      vertex 29.78 21.866 4
      vertex 29.6712 21.7934 5.5
      vertex 29.78 21.866 5.5
    endloop
  endfacet
  facet normal -0.555053 0.831815 0
    outer loop
      vertex 29.6712 21.7934 5.5
      vertex 29.78 21.866 4
      vertex 29.6712 21.7934 4
    endloop
  endfacet
  facet normal -0.659749 0.751486 0
    outer loop
      vertex 29.6712 21.7934 4
      vertex 29.5729 21.7071 5.5
      vertex 29.6712 21.7934 5.5
    endloop
  endfacet
  facet normal -0.659749 0.751486 0
    outer loop
      vertex 29.5729 21.7071 5.5
      vertex 29.6712 21.7934 4
      vertex 29.5729 21.7071 4
    endloop
  endfacet
  facet normal -0.751486 0.659749 0
    outer loop
      vertex 29.4866 21.6088 4
      vertex 29.5729 21.7071 5.5
      vertex 29.5729 21.7071 4
    endloop
  endfacet
  facet normal -0.751486 0.659749 0
    outer loop
      vertex 29.5729 21.7071 5.5
      vertex 29.4866 21.6088 4
      vertex 29.4866 21.6088 5.5
    endloop
  endfacet
  facet normal 0.947066 -0.321039 0
    outer loop
      vertex 31.2039 20.6173 5.5
      vertex 31.2459 20.7412 4
      vertex 31.2459 20.7412 5.5
    endloop
  endfacet
  facet normal 0.947066 -0.321039 0
    outer loop
      vertex 31.2459 20.7412 4
      vertex 31.2039 20.6173 5.5
      vertex 31.2039 20.6173 4
    endloop
  endfacet
  facet normal -0.997836 0.0657577 0
    outer loop
      vertex 29.28 21 4
      vertex 29.2886 21.1305 5.5
      vertex 29.2886 21.1305 4
    endloop
  endfacet
  facet normal -0.997836 0.0657577 0
    outer loop
      vertex 29.2886 21.1305 5.5
      vertex 29.28 21 4
      vertex 29.28 21 5.5
    endloop
  endfacet
  facet normal 0.555053 0.831815 -0
    outer loop
      vertex 30.8888 21.7934 4
      vertex 30.78 21.866 5.5
      vertex 30.8888 21.7934 5.5
    endloop
  endfacet
  facet normal 0.555053 0.831815 0
    outer loop
      vertex 30.78 21.866 5.5
      vertex 30.8888 21.7934 4
      vertex 30.78 21.866 4
    endloop
  endfacet
  facet normal -0.321039 -0.947066 0
    outer loop
      vertex 29.8973 20.0761 4
      vertex 30.0212 20.0341 5.5
      vertex 29.8973 20.0761 5.5
    endloop
  endfacet
  facet normal -0.321039 -0.947066 -0
    outer loop
      vertex 30.0212 20.0341 5.5
      vertex 29.8973 20.0761 4
      vertex 30.0212 20.0341 4
    endloop
  endfacet
  facet normal 0.19494 -0.980815 0
    outer loop
      vertex 30.4105 20.0086 4
      vertex 30.5388 20.0341 5.5
      vertex 30.4105 20.0086 5.5
    endloop
  endfacet
  facet normal 0.19494 -0.980815 0
    outer loop
      vertex 30.5388 20.0341 5.5
      vertex 30.4105 20.0086 4
      vertex 30.5388 20.0341 4
    endloop
  endfacet
  facet normal -0.321039 0.947066 0
    outer loop
      vertex 30.0212 21.9659 4
      vertex 29.8973 21.9239 5.5
      vertex 30.0212 21.9659 5.5
    endloop
  endfacet
  facet normal -0.321039 0.947066 0
    outer loop
      vertex 29.8973 21.9239 5.5
      vertex 30.0212 21.9659 4
      vertex 29.8973 21.9239 4
    endloop
  endfacet
  facet normal -0.831815 -0.555053 0
    outer loop
      vertex 29.4866 20.3912 4
      vertex 29.414 20.5 5.5
      vertex 29.414 20.5 4
    endloop
  endfacet
  facet normal -0.831815 -0.555053 0
    outer loop
      vertex 29.414 20.5 5.5
      vertex 29.4866 20.3912 4
      vertex 29.4866 20.3912 5.5
    endloop
  endfacet
  facet normal 0.555053 -0.831815 0
    outer loop
      vertex 30.78 20.134 4
      vertex 30.8888 20.2066 5.5
      vertex 30.78 20.134 5.5
    endloop
  endfacet
  facet normal 0.555053 -0.831815 0
    outer loop
      vertex 30.8888 20.2066 5.5
      vertex 30.78 20.134 4
      vertex 30.8888 20.2066 4
    endloop
  endfacet
  facet normal -0.947066 0.321039 0
    outer loop
      vertex 29.3141 21.2588 4
      vertex 29.3561 21.3827 5.5
      vertex 29.3561 21.3827 4
    endloop
  endfacet
  facet normal -0.947066 0.321039 0
    outer loop
      vertex 29.3561 21.3827 5.5
      vertex 29.3141 21.2588 4
      vertex 29.3141 21.2588 5.5
    endloop
  endfacet
  facet normal 0.321039 0.947066 -0
    outer loop
      vertex 30.6627 21.9239 4
      vertex 30.5388 21.9659 5.5
      vertex 30.6627 21.9239 5.5
    endloop
  endfacet
  facet normal 0.321039 0.947066 0
    outer loop
      vertex 30.5388 21.9659 5.5
      vertex 30.6627 21.9239 4
      vertex 30.5388 21.9659 4
    endloop
  endfacet
  facet normal 0.0657577 0.997836 -0
    outer loop
      vertex 30.4105 21.9914 4
      vertex 30.28 22 5.5
      vertex 30.4105 21.9914 5.5
    endloop
  endfacet
  facet normal 0.0657577 0.997836 0
    outer loop
      vertex 30.28 22 5.5
      vertex 30.4105 21.9914 4
      vertex 30.28 22 4
    endloop
  endfacet
  facet normal -0.442621 0.896709 0
    outer loop
      vertex 29.8973 21.9239 4
      vertex 29.78 21.866 5.5
      vertex 29.8973 21.9239 5.5
    endloop
  endfacet
  facet normal -0.442621 0.896709 0
    outer loop
      vertex 29.78 21.866 5.5
      vertex 29.8973 21.9239 4
      vertex 29.78 21.866 4
    endloop
  endfacet
  facet normal 0.831815 -0.555053 0
    outer loop
      vertex 31.0734 20.3912 5.5
      vertex 31.146 20.5 4
      vertex 31.146 20.5 5.5
    endloop
  endfacet
  facet normal 0.831815 -0.555053 0
    outer loop
      vertex 31.146 20.5 4
      vertex 31.0734 20.3912 5.5
      vertex 31.0734 20.3912 4
    endloop
  endfacet
  facet normal -0.997836 -0.0657577 0
    outer loop
      vertex 29.2886 20.8695 4
      vertex 29.28 21 5.5
      vertex 29.28 21 4
    endloop
  endfacet
  facet normal -0.997836 -0.0657577 0
    outer loop
      vertex 29.28 21 5.5
      vertex 29.2886 20.8695 4
      vertex 29.2886 20.8695 5.5
    endloop
  endfacet
  facet normal -0.947066 -0.321039 0
    outer loop
      vertex 29.3561 20.6173 4
      vertex 29.3141 20.7412 5.5
      vertex 29.3141 20.7412 4
    endloop
  endfacet
  facet normal -0.947066 -0.321039 0
    outer loop
      vertex 29.3141 20.7412 5.5
      vertex 29.3561 20.6173 4
      vertex 29.3561 20.6173 5.5
    endloop
  endfacet
  facet normal -0.659749 -0.751486 0
    outer loop
      vertex 29.5729 20.2929 4
      vertex 29.6712 20.2066 5.5
      vertex 29.5729 20.2929 5.5
    endloop
  endfacet
  facet normal -0.659749 -0.751486 -0
    outer loop
      vertex 29.6712 20.2066 5.5
      vertex 29.5729 20.2929 4
      vertex 29.6712 20.2066 4
    endloop
  endfacet
  facet normal 0.442621 0.896709 -0
    outer loop
      vertex 30.78 21.866 4
      vertex 30.6627 21.9239 5.5
      vertex 30.78 21.866 5.5
    endloop
  endfacet
  facet normal 0.442621 0.896709 0
    outer loop
      vertex 30.6627 21.9239 5.5
      vertex 30.78 21.866 4
      vertex 30.6627 21.9239 4
    endloop
  endfacet
  facet normal -0.19494 0.980815 0
    outer loop
      vertex 30.1495 21.9914 4
      vertex 30.0212 21.9659 5.5
      vertex 30.1495 21.9914 5.5
    endloop
  endfacet
  facet normal -0.19494 0.980815 0
    outer loop
      vertex 30.0212 21.9659 5.5
      vertex 30.1495 21.9914 4
      vertex 30.0212 21.9659 4
    endloop
  endfacet
  facet normal 0.751486 0.659749 0
    outer loop
      vertex 31.0734 21.6088 5.5
      vertex 30.9871 21.7071 4
      vertex 30.9871 21.7071 5.5
    endloop
  endfacet
  facet normal 0.751486 0.659749 0
    outer loop
      vertex 30.9871 21.7071 4
      vertex 31.0734 21.6088 5.5
      vertex 31.0734 21.6088 4
    endloop
  endfacet
  facet normal 0.19494 0.980815 -0
    outer loop
      vertex 30.5388 21.9659 4
      vertex 30.4105 21.9914 5.5
      vertex 30.5388 21.9659 5.5
    endloop
  endfacet
  facet normal 0.19494 0.980815 0
    outer loop
      vertex 30.4105 21.9914 5.5
      vertex 30.5388 21.9659 4
      vertex 30.4105 21.9914 4
    endloop
  endfacet
  facet normal 0.751486 -0.659749 0
    outer loop
      vertex 30.9871 20.2929 5.5
      vertex 31.0734 20.3912 4
      vertex 31.0734 20.3912 5.5
    endloop
  endfacet
  facet normal 0.751486 -0.659749 0
    outer loop
      vertex 31.0734 20.3912 4
      vertex 30.9871 20.2929 5.5
      vertex 30.9871 20.2929 4
    endloop
  endfacet
  facet normal -0.442621 -0.896709 0
    outer loop
      vertex 29.78 20.134 4
      vertex 29.8973 20.0761 5.5
      vertex 29.78 20.134 5.5
    endloop
  endfacet
  facet normal -0.442621 -0.896709 -0
    outer loop
      vertex 29.8973 20.0761 5.5
      vertex 29.78 20.134 4
      vertex 29.8973 20.0761 4
    endloop
  endfacet
  facet normal -0.0657577 0.997836 0
    outer loop
      vertex 30.28 22 4
      vertex 30.1495 21.9914 5.5
      vertex 30.28 22 5.5
    endloop
  endfacet
  facet normal -0.0657577 0.997836 0
    outer loop
      vertex 30.1495 21.9914 5.5
      vertex 30.28 22 4
      vertex 30.1495 21.9914 4
    endloop
  endfacet
  facet normal -0.980815 0.19494 0
    outer loop
      vertex 29.2886 21.1305 4
      vertex 29.3141 21.2588 5.5
      vertex 29.3141 21.2588 4
    endloop
  endfacet
  facet normal -0.980815 0.19494 0
    outer loop
      vertex 29.3141 21.2588 5.5
      vertex 29.2886 21.1305 4
      vertex 29.2886 21.1305 5.5
    endloop
  endfacet
  facet normal 0.0657577 -0.997836 0
    outer loop
      vertex 30.28 20 4
      vertex 30.4105 20.0086 5.5
      vertex 30.28 20 5.5
    endloop
  endfacet
  facet normal 0.0657577 -0.997836 0
    outer loop
      vertex 30.4105 20.0086 5.5
      vertex 30.28 20 4
      vertex 30.4105 20.0086 4
    endloop
  endfacet
  facet normal 0.442621 -0.896709 0
    outer loop
      vertex 30.6627 20.0761 4
      vertex 30.78 20.134 5.5
      vertex 30.6627 20.0761 5.5
    endloop
  endfacet
  facet normal 0.442621 -0.896709 0
    outer loop
      vertex 30.78 20.134 5.5
      vertex 30.6627 20.0761 4
      vertex 30.78 20.134 4
    endloop
  endfacet
  facet normal 0.659749 -0.751486 0
    outer loop
      vertex 30.8888 20.2066 4
      vertex 30.9871 20.2929 5.5
      vertex 30.8888 20.2066 5.5
    endloop
  endfacet
  facet normal 0.659749 -0.751486 0
    outer loop
      vertex 30.9871 20.2929 5.5
      vertex 30.8888 20.2066 4
      vertex 30.9871 20.2929 4
    endloop
  endfacet
  facet normal -0.896709 -0.442621 0
    outer loop
      vertex 29.414 20.5 4
      vertex 29.3561 20.6173 5.5
      vertex 29.3561 20.6173 4
    endloop
  endfacet
  facet normal -0.896709 -0.442621 0
    outer loop
      vertex 29.3561 20.6173 5.5
      vertex 29.414 20.5 4
      vertex 29.414 20.5 5.5
    endloop
  endfacet
  facet normal 0.896709 -0.442621 0
    outer loop
      vertex 31.146 20.5 5.5
      vertex 31.2039 20.6173 4
      vertex 31.2039 20.6173 5.5
    endloop
  endfacet
  facet normal 0.896709 -0.442621 0
    outer loop
      vertex 31.2039 20.6173 4
      vertex 31.146 20.5 5.5
      vertex 31.146 20.5 4
    endloop
  endfacet
  facet normal 0.659749 0.751486 -0
    outer loop
      vertex 30.9871 21.7071 4
      vertex 30.8888 21.7934 5.5
      vertex 30.9871 21.7071 5.5
    endloop
  endfacet
  facet normal 0.659749 0.751486 0
    outer loop
      vertex 30.8888 21.7934 5.5
      vertex 30.9871 21.7071 4
      vertex 30.8888 21.7934 4
    endloop
  endfacet
  facet normal 0.997836 -0.0657577 0
    outer loop
      vertex 31.2714 20.8695 5.5
      vertex 31.28 21 4
      vertex 31.28 21 5.5
    endloop
  endfacet
  facet normal 0.997836 -0.0657577 0
    outer loop
      vertex 31.28 21 4
      vertex 31.2714 20.8695 5.5
      vertex 31.2714 20.8695 4
    endloop
  endfacet
  facet normal -0.555053 -0.831815 0
    outer loop
      vertex 29.6712 20.2066 4
      vertex 29.78 20.134 5.5
      vertex 29.6712 20.2066 5.5
    endloop
  endfacet
  facet normal -0.555053 -0.831815 -0
    outer loop
      vertex 29.78 20.134 5.5
      vertex 29.6712 20.2066 4
      vertex 29.78 20.134 4
    endloop
  endfacet
  facet normal 0.896709 0.442621 0
    outer loop
      vertex 31.2039 21.3827 5.5
      vertex 31.146 21.5 4
      vertex 31.146 21.5 5.5
    endloop
  endfacet
  facet normal 0.896709 0.442621 0
    outer loop
      vertex 31.146 21.5 4
      vertex 31.2039 21.3827 5.5
      vertex 31.2039 21.3827 4
    endloop
  endfacet
  facet normal 0.980815 -0.19494 0
    outer loop
      vertex 31.2459 20.7412 5.5
      vertex 31.2714 20.8695 4
      vertex 31.2714 20.8695 5.5
    endloop
  endfacet
  facet normal 0.980815 -0.19494 0
    outer loop
      vertex 31.2714 20.8695 4
      vertex 31.2459 20.7412 5.5
      vertex 31.2459 20.7412 4
    endloop
  endfacet
  facet normal 0.947066 0.321039 0
    outer loop
      vertex 31.2459 21.2588 5.5
      vertex 31.2039 21.3827 4
      vertex 31.2039 21.3827 5.5
    endloop
  endfacet
  facet normal 0.947066 0.321039 0
    outer loop
      vertex 31.2039 21.3827 4
      vertex 31.2459 21.2588 5.5
      vertex 31.2459 21.2588 4
    endloop
  endfacet
  facet normal -0.980815 -0.19494 0
    outer loop
      vertex 29.3141 20.7412 4
      vertex 29.2886 20.8695 5.5
      vertex 29.2886 20.8695 4
    endloop
  endfacet
  facet normal -0.980815 -0.19494 0
    outer loop
      vertex 29.2886 20.8695 5.5
      vertex 29.3141 20.7412 4
      vertex 29.3141 20.7412 5.5
    endloop
  endfacet
  facet normal -0.751486 -0.659749 0
    outer loop
      vertex 29.5729 20.2929 4
      vertex 29.4866 20.3912 5.5
      vertex 29.4866 20.3912 4
    endloop
  endfacet
  facet normal -0.751486 -0.659749 0
    outer loop
      vertex 29.4866 20.3912 5.5
      vertex 29.5729 20.2929 4
      vertex 29.5729 20.2929 5.5
    endloop
  endfacet
  facet normal 0 0 1
    outer loop
      vertex 31.2714 21.1305 5.5
      vertex 31.2714 20.8695 5.5
      vertex 31.28 21 5.5
    endloop
  endfacet
  facet normal 0 0 1
    outer loop
      vertex 31.2459 21.2588 5.5
      vertex 31.2714 20.8695 5.5
      vertex 31.2714 21.1305 5.5
    endloop
  endfacet
  facet normal 0 0 1
    outer loop
      vertex 31.2459 21.2588 5.5
      vertex 31.2459 20.7412 5.5
      vertex 31.2714 20.8695 5.5
    endloop
  endfacet
  facet normal 0 0 1
    outer loop
      vertex 31.2039 21.3827 5.5
      vertex 31.2459 20.7412 5.5
      vertex 31.2459 21.2588 5.5
    endloop
  endfacet
  facet normal 0 0 1
    outer loop
      vertex 31.2039 21.3827 5.5
      vertex 31.2039 20.6173 5.5
      vertex 31.2459 20.7412 5.5
    endloop
  endfacet
  facet normal 0 0 1
    outer loop
      vertex 31.146 21.5 5.5
      vertex 31.2039 20.6173 5.5
      vertex 31.2039 21.3827 5.5
    endloop
  endfacet
  facet normal 0 0 1
    outer loop
      vertex 31.146 21.5 5.5
      vertex 31.146 20.5 5.5
      vertex 31.2039 20.6173 5.5
    endloop
  endfacet
  facet normal 0 0 1
    outer loop
      vertex 31.0734 21.6088 5.5
      vertex 31.146 20.5 5.5
      vertex 31.146 21.5 5.5
    endloop
  endfacet
  facet normal 0 0 1
    outer loop
      vertex 31.0734 21.6088 5.5
      vertex 31.0734 20.3912 5.5
      vertex 31.146 20.5 5.5
    endloop
  endfacet
  facet normal 0 0 1
    outer loop
      vertex 30.9871 21.7071 5.5
      vertex 31.0734 20.3912 5.5
      vertex 31.0734 21.6088 5.5
    endloop
  endfacet
  facet normal 0 0 1
    outer loop
      vertex 30.9871 21.7071 5.5
      vertex 30.9871 20.2929 5.5
      vertex 31.0734 20.3912 5.5
    endloop
  endfacet
  facet normal 0 0 1
    outer loop
      vertex 30.8888 21.7934 5.5
      vertex 30.9871 20.2929 5.5
      vertex 30.9871 21.7071 5.5
    endloop
  endfacet
  facet normal 0 0 1
    outer loop
      vertex 30.8888 21.7934 5.5
      vertex 30.8888 20.2066 5.5
      vertex 30.9871 20.2929 5.5
    endloop
  endfacet
  facet normal 0 0 1
    outer loop
      vertex 30.78 21.866 5.5
      vertex 30.8888 20.2066 5.5
      vertex 30.8888 21.7934 5.5
    endloop
  endfacet
  facet normal 0 0 1
    outer loop
      vertex 30.78 21.866 5.5
      vertex 30.78 20.134 5.5
      vertex 30.8888 20.2066 5.5
    endloop
  endfacet
  facet normal 0 0 1
    outer loop
      vertex 30.6627 21.9239 5.5
      vertex 30.78 20.134 5.5
      vertex 30.78 21.866 5.5
    endloop
  endfacet
  facet normal 0 0 1
    outer loop
      vertex 30.6627 21.9239 5.5
      vertex 30.6627 20.0761 5.5
      vertex 30.78 20.134 5.5
    endloop
  endfacet
  facet normal 0 0 1
    outer loop
      vertex 30.5388 21.9659 5.5
      vertex 30.6627 20.0761 5.5
      vertex 30.6627 21.9239 5.5
    endloop
  endfacet
  facet normal 0 0 1
    outer loop
      vertex 30.5388 21.9659 5.5
      vertex 30.5388 20.0341 5.5
      vertex 30.6627 20.0761 5.5
    endloop
  endfacet
  facet normal 0 0 1
    outer loop
      vertex 30.4105 21.9914 5.5
      vertex 30.5388 20.0341 5.5
      vertex 30.5388 21.9659 5.5
    endloop
  endfacet
  facet normal 0 0 1
    outer loop
      vertex 30.4105 21.9914 5.5
      vertex 30.4105 20.0086 5.5
      vertex 30.5388 20.0341 5.5
    endloop
  endfacet
  facet normal 0 0 1
    outer loop
      vertex 30.28 22 5.5
      vertex 30.4105 20.0086 5.5
      vertex 30.4105 21.9914 5.5
    endloop
  endfacet
  facet normal 0 0 1
    outer loop
      vertex 30.28 22 5.5
      vertex 30.28 20 5.5
      vertex 30.4105 20.0086 5.5
    endloop
  endfacet
  facet normal -0 0 1
    outer loop
      vertex 30.1495 21.9914 5.5
      vertex 30.28 20 5.5
      vertex 30.28 22 5.5
    endloop
  endfacet
  facet normal 0 0 1
    outer loop
      vertex 30.1495 21.9914 5.5
      vertex 30.1495 20.0086 5.5
      vertex 30.28 20 5.5
    endloop
  endfacet
  facet normal -0 0 1
    outer loop
      vertex 30.0212 21.9659 5.5
      vertex 30.1495 20.0086 5.5
      vertex 30.1495 21.9914 5.5
    endloop
  endfacet
  facet normal 0 0 1
    outer loop
      vertex 30.0212 21.9659 5.5
      vertex 30.0212 20.0341 5.5
      vertex 30.1495 20.0086 5.5
    endloop
  endfacet
  facet normal -0 0 1
    outer loop
      vertex 29.8973 21.9239 5.5
      vertex 30.0212 20.0341 5.5
      vertex 30.0212 21.9659 5.5
    endloop
  endfacet
  facet normal 0 0 1
    outer loop
      vertex 29.8973 21.9239 5.5
      vertex 29.8973 20.0761 5.5
      vertex 30.0212 20.0341 5.5
    endloop
  endfacet
  facet normal -0 0 1
    outer loop
      vertex 29.78 21.866 5.5
      vertex 29.8973 20.0761 5.5
      vertex 29.8973 21.9239 5.5
    endloop
  endfacet
  facet normal 0 0 1
    outer loop
      vertex 29.78 21.866 5.5
      vertex 29.78 20.134 5.5
      vertex 29.8973 20.0761 5.5
    endloop
  endfacet
  facet normal -0 0 1
    outer loop
      vertex 29.6712 21.7934 5.5
      vertex 29.78 20.134 5.5
      vertex 29.78 21.866 5.5
    endloop
  endfacet
  facet normal 0 0 1
    outer loop
      vertex 29.6712 21.7934 5.5
      vertex 29.6712 20.2066 5.5
      vertex 29.78 20.134 5.5
    endloop
  endfacet
  facet normal -0 0 1
    outer loop
      vertex 29.5729 21.7071 5.5
      vertex 29.6712 20.2066 5.5
      vertex 29.6712 21.7934 5.5
    endloop
  endfacet
  facet normal 0 0 1
    outer loop
      vertex 29.5729 21.7071 5.5
      vertex 29.5729 20.2929 5.5
      vertex 29.6712 20.2066 5.5
    endloop
  endfacet
  facet normal -0 0 1
    outer loop
      vertex 29.4866 21.6088 5.5
      vertex 29.5729 20.2929 5.5
      vertex 29.5729 21.7071 5.5
    endloop
  endfacet
  facet normal 0 0 1
    outer loop
      vertex 29.4866 21.6088 5.5
      vertex 29.4866 20.3912 5.5
      vertex 29.5729 20.2929 5.5
    endloop
  endfacet
  facet normal -0 0 1
    outer loop
      vertex 29.414 21.5 5.5
      vertex 29.4866 20.3912 5.5
      vertex 29.4866 21.6088 5.5
    endloop
  endfacet
  facet normal 0 0 1
    outer loop
      vertex 29.414 21.5 5.5
      vertex 29.414 20.5 5.5
      vertex 29.4866 20.3912 5.5
    endloop
  endfacet
  facet normal -0 0 1
    outer loop
      vertex 29.3561 21.3827 5.5
      vertex 29.414 20.5 5.5
      vertex 29.414 21.5 5.5
    endloop
  endfacet
  facet normal 0 0 1
    outer loop
      vertex 29.3561 21.3827 5.5
      vertex 29.3561 20.6173 5.5
      vertex 29.414 20.5 5.5
    endloop
  endfacet
  facet normal -0 0 1
    outer loop
      vertex 29.3141 21.2588 5.5
      vertex 29.3561 20.6173 5.5
      vertex 29.3561 21.3827 5.5
    endloop
  endfacet
  facet normal 0 0 1
    outer loop
      vertex 29.3141 21.2588 5.5
      vertex 29.3141 20.7412 5.5
      vertex 29.3561 20.6173 5.5
    endloop
  endfacet
  facet normal -0 0 1
    outer loop
      vertex 29.2886 21.1305 5.5
      vertex 29.3141 20.7412 5.5
      vertex 29.3141 21.2588 5.5
    endloop
  endfacet
  facet normal 0 0 1
    outer loop
      vertex 29.2886 21.1305 5.5
      vertex 29.2886 20.8695 5.5
      vertex 29.3141 20.7412 5.5
    endloop
  endfacet
  facet normal 0 -0 1
    outer loop
      vertex 29.2886 20.8695 5.5
      vertex 29.2886 21.1305 5.5
      vertex 29.28 21 5.5
    endloop
  endfacet
  facet normal -0.19494 -0.980815 0
    outer loop
      vertex 30.0212 20.0341 4
      vertex 30.1495 20.0086 5.5
      vertex 30.0212 20.0341 5.5
    endloop
  endfacet
  facet normal -0.19494 -0.980815 -0
    outer loop
      vertex 30.1495 20.0086 5.5
      vertex 30.0212 20.0341 4
      vertex 30.1495 20.0086 4
    endloop
  endfacet
  facet normal -0.831815 0.555053 0
    outer loop
      vertex 29.414 21.5 4
      vertex 29.4866 21.6088 5.5
      vertex 29.4866 21.6088 4
    endloop
  endfacet
  facet normal -0.831815 0.555053 0
    outer loop
      vertex 29.4866 21.6088 5.5
      vertex 29.414 21.5 4
      vertex 29.414 21.5 5.5
    endloop
  endfacet
  facet normal -0.0657577 -0.997836 0
    outer loop
      vertex 30.1495 20.0086 4
      vertex 30.28 20 5.5
      vertex 30.1495 20.0086 5.5
    endloop
  endfacet
  facet normal -0.0657577 -0.997836 -0
    outer loop
      vertex 30.28 20 5.5
      vertex 30.1495 20.0086 4
      vertex 30.28 20 4
    endloop
  endfacet
  facet normal -0.442314 0.89686 0
    outer loop
      vertex 23.6606 33.2336 0
      vertex 23.25 33.0311 3
      vertex 23.6606 33.2336 3
    endloop
  endfacet
  facet normal -0.442314 0.89686 0
    outer loop
      vertex 23.25 33.0311 3
      vertex 23.6606 33.2336 0
      vertex 23.25 33.0311 0
    endloop
  endfacet
  facet normal 0.997855 -0.0654621 0
    outer loop
      vertex 33.2728 20.8904 3
      vertex 33.2543 20.6084 3
      vertex 33.2728 20.8904 2.99
    endloop
  endfacet
  facet normal 0.997849 -0.0655521 0
    outer loop
      vertex 33.2728 20.8904 2.99
      vertex 33.28 21 0
      vertex 33.28 21 2.99
    endloop
  endfacet
  facet normal 0.997855 -0.0654621 0
    outer loop
      vertex 33.2543 20.6084 0
      vertex 33.2728 20.8904 2.99
      vertex 33.2543 20.6084 3
    endloop
  endfacet
  facet normal 0.997853 -0.0654873 2.38622e-06
    outer loop
      vertex 33.2728 20.8904 2.99
      vertex 33.2543 20.6084 0
      vertex 33.28 21 0
    endloop
  endfacet
  facet normal 0.885762 0.464139 -0
    outer loop
      vertex 32.8781 22.5 2.99
      vertex 28.0311 31.75 3
      vertex 32.8781 22.5 3
    endloop
  endfacet
  facet normal 0.885762 0.464139 0
    outer loop
      vertex 28.0311 31.75 3
      vertex 32.8781 22.5 2.99
      vertex 28.0311 31.75 0
    endloop
  endfacet
  facet normal 0.885762 0.464139 0
    outer loop
      vertex 32.8781 22.5 2.99
      vertex 32.8781 22.5 0
      vertex 28.0311 31.75 0
    endloop
  endfacet
  facet normal -0.195234 0.980757 0
    outer loop
      vertex 24.5432 33.4701 0
      vertex 24.0941 33.3807 3
      vertex 24.5432 33.4701 3
    endloop
  endfacet
  facet normal -0.195234 0.980757 0
    outer loop
      vertex 24.0941 33.3807 3
      vertex 24.5432 33.4701 0
      vertex 24.0941 33.3807 0
    endloop
  endfacet
  facet normal -0.831445 0.555607 0
    outer loop
      vertex 21.9689 31.75 0
      vertex 22.2233 32.1307 3
      vertex 22.2233 32.1307 0
    endloop
  endfacet
  facet normal -0.831445 0.555607 0
    outer loop
      vertex 22.2233 32.1307 3
      vertex 21.9689 31.75 0
      vertex 21.9689 31.75 3
    endloop
  endfacet
  facet normal 0.442314 0.89686 -0
    outer loop
      vertex 26.75 33.0311 0
      vertex 26.3394 33.2336 3
      vertex 26.75 33.0311 3
    endloop
  endfacet
  facet normal 0.442314 0.89686 0
    outer loop
      vertex 26.3394 33.2336 3
      vertex 26.75 33.0311 0
      vertex 26.3394 33.2336 0
    endloop
  endfacet
  facet normal 0.659278 0.7519 -0
    outer loop
      vertex 27.4749 32.4749 0
      vertex 27.1307 32.7767 3
      vertex 27.4749 32.4749 3
    endloop
  endfacet
  facet normal 0.659278 0.7519 0
    outer loop
      vertex 27.1307 32.7767 3
      vertex 27.4749 32.4749 0
      vertex 27.1307 32.7767 0
    endloop
  endfacet
  facet normal -0.997865 -0.0653156 0
    outer loop
      vertex 21.5299 29.5432 0
      vertex 21.5 30 3
      vertex 21.5 30 0
    endloop
  endfacet
  facet normal -0.997865 -0.0653156 0
    outer loop
      vertex 21.5 30 3
      vertex 21.5299 29.5432 0
      vertex 21.5299 29.5432 3
    endloop
  endfacet
  facet normal -0.837327 -0.546703 0
    outer loop
      vertex 27.6819 19.5 0
      vertex 21.9689 28.25 3
      vertex 21.9689 28.25 0
    endloop
  endfacet
  facet normal -0.837327 -0.546703 0
    outer loop
      vertex 21.9689 28.25 3
      vertex 27.6819 19.5 0
      vertex 27.6819 19.5 3
    endloop
  endfacet
  facet normal 0.659406 -0.751787 0
    outer loop
      vertex 32.1063 18.6199 3
      vertex 32.3187 18.8062 2.99
      vertex 32.3187 18.8062 3
    endloop
  endfacet
  facet normal 0.659406 -0.751787 0
    outer loop
      vertex 32.1063 18.6199 0
      vertex 32.3187 18.8062 2.99
      vertex 32.1063 18.6199 3
    endloop
  endfacet
  facet normal 0.659478 -0.751724 -9.05085e-06
    outer loop
      vertex 32.4013 18.8787 0
      vertex 32.3187 18.8062 2.99
      vertex 32.1063 18.6199 0
    endloop
  endfacet
  facet normal 0.659663 -0.751561 0
    outer loop
      vertex 32.3187 18.8062 2.99
      vertex 32.4013 18.8787 0
      vertex 32.4013 18.8787 2.99
    endloop
  endfacet
  facet normal 0.83156 -0.555435 0
    outer loop
      vertex 32.817 19.4086 3
      vertex 32.6601 19.1737 3
      vertex 32.817 19.4086 2.99
    endloop
  endfacet
  facet normal 0.83135 -0.555749 0
    outer loop
      vertex 32.817 19.4086 2.99
      vertex 32.8781 19.5 0
      vertex 32.8781 19.5 2.99
    endloop
  endfacet
  facet normal 0.83156 -0.555435 0
    outer loop
      vertex 32.6601 19.1737 0
      vertex 32.817 19.4086 2.99
      vertex 32.6601 19.1737 3
    endloop
  endfacet
  facet normal 0.831501 -0.555523 9.99707e-06
    outer loop
      vertex 32.817 19.4086 2.99
      vertex 32.6601 19.1737 0
      vertex 32.8781 19.5 0
    endloop
  endfacet
  facet normal 0.980815 0.19494 0
    outer loop
      vertex 33.2543 21.3916 3
      vertex 33.1778 21.7765 0
      vertex 33.1778 21.7765 3
    endloop
  endfacet
  facet normal 0.980815 0.19494 0
    outer loop
      vertex 33.1778 21.7765 0
      vertex 33.2543 21.3916 3
      vertex 33.2543 21.3916 0
    endloop
  endfacet
  facet normal -0.831501 -0.555523 0
    outer loop
      vertex 27.8999 19.1737 0
      vertex 27.6819 19.5 3
      vertex 27.6819 19.5 0
    endloop
  endfacet
  facet normal -0.831501 -0.555523 0
    outer loop
      vertex 27.6819 19.5 3
      vertex 27.8999 19.1737 0
      vertex 27.8999 19.1737 3
    endloop
  endfacet
  facet normal 0.555607 0.831445 -0
    outer loop
      vertex 27.1307 32.7767 0
      vertex 26.75 33.0311 3
      vertex 27.1307 32.7767 3
    endloop
  endfacet
  facet normal 0.555607 0.831445 0
    outer loop
      vertex 26.75 33.0311 3
      vertex 27.1307 32.7767 0
      vertex 26.75 33.0311 0
    endloop
  endfacet
  facet normal -0.751724 -0.659478 0
    outer loop
      vertex 28.1587 18.8787 0
      vertex 27.8999 19.1737 3
      vertex 27.8999 19.1737 0
    endloop
  endfacet
  facet normal -0.751724 -0.659478 0
    outer loop
      vertex 27.8999 19.1737 3
      vertex 28.1587 18.8787 0
      vertex 28.1587 18.8787 3
    endloop
  endfacet
  facet normal -0.321651 -0.946858 0
    outer loop
      vertex 29.132 18.2284 0
      vertex 29.5035 18.1022 3
      vertex 29.132 18.2284 3
    endloop
  endfacet
  facet normal -0.321651 -0.946858 -0
    outer loop
      vertex 29.5035 18.1022 3
      vertex 29.132 18.2284 0
      vertex 29.5035 18.1022 0
    endloop
  endfacet
  facet normal 0.997841 0.0656702 -0
    outer loop
      vertex 33.2733 21.1029 2.99
      vertex 33.2543 21.3916 3
      vertex 33.2733 21.1029 3
    endloop
  endfacet
  facet normal 0.997841 0.0656702 0
    outer loop
      vertex 33.2543 21.3916 3
      vertex 33.2733 21.1029 2.99
      vertex 33.2543 21.3916 0
    endloop
  endfacet
  facet normal 0.997887 0.0649742 -0
    outer loop
      vertex 33.28 21 0
      vertex 33.2733 21.1029 2.99
      vertex 33.28 21 2.99
    endloop
  endfacet
  facet normal 0.997853 0.0654873 -1.77347e-05
    outer loop
      vertex 33.2733 21.1029 2.99
      vertex 33.28 21 0
      vertex 33.2543 21.3916 0
    endloop
  endfacet
  facet normal 0.89689 0.442253 0
    outer loop
      vertex 32.9766 22.3002 3
      vertex 33.0516 22.1481 3
      vertex 32.9766 22.3002 2.99
    endloop
  endfacet
  facet normal 0.896927 0.442179 0
    outer loop
      vertex 32.9766 22.3002 2.99
      vertex 32.8781 22.5 0
      vertex 32.8781 22.5 2.99
    endloop
  endfacet
  facet normal 0.89689 0.442253 -0
    outer loop
      vertex 33.0516 22.1481 0
      vertex 32.9766 22.3002 2.99
      vertex 33.0516 22.1481 3
    endloop
  endfacet
  facet normal 0.896911 0.442211 2.68516e-06
    outer loop
      vertex 32.9766 22.3002 2.99
      vertex 33.0516 22.1481 0
      vertex 32.8781 22.5 0
    endloop
  endfacet
  facet normal -0.980757 0.195234 0
    outer loop
      vertex 21.5299 30.4568 0
      vertex 21.6193 30.9059 3
      vertex 21.6193 30.9059 0
    endloop
  endfacet
  facet normal -0.980757 0.195234 0
    outer loop
      vertex 21.6193 30.9059 3
      vertex 21.5299 30.4568 0
      vertex 21.5299 30.4568 3
    endloop
  endfacet
  facet normal -0.946966 0.321335 0
    outer loop
      vertex 21.6193 30.9059 0
      vertex 21.7664 31.3394 3
      vertex 21.7664 31.3394 0
    endloop
  endfacet
  facet normal -0.946966 0.321335 0
    outer loop
      vertex 21.7664 31.3394 3
      vertex 21.6193 30.9059 0
      vertex 21.6193 30.9059 3
    endloop
  endfacet
  facet normal -0.44211 -0.896961 0
    outer loop
      vertex 28.78 18.4019 0
      vertex 29.132 18.2284 3
      vertex 28.78 18.4019 3
    endloop
  endfacet
  facet normal -0.44211 -0.896961 -0
    outer loop
      vertex 29.132 18.2284 3
      vertex 28.78 18.4019 0
      vertex 29.132 18.2284 0
    endloop
  endfacet
  facet normal -0.659478 -0.751724 0
    outer loop
      vertex 28.1587 18.8787 0
      vertex 28.4537 18.6199 3
      vertex 28.1587 18.8787 3
    endloop
  endfacet
  facet normal -0.659478 -0.751724 -0
    outer loop
      vertex 28.4537 18.6199 3
      vertex 28.1587 18.8787 0
      vertex 28.4537 18.6199 0
    endloop
  endfacet
  facet normal -0.555523 -0.831501 0
    outer loop
      vertex 28.4537 18.6199 0
      vertex 28.78 18.4019 3
      vertex 28.4537 18.6199 3
    endloop
  endfacet
  facet normal -0.555523 -0.831501 -0
    outer loop
      vertex 28.78 18.4019 3
      vertex 28.4537 18.6199 0
      vertex 28.78 18.4019 0
    endloop
  endfacet
  facet normal 0.751787 -0.659406 0
    outer loop
      vertex 32.4738 18.9613 2.99
      vertex 32.6601 19.1737 3
      vertex 32.4738 18.9613 3
    endloop
  endfacet
  facet normal 0.751787 -0.659406 0
    outer loop
      vertex 32.6601 19.1737 3
      vertex 32.4738 18.9613 2.99
      vertex 32.6601 19.1737 0
    endloop
  endfacet
  facet normal 0.751561 -0.659663 0
    outer loop
      vertex 32.4013 18.8787 0
      vertex 32.4738 18.9613 2.99
      vertex 32.4013 18.8787 2.99
    endloop
  endfacet
  facet normal 0.751724 -0.659478 -9.05085e-06
    outer loop
      vertex 32.4738 18.9613 2.99
      vertex 32.4013 18.8787 0
      vertex 32.6601 19.1737 0
    endloop
  endfacet
  facet normal 0.896961 -0.44211 0
    outer loop
      vertex 32.8781 19.5 2.99
      vertex 33.0516 19.852 0
      vertex 33.0516 19.852 2.99
    endloop
  endfacet
  facet normal 0.896961 -0.44211 0
    outer loop
      vertex 33.0516 19.852 0
      vertex 32.8781 19.5 2.99
      vertex 32.8781 19.5 0
    endloop
  endfacet
  facet normal 0.946934 -0.321427 0
    outer loop
      vertex 33.087 19.956 2.99
      vertex 33.1778 20.2235 3
      vertex 33.087 19.956 3
    endloop
  endfacet
  facet normal 0.946934 -0.321427 0
    outer loop
      vertex 33.1778 20.2235 3
      vertex 33.087 19.956 2.99
      vertex 33.1778 20.2235 0
    endloop
  endfacet
  facet normal 0.946662 -0.322229 0
    outer loop
      vertex 33.0516 19.852 0
      vertex 33.087 19.956 2.99
      vertex 33.0516 19.852 2.99
    endloop
  endfacet
  facet normal 0.946858 -0.321651 -2.24187e-05
    outer loop
      vertex 33.087 19.956 2.99
      vertex 33.0516 19.852 0
      vertex 33.1778 20.2235 0
    endloop
  endfacet
  facet normal 0.946885 0.321574 0
    outer loop
      vertex 33.1778 21.7765 3
      vertex 33.0516 22.1481 0
      vertex 33.0516 22.1481 3
    endloop
  endfacet
  facet normal 0.946885 0.321574 0
    outer loop
      vertex 33.0516 22.1481 0
      vertex 33.1778 21.7765 3
      vertex 33.1778 21.7765 0
    endloop
  endfacet
  facet normal 0 0 -1
    outer loop
      vertex 33.2543 20.6084 0
      vertex 33.2543 21.3916 0
      vertex 33.28 21 0
    endloop
  endfacet
  facet normal 0 0 -1
    outer loop
      vertex 33.1778 20.2235 0
      vertex 33.2543 21.3916 0
      vertex 33.2543 20.6084 0
    endloop
  endfacet
  facet normal 0 0 -1
    outer loop
      vertex 33.1778 20.2235 0
      vertex 33.1778 21.7765 0
      vertex 33.2543 21.3916 0
    endloop
  endfacet
  facet normal 0 0 -1
    outer loop
      vertex 33.0516 19.852 0
      vertex 33.1778 21.7765 0
      vertex 33.1778 20.2235 0
    endloop
  endfacet
  facet normal 0 0 -1
    outer loop
      vertex 33.0516 19.852 0
      vertex 33.0516 22.1481 0
      vertex 33.1778 21.7765 0
    endloop
  endfacet
  facet normal 0 0 -1
    outer loop
      vertex 32.8781 19.5 0
      vertex 33.0516 22.1481 0
      vertex 33.0516 19.852 0
    endloop
  endfacet
  facet normal 0 0 -1
    outer loop
      vertex 32.8781 19.5 0
      vertex 32.8781 22.5 0
      vertex 33.0516 22.1481 0
    endloop
  endfacet
  facet normal 0 0 -1
    outer loop
      vertex 32.6601 19.1737 0
      vertex 32.8781 22.5 0
      vertex 32.8781 19.5 0
    endloop
  endfacet
  facet normal 0 0 -1
    outer loop
      vertex 32.4013 18.8787 0
      vertex 32.8781 22.5 0
      vertex 32.6601 19.1737 0
    endloop
  endfacet
  facet normal 0 0 -1
    outer loop
      vertex 32.1063 18.6199 0
      vertex 32.8781 22.5 0
      vertex 32.4013 18.8787 0
    endloop
  endfacet
  facet normal 0 0 -1
    outer loop
      vertex 31.78 18.4019 0
      vertex 32.8781 22.5 0
      vertex 32.1063 18.6199 0
    endloop
  endfacet
  facet normal 0 0 -1
    outer loop
      vertex 31.4281 18.2284 0
      vertex 32.8781 22.5 0
      vertex 31.78 18.4019 0
    endloop
  endfacet
  facet normal 0 0 -1
    outer loop
      vertex 31.0565 18.1022 0
      vertex 32.8781 22.5 0
      vertex 31.4281 18.2284 0
    endloop
  endfacet
  facet normal 0 0 -1
    outer loop
      vertex 30.6716 18.0257 0
      vertex 32.8781 22.5 0
      vertex 31.0565 18.1022 0
    endloop
  endfacet
  facet normal 0 0 -1
    outer loop
      vertex 30.28 18 0
      vertex 32.8781 22.5 0
      vertex 30.6716 18.0257 0
    endloop
  endfacet
  facet normal 0 0 -1
    outer loop
      vertex 29.8884 18.0257 0
      vertex 32.8781 22.5 0
      vertex 30.28 18 0
    endloop
  endfacet
  facet normal 0 0 -1
    outer loop
      vertex 29.5035 18.1022 0
      vertex 32.8781 22.5 0
      vertex 29.8884 18.0257 0
    endloop
  endfacet
  facet normal 0 0 -1
    outer loop
      vertex 29.132 18.2284 0
      vertex 32.8781 22.5 0
      vertex 29.5035 18.1022 0
    endloop
  endfacet
  facet normal 0 0 -1
    outer loop
      vertex 28.78 18.4019 0
      vertex 32.8781 22.5 0
      vertex 29.132 18.2284 0
    endloop
  endfacet
  facet normal 0 0 -1
    outer loop
      vertex 28.4537 18.6199 0
      vertex 32.8781 22.5 0
      vertex 28.78 18.4019 0
    endloop
  endfacet
  facet normal 0 0 -1
    outer loop
      vertex 28.1587 18.8787 0
      vertex 32.8781 22.5 0
      vertex 28.4537 18.6199 0
    endloop
  endfacet
  facet normal 0 0 -1
    outer loop
      vertex 27.6819 19.5 0
      vertex 32.8781 22.5 0
      vertex 28.1587 18.8787 0
    endloop
  endfacet
  facet normal 0 0 -1
    outer loop
      vertex 27.6819 19.5 0
      vertex 28.1587 18.8787 0
      vertex 27.8999 19.1737 0
    endloop
  endfacet
  facet normal 0 0 -1
    outer loop
      vertex 25.85 28.5278 0
      vertex 32.8781 22.5 0
      vertex 27.6819 19.5 0
    endloop
  endfacet
  facet normal 0 -0 -1
    outer loop
      vertex 26.6421 29.56 0
      vertex 32.8781 22.5 0
      vertex 26.5706 29.3494 0
    endloop
  endfacet
  facet normal 0 -0 -1
    outer loop
      vertex 26.6855 29.7781 0
      vertex 28.0311 31.75 0
      vertex 26.6421 29.56 0
    endloop
  endfacet
  facet normal 0 0 -1
    outer loop
      vertex 26.6855 30.2219 0
      vertex 28.0311 31.75 0
      vertex 26.7 30 0
    endloop
  endfacet
  facet normal 0 0 -1
    outer loop
      vertex 26.6421 30.44 0
      vertex 28.0311 31.75 0
      vertex 26.6855 30.2219 0
    endloop
  endfacet
  facet normal 0 0 -1
    outer loop
      vertex 26.4722 30.85 0
      vertex 28.0311 31.75 0
      vertex 26.5706 30.6506 0
    endloop
  endfacet
  facet normal 0 0 -1
    outer loop
      vertex 26.5706 30.6506 0
      vertex 28.0311 31.75 0
      vertex 26.6421 30.44 0
    endloop
  endfacet
  facet normal 0 -0 -1
    outer loop
      vertex 26.7 30 0
      vertex 28.0311 31.75 0
      vertex 26.6855 29.7781 0
    endloop
  endfacet
  facet normal 0 0 -1
    outer loop
      vertex 32.8781 22.5 0
      vertex 26.6421 29.56 0
      vertex 28.0311 31.75 0
    endloop
  endfacet
  facet normal 0 0 -1
    outer loop
      vertex 32.8781 22.5 0
      vertex 26.4722 29.15 0
      vertex 26.5706 29.3494 0
    endloop
  endfacet
  facet normal 0 0 -1
    outer loop
      vertex 32.8781 22.5 0
      vertex 26.3487 28.9651 0
      vertex 26.4722 29.15 0
    endloop
  endfacet
  facet normal 0 0 -1
    outer loop
      vertex 32.8781 22.5 0
      vertex 26.2021 28.7979 0
      vertex 26.3487 28.9651 0
    endloop
  endfacet
  facet normal 0 0 -1
    outer loop
      vertex 32.8781 22.5 0
      vertex 26.0349 28.6513 0
      vertex 26.2021 28.7979 0
    endloop
  endfacet
  facet normal 0 0 -1
    outer loop
      vertex 32.8781 22.5 0
      vertex 25.85 28.5278 0
      vertex 26.0349 28.6513 0
    endloop
  endfacet
  facet normal 0 0 -1
    outer loop
      vertex 27.6819 19.5 0
      vertex 25.6506 28.4294 0
      vertex 25.85 28.5278 0
    endloop
  endfacet
  facet normal 0 0 -1
    outer loop
      vertex 27.6819 19.5 0
      vertex 25.44 28.3579 0
      vertex 25.6506 28.4294 0
    endloop
  endfacet
  facet normal 0 0 -1
    outer loop
      vertex 27.6819 19.5 0
      vertex 25.2219 28.3145 0
      vertex 25.44 28.3579 0
    endloop
  endfacet
  facet normal 0 0 -1
    outer loop
      vertex 27.6819 19.5 0
      vertex 25 28.3 0
      vertex 25.2219 28.3145 0
    endloop
  endfacet
  facet normal 0 0 -1
    outer loop
      vertex 27.6819 19.5 0
      vertex 24.7781 28.3145 0
      vertex 25 28.3 0
    endloop
  endfacet
  facet normal 0 0 -1
    outer loop
      vertex 27.6819 19.5 0
      vertex 24.56 28.3579 0
      vertex 24.7781 28.3145 0
    endloop
  endfacet
  facet normal 0 0 -1
    outer loop
      vertex 21.9689 28.25 0
      vertex 24.56 28.3579 0
      vertex 27.6819 19.5 0
    endloop
  endfacet
  facet normal -0 0 -1
    outer loop
      vertex 24.56 28.3579 0
      vertex 21.9689 28.25 0
      vertex 24.3494 28.4294 0
    endloop
  endfacet
  facet normal -0 0 -1
    outer loop
      vertex 24.3494 28.4294 0
      vertex 21.9689 28.25 0
      vertex 24.15 28.5278 0
    endloop
  endfacet
  facet normal -0 0 -1
    outer loop
      vertex 24.15 28.5278 0
      vertex 21.9689 28.25 0
      vertex 23.9651 28.6513 0
    endloop
  endfacet
  facet normal -0 0 -1
    outer loop
      vertex 23.9651 28.6513 0
      vertex 21.9689 28.25 0
      vertex 23.7979 28.7979 0
    endloop
  endfacet
  facet normal -0 0 -1
    outer loop
      vertex 23.7979 28.7979 0
      vertex 21.9689 28.25 0
      vertex 23.6513 28.9651 0
    endloop
  endfacet
  facet normal -0 0 -1
    outer loop
      vertex 23.6513 28.9651 0
      vertex 21.9689 28.25 0
      vertex 23.5278 29.15 0
    endloop
  endfacet
  facet normal 0 0 -1
    outer loop
      vertex 23.9651 31.3487 0
      vertex 22.8693 32.7767 0
      vertex 23.25 33.0311 0
    endloop
  endfacet
  facet normal 0 0 -1
    outer loop
      vertex 21.5 30 0
      vertex 23.3 30 0
      vertex 23.3145 29.7781 0
    endloop
  endfacet
  facet normal 0 0 -1
    outer loop
      vertex 23.3145 30.2219 0
      vertex 22.5251 32.4749 0
      vertex 22.8693 32.7767 0
    endloop
  endfacet
  facet normal 0 0 -1
    outer loop
      vertex 21.5299 29.5432 0
      vertex 23.3145 29.7781 0
      vertex 23.3579 29.56 0
    endloop
  endfacet
  facet normal 0 0 -1
    outer loop
      vertex 23.3145 30.2219 0
      vertex 22.2233 32.1307 0
      vertex 22.5251 32.4749 0
    endloop
  endfacet
  facet normal 0 0 -1
    outer loop
      vertex 21.6193 29.0941 0
      vertex 23.3579 29.56 0
      vertex 23.4294 29.3494 0
    endloop
  endfacet
  facet normal -0 0 -1
    outer loop
      vertex 23.5278 29.15 0
      vertex 21.9689 28.25 0
      vertex 23.4294 29.3494 0
    endloop
  endfacet
  facet normal 0 0 -1
    outer loop
      vertex 21.7664 28.6606 0
      vertex 23.4294 29.3494 0
      vertex 21.9689 28.25 0
    endloop
  endfacet
  facet normal 0 0 -1
    outer loop
      vertex 23.3145 30.2219 0
      vertex 21.9689 31.75 0
      vertex 22.2233 32.1307 0
    endloop
  endfacet
  facet normal 0 0 -1
    outer loop
      vertex 21.6193 29.0941 0
      vertex 23.4294 29.3494 0
      vertex 21.7664 28.6606 0
    endloop
  endfacet
  facet normal 0 0 -1
    outer loop
      vertex 23.3145 30.2219 0
      vertex 21.7664 31.3394 0
      vertex 21.9689 31.75 0
    endloop
  endfacet
  facet normal 0 0 -1
    outer loop
      vertex 23.3579 29.56 0
      vertex 21.6193 29.0941 0
      vertex 21.5299 29.5432 0
    endloop
  endfacet
  facet normal 0 0 -1
    outer loop
      vertex 23.3145 30.2219 0
      vertex 21.6193 30.9059 0
      vertex 21.7664 31.3394 0
    endloop
  endfacet
  facet normal -0 0 -1
    outer loop
      vertex 23.3145 29.7781 0
      vertex 21.5299 29.5432 0
      vertex 21.5 30 0
    endloop
  endfacet
  facet normal 0 0 -1
    outer loop
      vertex 23.3145 30.2219 0
      vertex 21.5299 30.4568 0
      vertex 21.6193 30.9059 0
    endloop
  endfacet
  facet normal 0 0 -1
    outer loop
      vertex 23.3 30 0
      vertex 21.5 30 0
      vertex 21.5299 30.4568 0
    endloop
  endfacet
  facet normal -0 0 -1
    outer loop
      vertex 28.0311 31.75 0
      vertex 26.4722 30.85 0
      vertex 27.7767 32.1307 0
    endloop
  endfacet
  facet normal 0 0 -1
    outer loop
      vertex 26.3487 31.0349 0
      vertex 27.7767 32.1307 0
      vertex 26.4722 30.85 0
    endloop
  endfacet
  facet normal -0 0 -1
    outer loop
      vertex 27.7767 32.1307 0
      vertex 26.3487 31.0349 0
      vertex 27.4749 32.4749 0
    endloop
  endfacet
  facet normal 0 0 -1
    outer loop
      vertex 26.2021 31.2021 0
      vertex 27.4749 32.4749 0
      vertex 26.3487 31.0349 0
    endloop
  endfacet
  facet normal -0 0 -1
    outer loop
      vertex 27.4749 32.4749 0
      vertex 26.2021 31.2021 0
      vertex 27.1307 32.7767 0
    endloop
  endfacet
  facet normal 0 0 -1
    outer loop
      vertex 26.0349 31.3487 0
      vertex 27.1307 32.7767 0
      vertex 26.2021 31.2021 0
    endloop
  endfacet
  facet normal -0 0 -1
    outer loop
      vertex 27.1307 32.7767 0
      vertex 26.0349 31.3487 0
      vertex 26.75 33.0311 0
    endloop
  endfacet
  facet normal 0 0 -1
    outer loop
      vertex 25.85 31.4722 0
      vertex 26.75 33.0311 0
      vertex 26.0349 31.3487 0
    endloop
  endfacet
  facet normal -0 0 -1
    outer loop
      vertex 26.75 33.0311 0
      vertex 25.85 31.4722 0
      vertex 26.3394 33.2336 0
    endloop
  endfacet
  facet normal 0 0 -1
    outer loop
      vertex 25.6506 31.5706 0
      vertex 26.3394 33.2336 0
      vertex 25.85 31.4722 0
    endloop
  endfacet
  facet normal -0 0 -1
    outer loop
      vertex 26.3394 33.2336 0
      vertex 25.6506 31.5706 0
      vertex 25.9059 33.3807 0
    endloop
  endfacet
  facet normal 0 0 -1
    outer loop
      vertex 25.44 31.6421 0
      vertex 25.9059 33.3807 0
      vertex 25.6506 31.5706 0
    endloop
  endfacet
  facet normal -0 0 -1
    outer loop
      vertex 25.9059 33.3807 0
      vertex 25.44 31.6421 0
      vertex 25.4568 33.4701 0
    endloop
  endfacet
  facet normal 0 0 -1
    outer loop
      vertex 25.2219 31.6855 0
      vertex 25.4568 33.4701 0
      vertex 25.44 31.6421 0
    endloop
  endfacet
  facet normal 0 0 -1
    outer loop
      vertex 25 31.7 0
      vertex 25.4568 33.4701 0
      vertex 25.2219 31.6855 0
    endloop
  endfacet
  facet normal 0 0 -1
    outer loop
      vertex 25 31.7 0
      vertex 25 33.5 0
      vertex 25.4568 33.4701 0
    endloop
  endfacet
  facet normal 0 0 -1
    outer loop
      vertex 24.7781 31.6855 0
      vertex 25 33.5 0
      vertex 25 31.7 0
    endloop
  endfacet
  facet normal 0 0 -1
    outer loop
      vertex 24.5432 33.4701 0
      vertex 24.7781 31.6855 0
      vertex 24.56 31.6421 0
    endloop
  endfacet
  facet normal 0 0 -1
    outer loop
      vertex 24.7781 31.6855 0
      vertex 24.5432 33.4701 0
      vertex 25 33.5 0
    endloop
  endfacet
  facet normal 0 0 -1
    outer loop
      vertex 24.0941 33.3807 0
      vertex 24.56 31.6421 0
      vertex 24.3494 31.5706 0
    endloop
  endfacet
  facet normal 0 0 -1
    outer loop
      vertex 23.6606 33.2336 0
      vertex 24.3494 31.5706 0
      vertex 24.15 31.4722 0
    endloop
  endfacet
  facet normal 0 0 -1
    outer loop
      vertex 24.56 31.6421 0
      vertex 24.0941 33.3807 0
      vertex 24.5432 33.4701 0
    endloop
  endfacet
  facet normal 0 0 -1
    outer loop
      vertex 23.25 33.0311 0
      vertex 24.15 31.4722 0
      vertex 23.9651 31.3487 0
    endloop
  endfacet
  facet normal 0 0 -1
    outer loop
      vertex 22.8693 32.7767 0
      vertex 23.9651 31.3487 0
      vertex 23.7979 31.2021 0
    endloop
  endfacet
  facet normal 0 0 -1
    outer loop
      vertex 24.3494 31.5706 0
      vertex 23.6606 33.2336 0
      vertex 24.0941 33.3807 0
    endloop
  endfacet
  facet normal 0 0 -1
    outer loop
      vertex 22.8693 32.7767 0
      vertex 23.7979 31.2021 0
      vertex 23.6513 31.0349 0
    endloop
  endfacet
  facet normal 0 0 -1
    outer loop
      vertex 22.8693 32.7767 0
      vertex 23.6513 31.0349 0
      vertex 23.5278 30.85 0
    endloop
  endfacet
  facet normal 0 0 -1
    outer loop
      vertex 22.8693 32.7767 0
      vertex 23.5278 30.85 0
      vertex 23.4294 30.6506 0
    endloop
  endfacet
  facet normal 0 0 -1
    outer loop
      vertex 22.8693 32.7767 0
      vertex 23.4294 30.6506 0
      vertex 23.3579 30.44 0
    endloop
  endfacet
  facet normal 0 0 -1
    outer loop
      vertex 22.8693 32.7767 0
      vertex 23.3579 30.44 0
      vertex 23.3145 30.2219 0
    endloop
  endfacet
  facet normal 0 0 -1
    outer loop
      vertex 24.15 31.4722 0
      vertex 23.25 33.0311 0
      vertex 23.6606 33.2336 0
    endloop
  endfacet
  facet normal 0 0 -1
    outer loop
      vertex 21.5299 30.4568 0
      vertex 23.3145 30.2219 0
      vertex 23.3 30 0
    endloop
  endfacet
  facet normal 0.0655521 -0.997849 0
    outer loop
      vertex 30.28 18 2.99
      vertex 30.28 18 0
      vertex 30.3896 18.0072 2.99
    endloop
  endfacet
  facet normal 0 0 0
    outer loop
      vertex 30.28 18 0
      vertex 30.28 18 2.99
      vertex 30.28 18 3
    endloop
  endfacet
  facet normal 0.0654621 -0.997855 0
    outer loop
      vertex 30.3896 18.0072 2.99
      vertex 30.6716 18.0257 3
      vertex 30.3896 18.0072 3
    endloop
  endfacet
  facet normal 0.0654873 -0.997853 2.38622e-06
    outer loop
      vertex 30.6716 18.0257 0
      vertex 30.3896 18.0072 2.99
      vertex 30.28 18 0
    endloop
  endfacet
  facet normal 0.0654621 -0.997855 0
    outer loop
      vertex 30.3896 18.0072 2.99
      vertex 30.6716 18.0257 0
      vertex 30.6716 18.0257 3
    endloop
  endfacet
  facet normal 0 0 1
    outer loop
      vertex 28.0311 31.75 3
      vertex 32.6601 22.8263 3
      vertex 32.8781 22.5 3
    endloop
  endfacet
  facet normal 0 0 1
    outer loop
      vertex 28.0311 31.75 3
      vertex 32.4013 23.1213 3
      vertex 32.6601 22.8263 3
    endloop
  endfacet
  facet normal 0 0 1
    outer loop
      vertex 28.0311 31.75 3
      vertex 32.1063 23.3801 3
      vertex 32.4013 23.1213 3
    endloop
  endfacet
  facet normal 0 0 1
    outer loop
      vertex 28.0311 31.75 3
      vertex 31.78 23.5981 3
      vertex 32.1063 23.3801 3
    endloop
  endfacet
  facet normal 0 0 1
    outer loop
      vertex 28.0311 31.75 3
      vertex 31.428 23.7716 3
      vertex 31.78 23.5981 3
    endloop
  endfacet
  facet normal 0 0 1
    outer loop
      vertex 28.0311 31.75 3
      vertex 31.0565 23.8978 3
      vertex 31.428 23.7716 3
    endloop
  endfacet
  facet normal 0 0 1
    outer loop
      vertex 28.0311 31.75 3
      vertex 30.6716 23.9743 3
      vertex 31.0565 23.8978 3
    endloop
  endfacet
  facet normal -0 0 1
    outer loop
      vertex 26.6421 29.56 3
      vertex 30.6716 23.9743 3
      vertex 28.0311 31.75 3
    endloop
  endfacet
  facet normal 0 0 1
    outer loop
      vertex 30.6716 23.9743 3
      vertex 26.6421 29.56 3
      vertex 30.28 24 3
    endloop
  endfacet
  facet normal -0 0 1
    outer loop
      vertex 26.5706 29.3494 3
      vertex 30.28 24 3
      vertex 26.6421 29.56 3
    endloop
  endfacet
  facet normal 0 0 1
    outer loop
      vertex 30.28 24 3
      vertex 26.5706 29.3494 3
      vertex 29.8884 23.9743 3
    endloop
  endfacet
  facet normal -0 0 1
    outer loop
      vertex 26.4722 29.15 3
      vertex 29.8884 23.9743 3
      vertex 26.5706 29.3494 3
    endloop
  endfacet
  facet normal -0 0 1
    outer loop
      vertex 26.3487 28.9651 3
      vertex 29.8884 23.9743 3
      vertex 26.4722 29.15 3
    endloop
  endfacet
  facet normal 0 0 1
    outer loop
      vertex 29.8884 23.9743 3
      vertex 26.3487 28.9651 3
      vertex 29.5035 23.8978 3
    endloop
  endfacet
  facet normal 0 0 1
    outer loop
      vertex 29.5035 23.8978 3
      vertex 26.2021 28.7979 3
      vertex 29.132 23.7716 3
    endloop
  endfacet
  facet normal 0 0 1
    outer loop
      vertex 26.4722 30.85 3
      vertex 28.0311 31.75 3
      vertex 27.7767 32.1307 3
    endloop
  endfacet
  facet normal -0 0 1
    outer loop
      vertex 26.2021 28.7979 3
      vertex 29.5035 23.8978 3
      vertex 26.3487 28.9651 3
    endloop
  endfacet
  facet normal -0 0 1
    outer loop
      vertex 26.0349 28.6513 3
      vertex 29.132 23.7716 3
      vertex 26.2021 28.7979 3
    endloop
  endfacet
  facet normal 0 0 1
    outer loop
      vertex 26.3487 31.0349 3
      vertex 27.7767 32.1307 3
      vertex 27.4749 32.4749 3
    endloop
  endfacet
  facet normal 0 0 1
    outer loop
      vertex 28.0311 31.75 3
      vertex 26.6855 29.7781 3
      vertex 26.6421 29.56 3
    endloop
  endfacet
  facet normal 0 0 1
    outer loop
      vertex 29.132 23.7716 3
      vertex 26.0349 28.6513 3
      vertex 28.78 23.5981 3
    endloop
  endfacet
  facet normal -0 0 1
    outer loop
      vertex 25.85 28.5278 3
      vertex 28.78 23.5981 3
      vertex 26.0349 28.6513 3
    endloop
  endfacet
  facet normal 0 0 1
    outer loop
      vertex 26.2021 31.2021 3
      vertex 27.4749 32.4749 3
      vertex 27.1307 32.7767 3
    endloop
  endfacet
  facet normal 0 0 1
    outer loop
      vertex 26.0349 31.3487 3
      vertex 27.1307 32.7767 3
      vertex 26.75 33.0311 3
    endloop
  endfacet
  facet normal 0 0 1
    outer loop
      vertex 28.0311 31.75 3
      vertex 26.7 30 3
      vertex 26.6855 29.7781 3
    endloop
  endfacet
  facet normal 0 0 1
    outer loop
      vertex 28.78 23.5981 3
      vertex 25.85 28.5278 3
      vertex 28.4537 23.3801 3
    endloop
  endfacet
  facet normal -0 0 1
    outer loop
      vertex 25.6506 28.4294 3
      vertex 28.4537 23.3801 3
      vertex 25.85 28.5278 3
    endloop
  endfacet
  facet normal -0 0 1
    outer loop
      vertex 25.44 28.3579 3
      vertex 28.4537 23.3801 3
      vertex 25.6506 28.4294 3
    endloop
  endfacet
  facet normal 0 0 1
    outer loop
      vertex 28.4537 23.3801 3
      vertex 25.44 28.3579 3
      vertex 28.1587 23.1213 3
    endloop
  endfacet
  facet normal -0 0 1
    outer loop
      vertex 25.2219 28.3145 3
      vertex 28.1587 23.1213 3
      vertex 25.44 28.3579 3
    endloop
  endfacet
  facet normal 0 0 1
    outer loop
      vertex 28.1587 23.1213 3
      vertex 25.2219 28.3145 3
      vertex 27.8999 22.8263 3
    endloop
  endfacet
  facet normal -0 0 1
    outer loop
      vertex 25 28.3 3
      vertex 27.8999 22.8263 3
      vertex 25.2219 28.3145 3
    endloop
  endfacet
  facet normal 0 0 1
    outer loop
      vertex 27.8999 22.8263 3
      vertex 25 28.3 3
      vertex 27.6819 22.5 3
    endloop
  endfacet
  facet normal 0 0 1
    outer loop
      vertex 24.7781 28.3145 3
      vertex 27.6819 22.5 3
      vertex 25 28.3 3
    endloop
  endfacet
  facet normal 0 0 1
    outer loop
      vertex 27.6819 22.5 3
      vertex 24.7781 28.3145 3
      vertex 27.5084 22.148 3
    endloop
  endfacet
  facet normal 0 0 1
    outer loop
      vertex 24.56 28.3579 3
      vertex 27.5084 22.148 3
      vertex 24.7781 28.3145 3
    endloop
  endfacet
  facet normal -0 0 1
    outer loop
      vertex 21.9689 28.25 3
      vertex 27.5084 22.148 3
      vertex 24.56 28.3579 3
    endloop
  endfacet
  facet normal 0 0 1
    outer loop
      vertex 27.5084 22.148 3
      vertex 21.9689 28.25 3
      vertex 27.3822 21.7765 3
    endloop
  endfacet
  facet normal 0 0 1
    outer loop
      vertex 27.3822 21.7765 3
      vertex 21.9689 28.25 3
      vertex 27.3057 21.3916 3
    endloop
  endfacet
  facet normal 0 0 1
    outer loop
      vertex 27.3057 21.3916 3
      vertex 21.9689 28.25 3
      vertex 27.28 21 3
    endloop
  endfacet
  facet normal 0 0 1
    outer loop
      vertex 27.28 21 3
      vertex 21.9689 28.25 3
      vertex 27.3057 20.6084 3
    endloop
  endfacet
  facet normal 0 0 1
    outer loop
      vertex 27.3057 20.6084 3
      vertex 21.9689 28.25 3
      vertex 27.3822 20.2235 3
    endloop
  endfacet
  facet normal 0 0 1
    outer loop
      vertex 21.9689 28.25 3
      vertex 24.56 28.3579 3
      vertex 24.3494 28.4294 3
    endloop
  endfacet
  facet normal 0 0 1
    outer loop
      vertex 21.9689 28.25 3
      vertex 24.3494 28.4294 3
      vertex 24.15 28.5278 3
    endloop
  endfacet
  facet normal 0 0 1
    outer loop
      vertex 21.9689 28.25 3
      vertex 24.15 28.5278 3
      vertex 23.9651 28.6513 3
    endloop
  endfacet
  facet normal 0 0 1
    outer loop
      vertex 21.9689 28.25 3
      vertex 23.9651 28.6513 3
      vertex 23.7979 28.7979 3
    endloop
  endfacet
  facet normal 0 0 1
    outer loop
      vertex 21.9689 28.25 3
      vertex 23.7979 28.7979 3
      vertex 23.6513 28.9651 3
    endloop
  endfacet
  facet normal 0 0 1
    outer loop
      vertex 21.9689 28.25 3
      vertex 23.6513 28.9651 3
      vertex 23.5278 29.15 3
    endloop
  endfacet
  facet normal 0 0 1
    outer loop
      vertex 21.9689 28.25 3
      vertex 23.5278 29.15 3
      vertex 23.4294 29.3494 3
    endloop
  endfacet
  facet normal 0 0 1
    outer loop
      vertex 23.5278 30.85 3
      vertex 21.9689 31.75 3
      vertex 23.4294 30.6506 3
    endloop
  endfacet
  facet normal -0 0 1
    outer loop
      vertex 21.7664 31.3394 3
      vertex 23.4294 30.6506 3
      vertex 21.9689 31.75 3
    endloop
  endfacet
  facet normal 0 0 1
    outer loop
      vertex 23.4294 30.6506 3
      vertex 21.7664 31.3394 3
      vertex 23.3579 30.44 3
    endloop
  endfacet
  facet normal -0 0 1
    outer loop
      vertex 21.6193 30.9059 3
      vertex 23.3579 30.44 3
      vertex 21.7664 31.3394 3
    endloop
  endfacet
  facet normal 0 0 1
    outer loop
      vertex 23.3579 30.44 3
      vertex 21.6193 30.9059 3
      vertex 23.3145 30.2219 3
    endloop
  endfacet
  facet normal -0 0 1
    outer loop
      vertex 21.5299 30.4568 3
      vertex 23.3145 30.2219 3
      vertex 21.6193 30.9059 3
    endloop
  endfacet
  facet normal 0 0 1
    outer loop
      vertex 23.3145 30.2219 3
      vertex 21.5299 30.4568 3
      vertex 23.3 30 3
    endloop
  endfacet
  facet normal 0 0 1
    outer loop
      vertex 21.5 30 3
      vertex 23.3 30 3
      vertex 21.5299 30.4568 3
    endloop
  endfacet
  facet normal 0 0 1
    outer loop
      vertex 27.5084 19.852 3
      vertex 21.9689 28.25 3
      vertex 27.6819 19.5 3
    endloop
  endfacet
  facet normal 0 0 1
    outer loop
      vertex 27.3822 20.2235 3
      vertex 21.9689 28.25 3
      vertex 27.5084 19.852 3
    endloop
  endfacet
  facet normal 0 0 1
    outer loop
      vertex 23.3 30 3
      vertex 21.5 30 3
      vertex 23.3145 29.7781 3
    endloop
  endfacet
  facet normal 0 0 1
    outer loop
      vertex 23.4294 29.3494 3
      vertex 21.7664 28.6606 3
      vertex 21.9689 28.25 3
    endloop
  endfacet
  facet normal 0 -0 1
    outer loop
      vertex 21.5299 29.5432 3
      vertex 23.3145 29.7781 3
      vertex 21.5 30 3
    endloop
  endfacet
  facet normal 0 0 1
    outer loop
      vertex 23.4294 29.3494 3
      vertex 21.6193 29.0941 3
      vertex 21.7664 28.6606 3
    endloop
  endfacet
  facet normal 0 0 1
    outer loop
      vertex 23.3145 29.7781 3
      vertex 21.5299 29.5432 3
      vertex 23.3579 29.56 3
    endloop
  endfacet
  facet normal 0 0 1
    outer loop
      vertex 23.3579 29.56 3
      vertex 21.6193 29.0941 3
      vertex 23.4294 29.3494 3
    endloop
  endfacet
  facet normal 0 -0 1
    outer loop
      vertex 21.6193 29.0941 3
      vertex 23.3579 29.56 3
      vertex 21.5299 29.5432 3
    endloop
  endfacet
  facet normal 0 0 1
    outer loop
      vertex 28.0311 31.75 3
      vertex 26.6855 30.2219 3
      vertex 26.7 30 3
    endloop
  endfacet
  facet normal 0 0 1
    outer loop
      vertex 28.0311 31.75 3
      vertex 26.6421 30.44 3
      vertex 26.6855 30.2219 3
    endloop
  endfacet
  facet normal 0 0 1
    outer loop
      vertex 28.0311 31.75 3
      vertex 26.5706 30.6506 3
      vertex 26.6421 30.44 3
    endloop
  endfacet
  facet normal 0 0 1
    outer loop
      vertex 28.0311 31.75 3
      vertex 26.4722 30.85 3
      vertex 26.5706 30.6506 3
    endloop
  endfacet
  facet normal 0 0 1
    outer loop
      vertex 27.7767 32.1307 3
      vertex 26.3487 31.0349 3
      vertex 26.4722 30.85 3
    endloop
  endfacet
  facet normal 0 0 1
    outer loop
      vertex 25.85 31.4722 3
      vertex 26.75 33.0311 3
      vertex 26.3394 33.2336 3
    endloop
  endfacet
  facet normal 0 0 1
    outer loop
      vertex 27.4749 32.4749 3
      vertex 26.2021 31.2021 3
      vertex 26.3487 31.0349 3
    endloop
  endfacet
  facet normal 0 0 1
    outer loop
      vertex 27.1307 32.7767 3
      vertex 26.0349 31.3487 3
      vertex 26.2021 31.2021 3
    endloop
  endfacet
  facet normal 0 0 1
    outer loop
      vertex 25.6506 31.5706 3
      vertex 26.3394 33.2336 3
      vertex 25.9059 33.3807 3
    endloop
  endfacet
  facet normal 0 0 1
    outer loop
      vertex 26.75 33.0311 3
      vertex 25.85 31.4722 3
      vertex 26.0349 31.3487 3
    endloop
  endfacet
  facet normal 0 0 1
    outer loop
      vertex 26.3394 33.2336 3
      vertex 25.6506 31.5706 3
      vertex 25.85 31.4722 3
    endloop
  endfacet
  facet normal 0 0 1
    outer loop
      vertex 25.44 31.6421 3
      vertex 25.9059 33.3807 3
      vertex 25.4568 33.4701 3
    endloop
  endfacet
  facet normal 0 0 1
    outer loop
      vertex 25.9059 33.3807 3
      vertex 25.44 31.6421 3
      vertex 25.6506 31.5706 3
    endloop
  endfacet
  facet normal 0 0 1
    outer loop
      vertex 25.4568 33.4701 3
      vertex 25.2219 31.6855 3
      vertex 25.44 31.6421 3
    endloop
  endfacet
  facet normal 0 0 1
    outer loop
      vertex 25 33.5 3
      vertex 25.2219 31.6855 3
      vertex 25.4568 33.4701 3
    endloop
  endfacet
  facet normal 0 0 1
    outer loop
      vertex 25 33.5 3
      vertex 25 31.7 3
      vertex 25.2219 31.6855 3
    endloop
  endfacet
  facet normal 0 0 1
    outer loop
      vertex 25 33.5 3
      vertex 24.7781 31.6855 3
      vertex 25 31.7 3
    endloop
  endfacet
  facet normal -0 0 1
    outer loop
      vertex 24.5432 33.4701 3
      vertex 24.7781 31.6855 3
      vertex 25 33.5 3
    endloop
  endfacet
  facet normal 0 0 1
    outer loop
      vertex 24.7781 31.6855 3
      vertex 24.5432 33.4701 3
      vertex 24.56 31.6421 3
    endloop
  endfacet
  facet normal -0 0 1
    outer loop
      vertex 24.0941 33.3807 3
      vertex 24.56 31.6421 3
      vertex 24.5432 33.4701 3
    endloop
  endfacet
  facet normal 0 0 1
    outer loop
      vertex 24.56 31.6421 3
      vertex 24.0941 33.3807 3
      vertex 24.3494 31.5706 3
    endloop
  endfacet
  facet normal -0 0 1
    outer loop
      vertex 23.6606 33.2336 3
      vertex 24.3494 31.5706 3
      vertex 24.0941 33.3807 3
    endloop
  endfacet
  facet normal 0 0 1
    outer loop
      vertex 24.3494 31.5706 3
      vertex 23.6606 33.2336 3
      vertex 24.15 31.4722 3
    endloop
  endfacet
  facet normal -0 0 1
    outer loop
      vertex 23.25 33.0311 3
      vertex 24.15 31.4722 3
      vertex 23.6606 33.2336 3
    endloop
  endfacet
  facet normal 0 0 1
    outer loop
      vertex 24.15 31.4722 3
      vertex 23.25 33.0311 3
      vertex 23.9651 31.3487 3
    endloop
  endfacet
  facet normal -0 0 1
    outer loop
      vertex 22.8693 32.7767 3
      vertex 23.9651 31.3487 3
      vertex 23.25 33.0311 3
    endloop
  endfacet
  facet normal 0 0 1
    outer loop
      vertex 23.9651 31.3487 3
      vertex 22.8693 32.7767 3
      vertex 23.7979 31.2021 3
    endloop
  endfacet
  facet normal -0 0 1
    outer loop
      vertex 22.5251 32.4749 3
      vertex 23.7979 31.2021 3
      vertex 22.8693 32.7767 3
    endloop
  endfacet
  facet normal 0 0 1
    outer loop
      vertex 23.7979 31.2021 3
      vertex 22.5251 32.4749 3
      vertex 23.6513 31.0349 3
    endloop
  endfacet
  facet normal -0 0 1
    outer loop
      vertex 22.2233 32.1307 3
      vertex 23.6513 31.0349 3
      vertex 22.5251 32.4749 3
    endloop
  endfacet
  facet normal -0 0 1
    outer loop
      vertex 21.9689 31.75 3
      vertex 23.5278 30.85 3
      vertex 22.2233 32.1307 3
    endloop
  endfacet
  facet normal 0 0 1
    outer loop
      vertex 23.6513 31.0349 3
      vertex 22.2233 32.1307 3
      vertex 23.5278 30.85 3
    endloop
  endfacet
  facet normal 0 -0 1
    outer loop
      vertex 33.0516 22.148 3
      vertex 33.0516 22.1481 3
      vertex 32.9766 22.3002 3
    endloop
  endfacet
  facet normal 0 0 1
    outer loop
      vertex 33.0516 22.1481 3
      vertex 33.0516 22.148 3
      vertex 33.1778 21.7765 3
    endloop
  endfacet
  facet normal 0 0 1
    outer loop
      vertex 31.428 18.2284 3
      vertex 31.4281 18.2284 3
      vertex 31.6815 18.3533 3
    endloop
  endfacet
  facet normal 0 0 1
    outer loop
      vertex 31.4281 18.2284 3
      vertex 31.428 18.2284 3
      vertex 31.1605 18.1375 3
    endloop
  endfacet
  facet normal 0.321413 -0.946939 0
    outer loop
      vertex 31.0565 18.1022 2.99
      vertex 31.0565 18.1022 0
      vertex 31.1605 18.1375 2.99
    endloop
  endfacet
  facet normal 0.321636 -0.946863 0
    outer loop
      vertex 31.1605 18.1375 2.99
      vertex 31.4281 18.2284 3
      vertex 31.1605 18.1375 3
    endloop
  endfacet
  facet normal 0.321574 -0.946885 -6.23823e-06
    outer loop
      vertex 31.4281 18.2284 0
      vertex 31.1605 18.1375 2.99
      vertex 31.0565 18.1022 0
    endloop
  endfacet
  facet normal 0.321636 -0.946863 0
    outer loop
      vertex 31.1605 18.1375 2.99
      vertex 31.4281 18.2284 0
      vertex 31.4281 18.2284 3
    endloop
  endfacet
  facet normal -0.946966 -0.321335 0
    outer loop
      vertex 21.7664 28.6606 0
      vertex 21.6193 29.0941 3
      vertex 21.6193 29.0941 0
    endloop
  endfacet
  facet normal -0.946966 -0.321335 0
    outer loop
      vertex 21.6193 29.0941 3
      vertex 21.7664 28.6606 0
      vertex 21.7664 28.6606 3
    endloop
  endfacet
  facet normal 0.321335 0.946966 -0
    outer loop
      vertex 26.3394 33.2336 0
      vertex 25.9059 33.3807 3
      vertex 26.3394 33.2336 3
    endloop
  endfacet
  facet normal 0.321335 0.946966 0
    outer loop
      vertex 25.9059 33.3807 3
      vertex 26.3394 33.2336 0
      vertex 25.9059 33.3807 0
    endloop
  endfacet
  facet normal 0.442109 -0.896961 0
    outer loop
      vertex 31.4281 18.2284 3
      vertex 31.6815 18.3533 2.99
      vertex 31.6815 18.3533 3
    endloop
  endfacet
  facet normal 0.442109 -0.896961 0
    outer loop
      vertex 31.4281 18.2284 0
      vertex 31.6815 18.3533 2.99
      vertex 31.4281 18.2284 3
    endloop
  endfacet
  facet normal 0.442211 -0.896911 -1.07321e-05
    outer loop
      vertex 31.78 18.4019 0
      vertex 31.6815 18.3533 2.99
      vertex 31.4281 18.2284 0
    endloop
  endfacet
  facet normal 0.442473 -0.896782 0
    outer loop
      vertex 31.6815 18.3533 2.99
      vertex 31.78 18.4019 0
      vertex 31.78 18.4019 2.99
    endloop
  endfacet
  facet normal 0.555749 -0.83135 0
    outer loop
      vertex 31.78 18.4019 2.99
      vertex 31.78 18.4019 0
      vertex 31.8714 18.463 2.99
    endloop
  endfacet
  facet normal 0.555435 -0.83156 0
    outer loop
      vertex 31.8714 18.463 2.99
      vertex 32.1063 18.6199 3
      vertex 31.8714 18.463 3
    endloop
  endfacet
  facet normal 0.555523 -0.831501 9.99707e-06
    outer loop
      vertex 32.1063 18.6199 0
      vertex 31.8714 18.463 2.99
      vertex 31.78 18.4019 0
    endloop
  endfacet
  facet normal 0.555435 -0.83156 0
    outer loop
      vertex 31.8714 18.463 2.99
      vertex 32.1063 18.6199 0
      vertex 32.1063 18.6199 3
    endloop
  endfacet
  facet normal -0.980757 -0.195234 0
    outer loop
      vertex 21.6193 29.0941 0
      vertex 21.5299 29.5432 3
      vertex 21.5299 29.5432 0
    endloop
  endfacet
  facet normal -0.980757 -0.195234 0
    outer loop
      vertex 21.5299 29.5432 3
      vertex 21.6193 29.0941 0
      vertex 21.6193 29.0941 3
    endloop
  endfacet
  facet normal -0.0653156 0.997865 0
    outer loop
      vertex 25 33.5 0
      vertex 24.5432 33.4701 3
      vertex 25 33.5 3
    endloop
  endfacet
  facet normal -0.0653156 0.997865 0
    outer loop
      vertex 24.5432 33.4701 3
      vertex 25 33.5 0
      vertex 24.5432 33.4701 0
    endloop
  endfacet
  facet normal 0.831445 0.555607 0
    outer loop
      vertex 28.0311 31.75 3
      vertex 27.7767 32.1307 0
      vertex 27.7767 32.1307 3
    endloop
  endfacet
  facet normal 0.831445 0.555607 0
    outer loop
      vertex 27.7767 32.1307 0
      vertex 28.0311 31.75 3
      vertex 28.0311 31.75 0
    endloop
  endfacet
  facet normal 0.7519 0.659278 0
    outer loop
      vertex 27.7767 32.1307 3
      vertex 27.4749 32.4749 0
      vertex 27.4749 32.4749 3
    endloop
  endfacet
  facet normal 0.7519 0.659278 0
    outer loop
      vertex 27.4749 32.4749 0
      vertex 27.7767 32.1307 3
      vertex 27.7767 32.1307 0
    endloop
  endfacet
  facet normal -0.19494 -0.980815 0
    outer loop
      vertex 29.5035 18.1022 0
      vertex 29.8884 18.0257 3
      vertex 29.5035 18.1022 3
    endloop
  endfacet
  facet normal -0.19494 -0.980815 -0
    outer loop
      vertex 29.8884 18.0257 3
      vertex 29.5035 18.1022 0
      vertex 29.8884 18.0257 0
    endloop
  endfacet
  facet normal -0.89686 -0.442314 0
    outer loop
      vertex 21.9689 28.25 0
      vertex 21.7664 28.6606 3
      vertex 21.7664 28.6606 0
    endloop
  endfacet
  facet normal -0.89686 -0.442314 0
    outer loop
      vertex 21.7664 28.6606 3
      vertex 21.9689 28.25 0
      vertex 21.9689 28.25 3
    endloop
  endfacet
  facet normal -0.0654873 -0.997853 0
    outer loop
      vertex 29.8884 18.0257 0
      vertex 30.28 18 3
      vertex 29.8884 18.0257 3
    endloop
  endfacet
  facet normal -0.0654873 -0.997853 -0
    outer loop
      vertex 30.28 18 3
      vertex 29.8884 18.0257 0
      vertex 30.28 18 0
    endloop
  endfacet
  facet normal -0.997865 0.0653156 0
    outer loop
      vertex 21.5 30 0
      vertex 21.5299 30.4568 3
      vertex 21.5299 30.4568 0
    endloop
  endfacet
  facet normal -0.997865 0.0653156 0
    outer loop
      vertex 21.5299 30.4568 3
      vertex 21.5 30 0
      vertex 21.5 30 3
    endloop
  endfacet
  facet normal 0.195027 -0.980798 0
    outer loop
      vertex 30.6716 18.0257 3
      vertex 30.9487 18.0808 2.99
      vertex 30.9487 18.0808 3
    endloop
  endfacet
  facet normal 0.195027 -0.980798 0
    outer loop
      vertex 30.6716 18.0257 0
      vertex 30.9487 18.0808 2.99
      vertex 30.6716 18.0257 3
    endloop
  endfacet
  facet normal 0.19494 -0.980815 8.38616e-06
    outer loop
      vertex 31.0565 18.1022 0
      vertex 30.9487 18.0808 2.99
      vertex 30.6716 18.0257 0
    endloop
  endfacet
  facet normal 0.194716 -0.98086 0
    outer loop
      vertex 30.9487 18.0808 2.99
      vertex 31.0565 18.1022 0
      vertex 31.0565 18.1022 2.99
    endloop
  endfacet
  facet normal 0.980815 -0.19494 0
    outer loop
      vertex 33.1778 20.2235 3
      vertex 33.2543 20.6084 0
      vertex 33.2543 20.6084 3
    endloop
  endfacet
  facet normal 0.980815 -0.19494 0
    outer loop
      vertex 33.2543 20.6084 0
      vertex 33.1778 20.2235 3
      vertex 33.1778 20.2235 0
    endloop
  endfacet
  facet normal -0.7519 0.659278 0
    outer loop
      vertex 22.2233 32.1307 0
      vertex 22.5251 32.4749 3
      vertex 22.5251 32.4749 0
    endloop
  endfacet
  facet normal -0.7519 0.659278 0
    outer loop
      vertex 22.5251 32.4749 3
      vertex 22.2233 32.1307 0
      vertex 22.2233 32.1307 3
    endloop
  endfacet
  facet normal -0.659278 0.7519 0
    outer loop
      vertex 22.8693 32.7767 0
      vertex 22.5251 32.4749 3
      vertex 22.8693 32.7767 3
    endloop
  endfacet
  facet normal -0.659278 0.7519 0
    outer loop
      vertex 22.5251 32.4749 3
      vertex 22.8693 32.7767 0
      vertex 22.5251 32.4749 0
    endloop
  endfacet
  facet normal -0.555607 0.831445 0
    outer loop
      vertex 23.25 33.0311 0
      vertex 22.8693 32.7767 3
      vertex 23.25 33.0311 3
    endloop
  endfacet
  facet normal -0.555607 0.831445 0
    outer loop
      vertex 22.8693 32.7767 3
      vertex 23.25 33.0311 0
      vertex 22.8693 32.7767 0
    endloop
  endfacet
  facet normal 0.0653156 0.997865 -0
    outer loop
      vertex 25.4568 33.4701 0
      vertex 25 33.5 3
      vertex 25.4568 33.4701 3
    endloop
  endfacet
  facet normal 0.0653156 0.997865 0
    outer loop
      vertex 25 33.5 3
      vertex 25.4568 33.4701 0
      vertex 25 33.5 0
    endloop
  endfacet
  facet normal -0.321335 0.946966 0
    outer loop
      vertex 24.0941 33.3807 0
      vertex 23.6606 33.2336 3
      vertex 24.0941 33.3807 3
    endloop
  endfacet
  facet normal -0.321335 0.946966 0
    outer loop
      vertex 23.6606 33.2336 3
      vertex 24.0941 33.3807 0
      vertex 23.6606 33.2336 0
    endloop
  endfacet
  facet normal -0.89686 0.442314 0
    outer loop
      vertex 21.7664 31.3394 0
      vertex 21.9689 31.75 3
      vertex 21.9689 31.75 0
    endloop
  endfacet
  facet normal -0.89686 0.442314 0
    outer loop
      vertex 21.9689 31.75 3
      vertex 21.7664 31.3394 0
      vertex 21.7664 31.3394 3
    endloop
  endfacet
  facet normal 0.195234 0.980757 -0
    outer loop
      vertex 25.9059 33.3807 0
      vertex 25.4568 33.4701 3
      vertex 25.9059 33.3807 3
    endloop
  endfacet
  facet normal 0.195234 0.980757 0
    outer loop
      vertex 25.4568 33.4701 3
      vertex 25.9059 33.3807 0
      vertex 25.4568 33.4701 0
    endloop
  endfacet
  facet normal -0.98077 -0.195165 0
    outer loop
      vertex 26.6855 30.2219 0
      vertex 26.6421 30.44 3
      vertex 26.6421 30.44 0
    endloop
  endfacet
  facet normal -0.98077 -0.195165 0
    outer loop
      vertex 26.6421 30.44 3
      vertex 26.6855 30.2219 0
      vertex 26.6855 30.2219 3
    endloop
  endfacet
  facet normal -0.997872 -0.0652057 0
    outer loop
      vertex 26.7 30 0
      vertex 26.6855 30.2219 3
      vertex 26.6855 30.2219 0
    endloop
  endfacet
  facet normal -0.997872 -0.0652057 0
    outer loop
      vertex 26.6855 30.2219 3
      vertex 26.7 30 0
      vertex 26.7 30 3
    endloop
  endfacet
  facet normal -0.0652057 0.997872 0
    outer loop
      vertex 25.2219 28.3145 0
      vertex 25 28.3 3
      vertex 25.2219 28.3145 3
    endloop
  endfacet
  facet normal -0.0652057 0.997872 0
    outer loop
      vertex 25 28.3 3
      vertex 25.2219 28.3145 0
      vertex 25 28.3 0
    endloop
  endfacet
  facet normal 0.659268 -0.751908 0
    outer loop
      vertex 23.7979 31.2021 0
      vertex 23.9651 31.3487 3
      vertex 23.7979 31.2021 3
    endloop
  endfacet
  facet normal 0.659268 -0.751908 0
    outer loop
      vertex 23.9651 31.3487 3
      vertex 23.7979 31.2021 0
      vertex 23.9651 31.3487 0
    endloop
  endfacet
  facet normal 0.831566 0.555426 0
    outer loop
      vertex 23.6513 28.9651 3
      vertex 23.5278 29.15 0
      vertex 23.5278 29.15 3
    endloop
  endfacet
  facet normal 0.831566 0.555426 0
    outer loop
      vertex 23.5278 29.15 0
      vertex 23.6513 28.9651 3
      vertex 23.6513 28.9651 0
    endloop
  endfacet
  facet normal 0.195165 0.98077 -0
    outer loop
      vertex 24.7781 28.3145 0
      vertex 24.56 28.3579 3
      vertex 24.7781 28.3145 3
    endloop
  endfacet
  facet normal 0.195165 0.98077 0
    outer loop
      vertex 24.56 28.3579 3
      vertex 24.7781 28.3145 0
      vertex 24.56 28.3579 0
    endloop
  endfacet
  facet normal -0.659268 -0.751908 0
    outer loop
      vertex 26.0349 31.3487 0
      vertex 26.2021 31.2021 3
      vertex 26.0349 31.3487 3
    endloop
  endfacet
  facet normal -0.659268 -0.751908 -0
    outer loop
      vertex 26.2021 31.2021 3
      vertex 26.0349 31.3487 0
      vertex 26.2021 31.2021 0
    endloop
  endfacet
  facet normal -0.946915 0.321484 0
    outer loop
      vertex 26.5706 29.3494 0
      vertex 26.6421 29.56 3
      vertex 26.6421 29.56 0
    endloop
  endfacet
  facet normal -0.946915 0.321484 0
    outer loop
      vertex 26.6421 29.56 3
      vertex 26.5706 29.3494 0
      vertex 26.5706 29.3494 3
    endloop
  endfacet
  facet normal -0.751908 0.659268 0
    outer loop
      vertex 26.2021 28.7979 0
      vertex 26.3487 28.9651 3
      vertex 26.3487 28.9651 0
    endloop
  endfacet
  facet normal -0.751908 0.659268 0
    outer loop
      vertex 26.3487 28.9651 3
      vertex 26.2021 28.7979 0
      vertex 26.2021 28.7979 3
    endloop
  endfacet
  facet normal -0.751908 -0.659268 0
    outer loop
      vertex 26.3487 31.0349 0
      vertex 26.2021 31.2021 3
      vertex 26.2021 31.2021 0
    endloop
  endfacet
  facet normal -0.751908 -0.659268 0
    outer loop
      vertex 26.2021 31.2021 3
      vertex 26.3487 31.0349 0
      vertex 26.3487 31.0349 3
    endloop
  endfacet
  facet normal 0.946915 0.321484 0
    outer loop
      vertex 23.4294 29.3494 3
      vertex 23.3579 29.56 0
      vertex 23.3579 29.56 3
    endloop
  endfacet
  facet normal 0.946915 0.321484 0
    outer loop
      vertex 23.3579 29.56 0
      vertex 23.4294 29.3494 3
      vertex 23.4294 29.3494 0
    endloop
  endfacet
  facet normal -0.321484 0.946915 0
    outer loop
      vertex 25.6506 28.4294 0
      vertex 25.44 28.3579 3
      vertex 25.6506 28.4294 3
    endloop
  endfacet
  facet normal -0.321484 0.946915 0
    outer loop
      vertex 25.44 28.3579 3
      vertex 25.6506 28.4294 0
      vertex 25.44 28.3579 0
    endloop
  endfacet
  facet normal 0.0652057 0.997872 -0
    outer loop
      vertex 25 28.3 0
      vertex 24.7781 28.3145 3
      vertex 25 28.3 3
    endloop
  endfacet
  facet normal 0.0652057 0.997872 0
    outer loop
      vertex 24.7781 28.3145 3
      vertex 25 28.3 0
      vertex 24.7781 28.3145 0
    endloop
  endfacet
  facet normal 0.321484 -0.946915 0
    outer loop
      vertex 24.3494 31.5706 0
      vertex 24.56 31.6421 3
      vertex 24.3494 31.5706 3
    endloop
  endfacet
  facet normal 0.321484 -0.946915 0
    outer loop
      vertex 24.56 31.6421 3
      vertex 24.3494 31.5706 0
      vertex 24.56 31.6421 0
    endloop
  endfacet
  facet normal -0.946915 -0.321484 0
    outer loop
      vertex 26.6421 30.44 0
      vertex 26.5706 30.6506 3
      vertex 26.5706 30.6506 0
    endloop
  endfacet
  facet normal -0.946915 -0.321484 0
    outer loop
      vertex 26.5706 30.6506 3
      vertex 26.6421 30.44 0
      vertex 26.6421 30.44 3
    endloop
  endfacet
  facet normal 0.751908 -0.659268 0
    outer loop
      vertex 23.6513 31.0349 3
      vertex 23.7979 31.2021 0
      vertex 23.7979 31.2021 3
    endloop
  endfacet
  facet normal 0.751908 -0.659268 0
    outer loop
      vertex 23.7979 31.2021 0
      vertex 23.6513 31.0349 3
      vertex 23.6513 31.0349 0
    endloop
  endfacet
  facet normal 0.44253 0.896754 -0
    outer loop
      vertex 24.3494 28.4294 0
      vertex 24.15 28.5278 3
      vertex 24.3494 28.4294 3
    endloop
  endfacet
  facet normal 0.44253 0.896754 0
    outer loop
      vertex 24.15 28.5278 3
      vertex 24.3494 28.4294 0
      vertex 24.15 28.5278 0
    endloop
  endfacet
  facet normal 0.0652057 -0.997872 0
    outer loop
      vertex 24.7781 31.6855 0
      vertex 25 31.7 3
      vertex 24.7781 31.6855 3
    endloop
  endfacet
  facet normal 0.0652057 -0.997872 0
    outer loop
      vertex 25 31.7 3
      vertex 24.7781 31.6855 0
      vertex 25 31.7 0
    endloop
  endfacet
  facet normal -0.896754 0.44253 0
    outer loop
      vertex 26.4722 29.15 0
      vertex 26.5706 29.3494 3
      vertex 26.5706 29.3494 0
    endloop
  endfacet
  facet normal -0.896754 0.44253 0
    outer loop
      vertex 26.5706 29.3494 3
      vertex 26.4722 29.15 0
      vertex 26.4722 29.15 3
    endloop
  endfacet
  facet normal -0.555426 0.831566 0
    outer loop
      vertex 26.0349 28.6513 0
      vertex 25.85 28.5278 3
      vertex 26.0349 28.6513 3
    endloop
  endfacet
  facet normal -0.555426 0.831566 0
    outer loop
      vertex 25.85 28.5278 3
      vertex 26.0349 28.6513 0
      vertex 25.85 28.5278 0
    endloop
  endfacet
  facet normal 0.98077 0.195165 0
    outer loop
      vertex 23.3579 29.56 3
      vertex 23.3145 29.7781 0
      vertex 23.3145 29.7781 3
    endloop
  endfacet
  facet normal 0.98077 0.195165 0
    outer loop
      vertex 23.3145 29.7781 0
      vertex 23.3579 29.56 3
      vertex 23.3579 29.56 0
    endloop
  endfacet
  facet normal -0.195165 -0.98077 0
    outer loop
      vertex 25.2219 31.6855 0
      vertex 25.44 31.6421 3
      vertex 25.2219 31.6855 3
    endloop
  endfacet
  facet normal -0.195165 -0.98077 -0
    outer loop
      vertex 25.44 31.6421 3
      vertex 25.2219 31.6855 0
      vertex 25.44 31.6421 0
    endloop
  endfacet
  facet normal -0.831566 -0.555426 0
    outer loop
      vertex 26.4722 30.85 0
      vertex 26.3487 31.0349 3
      vertex 26.3487 31.0349 0
    endloop
  endfacet
  facet normal -0.831566 -0.555426 0
    outer loop
      vertex 26.3487 31.0349 3
      vertex 26.4722 30.85 0
      vertex 26.4722 30.85 3
    endloop
  endfacet
  facet normal -0.997872 0.0652057 0
    outer loop
      vertex 26.6855 29.7781 0
      vertex 26.7 30 3
      vertex 26.7 30 0
    endloop
  endfacet
  facet normal -0.997872 0.0652057 0
    outer loop
      vertex 26.7 30 3
      vertex 26.6855 29.7781 0
      vertex 26.6855 29.7781 3
    endloop
  endfacet
  facet normal -0.321484 -0.946915 0
    outer loop
      vertex 25.44 31.6421 0
      vertex 25.6506 31.5706 3
      vertex 25.44 31.6421 3
    endloop
  endfacet
  facet normal -0.321484 -0.946915 -0
    outer loop
      vertex 25.6506 31.5706 3
      vertex 25.44 31.6421 0
      vertex 25.6506 31.5706 0
    endloop
  endfacet
  facet normal -0.555426 -0.831566 0
    outer loop
      vertex 25.85 31.4722 0
      vertex 26.0349 31.3487 3
      vertex 25.85 31.4722 3
    endloop
  endfacet
  facet normal -0.555426 -0.831566 -0
    outer loop
      vertex 26.0349 31.3487 3
      vertex 25.85 31.4722 0
      vertex 26.0349 31.3487 0
    endloop
  endfacet
  facet normal 0.195165 -0.98077 0
    outer loop
      vertex 24.56 31.6421 0
      vertex 24.7781 31.6855 3
      vertex 24.56 31.6421 3
    endloop
  endfacet
  facet normal 0.195165 -0.98077 0
    outer loop
      vertex 24.7781 31.6855 3
      vertex 24.56 31.6421 0
      vertex 24.7781 31.6855 0
    endloop
  endfacet
  facet normal -0.659268 0.751908 0
    outer loop
      vertex 26.2021 28.7979 0
      vertex 26.0349 28.6513 3
      vertex 26.2021 28.7979 3
    endloop
  endfacet
  facet normal -0.659268 0.751908 0
    outer loop
      vertex 26.0349 28.6513 3
      vertex 26.2021 28.7979 0
      vertex 26.0349 28.6513 0
    endloop
  endfacet
  facet normal 0.896754 -0.44253 0
    outer loop
      vertex 23.4294 30.6506 3
      vertex 23.5278 30.85 0
      vertex 23.5278 30.85 3
    endloop
  endfacet
  facet normal 0.896754 -0.44253 0
    outer loop
      vertex 23.5278 30.85 0
      vertex 23.4294 30.6506 3
      vertex 23.4294 30.6506 0
    endloop
  endfacet
  facet normal -0.98077 0.195165 0
    outer loop
      vertex 26.6421 29.56 0
      vertex 26.6855 29.7781 3
      vertex 26.6855 29.7781 0
    endloop
  endfacet
  facet normal -0.98077 0.195165 0
    outer loop
      vertex 26.6855 29.7781 3
      vertex 26.6421 29.56 0
      vertex 26.6421 29.56 3
    endloop
  endfacet
  facet normal -0.195165 0.98077 0
    outer loop
      vertex 25.44 28.3579 0
      vertex 25.2219 28.3145 3
      vertex 25.44 28.3579 3
    endloop
  endfacet
  facet normal -0.195165 0.98077 0
    outer loop
      vertex 25.2219 28.3145 3
      vertex 25.44 28.3579 0
      vertex 25.2219 28.3145 0
    endloop
  endfacet
  facet normal 0.659268 0.751908 -0
    outer loop
      vertex 23.9651 28.6513 0
      vertex 23.7979 28.7979 3
      vertex 23.9651 28.6513 3
    endloop
  endfacet
  facet normal 0.659268 0.751908 0
    outer loop
      vertex 23.7979 28.7979 3
      vertex 23.9651 28.6513 0
      vertex 23.7979 28.7979 0
    endloop
  endfacet
  facet normal 0.751908 0.659268 0
    outer loop
      vertex 23.7979 28.7979 3
      vertex 23.6513 28.9651 0
      vertex 23.6513 28.9651 3
    endloop
  endfacet
  facet normal 0.751908 0.659268 0
    outer loop
      vertex 23.6513 28.9651 0
      vertex 23.7979 28.7979 3
      vertex 23.7979 28.7979 0
    endloop
  endfacet
  facet normal -0.0652057 -0.997872 0
    outer loop
      vertex 25 31.7 0
      vertex 25.2219 31.6855 3
      vertex 25 31.7 3
    endloop
  endfacet
  facet normal -0.0652057 -0.997872 -0
    outer loop
      vertex 25.2219 31.6855 3
      vertex 25 31.7 0
      vertex 25.2219 31.6855 0
    endloop
  endfacet
  facet normal -0.44253 -0.896754 0
    outer loop
      vertex 25.6506 31.5706 0
      vertex 25.85 31.4722 3
      vertex 25.6506 31.5706 3
    endloop
  endfacet
  facet normal -0.44253 -0.896754 -0
    outer loop
      vertex 25.85 31.4722 3
      vertex 25.6506 31.5706 0
      vertex 25.85 31.4722 0
    endloop
  endfacet
  facet normal -0.831566 0.555426 0
    outer loop
      vertex 26.3487 28.9651 0
      vertex 26.4722 29.15 3
      vertex 26.4722 29.15 0
    endloop
  endfacet
  facet normal -0.831566 0.555426 0
    outer loop
      vertex 26.4722 29.15 3
      vertex 26.3487 28.9651 0
      vertex 26.3487 28.9651 3
    endloop
  endfacet
  facet normal 0.997872 0.0652057 0
    outer loop
      vertex 23.3145 29.7781 3
      vertex 23.3 30 0
      vertex 23.3 30 3
    endloop
  endfacet
  facet normal 0.997872 0.0652057 0
    outer loop
      vertex 23.3 30 0
      vertex 23.3145 29.7781 3
      vertex 23.3145 29.7781 0
    endloop
  endfacet
  facet normal -0.44253 0.896754 0
    outer loop
      vertex 25.85 28.5278 0
      vertex 25.6506 28.4294 3
      vertex 25.85 28.5278 3
    endloop
  endfacet
  facet normal -0.44253 0.896754 0
    outer loop
      vertex 25.6506 28.4294 3
      vertex 25.85 28.5278 0
      vertex 25.6506 28.4294 0
    endloop
  endfacet
  facet normal 0.98077 -0.195165 0
    outer loop
      vertex 23.3145 30.2219 3
      vertex 23.3579 30.44 0
      vertex 23.3579 30.44 3
    endloop
  endfacet
  facet normal 0.98077 -0.195165 0
    outer loop
      vertex 23.3579 30.44 0
      vertex 23.3145 30.2219 3
      vertex 23.3145 30.2219 0
    endloop
  endfacet
  facet normal 0.896754 0.44253 0
    outer loop
      vertex 23.5278 29.15 3
      vertex 23.4294 29.3494 0
      vertex 23.4294 29.3494 3
    endloop
  endfacet
  facet normal 0.896754 0.44253 0
    outer loop
      vertex 23.4294 29.3494 0
      vertex 23.5278 29.15 3
      vertex 23.5278 29.15 0
    endloop
  endfacet
  facet normal 0.946915 -0.321484 0
    outer loop
      vertex 23.3579 30.44 3
      vertex 23.4294 30.6506 0
      vertex 23.4294 30.6506 3
    endloop
  endfacet
  facet normal 0.946915 -0.321484 0
    outer loop
      vertex 23.4294 30.6506 0
      vertex 23.3579 30.44 3
      vertex 23.3579 30.44 0
    endloop
  endfacet
  facet normal 0.555426 -0.831566 0
    outer loop
      vertex 23.9651 31.3487 0
      vertex 24.15 31.4722 3
      vertex 23.9651 31.3487 3
    endloop
  endfacet
  facet normal 0.555426 -0.831566 0
    outer loop
      vertex 24.15 31.4722 3
      vertex 23.9651 31.3487 0
      vertex 24.15 31.4722 0
    endloop
  endfacet
  facet normal -0.896754 -0.44253 0
    outer loop
      vertex 26.5706 30.6506 0
      vertex 26.4722 30.85 3
      vertex 26.4722 30.85 0
    endloop
  endfacet
  facet normal -0.896754 -0.44253 0
    outer loop
      vertex 26.4722 30.85 3
      vertex 26.5706 30.6506 0
      vertex 26.5706 30.6506 3
    endloop
  endfacet
  facet normal 0.997872 -0.0652057 0
    outer loop
      vertex 23.3 30 3
      vertex 23.3145 30.2219 0
      vertex 23.3145 30.2219 3
    endloop
  endfacet
  facet normal 0.997872 -0.0652057 0
    outer loop
      vertex 23.3145 30.2219 0
      vertex 23.3 30 3
      vertex 23.3 30 0
    endloop
  endfacet
  facet normal 0.321484 0.946915 -0
    outer loop
      vertex 24.56 28.3579 0
      vertex 24.3494 28.4294 3
      vertex 24.56 28.3579 3
    endloop
  endfacet
  facet normal 0.321484 0.946915 0
    outer loop
      vertex 24.3494 28.4294 3
      vertex 24.56 28.3579 0
      vertex 24.3494 28.4294 0
    endloop
  endfacet
  facet normal 0.44253 -0.896754 0
    outer loop
      vertex 24.15 31.4722 0
      vertex 24.3494 31.5706 3
      vertex 24.15 31.4722 3
    endloop
  endfacet
  facet normal 0.44253 -0.896754 0
    outer loop
      vertex 24.3494 31.5706 3
      vertex 24.15 31.4722 0
      vertex 24.3494 31.5706 0
    endloop
  endfacet
  facet normal 0.831566 -0.555426 0
    outer loop
      vertex 23.5278 30.85 3
      vertex 23.6513 31.0349 0
      vertex 23.6513 31.0349 3
    endloop
  endfacet
  facet normal 0.831566 -0.555426 0
    outer loop
      vertex 23.6513 31.0349 0
      vertex 23.5278 30.85 3
      vertex 23.5278 30.85 0
    endloop
  endfacet
  facet normal 0.555426 0.831566 -0
    outer loop
      vertex 24.15 28.5278 0
      vertex 23.9651 28.6513 3
      vertex 24.15 28.5278 3
    endloop
  endfacet
  facet normal 0.555426 0.831566 0
    outer loop
      vertex 23.9651 28.6513 3
      vertex 24.15 28.5278 0
      vertex 23.9651 28.6513 0
    endloop
  endfacet
endsolid OpenSCAD_Model
